block,predicted,actual,n,median_sales_ratio,r,spearmans,cod,prd,prb,clapp,gini,ci,ki,mki,accuracy,uniformity,vertical_equity
All,prediction,GROSSCON,9941,1.0096,0.9469839040018582,0.9216821313640393,12.597121648355147,1.0495175551177875,-0.04105932050353458,1.067313214620687,0.4395610377818057,0.4075164332138847,-0.03204460456792102,0.9270986238233706,TRUE,TRUE,TRUE
28,prediction,GROSSCON,4,,,,,,,,,,,,,,
64,prediction,GROSSCON,7,1.0054,0.9103299965522402,0.9298469387755098,12.04406447694492,1.0515898560441277,-0.037938273913141946,1.1030580592505712,0.38547689439727356,0.34738990018482674,-0.03808699421244682,0.9011951305875308,TRUE,TRUE,TRUE
65,prediction,GROSSCON,7,0.8591,0.44319984858124073,0.25,40.61070315167184,1.2007720468155916,-0.9072976984562292,2.1942224716552983,0.24418370227006975,0.04608403635726991,-0.19809966591279984,0.1887269130938988,FALSE,FALSE,FALSE
100,prediction,GROSSCON,2,,,,,,,,,,,,,,
107,prediction,GROSSCON,1,,,,,,,,,,,,,,
117,prediction,GROSSCON,17,0.9893,0.9465905744274176,0.872945840430503,4.77926183210445,1.0043358552742703,-0.04948250792683004,1.0807126379738734,0.12604956450155397,0.11825829385319404,-0.007791270648359924,0.9381888332643634,TRUE,FALSE,TRUE
132,prediction,GROSSCON,1,,,,,,,,,,,,,,
134,prediction,GROSSCON,6,1.0075,0.8584437897253455,0.7844897959183674,11.300436286549836,1.0277984217096365,-0.4130414203813946,1.8579209162972476,0.1286693957524229,0.06186166754429889,-0.066807728208124,0.48077996467263284,TRUE,TRUE,TRUE
136,prediction,GROSSCON,3,,,,,,,,,,,,,,
137,prediction,GROSSCON,1,,,,,,,,,,,,,,
140,prediction,GROSSCON,1,,,,,,,,,,,,,,
143,prediction,GROSSCON,4,,,,,,,,,,,,,,
144,prediction,GROSSCON,3,,,,,,,,,,,,,,
146,prediction,GROSSCON,1,,,,,,,,,,,,,,
147,prediction,GROSSCON,1,,,,,,,,,,,,,,
150,prediction,GROSSCON,1,,,,,,,,,,,,,,
161,prediction,GROSSCON,9,0.9939,0.9595642809646995,0.942296918767507,6.231703488019786,1.013630460599515,-0.31373410492871373,1.5862504092698662,0.09285161749313708,0.05891365070493334,-0.033937966788203745,0.6344924546875859,TRUE,TRUE,TRUE
172,prediction,GROSSCON,1,,,,,,,,,,,,,,
175,prediction,GROSSCON,1,,,,,,,,,,,,,,
178,prediction,GROSSCON,3,,,,,,,,,,,,,,
179,prediction,GROSSCON,5,,,,,,,,,,,,,,
189,prediction,GROSSCON,4,,,,,,,,,,,,,,
193,prediction,GROSSCON,2,,,,,,,,,,,,,,
210,prediction,GROSSCON,2,,,,,,,,,,,,,,
214,prediction,GROSSCON,1,,,,,,,,,,,,,,
219,prediction,GROSSCON,3,,,,,,,,,,,,,,
220,prediction,GROSSCON,1,,,,,,,,,,,,,,
223,prediction,GROSSCON,1,,,,,,,,,,,,,,
225,prediction,GROSSCON,1,,,,,,,,,,,,,,
229,prediction,GROSSCON,2,,,,,,,,,,,,,,
230,prediction,GROSSCON,1,,,,,,,,,,,,,,
231,prediction,GROSSCON,1,,,,,,,,,,,,,,
232,prediction,GROSSCON,3,,,,,,,,,,,,,,
263,prediction,GROSSCON,24,1.0377,0.7794968258069489,0.7184532613448412,5.185245793065288,1.00777746191966,-0.1039922910778281,1.0860427336791647,0.10236745025331133,0.07827212102466492,-0.024095329228646406,0.7646192303410724,TRUE,TRUE,TRUE
311,prediction,GROSSCON,36,0.9881,0.39413547109439423,0.47124125252231774,16.87505640375618,1.06108642919812,-0.39313158684190075,1.349045631751676,0.17867797363987037,0.0926778374498755,-0.08600013618999487,0.5186864142340781,TRUE,FALSE,FALSE
315,prediction,GROSSCON,30,0.9598,0.7106866581183168,0.5289551621910135,14.299938064908387,1.0322354656850028,-0.24460990933621646,1.316510773291107,0.1578857223040385,0.10591129102565588,-0.05197443127838261,0.6708098077526218,TRUE,TRUE,FALSE
321,prediction,GROSSCON,41,1.0704,0.19279881627480422,0.47263378262089834,10.455861469290921,1.0661085613471282,-0.3616528854463016,1.5412411313449144,0.17026052215815993,0.06334765624571308,-0.10691286591244685,0.3720630915654517,TRUE,TRUE,FALSE
331,prediction,GROSSCON,44,1.0326,0.5168108849555151,0.7766345621631433,9.923443790591643,1.0402868897139337,-0.12450598816840204,1.1443245139553064,0.19055260595749116,0.1304891863395091,-0.06006341961798206,0.6847935019509461,TRUE,TRUE,FALSE
348,prediction,GROSSCON,1,,,,,,,,,,,,,,
350,prediction,GROSSCON,1,,,,,,,,,,,,,,
354,prediction,GROSSCON,1,,,,,,,,,,,,,,
355,prediction,GROSSCON,3,,,,,,,,,,,,,,
376,prediction,GROSSCON,1,,,,,,,,,,,,,,
377,prediction,GROSSCON,5,,,,,,,,,,,,,,
386,prediction,GROSSCON,7,1.0216,0.9239409369230331,0.7795454545454543,5.198602224382432,1.01042531492603,-0.02478379307794047,1.0211608158954435,0.2119976124154397,0.19048240698193503,-0.021515205433504686,0.8985120389405964,TRUE,TRUE,TRUE
389,prediction,GROSSCON,11,0.9036,0.9330059510377404,0.8430578512396693,15.247532844419373,1.040501708697902,-0.16520046515661405,1.1620455343044762,0.2340671543542718,0.19900503957027335,-0.035062114783998455,0.8502048914948132,TRUE,FALSE,FALSE
390,prediction,GROSSCON,1,,,,,,,,,,,,,,
391,prediction,GROSSCON,1,,,,,,,,,,,,,,
392,prediction,GROSSCON,1,,,,,,,,,,,,,,
394,prediction,GROSSCON,3,,,,,,,,,,,,,,
396,prediction,GROSSCON,15,1.0007,0.003324331032825126,0.005642762127556401,6.270897248836173,1.0045916477659045,-0.5130249063693367,1.3530214288993554,0.039296401189694546,0.0024971450561091994,-0.03679925613358535,0.06354640579056572,TRUE,TRUE,TRUE
400,prediction,GROSSCON,1,,,,,,,,,,,,,,
401,prediction,GROSSCON,1,,,,,,,,,,,,,,
402,prediction,GROSSCON,2,,,,,,,,,,,,,,
404,prediction,GROSSCON,10,0.9673,0.9851195203272014,0.9999999999999996,7.274442562570349,1.0361476223111195,-0.07974999639054661,1.1660909904939223,0.288054794520548,0.24892717614177845,-0.039127618378769546,0.8641660575589606,TRUE,TRUE,FALSE
406,prediction,GROSSCON,2,,,,,,,,,,,,,,
414,prediction,GROSSCON,1,,,,,,,,,,,,,,
415,prediction,GROSSCON,1,,,,,,,,,,,,,,
419,prediction,GROSSCON,1,,,,,,,,,,,,,,
431,prediction,GROSSCON,14,1.0042,0.8771840485877849,0.7801480719594793,5.6079093344168305,1.0102278482490026,-0.1817323993723651,1.3426041144706797,0.10144057623049209,0.06898405214276959,-0.032456524087722496,0.6800439696441081,TRUE,TRUE,TRUE
436,prediction,GROSSCON,3,,,,,,,,,,,,,,
442,prediction,GROSSCON,1,,,,,,,,,,,,,,
443,prediction,GROSSCON,5,,,,,,,,,,,,,,
444,prediction,GROSSCON,2,,,,,,,,,,,,,,
445,prediction,GROSSCON,2,,,,,,,,,,,,,,
447,prediction,GROSSCON,2,,,,,,,,,,,,,,
450,prediction,GROSSCON,1,,,,,,,,,,,,,,
451,prediction,GROSSCON,1,,,,,,,,,,,,,,
452,prediction,GROSSCON,6,0.9701,0.9068087676927322,1,9.418214801599147,1.023168990061792,-0.23213362211001015,1.351907137526552,0.1473639288293612,0.10534006790335715,-0.04202386092600405,0.714829393734031,TRUE,TRUE,TRUE
455,prediction,GROSSCON,2,,,,,,,,,,,,,,
461,prediction,GROSSCON,4,,,,,,,,,,,,,,
466,prediction,GROSSCON,5,,,,,,,,,,,,,,
467,prediction,GROSSCON,4,,,,,,,,,,,,,,
468,prediction,GROSSCON,2,,,,,,,,,,,,,,
473,prediction,GROSSCON,1,,,,,,,,,,,,,,
474,prediction,GROSSCON,2,,,,,,,,,,,,,,
475,prediction,GROSSCON,2,,,,,,,,,,,,,,
482,prediction,GROSSCON,4,,,,,,,,,,,,,,
483,prediction,GROSSCON,1,,,,,,,,,,,,,,
484,prediction,GROSSCON,1,,,,,,,,,,,,,,
485,prediction,GROSSCON,3,,,,,,,,,,,,,,
486,prediction,GROSSCON,1,,,,,,,,,,,,,,
487,prediction,GROSSCON,1,,,,,,,,,,,,,,
489,prediction,GROSSCON,4,,,,,,,,,,,,,,
496,prediction,GROSSCON,1,,,,,,,,,,,,,,
498,prediction,GROSSCON,1,,,,,,,,,,,,,,
499,prediction,GROSSCON,3,,,,,,,,,,,,,,
500,prediction,GROSSCON,3,,,,,,,,,,,,,,
502,prediction,GROSSCON,7,0.9824,0.8922649027977896,0.8598347107438018,12.887961543917731,1.0676570049942935,-0.010165388283835453,0.9945221280930651,0.5659092243555869,0.5266261267673921,-0.039283097588194815,0.930584100952008,TRUE,TRUE,TRUE
503,prediction,GROSSCON,3,,,,,,,,,,,,,,
504,prediction,GROSSCON,4,,,,,,,,,,,,,,
506,prediction,GROSSCON,15,0.9336,0.561403779854804,0.4784340659340658,21.33823753775558,1.064831777452368,-0.28617759189026376,1.307548004029626,0.20055731758327605,0.12108142259746137,-0.07947589498581469,0.6037247808082872,TRUE,FALSE,FALSE
510,prediction,GROSSCON,3,,,,,,,,,,,,,,
514,prediction,GROSSCON,1,,,,,,,,,,,,,,
515,prediction,GROSSCON,7,0.9728,0.9415608599457418,0.8622448979591831,10.51034425224401,1.0165371583503158,-0.05197004192941779,1.008129756618255,0.23133887285749058,0.21660138925234865,-0.014737483605141932,0.9362948240254437,TRUE,TRUE,TRUE
516,prediction,GROSSCON,6,0.9757,0.9922372095763116,0.8889795918367347,5.602979975769149,1.0100112580974825,-0.036870349389724374,1.0404093226782651,0.2598401778369963,0.2607478569683419,9.076791313455956e-4,1.0034932208671554,TRUE,TRUE,TRUE
517,prediction,GROSSCON,13,0.9769,0.8618421999124668,0.5656077348066297,17.101526107189624,1.0736859947446469,-0.31353170824922677,1.5037121921954641,0.2316655339983983,0.17139582072289355,-0.06026971327550473,0.7398416923083542,TRUE,FALSE,FALSE
518,prediction,GROSSCON,3,,,,,,,,,,,,,,
519,prediction,GROSSCON,12,0.9877,0.882763968757899,0.7244387191755614,11.60574146175113,1.0596326535037468,-0.1284140759133785,1.235607398105527,0.292857142857143,0.2281595844186907,-0.06469755843845229,0.7790815077711386,TRUE,TRUE,FALSE
520,prediction,GROSSCON,6,1.0352,0.8453107088360956,0.5951020408163266,5.210708312707452,1.0032506962385481,-0.029553209381542968,1.1082637083029352,0.09350825676486381,0.07606843511920862,-0.01743982164565519,0.8134943132400658,TRUE,TRUE,TRUE
521,prediction,GROSSCON,4,,,,,,,,,,,,,,
522,prediction,GROSSCON,3,,,,,,,,,,,,,,
523,prediction,GROSSCON,13,1.0302,0.9471634935571034,0.6215754997092046,11.225687547126178,1.0479559647376624,-0.05173823475789331,1.1000309742570495,0.3666040122854005,0.32836798438433834,-0.038236027901062175,0.8957021019418208,TRUE,TRUE,FALSE
525,prediction,GROSSCON,2,,,,,,,,,,,,,,
526,prediction,GROSSCON,2,,,,,,,,,,,,,,
527,prediction,GROSSCON,1,,,,,,,,,,,,,,
528,prediction,GROSSCON,8,1.0315,0.998993287409646,0.9070294784580502,4.430268698885757,1.0252709529475799,-0.03940425259787758,1.0596842210061626,0.35229559748427675,0.3301406671016043,-0.022154930382672466,0.937112667484693,TRUE,FALSE,TRUE
529,prediction,GROSSCON,4,,,,,,,,,,,,,,
530,prediction,GROSSCON,4,,,,,,,,,,,,,,
531,prediction,GROSSCON,4,,,,,,,,,,,,,,
532,prediction,GROSSCON,28,1.0394,0.9293292412443147,0.26591544323874733,14.83155664795705,1.039518390811629,-0.13201870835408855,1.4353857666620062,0.2152928389228855,0.13463808761933369,-0.08065475130355182,0.6253718808899116,TRUE,TRUE,FALSE
537,prediction,GROSSCON,7,0.9815,0.9985976632796977,0.9298469387755098,4.872895990409626,1.0181119646588677,-0.017172349300034844,1.047361378755551,0.46767680254029614,0.4543799510480141,-0.013296851492282047,0.9715682894253957,TRUE,FALSE,TRUE
539,prediction,GROSSCON,7,1.0163,0.9824859580819069,0.7346938775510199,2.51124688671959,1.0002399662633115,0.003971929119843013,0.9912231012599856,0.13935020143175944,0.13470986015491704,-0.004640341276842402,0.9667001466150388,TRUE,FALSE,TRUE
542,prediction,GROSSCON,7,1.0546,0.6393459859755087,0.7795454545454543,10.142045634159324,1.015178985663483,-0.11905908954428776,1.2844029360231974,0.11855890084763564,0.08847810282555127,-0.030080798022084368,0.7462797157613472,TRUE,TRUE,TRUE
543,prediction,GROSSCON,1,,,,,,,,,,,,,,
545,prediction,GROSSCON,5,,,,,,,,,,,,,,
548,prediction,GROSSCON,22,1.0292,0.9064103186294498,0.583505197611856,16.079403630404208,1.043847115009681,-0.06991539331041602,1.0933127768098947,0.30023953750834925,0.24534433364451402,-0.05489520386383523,0.8171619756698144,TRUE,FALSE,FALSE
550,prediction,GROSSCON,5,,,,,,,,,,,,,,
551,prediction,GROSSCON,27,1.053,0.6882084668708199,0.5499204019051346,16.98808216863565,1.0604734758287726,-0.12805597797159735,1.1478193991650465,0.25793085611808164,0.18579791769183654,-0.0721329384262451,0.7203400185931133,TRUE,FALSE,FALSE
552,prediction,GROSSCON,3,,,,,,,,,,,,,,
553,prediction,GROSSCON,1,,,,,,,,,,,,,,
555,prediction,GROSSCON,37,1.0064,0.7266648076934886,0.6751484609218971,16.840231192506746,1.0503805899863368,-0.12179820244995843,1.153261753792732,0.2131594782728902,0.1503169013074205,-0.06284257696546969,0.7051851624208912,TRUE,FALSE,FALSE
556,prediction,GROSSCON,13,0.9818,0.8144131517008301,0.7199320016999576,12.008331172273042,1.0390522148100811,-0.29408734776486145,1.4868574337238178,0.17303537915960077,0.10195991398941856,-0.0710754651701822,0.589243162205429,TRUE,TRUE,FALSE
561,prediction,GROSSCON,40,0.9775,0.9507707401375014,0.8240285110593798,17.310813285365327,1.058952188198738,-0.07881337870321552,1.1176562470935911,0.35068666936909026,0.29758047559022494,-0.05310619377886533,0.8485651197565991,TRUE,FALSE,FALSE
562,prediction,GROSSCON,28,0.9742,0.9471362362130172,0.6370255097706319,16.777381170195007,1.0582561477221104,-0.1150127595542361,1.2046696062077933,0.3006067498695751,0.23290248079205916,-0.06770426907751592,0.7747746213054401,TRUE,FALSE,FALSE
563,prediction,GROSSCON,8,0.9807,0.976034197346063,0.8622448979591839,14.678985805205642,1.0423076784397234,-0.054558162345238394,1.1351255451833173,0.3781651190430755,0.35131197529036595,-0.02685314375270953,0.9289909555364074,TRUE,TRUE,FALSE
564,prediction,GROSSCON,22,0.9938,0.9562947456304558,0.4474628770349762,11.096901224040646,1.0413777139697382,-0.0685936131614148,1.1241738479578278,0.32332008160966164,0.2748341633083058,-0.048485918301355846,0.8500374054714857,TRUE,TRUE,FALSE
566,prediction,GROSSCON,46,0.9584,0.828954398806324,0.7484440479847072,23.606893111107006,1.070861897891955,-0.23538289806109855,1.167871756976256,0.25067210933526857,0.2099989489721499,-0.04067316036311866,0.8377435747799162,TRUE,FALSE,FALSE
567,prediction,GROSSCON,7,1.0137,0.949384920556398,0.9298469387755098,6.117287219450446,1.0054605004381754,-0.028263957778330157,1.1775630290314156,0.1930867778583514,0.17962069248790843,-0.01346608537044297,0.9302588943696513,TRUE,TRUE,TRUE
568,prediction,GROSSCON,22,0.9759,0.9609004452046651,0.8945250364983753,6.76129367023936,1.0204259511791998,-0.058644173444122115,1.1512674964150327,0.24521578369674593,0.21305278715893713,-0.0321629965378088,0.8688379840280419,TRUE,TRUE,TRUE
569,prediction,GROSSCON,4,,,,,,,,,,,,,,
572,prediction,GROSSCON,7,0.9505,0.5135614317375216,0.31768595041322323,5.462588627376663,1.001975271859647,0.10487931612117585,0.9531311579723964,0.05306326224948294,0.04497946577312639,-0.008083796476356549,0.8476573785013506,TRUE,TRUE,TRUE
573,prediction,GROSSCON,53,0.9986,0.9706629206672294,0.8474107596895799,9.320909982859247,1.0330068303505415,-0.03218815619617385,1.0652893946116804,0.38690207503765806,0.35706934542420726,-0.029832729613450792,0.9228933326073604,TRUE,TRUE,TRUE
574,prediction,GROSSCON,12,0.9381,0.9257159075970536,0.760655134339345,16.216675154816144,1.0626059147865317,-0.09516499632193555,1.233327112119616,0.3690386101759593,0.3242241381029265,-0.044814472073032796,0.8785642725793242,TRUE,FALSE,FALSE
575,prediction,GROSSCON,2,,,,,,,,,,,,,,
576,prediction,GROSSCON,36,1.0195,0.8780228504414969,0.8992923664870135,12.50339163565847,1.0508331898797423,-0.05269242358401105,1.0974219913767866,0.35619422155133607,0.3146841074860042,-0.04151011406533184,0.8834621351111693,TRUE,TRUE,FALSE
577,prediction,GROSSCON,23,1.0479,0.9305238691784753,0.8318449358683935,10.609158730828481,1.0354267166106723,-0.023322546709816108,1.0264829434475256,0.37294465579511454,0.34416106128431745,-0.028783594510797095,0.9228207347563924,TRUE,TRUE,TRUE
584,prediction,GROSSCON,8,0.984,0.9537551026488229,0.9529478458049888,8.709158549717971,1.0195599731485787,-0.05858933884228961,1.0301497942123454,0.2462962735959633,0.23016057401416723,-0.01613569958179606,0.9344866272387626,TRUE,TRUE,TRUE
585,prediction,GROSSCON,9,1.0143,0.9603166420515736,0.8628151260504202,4.1672580140758555,1.0074381769607192,-0.03604866785391813,1.0647863293593631,0.1690685632291472,0.15300970758529076,-0.01605885564385645,0.9050157206216328,TRUE,FALSE,TRUE
586,prediction,GROSSCON,2,,,,,,,,,,,,,,
588,prediction,GROSSCON,5,,,,,,,,,,,,,,
589,prediction,GROSSCON,4,,,,,,,,,,,,,,
590,prediction,GROSSCON,9,1.0843,0.37585092751038435,0.7061648188687242,15.464662469408752,1.1196139022633627,-0.2822810494799262,1.246431576223113,0.22358740993553283,0.11040295864206683,-0.113184451293466,0.4937798540351597,TRUE,FALSE,FALSE
591,prediction,GROSSCON,8,0.9543,0.9046504398430304,0.8185941043083904,19.678290033365332,1.0668858914534867,-0.1283780537399077,1.1724785291461468,0.2990167170914313,0.24578254603723582,-0.05323417105419548,0.8219692478333314,TRUE,FALSE,FALSE
592,prediction,GROSSCON,4,,,,,,,,,,,,,,
595,prediction,GROSSCON,4,,,,,,,,,,,,,,
602,prediction,GROSSCON,2,,,,,,,,,,,,,,
603,prediction,GROSSCON,3,,,,,,,,,,,,,,
607,prediction,GROSSCON,13,0.9979,0.8152523134200221,0.394508571818865,12.414602162514546,1.0282474013266987,-0.16290869889770887,1.2479808737014773,0.16612970005253686,0.10995391744087463,-0.05617578261166223,0.6618558716840084,TRUE,TRUE,TRUE
608,prediction,GROSSCON,47,1.0294,0.9330582367681447,0.7836149930248661,10.397045024529875,1.0446352609768856,-0.05572204459123334,1.0639228248451693,0.362823018445106,0.3229145206393104,-0.039908497805795584,0.8900056066541059,TRUE,TRUE,FALSE
609,prediction,GROSSCON,17,1.0249,0.9734788917435144,0.9137110726643601,9.955355581311077,1.0330077300124756,-0.06821313524761478,1.1364972757110572,0.3261691518181608,0.2988281557440118,-0.027340996074149027,0.9161754079999828,TRUE,TRUE,FALSE
610,prediction,GROSSCON,1,,,,,,,,,,,,,,
611,prediction,GROSSCON,14,1.01,0.3844472809694251,0.3373965241806652,14.22083269298637,1.0294091235900236,-1.0076483437238133,4.102943481297187,0.10331223912750787,0.015078986391139486,-0.08823325273636838,0.14595546973412332,TRUE,TRUE,TRUE
612,prediction,GROSSCON,1,,,,,,,,,,,,,,
613,prediction,GROSSCON,5,,,,,,,,,,,,,,
614,prediction,GROSSCON,4,,,,,,,,,,,,,,
615,prediction,GROSSCON,10,0.9927,0.9224160164392109,0.24848507801848205,25.74716937076728,1.2036501540091156,-0.13014804618092485,1.3078102214326686,0.5182051164706423,0.4202088514207912,-0.0979962650498511,0.8108929033405196,TRUE,FALSE,FALSE
616,prediction,GROSSCON,20,0.9955,0.8426363034049711,0.8391867007382813,15.10999125158537,1.0593251530208119,-0.23922012460012324,1.3282897165448047,0.2319482840613052,0.18187166237650504,-0.05007662168480015,0.7841043666804424,TRUE,FALSE,FALSE
619,prediction,GROSSCON,1,,,,,,,,,,,,,,
620,prediction,GROSSCON,27,1.0183,0.7018612503268497,0.6594117493214074,12.589782923418966,1.0445168475795024,-0.31272380357222895,1.6543543524193445,0.1726804024312777,0.09039539276019945,-0.08228500967107824,0.5234837971620692,TRUE,TRUE,FALSE
621,prediction,GROSSCON,4,,,,,,,,,,,,,,
622,prediction,GROSSCON,16,0.9211,0.9425122667398372,0.6589619377162628,18.537566606842613,1.0763926809519726,-0.20718430608044655,1.1480735139781795,0.28934185993290584,0.2248754667106998,-0.06446639322220604,0.7771964511558926,TRUE,FALSE,FALSE
623,prediction,GROSSCON,1,,,,,,,,,,,,,,
624,prediction,GROSSCON,13,0.9495,0.8824248891976297,0.80159218025484,13.75985904439447,1.0402491548263517,-0.15985502730190523,1.12581498624105,0.2191349852819785,0.16597057383683023,-0.053164411445148274,0.7573896683966854,TRUE,TRUE,FALSE
625,prediction,GROSSCON,1,,,,,,,,,,,,,,
626,prediction,GROSSCON,29,1.0104,0.8811793929970128,0.9400806090461262,7.579794534698725,1.023364024217868,-0.034877139682734024,1.0318370853812042,0.28542373682522504,0.2599929866778402,-0.02543075014738483,0.9109017686116381,TRUE,TRUE,TRUE
628,prediction,GROSSCON,2,,,,,,,,,,,,,,
629,prediction,GROSSCON,2,,,,,,,,,,,,,,
630,prediction,GROSSCON,6,0.9126,0.29407356317512856,0.16470588235294117,23.187052114901807,1.0986960496205913,-0.3168686172116891,0.9900422804397403,0.20312684365781722,0.07045057243406679,-0.13267627122375042,0.3468304393718941,TRUE,FALSE,FALSE
632,prediction,GROSSCON,15,1.0233,0.9540324176460705,0.9211889854331712,12.870029212906434,1.0387925111488108,-0.0546342724309254,1.1384063441623395,0.32571100711716977,0.28691688548122773,-0.038794121635942036,0.8808940416865113,TRUE,TRUE,FALSE
633,prediction,GROSSCON,5,,,,,,,,,,,,,,
634,prediction,GROSSCON,8,1.0046,0.9702950606789685,0.6247848537005165,8.67423578805032,1.023805439968498,-0.04182088510482543,1.0790930290812841,0.2786970010341261,0.2524750556073012,-0.026221945426824878,0.905912351659593,TRUE,TRUE,TRUE
636,prediction,GROSSCON,15,1.0102,0.8233929449156497,0.8735645449823993,8.918230791783484,1.0440407781458938,-0.06500318983297054,1.1042928309330724,0.2977807721361344,0.2476404080804682,-0.050140364055666214,0.8316198735869222,TRUE,TRUE,FALSE
637,prediction,GROSSCON,10,0.919,0.8937234404100999,0.2530394857667584,15.032889546534548,1.0471308424678847,-0.24455476805159576,1.3965095107257524,0.20095912227924267,0.11347503223908202,-0.08748409004016065,0.5646672365606914,TRUE,FALSE,FALSE
638,prediction,GROSSCON,5,,,,,,,,,,,,,,
640,prediction,GROSSCON,12,1.0153,0.9768439023918555,0.8650300748202849,13.100079409050025,1.0451666886369282,-0.04232780090579422,1.0384860454982932,0.4306002254358665,0.4111881869259948,-0.01941203850987172,0.9549186522366023,TRUE,TRUE,TRUE
641,prediction,GROSSCON,9,1.0003,0.9187872148329737,0.8017507002801121,13.070735576179738,1.0604270773163544,-0.07016010795622261,1.082454319282608,0.33716998578506463,0.3022005740945727,-0.03496941169049195,0.8962855142367747,TRUE,TRUE,FALSE
642,prediction,GROSSCON,20,1.0221,0.6912620476310278,0.8125758673792915,17.041355907491088,1.088610360054009,-0.08441290472876073,1.2218207352089752,0.33502686959018746,0.2516515508927831,-0.08337531869740433,0.7511384122730487,TRUE,FALSE,FALSE
643,prediction,GROSSCON,5,,,,,,,,,,,,,,
717,prediction,GROSSCON,9,1.1218,0.8125975048382946,0.2983757062146893,19.070187204454182,1.086736659420512,-0.2502955143378164,1.3811558617308584,0.2564476061701721,0.1456028053337365,-0.11084480083643558,0.5677682373728933,FALSE,FALSE,FALSE
719,prediction,GROSSCON,2,,,,,,,,,,,,,,
720,prediction,GROSSCON,17,0.9482,0.9928884875792476,0.9828973358385121,7.355545475724543,1.0245164245786946,-0.05777566618895808,1.05416862515424,0.3336218715631335,0.32839167541387626,-0.005230196149257238,0.98432298180946,TRUE,TRUE,TRUE
722,prediction,GROSSCON,7,1.0558,0.7539155592234339,0.7971938775510201,15.920943708758903,1.0894752907907521,-0.2701832189955385,1.382958893319972,0.2531543209142476,0.1541602372839707,-0.0989940836302769,0.6089575588804201,TRUE,FALSE,FALSE
731,prediction,GROSSCON,12,0.999,0.9695486285419149,0.4977229176517433,4.052776721620688,1.0035181354609832,-0.03438129482934453,1.020424712864752,0.1225691334123155,0.108106286128906,-0.014462847283409491,0.8820025329317023,TRUE,FALSE,TRUE
732,prediction,GROSSCON,14,1.002,0.8161228106026739,0.5485762589059293,10.802835213660378,1.0269413781161245,-0.18267120064851344,1.2563482436471436,0.16619648011110882,0.10838201462586307,-0.057814465485245756,0.6521318294671793,TRUE,TRUE,TRUE
738,prediction,GROSSCON,1,,,,,,,,,,,,,,
740,prediction,GROSSCON,10,1.0632,0.8731141681838025,0.5739210284664829,11.962862563328127,1.0255995629053314,-0.1092055072901132,1.3884951818364286,0.19769734308817863,0.1444508278110364,-0.05324651527714222,0.7306665105084758,TRUE,TRUE,TRUE
741,prediction,GROSSCON,1,,,,,,,,,,,,,,
742,prediction,GROSSCON,19,1.0303,0.9148628424821135,0.8154590822974908,9.714672855346965,1.0281553517026347,-0.1070561920133343,1.2015371312142298,0.2124903336407934,0.17828603808771978,-0.03420429555307361,0.8390312868965859,TRUE,TRUE,TRUE
743,prediction,GROSSCON,7,0.99,0.3700015942986006,0.7971938775510201,43.93734256075656,1.3080378624329645,-1.1182373237072227,3.652591809279307,0.2693328237929113,0.0886027006504391,-0.1807301231424722,0.32897104557358103,TRUE,FALSE,FALSE
744,prediction,GROSSCON,17,0.9783,0.6391524604526121,0.5831748089416801,16.344189401283018,1.0420932318441578,-0.36278904659369055,1.60951365132409,0.15820634285998444,0.08843633607504027,-0.06977000678494417,0.5589936185637517,TRUE,FALSE,FALSE
745,prediction,GROSSCON,16,0.9841,0.9593995780165963,0.6115746755711531,15.862698273820039,1.0642317948880247,-0.15660226210684952,1.4332260191884774,0.2866695635380456,0.2053430912503793,-0.08132647228766632,0.7163058704804809,TRUE,FALSE,FALSE
746,prediction,GROSSCON,8,0.9974,0.9133959000122478,0.8622448979591839,10.37790625696017,1.0298647562807253,-0.17975222509490238,1.315612140542435,0.1897075247801201,0.14867655894399756,-0.041030965836122535,0.7837146107742466,TRUE,TRUE,TRUE
747,prediction,GROSSCON,9,0.9614,0.7419845922655705,0.39390756302521013,4.652076256321691,1.0029117482147254,-0.11469612102327979,1.0177333514357925,0.04938271604938274,0.03878702591466521,-0.010595690134717534,0.78543727477197,TRUE,FALSE,TRUE
753,prediction,GROSSCON,4,,,,,,,,,,,,,,
759,prediction,GROSSCON,4,,,,,,,,,,,,,,
761,prediction,GROSSCON,3,,,,,,,,,,,,,,
764,prediction,GROSSCON,7,0.9028,0.5867492754912298,0.41326530612244877,16.85176204594355,1.034710458868935,-0.27232818265980774,1.5893775839843916,0.1443023902167871,0.07233637960066298,-0.07196601061612411,0.5012833085577532,TRUE,FALSE,FALSE
765,prediction,GROSSCON,5,,,,,,,,,,,,,,
766,prediction,GROSSCON,18,1.0448,0.8149508305776892,0.4766555799442149,18.496459202195837,1.0911686107146321,-0.17454595721550512,1.2685736192162123,0.2934640417748711,0.19166791433549926,-0.10179612743937186,0.6531223150076286,TRUE,FALSE,FALSE
767,prediction,GROSSCON,1,,,,,,,,,,,,,,
769,prediction,GROSSCON,1,,,,,,,,,,,,,,
770,prediction,GROSSCON,9,0.9717,0.9206492654955988,0.81,7.980072381191457,1.0176475795481463,-0.15025456241411195,1.2501323415146648,0.15038163347684533,0.127086948389706,-0.023294685087139333,0.8450962092340479,TRUE,TRUE,TRUE
771,prediction,GROSSCON,27,1.018,0.7532281044688622,0.647744972699129,11.161412617767025,1.0312226046115187,-0.14601009963801972,1.1626899850890553,0.1867500517976842,0.13455658420058192,-0.05219346759710228,0.7205169846290265,TRUE,TRUE,FALSE
772,prediction,GROSSCON,6,0.9745,0.9143326736727032,0.5102040816326531,9.089004962929446,1.0212122349603323,-0.10642360488220934,1.2009973186151952,0.15671392479067917,0.11405232640477643,-0.042661598385902735,0.7277740415034254,TRUE,TRUE,TRUE
773,prediction,GROSSCON,16,0.9731,0.890713080308827,0.7275086505190309,10.317061406136839,1.0213738425630252,-0.08892369605119119,1.1564814165823232,0.20320695131860833,0.1710435407544757,-0.03216341056413263,0.8417209138003178,TRUE,TRUE,TRUE
774,prediction,GROSSCON,2,,,,,,,,,,,,,,
775,prediction,GROSSCON,8,0.9819,0.9760048384712433,0.499282845668388,6.105332193931349,1.0148132309587004,-0.14124381039104425,1.3237427608066947,0.13463478260869555,0.09537890247823122,-0.03925588013046433,0.7084269059611573,TRUE,TRUE,TRUE
776,prediction,GROSSCON,3,,,,,,,,,,,,,,
779,prediction,GROSSCON,5,,,,,,,,,,,,,,
786,prediction,GROSSCON,3,,,,,,,,,,,,,,
790,prediction,GROSSCON,28,0.996,0.6606885607756446,0.5976267663858321,18.451419041018305,1.05562475834908,-0.19509848404317395,1.26609377988231,0.21830124717993016,0.14775178911936923,-0.07054945806056093,0.6768252175746297,TRUE,FALSE,FALSE
791,prediction,GROSSCON,20,1.0061,0.929270283634873,0.7790158755322039,11.283966855447975,1.0343732564345671,-0.05513027706561192,1.092520338446124,0.31740680231694646,0.27742305796415356,-0.039983744352792894,0.8740299701804527,TRUE,TRUE,FALSE
793,prediction,GROSSCON,5,,,,,,,,,,,,,,
795,prediction,GROSSCON,4,,,,,,,,,,,,,,
796,prediction,GROSSCON,12,0.9605,0.9658393130439005,0.7041909139811238,11.949974113561748,1.043148151568817,-0.06389420037528258,1.126574572081378,0.34949449513772873,0.30688706079073924,-0.04260743434698949,0.8780883964132289,TRUE,TRUE,FALSE
797,prediction,GROSSCON,7,1.0585,0.7482146363692572,0.23214285714285707,10.204203517405,1.0209744471838273,-0.5211460917811852,2.444590053289286,0.10032715376226824,0.031022585448950122,-0.06930456831331812,0.3092142484422529,TRUE,TRUE,TRUE
798,prediction,GROSSCON,20,0.9662,0.9525912485404798,0.8552772909717906,10.997391931617166,1.031940841173247,-0.07954660931714684,1.107264288687658,0.2593631983331163,0.22194017394169058,-0.0374230243914257,0.855711895010791,TRUE,TRUE,FALSE
799,prediction,GROSSCON,7,0.9814,0.9932018838574092,0.8622448979591831,20.863138344703323,1.080448110690661,-0.037922779563156386,1.0518003375724259,0.536736224652761,0.5158368864321071,-0.02089933822065393,0.9610621805260589,TRUE,FALSE,TRUE
801,prediction,GROSSCON,1,,,,,,,,,,,,,,
802,prediction,GROSSCON,5,,,,,,,,,,,,,,
804,prediction,GROSSCON,3,,,,,,,,,,,,,,
816,prediction,GROSSCON,41,0.9839,0.9623731756470603,0.8544851520223814,10.017929577820915,1.019429389668703,-0.04108319310914721,1.079393176934662,0.288510323771118,0.2666867016556727,-0.021823622115445307,0.9243575694963397,TRUE,TRUE,TRUE
817,prediction,GROSSCON,54,1.0139,0.9159076174075298,0.8678023201584237,9.211899824782785,1.0205676167480588,-0.041557218336239196,1.0899184020278747,0.2529197653641833,0.22614648367787307,-0.02677328168631024,0.8941431815431311,TRUE,TRUE,TRUE
818,prediction,GROSSCON,3,,,,,,,,,,,,,,
822,prediction,GROSSCON,4,,,,,,,,,,,,,,
823,prediction,GROSSCON,1,,,,,,,,,,,,,,
825,prediction,GROSSCON,4,,,,,,,,,,,,,,
827,prediction,GROSSCON,4,,,,,,,,,,,,,,
830,prediction,GROSSCON,1,,,,,,,,,,,,,,
831,prediction,GROSSCON,3,,,,,,,,,,,,,,
832,prediction,GROSSCON,3,,,,,,,,,,,,,,
836,prediction,GROSSCON,2,,,,,,,,,,,,,,
837,prediction,GROSSCON,8,1.077,0.5940107793523468,0.0896442914515204,11.294351111548947,1.0281003637036272,-0.5248555975111455,2.1263420442862606,0.11715867158671589,0.037638650793700545,-0.07952002079301534,0.3212621847273337,TRUE,TRUE,TRUE
841,prediction,GROSSCON,5,,,,,,,,,,,,,,
842,prediction,GROSSCON,54,0.9836,0.9106305702861018,0.8442226282805245,9.564767067784793,1.0130913062139069,-0.053064213718780465,1.1474190847616696,0.196408041636439,0.17583603666714018,-0.020572004969298813,0.8952588458298535,TRUE,TRUE,TRUE
846,prediction,GROSSCON,1,,,,,,,,,,,,,,
847,prediction,GROSSCON,8,0.9794,0.7978402125356769,0.7346938775510207,8.364560431981847,1.0249774276340937,-0.1007014790047752,1.0564186994392122,0.18191854759568193,0.1379737184617369,-0.04394482913394504,0.7584367855024139,TRUE,TRUE,TRUE
848,prediction,GROSSCON,4,,,,,,,,,,,,,,
849,prediction,GROSSCON,2,,,,,,,,,,,,,,
850,prediction,GROSSCON,2,,,,,,,,,,,,,,
851,prediction,GROSSCON,6,0.9926,0.8888374575006379,0.5102040816326531,7.843794140043851,1.0090091990319991,-0.06582085060246355,1.1442150128840667,0.1421643330438318,0.11716495380357328,-0.024999379240258524,0.8241515385399039,TRUE,TRUE,TRUE
857,prediction,GROSSCON,10,1.1683,0.06793980775234894,0.3275640054537192,15.77722788800043,1.2014947600444053,-0.44989778458609503,3.541577426045495,0.25041938490214355,0.04752172713545413,-0.20289765776668942,0.18976856425881009,FALSE,FALSE,FALSE
859,prediction,GROSSCON,1,,,,,,,,,,,,,,
862,prediction,GROSSCON,14,1.1443,0.3323572869300732,0.33270329670329674,19.952074148673525,1.1194511284371982,-0.554412684110861,2.62821355014025,0.2214151269542504,0.047240873971577155,-0.17417425298267325,0.21335883695669194,FALSE,FALSE,FALSE
864,prediction,GROSSCON,36,1.0135,0.8624038269186217,0.796894295154044,9.277355132053676,1.0193929271042519,-0.09341290069168359,1.194714502660733,0.19277790020272276,0.15809822985341526,-0.034679670349307495,0.8201055706445666,TRUE,TRUE,TRUE
865,prediction,GROSSCON,4,,,,,,,,,,,,,,
866,prediction,GROSSCON,17,0.9222,0.9273353158054378,0.6716152153268717,13.684340748572014,1.0302426299224303,-0.07024722748773732,1.105164533566722,0.2636034861463468,0.2190646113621236,-0.04453887478422322,0.8310383696538208,TRUE,TRUE,FALSE
867,prediction,GROSSCON,41,1.0138,0.34720545465696623,0.6376603836365355,11.107142141913402,1.0547073464017749,-0.3445255495469296,1.300420545434624,0.17782015785301522,0.0905092499651175,-0.08731090788789772,0.508993193223525,TRUE,TRUE,FALSE
871,prediction,GROSSCON,43,1.0179,0.627636015680116,0.6399516771430662,13.935870571561699,1.0619817330074675,-0.16121326979305625,1.2602185004513737,0.24008651543567414,0.15544807463988256,-0.08463844079579158,0.6474669114914595,TRUE,TRUE,FALSE
873,prediction,GROSSCON,27,0.984,0.8855213088532863,0.8884862083548705,13.786684280568412,1.0502103394164926,-0.07496017173614897,1.1138160609706467,0.3167960187091818,0.26922755091201894,-0.04756846779716284,0.8498451211887527,TRUE,TRUE,FALSE
874,prediction,GROSSCON,12,0.9313,0.9339401544175461,0.9178443933688692,11.030768827858585,0.9933286247595695,0.023745768175106072,0.9463612352237384,0.2376483279395901,0.2517448076504758,0.014096479710885707,1.0593165533000048,TRUE,TRUE,TRUE
875,prediction,GROSSCON,46,1.0013,0.7805673253859895,0.8494280457408223,9.407346370502266,1.0353157176793613,-0.11133134739340224,1.1566499603501397,0.217052302927715,0.1680755664801331,-0.04897673644758188,0.7743551402728373,TRUE,TRUE,FALSE
876,prediction,GROSSCON,5,,,,,,,,,,,,,,
877,prediction,GROSSCON,59,1.0093,0.9277226041190699,0.9014092054979195,12.455415633483277,1.0585323653693963,-0.057119207920595653,1.1287102413864876,0.3868089375905533,0.3382466018152216,-0.0485623357753317,0.8744539459769771,TRUE,TRUE,FALSE
880,prediction,GROSSCON,25,0.9882,0.8899290065420141,0.8488229705064588,8.564779692223203,1.017621846051262,-0.08535319369075879,1.1230817091441472,0.1861100423239708,0.15571174437547555,-0.030398297948495245,0.8366649237789143,TRUE,TRUE,TRUE
881,prediction,GROSSCON,6,1.0464,0.10627878615018169,0.1379591836734694,10.191112213067607,1.0083581572688132,-0.25691663890911426,3.9438542014924867,0.054564172958133206,0.007768681437900327,-0.04679549152023288,0.14237696672982095,TRUE,TRUE,TRUE
882,prediction,GROSSCON,6,1.0593,0.45344090540366905,0.5252100840336135,15.530164927497275,1.1161399659036586,-0.32249056243271496,1.1183955114859132,0.24432477216238593,0.11386568691406336,-0.13045908524832256,0.46604233335121925,TRUE,FALSE,FALSE
883,prediction,GROSSCON,11,1.0547,0.09012349871524837,0.40285654712260227,22.59591459534213,1.1729023720299094,-0.5744030695275046,1.8759409677815195,0.2646761824186021,0.06785342492660992,-0.19682275749199216,0.2563639248026309,TRUE,FALSE,FALSE
884,prediction,GROSSCON,15,0.963,0.9574232907762085,0.7718877551020406,7.199984632928129,1.0170495442429537,-0.09219218029079328,1.1690631160582443,0.18690729763451042,0.15757700084745682,-0.029330296787053595,0.8430757003163794,TRUE,TRUE,TRUE
885,prediction,GROSSCON,17,1.0306,0.8934632677318686,0.8753894502586312,9.567901114164513,1.0608281572415927,-0.03348956325954309,1.0392719752559245,0.428037276956801,0.38553688188713536,-0.04250039506966563,0.9007086593676398,TRUE,TRUE,TRUE
886,prediction,GROSSCON,5,,,,,,,,,,,,,,
888,prediction,GROSSCON,12,1.0374,0.4616751382031769,0.3671819408661514,20.31515779793543,1.0789715751543139,-0.27812670040792725,1.5556610597717082,0.20784281365753468,0.08546357382963861,-0.12237923982789607,0.4111933067383222,TRUE,FALSE,FALSE
889,prediction,GROSSCON,11,1.0017,0.7995559162182336,0.6650269821502697,8.387095015251488,1.015221683269391,-0.1507640332409632,1.2945959345214082,0.12397054741100112,0.08690118307253171,-0.03706936433846941,0.7009824904977399,TRUE,TRUE,TRUE
890,prediction,GROSSCON,44,0.9962,0.8501826822267444,0.8127618306613908,9.699933073834934,1.0257016352732862,-0.07370153222253988,1.0889311423676264,0.2194426340921078,0.18066117829676157,-0.038781455795346226,0.8232729207075218,TRUE,TRUE,TRUE
891,prediction,GROSSCON,47,1.0129,0.8440560321348527,0.8225507022020745,13.553204078978757,1.0676290792028318,-0.129919428336505,1.197900667494358,0.3002832065969342,0.2302682714911186,-0.0700149351058156,0.7668369939854957,TRUE,TRUE,FALSE
892,prediction,GROSSCON,25,0.9877,0.9770316865167094,0.911290532544379,7.176767646004616,1.0217674279103446,-0.0642756523228693,1.1103456818408544,0.2555049393458566,0.22914504054499318,-0.026359898800863424,0.8968321361287575,TRUE,TRUE,TRUE
893,prediction,GROSSCON,49,0.9981,0.783973990968118,0.7828430127051854,11.083876587902413,1.0291026727121542,-0.10950206533517388,1.1766994355218143,0.20287771919524086,0.15877254060049018,-0.04410517859475069,0.7826021567587432,TRUE,TRUE,TRUE
894,prediction,GROSSCON,12,1.0212,0.9072967893104734,0.7398405790014183,9.209592597288946,1.0328250756800785,-0.14082375866650368,1.1831862794615993,0.1869674571399241,0.13351450479571994,-0.05345295234420416,0.7141055819986863,TRUE,TRUE,FALSE
895,prediction,GROSSCON,13,1.012,0.7714530954517699,0.5640495867768597,9.105328943749589,1.008936345922973,-0.07586441157360452,1.0422483491838854,0.11006815968841284,0.08140070859438243,-0.028667451094030405,0.7395481929089771,TRUE,TRUE,TRUE
896,prediction,GROSSCON,24,1.0316,0.30843672899345664,0.6514620723566011,10.267690629702637,1.0386664156815584,-0.26383081414970416,1.4672184578301328,0.13707158835376868,0.07111171298164083,-0.06595987537212784,0.5187925071540594,TRUE,TRUE,FALSE
897,prediction,GROSSCON,29,0.9975,0.6864403558089709,0.6850960660710743,13.38730571596815,1.0397164495281703,-0.1108827127035558,1.139443575961694,0.22390750309941793,0.16570009635844574,-0.05820740674097219,0.7400381589038251,TRUE,TRUE,FALSE
898,prediction,GROSSCON,37,1.041,0.5825089034824991,0.6388243487956451,9.68055127126859,1.0407535422715553,-0.16153425233058852,1.2299567991918814,0.19038720825452732,0.12057598400206423,-0.06981122425246308,0.6333197755642651,TRUE,TRUE,FALSE
899,prediction,GROSSCON,42,1.0863,0.4144879841978361,0.5488614055648705,14.52457240039203,1.0930129216933342,-0.2998624041232981,1.452509464420453,0.24009877343169148,0.11682815116429304,-0.12327062226739843,0.48658370675738105,TRUE,TRUE,FALSE
901,prediction,GROSSCON,4,,,,,,,,,,,,,,
902,prediction,GROSSCON,24,1.0176,0.9524354635228118,0.7579862700228832,9.062563999651054,1.020705291223467,-0.06454807393949132,1.1544612867998738,0.22565746237446835,0.19165503085408986,-0.03400243152037849,0.8493183821062695,TRUE,TRUE,TRUE
904,prediction,GROSSCON,14,1.001,0.779652287092252,0.5050539768601443,10.603680013986896,1.0335110238199217,-0.13531298603212685,1.1170890951589527,0.17862906461060973,0.13958003413475417,-0.03904903047585556,0.7813959863643812,TRUE,TRUE,FALSE
905,prediction,GROSSCON,33,1.0052,0.63691214959208,0.5675281618899841,11.805353931183618,1.0231231038807402,-0.19894987623250174,1.2018676459137825,0.13582657199214032,0.0853498384786467,-0.05047673351349362,0.6283736475627576,TRUE,TRUE,TRUE
906,prediction,GROSSCON,23,1.0054,0.7757629430571585,0.6016976128356949,12.992530170810603,1.0443101755624906,-0.11123574659452747,1.1649800617118726,0.20355599032992444,0.13363458183171217,-0.06992140849821227,0.6565003644211928,TRUE,TRUE,FALSE
907,prediction,GROSSCON,23,1.0185,0.8722119271415684,0.8872365035295681,9.326628411494122,1.0248399360136433,-0.1231152875086727,1.2113834509472645,0.18513364737132196,0.14721697747259802,-0.03791666989872394,0.7951929838951717,TRUE,TRUE,TRUE
908,prediction,GROSSCON,6,1.0454,0.903700271206499,0.7067226890756302,4.635746762961429,0.9992969488844362,0.051729959361292946,0.8540800560396716,0.08243614101752161,0.08837782076744209,0.005941679749920478,1.0720761510252839,TRUE,FALSE,TRUE
909,prediction,GROSSCON,32,1.0071,0.9385456514101834,0.9059986340347509,9.189775683034377,1.0178093526434615,-0.039528361832386574,1.0685459271552364,0.23849277662600588,0.22004362912872577,-0.018449147497280105,0.9226427409740326,TRUE,TRUE,TRUE
910,prediction,GROSSCON,6,1.035,0.9685913004919542,0.9714285714285714,3.0641783303203685,1.002350832551274,-0.018589191807347905,1.0230531731383918,0.12034239677744211,0.1131963203051094,-0.007146076472332716,0.9406187955060553,TRUE,FALSE,TRUE
912,prediction,GROSSCON,2,,,,,,,,,,,,,,
913,prediction,GROSSCON,13,1.0256,0.46467997634509384,0.8241758241758242,13.006309758285878,1.0647071366034673,-0.16143913538485505,1.2272174020782014,0.21544156139167825,0.13520184286825404,-0.08023971852342421,0.627556920748702,TRUE,TRUE,FALSE
915,prediction,GROSSCON,15,1.0301,0.6498491281893259,0.7268368259647328,5.790784544265589,1.007101461478039,-0.07318827176685289,1.0537580525793784,0.09213141169098549,0.070766597801943,-0.02136481388904249,0.7681049981009581,TRUE,TRUE,TRUE
916,prediction,GROSSCON,32,1.0128,0.8368179591011066,0.8624274057805038,6.877065169357867,1.0137542575125162,-0.05824921107810411,1.131917315487696,0.16724118975919988,0.14294750052802807,-0.02429368923117181,0.854738600782793,TRUE,TRUE,TRUE
917,prediction,GROSSCON,31,1.0206,0.42191130863774035,0.5650745636104294,8.297198552579536,1.0322553470638491,-0.24585800759895252,1.2455312323085683,0.1335815429015184,0.07428224533552934,-0.059299297565989076,0.5560816541121488,TRUE,TRUE,FALSE
918,prediction,GROSSCON,14,1.0363,0.7867377776724941,0.7138306627293413,5.607464334634818,1.0045125278199791,-0.04587089893940838,0.9820466511675304,0.08741131732788457,0.07640343104778832,-0.011007886280096246,0.87406795119212,TRUE,TRUE,TRUE
921,prediction,GROSSCON,26,1.0497,0.4366546154037038,0.6477951180153817,17.141913728704957,1.1261080098529306,-0.2000150600569718,1.4605133861835018,0.2709249765909719,0.15072649863914067,-0.12019847795183125,0.5563403586325653,TRUE,FALSE,FALSE
924,prediction,GROSSCON,2,,,,,,,,,,,,,,
927,prediction,GROSSCON,3,,,,,,,,,,,,,,
928,prediction,GROSSCON,22,1.0142,0.6912323766408284,0.7692155105197226,10.570125952750283,1.030349937014381,-0.11410155212292131,1.1481884577304005,0.19642605674163008,0.14889411893108653,-0.047531937810543545,0.7580161278039355,TRUE,TRUE,FALSE
930,prediction,GROSSCON,39,1.038,0.31675916723441655,0.6548837394949802,12.498213644746551,1.0773520352016837,-0.2177639043150735,1.0863565835636277,0.22222037457704474,0.12452335623098083,-0.09769701834606391,0.5603597620964682,TRUE,TRUE,FALSE
940,prediction,GROSSCON,7,1.0233,0.052475928865822245,0.13892561983471075,6.339743319309542,1.004445294113391,-1.1716764710134926,-14.539271635302153,0.03540821676307233,-0.004873896493768649,-0.04028211325684097,-0.13764874199628424,TRUE,TRUE,TRUE
943,prediction,GROSSCON,7,1.0481,0.6853322437794688,0.37532467532467523,12.97702611152297,1.0391857067601693,-0.31053339301731014,1.52574192849364,0.15117680769914824,0.071770128323726,-0.07940667937542223,0.47474298085823635,TRUE,TRUE,FALSE
1007,prediction,GROSSCON,4,,,,,,,,,,,,,,
1009,prediction,GROSSCON,2,,,,,,,,,,,,,,
1010,prediction,GROSSCON,7,0.9767,0.9884719448486382,0.8622448979591831,2.8894940690177062,1.0054636367018341,-0.0346654720524061,1.0440160372096645,0.16881800441041683,0.15599505044381093,-0.012822953966605904,0.9240427345922668,TRUE,FALSE,TRUE
1011,prediction,GROSSCON,23,1.0141,0.9090360121881583,0.8192754143948505,24.685215247182494,1.114673250514058,-0.13444488997065784,1.1920857926255806,0.43065622404209747,0.3860008942673437,-0.04465532977475378,0.8963086395092048,TRUE,FALSE,FALSE
1026,prediction,GROSSCON,3,,,,,,,,,,,,,,
1029,prediction,GROSSCON,3,,,,,,,,,,,,,,
1030,prediction,GROSSCON,26,0.985,0.848944928940939,0.7538426672038679,19.360835614709128,1.067095624132729,-0.14610187302301872,1.1304583957229757,0.2787886315133702,0.21703091313814254,-0.061757718375227644,0.7784783474132952,TRUE,FALSE,FALSE
1035,prediction,GROSSCON,1,,,,,,,,,,,,,,
1036,prediction,GROSSCON,16,1.0267,0.7675479739960502,0.6203304879003837,9.987531145864423,1.0136183111118782,-0.10600861990423514,1.1642565851631512,0.1252767527675276,0.09478366055200693,-0.030493092215520656,0.7565941681765507,TRUE,TRUE,TRUE
1038,prediction,GROSSCON,1,,,,,,,,,,,,,,
1043,prediction,GROSSCON,3,,,,,,,,,,,,,,
1044,prediction,GROSSCON,2,,,,,,,,,,,,,,
1045,prediction,GROSSCON,8,1.0599,0.9493580968528562,0.9070294784580502,9.881667897073806,1.0294595670189408,-0.37780800722569746,2.1300599666188256,0.1396177518626498,0.07030861427016655,-0.06930913759248325,0.5035793323712394,TRUE,TRUE,TRUE
1046,prediction,GROSSCON,42,1.0264,0.7630495632679591,0.5637924310803158,11.600439635796208,1.037797650993641,-0.22269581080291312,1.291513676824448,0.177591674362186,0.10611952255981498,-0.07147215180237103,0.5975478464344647,TRUE,TRUE,FALSE
1049,prediction,GROSSCON,25,0.9989,0.9343663729841788,0.8026972352085664,6.202063062119809,1.008058962046729,-0.03930162794935773,1.0635702371785074,0.16566168910648713,0.14924523745351181,-0.01641645165297531,0.9009037530552835,TRUE,TRUE,TRUE
1053,prediction,GROSSCON,3,,,,,,,,,,,,,,
1054,prediction,GROSSCON,8,1.0018,0.8912978847860733,0.59465737514518,8.779584511076747,1.0225796091632373,-0.2638902786417084,1.4929400633824428,0.13683526909356236,0.08578780542552944,-0.05104746366803292,0.6269422057179662,TRUE,TRUE,TRUE
1055,prediction,GROSSCON,5,,,,,,,,,,,,,,
1056,prediction,GROSSCON,5,,,,,,,,,,,,,,
1058,prediction,GROSSCON,3,,,,,,,,,,,,,,
1059,prediction,GROSSCON,5,,,,,,,,,,,,,,
1064,prediction,GROSSCON,5,,,,,,,,,,,,,,
1065,prediction,GROSSCON,3,,,,,,,,,,,,,,
1066,prediction,GROSSCON,12,1.0071,0.8343624867655371,0.8290581717451525,7.217606683807058,1.0089678312434005,-0.06682226708771025,1.1930552913060481,0.1292727084542212,0.10397578064006889,-0.025296927814152312,0.8043134694349612,TRUE,TRUE,TRUE
1067,prediction,GROSSCON,28,1.0197,0.9567123665969675,0.9166208419717388,6.284779398645752,1.0090953570262384,-0.03586180043743606,1.0486206267961236,0.19821248442038783,0.1842585895735451,-0.01395389484684273,0.9296013321882995,TRUE,TRUE,TRUE
1076,prediction,GROSSCON,3,,,,,,,,,,,,,,
1114,prediction,GROSSCON,7,1.046,0.9555869806348036,0.7971938775510201,7.049363816545105,1.0196892241658804,-0.07215677204137134,1.1255952355366179,0.2203885164173973,0.19541920380659658,-0.02496931261080071,0.88670320479171,TRUE,TRUE,TRUE
1117,prediction,GROSSCON,16,0.9939,0.8859838962335751,0.9038291605301916,12.644687317625497,1.05775918970627,-0.05172663107973981,1.0911921112107208,0.4140642520744562,0.369166846950467,-0.04489740512398921,0.8915689898390072,TRUE,TRUE,FALSE
1118,prediction,GROSSCON,16,1.0503,0.3588574141327375,0.5580968858131488,17.865098158001498,1.1004082551751602,-0.4106306881851825,1.7880670511674361,0.21987814136531258,0.08804223163767233,-0.13183590972764025,0.4004137523220016,TRUE,FALSE,FALSE
1119,prediction,GROSSCON,20,1.0106,0.8376904704290471,0.8559208404759076,16.324291769848223,1.0671711865308522,-0.07243609328970504,1.0722922734955591,0.32687630933256423,0.27840520131350993,-0.0484711080190543,0.8517142214496195,TRUE,FALSE,FALSE
1120,prediction,GROSSCON,23,0.9775,0.9393285355224527,0.9512031511193739,14.623772631181412,1.0673624291602941,-0.05315494767858022,1.0841438442934126,0.4287101975370529,0.39201653173388057,-0.03669366580317235,0.9144091602812855,TRUE,TRUE,FALSE
1121,prediction,GROSSCON,20,0.9605,0.9277304225548153,0.8214809031608364,21.25669765965043,1.0824445098629099,-0.0758034695806848,1.0809253076851506,0.4608714244987171,0.42640738654660276,-0.034464037952114335,0.925219841977401,TRUE,FALSE,FALSE
1122,prediction,GROSSCON,19,1.0035,0.9406982844240632,0.844237789381267,10.316915477953954,1.0566886181603683,-0.04343037641293823,1.0741289128537783,0.35105295169892364,0.295432161671856,-0.05562079002706766,0.841560112917751,TRUE,TRUE,TRUE
1123,prediction,GROSSCON,6,0.9852,0.7133920968683465,0.7844897959183674,21.936154631636413,1.086954270118025,-0.05750488140776383,1.1658106146769935,0.2805490245917266,0.1634093025857862,-0.11713972200594039,0.5824625582769007,TRUE,FALSE,FALSE
1124,prediction,GROSSCON,39,0.9712,0.8652118485835749,0.8624463468488471,20.00201848436984,1.0991724157431608,-0.05624814186914847,1.073461360617367,0.4940590247208518,0.4472820555296658,-0.04677696919118596,0.9053210915080128,TRUE,FALSE,FALSE
1125,prediction,GROSSCON,32,1.0206,0.8295490715753898,0.8264160085363376,22.659712876361613,1.1161878545131119,-0.10038766352222876,1.149020139792613,0.4046435430284119,0.33622955725015236,-0.06841398577825952,0.8309277709802579,TRUE,FALSE,FALSE
1126,prediction,GROSSCON,26,1.0436,0.5841940360111434,0.8631296549627604,15.76696873783604,1.0767888533387628,-0.06956858694352966,1.1350296321183166,0.2955255161732894,0.22103090169712658,-0.07449461447616285,0.7479249323686794,TRUE,FALSE,FALSE
1127,prediction,GROSSCON,5,,,,,,,,,,,,,,
1128,prediction,GROSSCON,4,,,,,,,,,,,,,,
1129,prediction,GROSSCON,14,0.9774,0.7120866643530877,0.6414096916299559,19.919671602119372,1.1162903252963845,-0.11279962366761405,1.1334307258263727,0.3572727194022874,0.26585679668608286,-0.09141592271620452,0.7441284549541253,TRUE,FALSE,FALSE
1138,prediction,GROSSCON,52,1.026,0.7416505700634517,0.646865653867214,14.276591453554405,1.0474633850112451,-0.14405519380122986,1.2471969989069331,0.21732879912596997,0.1530804610098341,-0.06424833811613587,0.704372644699998,TRUE,TRUE,FALSE
1140,prediction,GROSSCON,31,1.0806,0.4591112937223548,0.41813256363538437,18.431089507346325,1.1100910480621276,-0.16726046616583293,1.4367468842157944,0.2913099149966832,0.16807385922219822,-0.12323605577448496,0.5769589381264688,TRUE,FALSE,FALSE
1141,prediction,GROSSCON,5,,,,,,,,,,,,,,
1142,prediction,GROSSCON,16,1.0492,0.3978603331012365,0.7426384083044983,18.02517278006691,1.1044349493804322,-0.16782738079712683,1.440390129221998,0.2714710796364004,0.14808727512738318,-0.1233838045090172,0.5454992676410559,TRUE,FALSE,FALSE
1143,prediction,GROSSCON,15,1.0148,0.9367254899670541,0.895727040816326,10.193986976159385,1.040538684299832,-0.01669638599388144,1.0187705293272542,0.546352307700901,0.535759381765098,-0.010592925935803077,0.9806115471894334,TRUE,TRUE,TRUE
1144,prediction,GROSSCON,14,1.0055,0.9849886654817289,0.9287118168175438,4.505357669439808,1.0153325382758818,-0.09175090498158024,1.156126854497787,0.17821577085991894,0.1521772515046269,-0.026038519355292028,0.8538932933395731,TRUE,FALSE,TRUE
1145,prediction,GROSSCON,24,1.0232,0.9352809106048685,0.8423392742271161,6.952086161544954,1.0145141452610502,-0.09466543210812227,1.163038796182256,0.16423986593309303,0.1362778353632154,-0.027962030569877644,0.8297488224858353,TRUE,TRUE,TRUE
1146,prediction,GROSSCON,9,0.9776,0.6381374717898327,0.46694444444444444,9.581853391355672,1.0538192042574832,-0.16284512162806608,1.1246193120091983,0.22073442889024145,0.14865989065720697,-0.07207453823303447,0.6734784936115562,TRUE,TRUE,FALSE
1147,prediction,GROSSCON,6,1.0353,0.9938495643580237,0.5951020408163266,10.531067108089932,1.0744197767940105,-0.09001446521378327,1.146161203363246,0.37327823691460055,0.3203396266195953,-0.05293861029500524,0.85817922112851,TRUE,TRUE,FALSE
1148,prediction,GROSSCON,8,0.9825,0.9525493450374111,1,8.918667115035248,1.0215132577550154,-0.053081492457610735,1.0320191464731425,0.2684592507976524,0.2559973445613244,-0.012461906236328035,0.9535798963928382,TRUE,TRUE,TRUE
1149,prediction,GROSSCON,4,,,,,,,,,,,,,,
1150,prediction,GROSSCON,13,1.0089,0.7434145386434369,0.8021072334259148,18.82496210000425,1.0913190991083646,-0.27748668060062814,1.349837194627425,0.25273104867732077,0.20210636549301297,-0.050624683184307795,0.7996894981868894,TRUE,FALSE,FALSE
1162,prediction,GROSSCON,46,1.0058,0.8230040921559981,0.8494146823453544,13.895715580042742,1.0591439777282348,-0.08071327353050406,1.096091227248676,0.3194317834623771,0.26199178202651696,-0.057440001435860144,0.8201806945656506,TRUE,TRUE,FALSE
1163,prediction,GROSSCON,15,1.0448,0.8137028122431467,0.7844897959183671,9.508515188388184,1.0279930338078687,-0.14810985191790366,1.218930660644982,0.17559454807653813,0.12452387139032553,-0.051070676686212596,0.7091556813942087,TRUE,TRUE,TRUE
1164,prediction,GROSSCON,7,1.0385,0.9765235211383483,0.6574675324675323,7.481326359778592,1.0206999046487195,-0.061604927113764044,1.1537676185978676,0.21248407275362652,0.173597238815881,-0.03888683393774553,0.8169894174476103,TRUE,TRUE,TRUE
1165,prediction,GROSSCON,4,,,,,,,,,,,,,,
1166,prediction,GROSSCON,16,1.0236,0.9518030076738222,0.9477595155709342,11.656336225692376,1.0470047558843425,-0.05818008827751503,1.1337805817172246,0.37659840462960603,0.33808677599112347,-0.038511628638482565,0.8977382055657944,TRUE,TRUE,FALSE
1167,prediction,GROSSCON,12,0.9655,0.9773826585915162,0.9448383784048123,10.107776419020736,1.0424387103889068,-0.045167536016111856,1.076885407274314,0.3918739687114898,0.3624088401032572,-0.029465128608232583,0.9248096812729968,TRUE,TRUE,TRUE
1168,prediction,GROSSCON,14,1.0344,0.4473623352504224,0.41467938654751846,15.85358143715266,1.03689099770622,-0.4263594940724088,1.9288856908336374,0.1378126754695792,0.0489556090580207,-0.0888570664115585,0.3552329921120149,TRUE,FALSE,FALSE
1169,prediction,GROSSCON,8,1.1009,0.7854611720945316,0.7760770975056691,20.003276990624666,1.1339751166647982,-0.0935815889078776,1.1407544043934603,0.41583885209713034,0.3158515535378488,-0.09998729855928157,0.7595527737366713,FALSE,FALSE,FALSE
1170,prediction,GROSSCON,4,,,,,,,,,,,,,,
1179,prediction,GROSSCON,25,1.0016,0.9004614153976863,0.6012516958404812,6.637941966526989,1.0100615670477626,-0.09011696964115748,1.2013701048791756,0.12869898833040266,0.10339387723764033,-0.02530511109276233,0.803377544602,TRUE,TRUE,TRUE
1182,prediction,GROSSCON,13,1.0249,0.893156072174476,0.8827738195870064,8.060527974745222,1.0209455013285995,-0.1482258255328562,1.26994557943333,0.167637193227582,0.12887962172277823,-0.03875757150480377,0.7688008802904078,TRUE,TRUE,TRUE
1183,prediction,GROSSCON,32,1.0077,0.6654425098396516,0.7516937681102196,18.3079143391602,1.0883076872686674,-0.11798394911703732,1.1715824845019114,0.29159259089446943,0.19281030850683667,-0.09878228238763276,0.6612318506289374,TRUE,FALSE,FALSE
1184,prediction,GROSSCON,40,1.011,0.8917252400708926,0.8898695482536947,13.752411630345362,1.0442333007516722,-0.0659714666130148,1.102505871104262,0.33804178001592183,0.3038635284861195,-0.034178251529802306,0.8988934103701841,TRUE,TRUE,FALSE
1185,prediction,GROSSCON,40,1.0247,0.7905544638402038,0.848956524187843,15.280818154972245,1.0869241177190643,-0.05672746419539301,1.108842153493178,0.4093291746362951,0.3446069963544156,-0.06472217828187948,0.8418823228532692,TRUE,FALSE,FALSE
1186,prediction,GROSSCON,40,0.9811,0.9544180486676672,0.9494269904729925,7.706271732170075,1.0154980754200515,-0.04685322289561298,1.0345552832112588,0.23990113714990927,0.22721720947453045,-0.01268392767537882,0.9471285220817737,TRUE,TRUE,TRUE
1195,prediction,GROSSCON,27,1.0851,0.8394363043557542,0.9105214077741547,15.670964130227022,1.0426955778538192,-0.020984676022596554,1.0331524115995385,0.43488536669691874,0.4164102610062325,-0.018475105690686222,0.9575172974179149,TRUE,FALSE,TRUE
1196,prediction,GROSSCON,27,0.9983,0.8615988356435268,0.6479906381847312,26.60639733673382,1.1415320583003807,-0.13111501388469193,1.0533363271832792,0.4496271465817148,0.38016836223856254,-0.06945878434315228,0.845519148763121,TRUE,FALSE,FALSE
1197,prediction,GROSSCON,24,0.9687,0.7923297146566451,0.8794670451683798,13.24458878097135,1.0598378905083339,-0.03545945046338,1.0734374099643458,0.37428502342955294,0.3204577622497527,-0.053827261179800245,0.856186441320617,TRUE,TRUE,TRUE
1198,prediction,GROSSCON,8,0.9862,0.9172987412086987,0.8622448979591839,7.235562745763392,1.014082099714994,-0.07299001586002263,1.1126019112014338,0.17739437041612738,0.16046965528331425,-0.01692471513281313,0.9045927156926595,TRUE,TRUE,TRUE
1199,prediction,GROSSCON,11,0.9827,0.9878175920453335,0.9285950413223141,8.294593811320675,1.01635756107666,-0.01324281313108892,0.9945710121940043,0.4368557479990187,0.4342207521045154,-0.0026349958945033336,0.9939682700603741,TRUE,TRUE,TRUE
1200,prediction,GROSSCON,5,,,,,,,,,,,,,,
1201,prediction,GROSSCON,3,,,,,,,,,,,,,,
1202,prediction,GROSSCON,4,,,,,,,,,,,,,,
1203,prediction,GROSSCON,5,,,,,,,,,,,,,,
1204,prediction,GROSSCON,20,1.065,0.9180329399651441,0.9153719513230025,16.06440787190858,1.054950719564821,-0.02536108976248727,1.060913797789874,0.5068075110366346,0.4827576080733401,-0.024049902963294456,0.9525462775519994,TRUE,FALSE,TRUE
1205,prediction,GROSSCON,10,0.9818,0.9149350158543701,0.6894031221303946,14.498781408356418,1.0579367647204692,-0.09510009739814408,1.1575839116013058,0.33871130128366467,0.2787332754328675,-0.059978025850797145,0.8229228678715783,TRUE,TRUE,FALSE
1206,prediction,GROSSCON,19,0.9503,0.9395548516731298,0.8131609726069562,14.859387705976335,1.05146626187265,-0.08865631732736659,1.1559400703385,0.30758249421002815,0.254700720127439,-0.05288177408258915,0.8280728745034507,TRUE,TRUE,FALSE
1207,prediction,GROSSCON,18,1.0842,0.9041224355675926,0.8013810352327101,17.049687761905354,1.0618051589374637,-0.09473171846437377,1.1838356194862267,0.3425145619781175,0.3168744560762911,-0.025640105901826415,0.9251415596646531,TRUE,FALSE,FALSE
1208,prediction,GROSSCON,2,,,,,,,,,,,,,,
1209,prediction,GROSSCON,20,1.003,0.7713877472276084,0.7398586692294645,13.12849857535611,1.0393088117595686,-0.13909287919894472,1.1921822557975026,0.20804071856287418,0.14709493247923025,-0.06094578608364393,0.7070487618738691,TRUE,TRUE,FALSE
1210,prediction,GROSSCON,38,1.0049,0.6930354018103748,0.6912103420464316,19.30242195066258,1.1010256180288516,-0.17773990923050104,1.2330629977628718,0.2902519134434045,0.18272150586336397,-0.10753040758004054,0.6295273085219208,TRUE,FALSE,FALSE
1211,prediction,GROSSCON,18,1.0249,0.9765475008026044,0.8886178475684722,7.481825900132083,1.0358154919157827,-0.07686443911016748,1.1265652934505388,0.31426940103555623,0.2754805725474352,-0.03878882848812104,0.8765745937711177,TRUE,TRUE,FALSE
1212,prediction,GROSSCON,6,1.0193,0.9697705805514931,0.5951020408163266,9.226740953412678,1.0221394368339642,-0.07864694586195298,1.1514121008452645,0.23230373230373225,0.2002961004718268,-0.03200763183190544,0.8622164546626563,TRUE,TRUE,TRUE
1213,prediction,GROSSCON,2,,,,,,,,,,,,,,
1215,prediction,GROSSCON,19,1.108,0.35090364694787923,0.4749984583603122,22.201321035707128,1.1645983723882847,-0.3121650870508149,1.5062550071640386,0.2969450289567213,0.1275295840185094,-0.16941544493821192,0.4294720287676423,FALSE,FALSE,FALSE
1216,prediction,GROSSCON,12,0.976,0.9891974836559043,0.715976331360947,7.124240493773172,1.023408427904544,-0.04710664407110297,1.0689848338954684,0.30042798969500534,0.27659928947804807,-0.023828700216957266,0.9206841538261858,TRUE,TRUE,TRUE
1217,prediction,GROSSCON,30,1.0459,0.7306608584552451,0.7486055528166659,14.775438060775265,1.0683504281762861,-0.12759156169076163,1.1674424684976286,0.2926107818849199,0.22262479104167382,-0.06998599084324608,0.7608222417765499,TRUE,TRUE,FALSE
1218,prediction,GROSSCON,1,,,,,,,,,,,,,,
1219,prediction,GROSSCON,2,,,,,,,,,,,,,,
1223,prediction,GROSSCON,1,,,,,,,,,,,,,,
1224,prediction,GROSSCON,25,1.0207,0.7993551545001902,0.8817712433776305,7.788035137790537,1.0290445828012174,-0.11440171893218604,1.1524333447656798,0.20707810611504854,0.16283279001835324,-0.0442453160966953,0.78633513254118,TRUE,TRUE,TRUE
1225,prediction,GROSSCON,5,,,,,,,,,,,,,,
1226,prediction,GROSSCON,2,,,,,,,,,,,,,,
1227,prediction,GROSSCON,3,,,,,,,,,,,,,,
1228,prediction,GROSSCON,1,,,,,,,,,,,,,,
1229,prediction,GROSSCON,11,1.0662,0.7666821869343717,0.9111570247933886,13.305041269086896,1.0867130253761836,-0.08537599940132576,1.1948926791353411,0.3565454867557973,0.27638952148991874,-0.08015596526587854,0.7751872671416581,TRUE,TRUE,FALSE
1230,prediction,GROSSCON,7,1.0274,0.8636472900860789,0.8622448979591831,7.187002720789147,1.0231167670032357,-0.14180328987998397,1.1995343904144358,0.16040313277882337,0.11985887373995244,-0.04054425903887093,0.7472352420025574,TRUE,TRUE,TRUE
1231,prediction,GROSSCON,5,,,,,,,,,,,,,,
1232,prediction,GROSSCON,10,0.9546,0.9414748084059481,0.9521028466483009,6.508917874752145,1.0153783179332274,-0.07142257970044416,1.1412349161156798,0.16214363045831828,0.1415605482875261,-0.02058308217079219,0.8730564863225793,TRUE,TRUE,TRUE
1233,prediction,GROSSCON,20,1.0989,0.8055287114765347,0.8104753216877915,12.34091567479782,1.1038655669075683,-0.15614619068815486,1.2257241173697038,0.3349259238861045,0.24459433203019945,-0.09033159185590503,0.7302938189800341,TRUE,TRUE,FALSE
1234,prediction,GROSSCON,1,,,,,,,,,,,,,,
1235,prediction,GROSSCON,5,,,,,,,,,,,,,,
1236,prediction,GROSSCON,9,1.0275,0.9824296865756476,0.9669444444444444,7.607263587876896,1.0187716716290836,-0.043016073675053425,1.097769391695476,0.30535093650285283,0.29173725195745465,-0.013613684545398186,0.9554162672585385,TRUE,TRUE,TRUE
1237,prediction,GROSSCON,28,1.0499,0.8478940855552136,0.8425370941083528,12.925999047830011,1.0376998273839269,-0.06580893307446854,1.1233541512776832,0.30546896094097165,0.2741657146401218,-0.03130324630084985,0.8975239703424439,TRUE,TRUE,FALSE
1238,prediction,GROSSCON,5,,,,,,,,,,,,,,
1239,prediction,GROSSCON,6,1.0459,0.9535290909345737,1,6.700084162654561,1.0231807692802717,-0.16355355609421757,1.238509977698563,0.17292318387208905,0.1357542067015515,-0.03716897717053755,0.7850549802620372,TRUE,TRUE,TRUE
1240,prediction,GROSSCON,10,0.9831,0.9690962897061769,0.9759044995408628,4.5521611134220406,1.0067271088781167,-0.05514090570723062,1.1176234207471376,0.16152534805374028,0.1479383876525791,-0.013586960401161169,0.9158834166595281,TRUE,FALSE,TRUE
1241,prediction,GROSSCON,9,1.001,0.9637405855097638,0.9025,7.580804242947246,1.0290382130161355,-0.07134891148980167,1.0693781220004464,0.2572877059569076,0.21849552830862132,-0.03879217764828627,0.8492264622438529,TRUE,TRUE,TRUE
1242,prediction,GROSSCON,10,1.0252,0.9246643344843177,0.7925342058298634,8.538045117630293,1.0165206223041878,-0.10242224541345973,1.2098269964749429,0.16879011171856426,0.13208097085592208,-0.03670914086264218,0.782516046177812,TRUE,TRUE,TRUE
1243,prediction,GROSSCON,8,1.0514,0.5083970015429176,0.21815834767641998,11.349326779857813,1.0243768442159396,-0.5356983223641237,1.932936177796766,0.09213818321785983,0.0291468599380158,-0.06299132327984402,0.31633855715494563,TRUE,TRUE,TRUE
1244,prediction,GROSSCON,20,0.9692,0.8432342714623952,0.8861461925490418,20.994960054019913,1.0767742584279523,-0.09112900577236047,1.1356784243549507,0.3455073658196756,0.29221146605583603,-0.05329589976383958,0.8457459810230056,TRUE,FALSE,FALSE
1245,prediction,GROSSCON,38,1.0425,0.8945714348799977,0.9540292078322462,9.77630118059988,1.0425438019511235,-0.036647729019993025,1.074023379890457,0.3924584638541213,0.36296760498710007,-0.02949085886702124,0.9248561017708535,TRUE,TRUE,TRUE
1246,prediction,GROSSCON,9,0.9718,0.9195062138639702,0.9025,7.27002201584727,1.0134305433233182,-0.04200481886499368,1.1166161792697744,0.2258445546893457,0.21423068643405804,-0.011613868255287652,0.9485758322964094,TRUE,TRUE,TRUE
1247,prediction,GROSSCON,27,0.9867,0.7830158938673598,0.8928245206871159,12.607209945777953,1.05083223016796,-0.03339261915485379,1.054662442224702,0.3937701150934424,0.35633886427637407,-0.03743125081706833,0.9049413620223926,TRUE,TRUE,TRUE
1248,prediction,GROSSCON,9,0.9839,0.9671640734532808,0.8402777777777777,9.15450214593309,1.0282084354853673,-0.12347566414676539,1.1665088310488148,0.22396286626051637,0.2001390902395526,-0.023823776020963777,0.8936262228701267,TRUE,TRUE,TRUE
1249,prediction,GROSSCON,9,1.0024,0.9075473586738081,0.7285714285714286,7.4505326911322305,1.0159451264311052,-0.1609653054533097,1.2381562624229165,0.1317551584690945,0.09866420535115278,-0.03309095311794172,0.7488451040366378,TRUE,TRUE,TRUE
1250,prediction,GROSSCON,37,0.9843,0.934034012336162,0.8724986540934856,13.409440236437655,1.05465972398425,-0.10112026518990212,1.1394520648105473,0.3076494976549112,0.2685937379113827,-0.039055759743528484,0.8730511181027927,TRUE,TRUE,FALSE
1251,prediction,GROSSCON,19,0.9735,0.9701802415595147,0.884161283136556,8.940615068550132,1.0294455751469929,-0.058196388792116194,1.0735627288635663,0.30650104814934237,0.28684335695237845,-0.019657691196963922,0.9358641958464503,TRUE,TRUE,TRUE
1252,prediction,GROSSCON,32,0.9979,0.891770507437462,0.9162302335020467,10.600501894335615,1.0439108327958055,-0.09502497697071936,1.1711731116630146,0.27217132494518537,0.22398933574253,-0.04818198920265537,0.8229718387403261,TRUE,TRUE,FALSE
1253,prediction,GROSSCON,2,,,,,,,,,,,,,,
1270,prediction,GROSSCON,17,0.9658,0.4299379985361827,0.1354964590258708,21.015011222206084,1.0675860634721137,-0.5559894836124172,2.194246976600358,0.17662039274156527,0.053045921922350706,-0.12357447081921456,0.30033860246233646,TRUE,FALSE,FALSE
1271,prediction,GROSSCON,1,,,,,,,,,,,,,,
1274,prediction,GROSSCON,1,,,,,,,,,,,,,,
1294,prediction,GROSSCON,13,0.9738,0.9707007025895659,0.9537810674174311,7.879693724828664,1.0158662638295495,-0.039010957973513546,1.0665812736141838,0.30638394477394143,0.293461132817767,-0.012922811956174451,0.9578215106352611,TRUE,TRUE,TRUE
1303,prediction,GROSSCON,3,,,,,,,,,,,,,,
1304,prediction,GROSSCON,10,1.0333,0.7755909450106556,0.8083570252880445,6.223365177786607,1.0028447621272039,0.0028349459644635734,1.1189401589131338,0.088950276243094,0.08021448651946166,-0.008735789723632342,0.9017901900635122,TRUE,TRUE,TRUE
1310,prediction,GROSSCON,11,1.0176,0.4562019424993576,0.37268576172685763,15.832308530719999,1.0565609767410251,-0.3710670303866113,1.5049310071330708,0.17265922657073204,0.08368164425668728,-0.08897758231404476,0.484663611199521,TRUE,FALSE,FALSE
1311,prediction,GROSSCON,7,1.0154,0.8573106425327237,0.7740137221269296,10.816784057340522,1.0257509719285571,-0.13163286258736384,1.054877690017063,0.17399834902556627,0.15636090485357126,-0.017637444171995004,0.8986344165288404,TRUE,TRUE,TRUE
1312,prediction,GROSSCON,25,1.0273,0.862669766493322,0.628476458494577,10.533663465341599,1.0418000332280233,-0.12657944741440338,1.1779401897544246,0.23562882491686538,0.18054860945855566,-0.05508021545830971,0.7662416069946318,TRUE,TRUE,FALSE
1313,prediction,GROSSCON,1,,,,,,,,,,,,,,
1321,prediction,GROSSCON,8,1.0176,0.9906488462677009,0.6173469387755104,7.920413914868531,1.0282780475082116,-0.06489249505772894,1.1231469957155864,0.2833654298752215,0.24717833978431347,-0.036187090090908036,0.8722953251324876,TRUE,TRUE,TRUE
1323,prediction,GROSSCON,16,0.9702,0.6299710264420706,0.4799204936202894,15.284836729022075,1.0490683689121512,-0.4124830827226026,1.406809767818678,0.16065666924437005,0.07663347649773655,-0.0840231927466335,0.477001526660382,TRUE,FALSE,FALSE
1324,prediction,GROSSCON,4,,,,,,,,,,,,,,
1325,prediction,GROSSCON,12,1.0996,0.41203301546079213,0.5992025518341308,12.359061902913137,1.095339917692806,-0.5292278767165335,2.057158637012325,0.19308722936657916,0.050044655286109574,-0.14304257408046958,0.25918159088138865,TRUE,TRUE,FALSE
1327,prediction,GROSSCON,13,1.0264,0.8795878449196319,0.760519783247056,8.969712587643068,1.023698138608122,-0.25722578867813717,1.4777866292029986,0.1433185282963749,0.08894045741036526,-0.05437807088600964,0.620578919331639,TRUE,TRUE,TRUE
1328,prediction,GROSSCON,48,1.023,0.6415142494073675,0.7001120683575706,14.464175924854219,1.0599226796036016,-0.09047229610914735,1.0711015573685585,0.2562246066778949,0.18429367555919507,-0.0719309311186998,0.7192661077664346,TRUE,TRUE,FALSE
1330,prediction,GROSSCON,51,0.9988,0.6518523319065356,0.8672904673284807,14.093050083227793,1.0600317349439505,-0.026525074776505408,1.0873886386853133,0.3620577385615443,0.3146072620743821,-0.04745047648716216,0.8689422392249287,TRUE,TRUE,TRUE
1331,prediction,GROSSCON,15,1.0398,0.694257399977514,0.6654356584880359,8.601535338597104,1.0309694261290883,-0.17095668745353862,1.4096976965153467,0.1766906677961316,0.1185179918507482,-0.058172675945383404,0.6707654305064717,TRUE,TRUE,FALSE
1333,prediction,GROSSCON,101,1.0164,0.7918786364738621,0.831370333170168,11.9184049163028,1.034058529403623,-0.06312057319616113,1.0874971299913103,0.24735472947756054,0.20806885263276498,-0.039285876844795564,0.8411759624415853,TRUE,TRUE,FALSE
1334,prediction,GROSSCON,104,1.0328,0.5100101814535501,0.33993755529539527,13.441223311475639,1.0511924610907188,-0.2733959145532132,1.4869878111174506,0.17805555987476177,0.08475875811174441,-0.09329680176301736,0.47602421497739716,TRUE,TRUE,FALSE
1335,prediction,GROSSCON,55,1.0029,0.6140651547676225,0.23263618671799544,9.964797158755836,1.0247598146993049,-0.21778024121174583,1.409808341384084,0.13572585517453759,0.07313280157046,-0.06259305360407759,0.538827340423933,TRUE,TRUE,TRUE
1336,prediction,GROSSCON,18,0.9877,0.9577922082142424,0.8964777951197879,5.460151183776067,1.0144569412820874,-0.05493541821888473,1.1083539748020657,0.20685959747714536,0.18166701571535387,-0.025192581761791483,0.8782141023716589,TRUE,TRUE,TRUE
1338,prediction,GROSSCON,34,1.0245,0.7542291256017352,0.6372153385048573,12.13101616246579,1.0326372255857525,-0.05105520444098333,1.1480998723806022,0.23012037075684227,0.16647788571427527,-0.063642485042567,0.7234382821770475,TRUE,TRUE,FALSE
1339,prediction,GROSSCON,10,0.9749,0.9521581947110943,0.8598347107438014,6.707783127356349,1.0148051425722682,-0.07637902368348755,1.1338899436883636,0.18638946567254616,0.1603061546412711,-0.026083311031275064,0.8600601652182485,TRUE,TRUE,TRUE
1341,prediction,GROSSCON,23,0.9836,0.9814496627603388,0.9040272768210094,5.814774284632678,1.0075115351904511,-0.018559523924120004,1.0501859377593086,0.23807437829457867,0.22650563093766313,-0.011568747356915543,0.9514070038120562,TRUE,TRUE,TRUE
1342,prediction,GROSSCON,9,1.0601,0.9368954684858363,0.9344444444444444,6.655766721566534,1.0152307099362876,-0.07589929052593734,1.089292670277594,0.17333628122927258,0.14825907599032404,-0.025077205238948547,0.8553262764084639,TRUE,TRUE,TRUE
1343,prediction,GROSSCON,3,,,,,,,,,,,,,,
1345,prediction,GROSSCON,18,1.0046,0.5092544716016268,0.48143694189289477,17.96552320499482,1.1002377666917729,-0.2960360800839004,1.3391661779478607,0.2614159436229582,0.14181998199077345,-0.11959596163218478,0.5425070101895593,TRUE,FALSE,FALSE
1346,prediction,GROSSCON,38,1.0334,0.604976975880886,0.751497507023209,10.860037143043337,1.0394305772252737,-0.1208221435081621,1.3153942531368124,0.20123180291153406,0.14070921236260242,-0.06052259054893164,0.699239435947713,TRUE,TRUE,FALSE
1347,prediction,GROSSCON,14,1.0605,0.18857591529354728,0.6584784743900184,18.135807503362877,1.1063885164439433,-0.30864623471534275,1.3160457193172634,0.19123176886984997,0.09431695850086465,-0.09691481036898532,0.4932075829150314,TRUE,FALSE,FALSE
1348,prediction,GROSSCON,5,,,,,,,,,,,,,,
1349,prediction,GROSSCON,21,1.0168,0.9952950102024845,0.6191716265129166,8.096727071488266,1.0271687937662086,-0.026595507012594572,1.0200740189683417,0.4589204511910213,0.43883184562814526,-0.02008860556287606,0.9562263884498049,TRUE,TRUE,TRUE
1350,prediction,GROSSCON,27,1.0297,0.6178983449354246,0.6772836372459358,14.748994903343593,1.0802033652839318,-0.22199333363087964,1.316425597518657,0.25822559431361836,0.16879255012179697,-0.08943304419182138,0.6536631295997569,TRUE,TRUE,FALSE
1351,prediction,GROSSCON,21,0.988,0.9410377930758453,0.8986759334415585,9.827785689499134,1.0190560709829226,-0.024498740314347626,1.0653740318098246,0.3046185945057377,0.28234847770407423,-0.022270116801663464,0.926891801080633,TRUE,TRUE,TRUE
1361,prediction,GROSSCON,12,1.0301,0.5191355976790564,0.6467308914861365,17.7110450774809,1.1018712098094499,-0.16247132569935013,1.1024300736547756,0.2867390411662048,0.17897781049232409,-0.10776123067388071,0.624183612264302,TRUE,FALSE,FALSE
1362,prediction,GROSSCON,5,,,,,,,,,,,,,,
1363,prediction,GROSSCON,65,0.9921,0.9244033873667861,0.8058509421267553,14.388107934265307,1.0547833220754428,-0.05903334957597785,1.1229206991351472,0.34929919062899945,0.2971826751762043,-0.052116515452795165,0.8507969189423357,TRUE,TRUE,FALSE
1364,prediction,GROSSCON,32,1.0307,0.9680421621912054,0.8075270965427495,15.262790096510395,1.0449921589493296,-0.04626633967975738,1.1498111616365267,0.4806976489411572,0.45657208026330043,-0.024125568677856757,0.9498113445509903,TRUE,FALSE,TRUE
1365,prediction,GROSSCON,37,0.9841,0.9613775782822469,0.8659229137005398,8.573949680961881,1.0160786526255037,-0.03697763339540526,1.0184303704637037,0.2652715893447178,0.24943256877683892,-0.015839020567878864,0.9402913044438536,TRUE,TRUE,TRUE
1366,prediction,GROSSCON,44,0.9819,0.8899472806669309,0.7267908107729004,10.650363709727854,1.0223999831420927,-0.04392607470977571,1.0575930859305294,0.2533073463237065,0.2221596715893626,-0.031147674734343905,0.8770360386842485,TRUE,TRUE,TRUE
1367,prediction,GROSSCON,87,1.0093,0.7834370648284719,0.7887847238367666,12.36452998987053,1.0360253653252325,-0.09627865899491915,1.131066472055001,0.23659767275950133,0.18976189344308175,-0.04683577931641958,0.8020446322647156,TRUE,TRUE,FALSE
1368,prediction,GROSSCON,41,1.026,0.6905584527189735,0.7418582997438522,16.423317885177973,1.0610691426004377,-0.1103866722456058,1.1599193199915543,0.24660778124262211,0.17977683931702923,-0.06683094192559288,0.7289990543329934,TRUE,FALSE,FALSE
1369,prediction,GROSSCON,40,0.9938,0.9357950205037298,0.9092773821276927,11.41920397842244,1.0407184004207273,-0.04454846004967244,1.068555895539341,0.351437967210215,0.31309746153968965,-0.03834050567052533,0.8909039169134743,TRUE,TRUE,TRUE
1370,prediction,GROSSCON,40,1.0166,0.8371885076773574,0.8768895419770307,11.098904377747909,1.0247655333207648,-0.06916525875050032,1.065021701321956,0.21536057561687993,0.18862894129963337,-0.026731634317246566,0.8758749866790784,TRUE,TRUE,TRUE
1371,prediction,GROSSCON,28,0.9936,0.7084018956577138,0.6643555944003907,15.907326344429073,1.037465051764441,-0.12916347414702142,1.2075158514252398,0.19246914761576608,0.13512619172017665,-0.05734295589558944,0.7020667644350694,TRUE,FALSE,FALSE
1372,prediction,GROSSCON,12,0.9859,0.3353207646867733,0.29752066115702486,15.909602553390151,1.052016410724574,-0.24711352826924493,1.0624140325818958,0.167329093799682,0.07627854470731184,-0.09105054909237016,0.45585942632683285,TRUE,FALSE,FALSE
1374,prediction,GROSSCON,8,0.8365,0.990318380833323,0.8067986230636834,40.6022475241519,1.2604478623391708,-0.09727257636004878,1.111219852101346,0.5799064597028676,0.5238025375034523,-0.05610392219941529,0.9032534967309007,FALSE,FALSE,FALSE
1376,prediction,GROSSCON,8,0.98,0.9681440597958424,0.47675736961451276,6.650318055031048,1.0054669859774827,1.4738236813296134e-4,1.0026107497714403,0.228809556136361,0.20597318539101006,-0.022836370745350942,0.9001948557964012,TRUE,TRUE,TRUE
1377,prediction,GROSSCON,5,,,,,,,,,,,,,,
1378,prediction,GROSSCON,13,0.8951,0.902406561029837,0.9565269894940226,20.50463302207305,1.0249031651382754,-0.06542116348103132,0.9277953626279968,0.2916486715613353,0.30133853369801555,0.009689862136680272,1.033224434333288,FALSE,FALSE,TRUE
1379,prediction,GROSSCON,14,0.9871,0.8073061542655495,0.7363121460037758,13.544543530625475,1.044761583517927,-0.1578633221139941,1.3197395859252257,0.2150642168108336,0.1472931247414778,-0.0677710920693558,0.6848797392968168,TRUE,TRUE,FALSE
1380,prediction,GROSSCON,7,0.9829,0.9924690817111174,0.8622448979591831,12.601715270568462,1.085700910982543,-0.09664716599507177,1.1251255090838659,0.4303429077565481,0.3866182209251315,-0.043724686831416615,0.898395707136523,TRUE,TRUE,FALSE
1381,prediction,GROSSCON,17,0.9561,0.9952382264244884,0.8628952806612844,15.588091339753026,1.0373186589484322,-0.03617596697779495,1.0509914553587227,0.5767508608641241,0.5653900830979609,-0.011360777766163177,0.9803021052293849,TRUE,FALSE,TRUE
1382,prediction,GROSSCON,13,1.0247,0.9884676613808666,0.9296642583935404,8.911234742573019,1.036874285989103,-0.053092886489176365,1.1503525461826283,0.4197669487871357,0.39100335362433386,-0.028763595162801858,0.9314772274331967,TRUE,TRUE,FALSE
1383,prediction,GROSSCON,11,1.0074,0.8176878435249604,0.8979659609796596,11.697225595139367,1.0225646232273087,-0.062219048091181485,1.0878276168235754,0.1919939219569306,0.17141255023730925,-0.02058137171962135,0.8928019621150387,TRUE,TRUE,TRUE
1384,prediction,GROSSCON,27,0.9865,0.6794347252024825,0.6801842951048817,20.194589146881945,1.0739001724306723,-0.20377183586959832,1.3325801746990857,0.24389691408497624,0.15904729622899424,-0.084849617855982,0.6521086862689066,TRUE,FALSE,FALSE
1385,prediction,GROSSCON,4,,,,,,,,,,,,,,
1386,prediction,GROSSCON,31,1.0207,0.975745438691011,0.8157816383427244,16.57299636361966,1.060437919505223,-0.05530690538335028,1.068558836639577,0.5065906122334914,0.48579893198339735,-0.02079168025009409,0.9589576282149677,TRUE,FALSE,FALSE
1387,prediction,GROSSCON,29,0.9817,0.9356755272363075,0.9549471041060608,17.10748001948667,1.0383347996930556,-0.04419613956742288,1.0587207317690155,0.4165852085192174,0.4127248045851771,-0.003860403934040302,0.9907332189067336,TRUE,FALSE,TRUE
1388,prediction,GROSSCON,19,0.9739,0.9790012209931047,0.8809633733456449,14.322327998341924,1.0430624564291129,-0.038615577397881004,1.05268635410726,0.5058619364923762,0.4863707451166994,-0.019491191375676786,0.9614693457451498,TRUE,TRUE,TRUE
1389,prediction,GROSSCON,18,0.9888,0.9367059763441936,0.9672489059716007,16.919243363369134,1.0736117000613987,-0.055677424326782084,1.1276833041543761,0.4406783794830529,0.4017309831129883,-0.03894739637006456,0.9116194526816754,TRUE,FALSE,FALSE
1390,prediction,GROSSCON,9,0.9682,0.9943149175197906,0.9669444444444444,10.785120291938455,1.001397796127938,-0.010279062526667599,0.9964905294075784,0.4986843516724824,0.5080279046309458,0.009343552958463452,1.0187364069618932,TRUE,TRUE,TRUE
1391,prediction,GROSSCON,18,0.9886,0.8349522363737628,0.7666419329802389,15.584291529803524,1.0451314120393078,-0.04753940732629119,1.1335910205408266,0.2972204956958713,0.24899321837362523,-0.04822727732224605,0.8377390589793167,TRUE,FALSE,TRUE
1392,prediction,GROSSCON,22,1.0345,0.9266620179803784,0.8886297441197958,14.457231697745701,1.0680453942498334,-0.04900529787038531,1.0957359476767532,0.4806901422013933,0.44644841395492824,-0.03424172824646504,0.9287654868692545,TRUE,TRUE,TRUE
1393,prediction,GROSSCON,7,0.9746,0.9992892181841733,0.9999999999999996,2.036986179331559,0.997955456145627,0.0029479961017270153,0.9974501525740815,0.41469725860018186,0.414674214657758,-2.304394242386154e-5,0.9999444318911062,TRUE,FALSE,TRUE
1394,prediction,GROSSCON,19,1.0767,0.6916264456953143,0.8089740622444412,12.81810496561879,1.0630539404080868,-0.11421726606216276,1.1366924410019386,0.2686909032921229,0.1856303730468249,-0.08306053024529803,0.6908695857299123,TRUE,TRUE,FALSE
1395,prediction,GROSSCON,12,0.9807,0.7501380315533965,0.8650300748202849,17.121422499183634,1.0826066811059765,-0.13967813662039952,1.2161621729744148,0.2957062933130912,0.23943110553040384,-0.056275187782687336,0.8096922890879983,TRUE,FALSE,FALSE
1396,prediction,GROSSCON,18,1.0089,0.8196669961159834,0.4006100265247467,11.142304641189158,1.035533498071857,-0.16140768107100492,1.346433269896659,0.1988976854142614,0.1321127368441321,-0.06678494857012929,0.6642246065808634,TRUE,TRUE,FALSE
1397,prediction,GROSSCON,19,1.0473,0.8654822334388866,0.8234031082975218,20.812990160748864,1.1222614563402038,-0.13820585026335006,1.130890810183198,0.38237894625543534,0.3082139479552131,-0.07416499830022222,0.8060431960846537,TRUE,FALSE,FALSE
1398,prediction,GROSSCON,6,1.0016,0.9410883060749022,0.7844897959183674,8.647743072307746,1.0057145457657362,0.003944809226627348,1.046727708110096,0.23141486810551548,0.2102229559053607,-0.02119191220015479,0.9084245866583984,TRUE,TRUE,TRUE
1399,prediction,GROSSCON,21,1.1004,0.4168751032209913,0.7069542554193101,14.616491559985443,1.110076854141315,-0.2160875193616604,1.3204982467037083,0.2771771078479698,0.1538824794035784,-0.12329462844439137,0.5551774480884697,FALSE,TRUE,FALSE
1400,prediction,GROSSCON,6,0.9734,0.9879597774794416,0.5102040816326531,13.155516993622495,1.003491915784495,-0.015986462366462364,1.0840821383552348,0.41822781348283894,0.39855911365421903,-0.019668699828619907,0.9529713252095153,TRUE,TRUE,TRUE
1401,prediction,GROSSCON,10,0.9936,0.9809378478527103,0.9521028466483009,8.8745034353867,1.0139748138302593,-0.027989636871742128,1.0180014032766742,0.3432098765432098,0.34099225082073464,-0.002217625722475136,0.9935385725352344,TRUE,TRUE,TRUE
1402,prediction,GROSSCON,25,0.987,0.9810147272177004,0.954378698224852,11.720955906673233,1.021425974550473,-0.0161889841404314,1.0387927470386324,0.5004929268926597,0.4932127744459464,-0.007280152446713262,0.9854540353009332,TRUE,TRUE,TRUE
1403,prediction,GROSSCON,24,1.0298,0.3820634534359663,0.6582147448015123,15.49839195998196,1.0656521297649484,-0.18089454288926712,1.3541894765967184,0.21594084940902425,0.12455459223809129,-0.09138625717093296,0.5767995846036813,TRUE,FALSE,FALSE
1404,prediction,GROSSCON,9,0.9572,0.8905995840250475,0.9586134453781513,9.147948874698479,1.023211842180441,-0.05627836290905894,1.095334942527054,0.22005525759791963,0.18045999608262578,-0.039595261515293856,0.8200667325675013,TRUE,TRUE,TRUE
1405,prediction,GROSSCON,12,1.0314,0.7751369636189581,0.7519194092620669,12.829277555431624,1.0597889921377013,-0.12416120802097885,1.2249475642057723,0.2555230795039553,0.19130861698431842,-0.06421446251963689,0.74869408022048,TRUE,TRUE,FALSE
1406,prediction,GROSSCON,24,1.0454,0.8705681498461287,0.6964390945023357,13.662395379213846,1.0373559343997494,-0.08995970134504977,1.147261311045178,0.25461880898854145,0.2138293309303981,-0.04078947805814334,0.8398017875420233,TRUE,TRUE,FALSE
1407,prediction,GROSSCON,26,1.0143,0.9802357249022632,0.8081238673167536,12.21841122584202,1.0370192189634184,-0.06995308896373668,1.1484832432931709,0.37995832828378384,0.36031996582334574,-0.019638362460438097,0.9483144308241862,TRUE,TRUE,FALSE
1408,prediction,GROSSCON,42,1.0021,0.9525888704834502,0.8803836460614333,15.087599069442332,1.046043188807064,-0.05286611140395168,1.0618560865311417,0.38835142477243967,0.3599254252421421,-0.028425999530297563,0.9268034112480618,TRUE,FALSE,FALSE
1409,prediction,GROSSCON,32,0.9924,0.8573461722004168,0.8514463848442735,14.442117050750278,1.0425084103459203,-0.07048047369305802,1.1025802934997027,0.2825950650891964,0.24524977088925115,-0.037345294199945256,0.8678487390140452,TRUE,TRUE,FALSE
1410,prediction,GROSSCON,17,1.0096,0.9684286715795358,0.8950643983083431,9.342057496400418,1.0376746427508339,-0.08123012975584519,1.1205452505562017,0.29944335066075545,0.2632445300697956,-0.03619882059095986,0.8791129590585895,TRUE,TRUE,FALSE
1411,prediction,GROSSCON,38,1.0382,0.7181523515666287,0.8322630875599474,17.00566437832513,1.0593718824457015,-0.058733406981646336,1.1012044806224104,0.3275580031233841,0.27093905060775936,-0.056618952515624765,0.8271483157921877,TRUE,FALSE,FALSE
1412,prediction,GROSSCON,5,,,,,,,,,,,,,,
1413,prediction,GROSSCON,26,1.014,0.9177549345485645,0.8479484841044348,15.576981213262316,1.0547638283007283,-0.06530363786219334,1.0858903048328645,0.3881688768879782,0.36547396568931984,-0.022694911198658352,0.9415334083953159,TRUE,FALSE,FALSE
1414,prediction,GROSSCON,4,,,,,,,,,,,,,,
1417,prediction,GROSSCON,13,1.0331,0.9406931171783333,0.591715976331361,12.170876492360694,1.032049726975388,-0.03760812441130776,1.0788228205667754,0.28667047007658353,0.25032480331230617,-0.03634566676427736,0.8732144725106576,TRUE,TRUE,TRUE
1418,prediction,GROSSCON,7,1.1003,0.8851896437816876,0.7346938775510199,12.219091200639264,1.034889589967207,-0.09628415167539651,1.1503894003001838,0.23371901780304125,0.1932336271893012,-0.04048539061374004,0.8267775083332853,FALSE,TRUE,FALSE
1421,prediction,GROSSCON,23,1.0293,0.938526183456963,0.7613079801277944,10.15973175168876,1.0226613195420355,-0.05091424712462987,1.0428920037169154,0.2687723830211941,0.24091549512831634,-0.02785688789287777,0.8963550957886879,TRUE,TRUE,TRUE
1424,prediction,GROSSCON,7,1.0264,0.977794279344416,0.9298469387755098,6.746114923777894,1.024658234391213,-0.026361141442840855,1.0425016193861412,0.345233789718419,0.3216730667957644,-0.023560722922654598,0.9317542962933284,TRUE,TRUE,TRUE
1425,prediction,GROSSCON,7,0.9677,0.9337915775852456,0.7795454545454543,6.9261877720622085,1.0151032485782503,-0.119956538106146,1.1330403031792602,0.15917310537563698,0.13109396589426556,-0.028079139481371418,0.8235936943297884,TRUE,TRUE,TRUE
1426,prediction,GROSSCON,1,,,,,,,,,,,,,,
1427,prediction,GROSSCON,53,1.0198,0.8438820944767914,0.7501096640071979,15.642228342600054,1.0582834612577585,-0.09939677949871363,1.1079730979206202,0.31177164094575865,0.2581432260211863,-0.053628414924572376,0.8279881558120852,TRUE,FALSE,FALSE
1428,prediction,GROSSCON,34,1.0146,0.8104445774894588,0.8379559056511745,13.049572488796205,1.0489892129038842,-0.05959204191723803,1.106033758645089,0.3240759325691198,0.27794748886495,-0.0461284437041698,0.8576616185642499,TRUE,TRUE,FALSE
1429,prediction,GROSSCON,18,1.0392,0.8628676305010762,0.7931841684585409,10.563549423762069,1.0270657236562046,-0.10533199694437098,1.2026435516306164,0.20686557055282564,0.16389459774531684,-0.042970972807508806,0.7922758596673503,TRUE,TRUE,TRUE
1431,prediction,GROSSCON,21,0.9953,0.8377921062586945,0.6923710792131844,10.650014998781016,1.0193903678152236,-0.15877873287311198,1.1917149931559605,0.15032808398950134,0.11342418209049822,-0.036903901899003125,0.7545109275683948,TRUE,TRUE,TRUE
1432,prediction,GROSSCON,26,1.0332,0.945304132708453,0.9228874534256806,8.394947109711982,1.0204897028571327,-0.03652023254361914,1.0350526034598395,0.28966287033183247,0.26828940259031325,-0.021373467741519214,0.9262126080673226,TRUE,TRUE,TRUE
1433,prediction,GROSSCON,15,1.0306,0.8855467909567297,0.9023329493087561,9.199070644617912,1.0322058796123783,-0.1291655184793643,1.1884836318762417,0.21176326054239994,0.16233839425536895,-0.049424866287030994,0.7666032051053776,TRUE,TRUE,FALSE
1436,prediction,GROSSCON,1,,,,,,,,,,,,,,
1437,prediction,GROSSCON,6,1.0283,0.921582513239242,0.5951020408163266,6.83365818476283,1.0105272616816463,-0.08519673604718361,1.215621005409648,0.13556990947713166,0.11361616067611384,-0.021953748801017817,0.8380632628162886,TRUE,TRUE,TRUE
1438,prediction,GROSSCON,20,1.0395,0.4489979081206991,0.357205345082361,9.731917876573894,1.0118246921355616,-0.10104791583671471,1.077832373893244,0.0982864371693628,0.058259139843054794,-0.04002729732630801,0.5927485166917308,TRUE,TRUE,TRUE
1439,prediction,GROSSCON,10,0.9965,0.9668374454387889,0.9342572062084258,5.447106953973135,1.0075983367970982,-0.03740505908190944,1.117260642361425,0.18624802485022798,0.17372290701677198,-0.012525117833456001,0.9327503320181348,TRUE,TRUE,TRUE
1440,prediction,GROSSCON,13,1.0074,0.9316132128613684,0.6087429054462024,9.548264138874886,1.0328849811371015,-0.08162660376692735,1.158696433439625,0.23403222837636597,0.18536301625562993,-0.04866921212073605,0.7920405558739235,TRUE,TRUE,FALSE
1441,prediction,GROSSCON,17,1.0394,0.6064928293442104,0.6147338849544731,10.568463595131124,1.028492866001935,-0.3684787722549334,1.6941515346786782,0.13002446080391378,0.06591744824791465,-0.06410701255599913,0.5069619042475623,TRUE,TRUE,TRUE
1443,prediction,GROSSCON,25,1.0251,0.9205526190990772,0.9645439074200135,8.70478950127562,1.029070419946864,-0.043623048569420834,1.0832836835648623,0.2634228050119245,0.22992228347695515,-0.03350052153496935,0.8728260389853002,TRUE,TRUE,TRUE
1444,prediction,GROSSCON,45,1.0213,0.8115694327772325,0.8636881826715124,12.636062469611547,1.0466753150349168,-0.08376861535309872,1.1054574758809186,0.28482970296680715,0.23883699503207795,-0.045992707934729204,0.8385255910613754,TRUE,TRUE,FALSE
1445,prediction,GROSSCON,12,1.0019,0.9542947012569922,0.8877561035455773,7.793927380171352,1.0127435129593674,-0.05063333666733696,1.0656558579892204,0.22288971041281572,0.21483728050330964,-0.008052429909506081,0.9638725812214834,TRUE,TRUE,TRUE
1446,prediction,GROSSCON,60,1.0069,0.9194375431596967,0.8166065354935294,10.852014251185366,1.0337792516556348,-0.058022367489307544,1.106851801380894,0.3243745772855083,0.29386318945807305,-0.030511387827435232,0.9059377954870376,TRUE,TRUE,FALSE
1447,prediction,GROSSCON,48,0.9992,0.5568746676899144,0.6975102788085479,13.039916315988403,1.0695239819663722,-0.10552945432817905,1.207441446329835,0.2608184641425823,0.18861102990107984,-0.07220743424150247,0.7231506040844231,TRUE,TRUE,FALSE
1448,prediction,GROSSCON,35,1.0291,0.8932056279698966,0.8895078815840063,8.988066907339858,1.02998203422464,-0.05779625530966697,1.0887604505913697,0.26217466432242864,0.22968962862193854,-0.032485035700490106,0.8760939170669091,TRUE,TRUE,TRUE
1450,prediction,GROSSCON,21,1.0123,0.7087343518577843,0.8870726710888354,18.347803236054652,1.1091223219450774,-0.05762599792760995,1.112135601852797,0.4030115692345186,0.3211211481657073,-0.08189042106881128,0.7968037959199181,TRUE,FALSE,FALSE
1451,prediction,GROSSCON,35,1.0863,0.18403326487750757,0.5157650143273896,16.577386873208905,1.1748963782746829,-0.31960870049127127,1.5883894548546698,0.28662829739575124,0.10857789980027295,-0.1780503975954783,0.37881081800642347,TRUE,FALSE,FALSE
1452,prediction,GROSSCON,17,0.9977,0.9642486561071201,0.6146562327692241,8.44887606859718,1.0201418111858773,-0.07160658145281028,1.0987141927426427,0.22498530542116915,0.19198524522218985,-0.0330000601989793,0.8533234864507987,TRUE,TRUE,TRUE
1453,prediction,GROSSCON,35,1.1093,0.12161015798129454,0.3657881922905035,19.171803379404974,1.1331301412090824,-0.44619919808306485,1.8105941811848871,0.24291946515015406,0.07277648787413621,-0.17014297727601785,0.2995910098400365,FALSE,FALSE,FALSE
1456,prediction,GROSSCON,12,1.0403,0.5816537991772657,0.4792899408284025,11.780998223011245,1.0282383230689993,-0.09380908893297973,1.403731260671595,0.15390894353494536,0.08353442855473163,-0.07037451498021373,0.5427522705057419,TRUE,TRUE,TRUE
1458,prediction,GROSSCON,20,1.0563,0.5619956904114027,0.5983241235619168,11.293776859561861,1.0259293136224388,-0.19778483104316588,1.3116446122613103,0.14666164928502318,0.0863054984459973,-0.060356150839025874,0.5884667114186795,TRUE,TRUE,TRUE
1460,prediction,GROSSCON,20,1.0357,0.9318845896987528,0.6865306122448981,6.353332886290755,1.0106844491725484,-0.035270267807084706,1.044312024414326,0.17892819127159587,0.158971346790498,-0.019956844481097857,0.888464504451368,TRUE,TRUE,TRUE
1466,prediction,GROSSCON,16,1.0124,0.9627873357895698,0.7061444165294986,11.022806143497919,1.0214008135987027,-0.04388777321962088,1.059493567055439,0.30339478417266186,0.280860743292741,-0.022534040879920836,0.925726999752584,TRUE,TRUE,TRUE
1467,prediction,GROSSCON,6,1.0665,0.9431530517674465,0.8889795918367347,6.052723436354126,0.9996431831063299,0.01358742549078476,1.079544142445862,0.1404697380307137,0.13441455328432697,-0.0060551847463867214,0.9568933150208997,TRUE,TRUE,TRUE
1468,prediction,GROSSCON,2,,,,,,,,,,,,,,
1469,prediction,GROSSCON,12,1.0486,0.25419518510470984,0.7047903446559663,9.930455014136264,1.0508749869154155,-0.2927017198737958,1.5678091103140244,0.14412876035459968,0.07936513967446042,-0.06476362068013926,0.5506544251070955,TRUE,TRUE,FALSE
1471,prediction,GROSSCON,26,1.0366,0.43485467352379203,0.8855103066867772,9.022327489335892,1.0727080226352363,-0.07934768730597469,1.1688179865747426,0.28101725544347045,0.20505449451002689,-0.07596276093344356,0.729686489131895,TRUE,TRUE,FALSE
1472,prediction,GROSSCON,6,1.0263,0.6644018302193512,0.4840336134453782,4.508176499673417,1.0018206781583372,0.013361616247282194,0.7661447262573486,0.052794690362569195,0.043460055489529914,-0.009334634873039281,0.8231898926022033,TRUE,FALSE,TRUE
1473,prediction,GROSSCON,24,1.0672,0.5942015181683474,0.7674340636470275,15.409408942518589,1.0955688788746922,-0.07425517120434705,1.1479373571378317,0.3332123424020006,0.25306820415899783,-0.08014413824300276,0.7594802831573577,TRUE,FALSE,FALSE
1483,prediction,GROSSCON,36,1.0347,0.8450127420990718,0.8844305895943133,9.846078718746584,1.0382099962257398,-0.04720427261589727,1.0467417321892016,0.30291656461751987,0.2582064873425216,-0.04471007727499826,0.8524013457915324,TRUE,TRUE,TRUE
1484,prediction,GROSSCON,5,,,,,,,,,,,,,,
1487,prediction,GROSSCON,7,1.0327,0.7324160554880282,0.8779220779220774,10.980843710748681,1.0303985775453406,-0.0949578740947234,1.1375671689519977,0.1752561784207354,0.13624465763100677,-0.03901152078972864,0.777402878795667,TRUE,TRUE,FALSE
1489,prediction,GROSSCON,27,1.0316,0.21281685589749072,0.5131698053341794,11.385428970951954,1.0370257611836522,-0.34678779918427083,1.2308428501452187,0.13369991549778393,0.06245106178011586,-0.07124885371766806,0.46709873785336076,TRUE,TRUE,FALSE
1491,prediction,GROSSCON,5,,,,,,,,,,,,,,
1492,prediction,GROSSCON,2,,,,,,,,,,,,,,
1493,prediction,GROSSCON,7,0.9893,0.9917552635616199,0.9298469387755098,7.168813287274749,1.034089442460519,-0.04112620637067881,1.0369268527583642,0.4078962737997899,0.39679913747029794,-0.011097136329491941,0.9727942198978292,TRUE,TRUE,TRUE
1494,prediction,GROSSCON,17,0.9842,0.9378139788368564,0.9231064975009614,9.442348455004641,1.0177147102288702,-0.04599670608501219,1.0587456183263333,0.2784943404737055,0.26555052034951304,-0.012943820124192484,0.9535221430274825,TRUE,TRUE,TRUE
1495,prediction,GROSSCON,14,0.9933,0.8684255363212716,0.738466368796039,9.016187463693356,1.0130575009071046,-0.04178253204154415,1.053393943388094,0.17419615558211327,0.15245272332965523,-0.021743432252458034,0.8751784608575445,TRUE,TRUE,TRUE
1496,prediction,GROSSCON,14,0.9678,0.9615038839897446,0.8458343418695841,12.770055966087726,1.037669364086134,-0.042828892163359625,1.0908871090618002,0.3707226111396538,0.3339484958088906,-0.036774115330763246,0.9008042287528284,TRUE,TRUE,TRUE
1497,prediction,GROSSCON,30,1.0275,0.8862007182099587,0.8145333674079849,13.980253765286818,1.0613794532814989,-0.049218877629509356,1.0803782316880124,0.3753822274583977,0.3193907232105348,-0.05599150424786292,0.8508413554180099,TRUE,TRUE,TRUE
1498,prediction,GROSSCON,41,0.9863,0.8561728543776632,0.8882755575483992,10.991364930707093,1.0248067958182732,-0.041098961460671934,1.0890183483537796,0.2336187941446047,0.2024843114044819,-0.031134482740122815,0.8667295460790228,TRUE,TRUE,TRUE
1499,prediction,GROSSCON,55,0.9886,0.9719686507966536,0.9379654852367489,13.241962528920896,1.0392106694379495,-0.027872574623546652,1.091103132581451,0.48421289416835384,0.4597289635303417,-0.02448393063801213,0.9494356079053536,TRUE,TRUE,TRUE
1500,prediction,GROSSCON,27,1.0077,0.7703734222755442,0.8187390582131058,16.026264462195776,1.0498491134424428,-0.04693989821025506,1.0739736031392058,0.31652991174326306,0.2660793787660928,-0.05045053297717028,0.8406136952450465,TRUE,FALSE,TRUE
1501,prediction,GROSSCON,22,0.9954,0.8585900436423392,0.80852657536519,16.43719216898835,1.045307951952876,-0.05047946258690958,1.1747725138884333,0.2840862726496354,0.23958068444703073,-0.04450558820260464,0.8433377727564698,TRUE,FALSE,FALSE
1502,prediction,GROSSCON,11,1.001,0.9797092490050886,0.9461983471074379,7.502158659947818,1.00932514707956,-0.012250919346149915,1.02194051623722,0.3113541906083821,0.30467113011487595,-0.006683060493506143,0.9785355049166111,TRUE,TRUE,TRUE
1503,prediction,GROSSCON,10,0.9548,0.8018191628627129,0.7243163340724316,12.793156032027115,1.0326740551513278,-0.16890231034632083,1.2525254491496336,0.1864699847239258,0.14195074368465388,-0.044519241039271934,0.7612525087874923,TRUE,TRUE,FALSE
1504,prediction,GROSSCON,15,1.0678,0.7832517654846917,0.7607462305136721,16.260242744036308,1.0789495838523178,-0.03354030138824148,1.106023453624107,0.4171284721032983,0.34638113354915206,-0.07074733855414622,0.8303943669982177,TRUE,FALSE,TRUE
1505,prediction,GROSSCON,13,0.9831,0.9959809183882622,0.8622448979591837,8.948672998793473,1.0191893734475546,-0.02310588821613889,1.0460573058744442,0.5055984822798417,0.4949921979246189,-0.010606284355222817,0.9790223176553121,TRUE,TRUE,TRUE
1506,prediction,GROSSCON,10,0.9793,0.9911256651474792,0.9521028466483009,10.25584108321947,1.05065667444563,-0.05459563777247936,1.0827772489576035,0.41248460418766103,0.38877479572380214,-0.023709808463858895,0.9425195310972817,TRUE,TRUE,FALSE
1507,prediction,GROSSCON,34,1.004,0.9887290801199976,0.9560294677995669,6.826973878293748,1.0163955596665584,-0.020177662137754397,1.039770063830144,0.3968960104326102,0.3869304635080784,-0.009965546924531776,0.9748912897520197,TRUE,TRUE,TRUE
1508,prediction,GROSSCON,33,0.9945,0.9194396872908505,0.7849806184680368,19.579554445599733,1.078346193104215,-0.08689379909451769,1.1752417091813088,0.47294234162923554,0.43263027226981293,-0.04031206935942261,0.9147632474171125,TRUE,FALSE,FALSE
1509,prediction,GROSSCON,21,0.9737,0.9265988311966866,0.7784795490738943,12.962921038531627,1.0184498964265278,-0.05524538747701778,0.9948712422615558,0.22759501094386486,0.21214802034360994,-0.015446990600254923,0.9321294850172931,TRUE,TRUE,TRUE
1510,prediction,GROSSCON,14,0.98740000000000006,0.9895233381889642,0.8399420359859922,12.809251847634433,1.000007453761624,-0.006843539044669086,1.0578128135564262,0.4427605804309884,0.43915588612339945,-0.0036046943075889737,0.9918585925059541,TRUE,TRUE,TRUE
1511,prediction,GROSSCON,21,1.0122,0.71826521054539,0.8339323399750741,14.132049537400576,1.0600550822224117,-0.03309948786821478,1.0820751857587374,0.3131343126448845,0.2387172342696622,-0.0744170783752223,0.762347735875192,TRUE,TRUE,TRUE
1512,prediction,GROSSCON,22,0.9967,0.9941078307993966,0.9820127335409788,6.23419938682062,1.016974982759435,-0.02342127473626095,1.0366999769893037,0.4485448836010936,0.4411973115467237,-0.007347572054369922,0.9836190929313902,TRUE,TRUE,TRUE
1513,prediction,GROSSCON,18,0.9913,0.9927992087791396,0.6731110237805404,10.216828169444959,1.0293627456022425,-0.032033052212577316,1.068694029410552,0.4203558323781511,0.3911392915189611,-0.02921654085919001,0.9304956929135532,TRUE,TRUE,TRUE
1514,prediction,GROSSCON,22,1.0061,0.9685597950938931,0.8233692264576317,9.972691045718589,1.0258787544232357,-0.04859009742612018,1.0677297614035508,0.34221058650055675,0.3273442856965078,-0.014866300804048938,0.9565580335895753,TRUE,TRUE,TRUE
1515,prediction,GROSSCON,10,0.97,0.9729175208688989,0.882460973370064,8.693071461563992,1.023626892533763,-0.03337470838179647,1.033935322656394,0.3286466561348078,0.3095110854236827,-0.019135570711125094,0.9417746374292156,TRUE,TRUE,TRUE
1516,prediction,GROSSCON,12,1.1119,0.801035311872103,0.5494645214924937,26.642693392912786,1.1809214752231143,-0.24361338416345782,1.4600940658718535,0.3672956286136439,0.24906420295660162,-0.11823142565704228,0.6781028238661418,FALSE,FALSE,FALSE
1517,prediction,GROSSCON,4,,,,,,,,,,,,,,
1518,prediction,GROSSCON,14,0.9678,0.9307746474798744,0.7689940828402366,16.404836252816253,1.0342470012316827,-0.05924842784028543,1.1083937773029762,0.3204954435182556,0.29234276684277255,-0.028152676675483046,0.9121588863590835,TRUE,FALSE,FALSE
1519,prediction,GROSSCON,39,0.9917,0.938723215445444,0.8754753021788381,17.38475290803553,1.0663549827080343,-0.08066700251152836,1.1112378243660723,0.41614342449492314,0.37828590589319916,-0.03785751860172398,0.90902771406836,TRUE,FALSE,FALSE
1520,prediction,GROSSCON,19,1.0015,0.8793677888456888,0.8122922539007749,8.245416494666838,1.0236507646262274,-0.08848034641514992,1.132076445105281,0.20216044668061078,0.16517094184503678,-0.036989504835574005,0.8170289715771504,TRUE,TRUE,TRUE
1521,prediction,GROSSCON,18,0.9984,0.9306788520516217,0.919144671610429,18.76206717240293,1.0596273911449612,-0.073388157976372,1.109580919494204,0.3580019123844601,0.335765495845808,-0.022236416538652104,0.937887436437009,TRUE,FALSE,FALSE
1522,prediction,GROSSCON,34,1.0006,0.8148246428209354,0.9466202203105956,13.397746753831207,1.0565532749152622,-0.044439556546446574,1.1076564948152343,0.4113440562991646,0.36946573037157543,-0.041878325927589166,0.8981914888855677,TRUE,TRUE,TRUE
1523,prediction,GROSSCON,12,0.9532,0.8962821615678153,0.8780869480170181,17.54594167457611,1.0556565043457251,-0.12128951233459113,1.176001022364325,0.2840336377246378,0.22689954303812523,-0.057134094686512565,0.7988474353101009,TRUE,FALSE,FALSE
1524,prediction,GROSSCON,3,,,,,,,,,,,,,,
1525,prediction,GROSSCON,31,1.0448,0.6152704658477698,0.7617041210685894,16.887899737355866,1.118422757728494,-0.09108022721631269,1.1152113696356254,0.3585941057056687,0.24886541837825354,-0.10972868732741514,0.6940030926847425,TRUE,FALSE,FALSE
1527,prediction,GROSSCON,9,0.9805,0.9349481113255865,0.7511111111111112,11.747104368402962,1.0592413916386294,-0.08412509642085261,1.1835458457610477,0.3569399630456965,0.30860593876859416,-0.048334024277102317,0.8645878038853428,TRUE,TRUE,FALSE
1529,prediction,GROSSCON,29,1.0376,0.878244350274098,0.9402834698675424,11.089618964172498,1.0502395827910314,-0.060142411365332965,1.0943671427399455,0.3561553430602699,0.31939215921822445,-0.036763183842045466,0.8967776714336018,TRUE,TRUE,FALSE
1532,prediction,GROSSCON,18,1.0109,0.9113582579161574,0.87612691048936,12.30912627392301,1.0423738500733235,-0.061559639845181126,1.07597308189073,0.3283821922054193,0.2870016049897297,-0.0413805872156896,0.8739865065831462,TRUE,TRUE,FALSE
1533,prediction,GROSSCON,27,1.0253,0.7195756349503594,0.7385131058023658,16.079191864599256,1.0654297162412514,-0.09300755460583476,1.089197329787523,0.2946587518323182,0.2234209220331175,-0.07123782979920071,0.7582361652039438,TRUE,FALSE,FALSE
1534,prediction,GROSSCON,13,1.0782,0.5816272474009603,0.27184103984658003,9.982745934125528,1.0038173251297178,0.06597045262470451,0.9684969171222201,0.09229711989991457,0.06911170144145633,-0.023185418458458243,0.7487958618470423,TRUE,TRUE,TRUE
1535,prediction,GROSSCON,16,0.963,0.7843458790550744,0.8420761245674739,17.465634749360902,1.0838722498990108,-0.05838722996510855,1.1631211484495345,0.3677830859292224,0.2876721969411251,-0.08011088898809726,0.7821789743655745,TRUE,FALSE,FALSE
1540,prediction,GROSSCON,5,,,,,,,,,,,,,,
1542,prediction,GROSSCON,47,1.0129,0.8740678732823355,0.9226729693939679,12.151142239935142,1.0312803058004334,-0.041734077375019545,1.0881320104673977,0.30838450929398764,0.2810030256460294,-0.027381483647958227,0.9112099251981071,TRUE,TRUE,TRUE
1543,prediction,GROSSCON,10,1.0149,0.2790144638628608,0.4049586776859503,19.573483365827922,1.1117157412299477,-0.6508919609250913,2.629008363866869,0.21025530817501928,0.04042563982748284,-0.16982966834753643,0.19226929478437713,TRUE,FALSE,FALSE
1544,prediction,GROSSCON,19,0.9968,0.7863007766070121,0.8426258798884834,10.063724194853949,1.0276488669692545,-0.07621185995759816,1.1116369675962867,0.21057825500006674,0.1707090271267365,-0.03986922787333025,0.8106678779662334,TRUE,TRUE,TRUE
1545,prediction,GROSSCON,8,1.0654,0.8714011052946579,0.5692771084337351,8.300096049551637,1.0019271309642637,0.021388923587375597,0.9030254200080775,0.124484654145671,0.11852125664278179,-0.005963397502889212,0.9520953201515836,TRUE,TRUE,TRUE
1546,prediction,GROSSCON,5,,,,,,,,,,,,,,
1547,prediction,GROSSCON,11,1.0458,0.9291302961806045,0.793719008264463,8.435074476937187,1.030983472974652,-0.07167954726505471,1.1724484390843126,0.25606310219160294,0.2122861829208345,-0.04377691927076843,0.8290385498883329,TRUE,TRUE,FALSE
1548,prediction,GROSSCON,3,,,,,,,,,,,,,,
1549,prediction,GROSSCON,9,1.0188,0.7325166160648858,0.6320028011204483,19.915709625894646,1.1237763420418212,-0.40621312829559475,2.6890917251771866,0.2531516013879528,0.10409072587716217,-0.1490608755107906,0.4111794091226939,TRUE,FALSE,FALSE
1550,prediction,GROSSCON,28,1.0065,0.5208165643398296,0.7908264885194568,9.845353863973767,1.039639364808606,-0.17253325149004384,1.2433729365170134,0.16995052287511495,0.11106398726461109,-0.05888653561050386,0.6535077702951491,TRUE,TRUE,FALSE
1551,prediction,GROSSCON,15,1.0591,0.33822308545314966,0.7116790186557628,16.6156722303254,1.1473505465691312,-0.12102235205906692,1.0974324577847554,0.3213661043003865,0.18923883825613358,-0.1321272660442529,0.5888574921991423,TRUE,FALSE,FALSE
1552,prediction,GROSSCON,10,0.9974,0.35304978476237736,0.05368828078524691,12.97079497733034,0.9999975644867416,0.5016318181098347,0.5058954088185149,0.052403677451049194,0.0396762987292437,-0.012727378721805495,0.7571281379308872,TRUE,TRUE,TRUE
1553,prediction,GROSSCON,1,,,,,,,,,,,,,,
1555,prediction,GROSSCON,31,1.0021,0.751279052841484,0.2639565531827041,11.000542046747887,1.0251300993953416,-0.21403817727086563,1.3566319164887441,0.14039071869664835,0.08183878164569175,-0.0585519370509566,0.5829358408124279,TRUE,TRUE,TRUE
1556,prediction,GROSSCON,25,1.058,0.49327293134692113,0.5817991142440636,9.702981640113393,1.0348082136722545,-0.2668090212762127,1.5602871418514277,0.13768851536908983,0.06792936951682904,-0.06975914585226078,0.4933553777868589,TRUE,TRUE,FALSE
1559,prediction,GROSSCON,14,1.0211,0.9270781592033526,0.7085569375679266,10.185390648279496,1.0220051179090113,-0.09504992382381841,1.2101856279585488,0.20098016390389262,0.16316893743761035,-0.037811226466282266,0.8118658790408623,TRUE,TRUE,TRUE
1560,prediction,GROSSCON,5,,,,,,,,,,,,,,
1562,prediction,GROSSCON,10,1.0603,0.8695999715072443,0.6497337006427915,7.389248985151663,1.0028499201138548,0.017899504080705963,1.0125617467119359,0.16183310533515732,0.1484226187476235,-0.013410486587533826,0.9171338487279186,TRUE,TRUE,TRUE
1563,prediction,GROSSCON,9,1.0596,0.30454805919760436,0.34027777777777785,17.046865679990617,1.066463439989889,-0.49746311430798446,1.873689078181849,0.17552358824789493,0.05351747954676019,-0.12200610870113474,0.3049019227613815,TRUE,FALSE,FALSE
1564,prediction,GROSSCON,24,1.0255,0.5262421011065302,0.427963707912807,18.20145051193683,1.1255697305240677,-0.2049824088879247,1.3053704319789152,0.2765213766101941,0.12670867745613737,-0.14981269915405673,0.45822380536878243,TRUE,FALSE,FALSE
1565,prediction,GROSSCON,36,1.0278,0.69858904344791,0.8969678886216756,8.04439245091308,1.038387595736432,-0.04277195606595597,1.0473182813451227,0.2684950491852967,0.2269604220342488,-0.041534627151047915,0.8453057988328732,TRUE,TRUE,TRUE
1566,prediction,GROSSCON,44,1.0263,0.7162099588341733,0.866153267788209,12.180114289171893,1.0576091833983894,-0.06688808468619607,1.0414745405899912,0.3130492842246349,0.25428099645189095,-0.058768287772743955,0.812271451384078,TRUE,TRUE,FALSE
1567,prediction,GROSSCON,9,1.0103,0.8881735775997485,0.6839481555333998,0.9155666827294644,1.0000094412834333,0.033326049572788834,1.0134834914679032,0.017504860876480857,0.01622966029907285,-0.0012752005774080075,0.9271516302582365,TRUE,FALSE,TRUE
1568,prediction,GROSSCON,2,,,,,,,,,,,,,,
1569,prediction,GROSSCON,14,1.1129,0.714037072087433,0.7613041903151794,23.90036698230681,1.108621259078655,-0.15813950069821328,1.220027529725008,0.33879139144945775,0.2927531255902563,-0.046038265859201455,0.8641102843191055,FALSE,FALSE,FALSE
1570,prediction,GROSSCON,6,1.0717,0.9172170612034354,0.9420415224913492,7.014615194628917,0.9963132638776604,0.5362728974251909,0.47868570050554393,0.031102531102531177,0.06764804192094791,0.03654551081841673,2.175001182313506,TRUE,TRUE,TRUE
1576,prediction,GROSSCON,37,1.017,0.7910756838012373,0.7636294248268962,14.608254778300973,1.054622679594484,-0.10323286091134316,1.149288488622429,0.28210297663830863,0.22335788312066093,-0.0587450935176477,0.7917601075405657,TRUE,TRUE,FALSE
1578,prediction,GROSSCON,8,1.041,0.9723284914649426,0.8185941043083904,9.366780424755957,1.0347771095641825,-0.0615358349802618,1.0097436778172069,0.24337482525382326,0.21348299786713798,-0.029891827386685277,0.8771778167462055,TRUE,TRUE,FALSE
1579,prediction,GROSSCON,44,1.0503,0.8269608287093649,0.8844867846490757,12.18326392468518,1.0596117455929122,-0.043610659511001904,1.05503988586424,0.3959676478850243,0.34824186730318424,-0.04772578058184007,0.8794705051365761,TRUE,TRUE,TRUE
1580,prediction,GROSSCON,20,1.0392,0.964589733321478,0.7855951174902771,8.041875913373463,1.0210067071279407,-0.06024678781848316,1.0399462247166922,0.22806033519553068,0.20350688712512088,-0.024553448070409795,0.8923379286917273,TRUE,TRUE,TRUE
1581,prediction,GROSSCON,3,,,,,,,,,,,,,,
1582,prediction,GROSSCON,15,0.9824,0.977194502807239,0.9715441932168551,10.545606964236857,1.0249116590612162,-0.0538794005322042,1.0664455535980346,0.3449921309411394,0.33483193226785324,-0.010160198673286158,0.970549477040044,TRUE,TRUE,TRUE
1583,prediction,GROSSCON,15,1.0176,0.8446626579931651,0.6212656529516993,9.843111900525837,1.0370324042055972,-0.12377757241223297,1.1586757726866574,0.2241219645043408,0.16318618991976946,-0.060935774584571334,0.7281133300819737,TRUE,TRUE,FALSE
1584,prediction,GROSSCON,13,1.0264,0.9694036403780187,0.9060333605788152,5.098391592333211,0.9971603252699909,0.05730708189620419,0.8750509107874267,0.14547970253373285,0.15554008447566156,0.010060381941928709,1.0691531654705988,TRUE,TRUE,TRUE
1585,prediction,GROSSCON,15,1.008,0.7391926949531205,0.8755612244897957,15.14033769463971,1.1032765109295462,-0.04748056288795637,1.1314528747414896,0.42012578616352203,0.34065937200547985,-0.07946641415804218,0.810850900432205,TRUE,FALSE,TRUE
1586,prediction,GROSSCON,28,0.9767,0.663768498431518,0.5829656990501331,21.068602328252915,1.1129931875682728,-0.10390953060438694,1.103670919944774,0.3279894197943903,0.22574880932476304,-0.10224061046962724,0.6882807666975364,TRUE,FALSE,FALSE
1589,prediction,GROSSCON,32,1.0325,0.9452546858087337,0.808697259099376,10.402630672885897,1.0376996437323263,-0.06101723818558488,1.1580063329281396,0.34034669965041187,0.30303156519199304,-0.03731513445841883,0.8903614035430719,TRUE,TRUE,FALSE
1590,prediction,GROSSCON,23,1.0086,0.950040546927788,0.8107563415973222,14.837435537074622,1.0501762134597847,-0.07070554416309191,1.0593394315577163,0.36835456216411694,0.3316816857283849,-0.03667287643573203,0.900441367631568,TRUE,TRUE,FALSE
1602,prediction,GROSSCON,33,1.0612,0.9408626871712582,0.9376621684791402,12.991769024636252,1.061431383961392,-0.036107067609832,1.0735739102695998,0.46903414463091786,0.44001920915022474,-0.029014935480693116,0.9381389695977786,TRUE,TRUE,TRUE
1603,prediction,GROSSCON,7,1.11,0.8226873917561565,0.9821428571428568,15.091923967765009,1.0624416640705028,-0.05624242505909569,1.0969325904058858,0.35673691270429586,0.3112698051141494,-0.04546710759014644,0.8725472302670435,FALSE,FALSE,FALSE
1604,prediction,GROSSCON,2,,,,,,,,,,,,,,
1608,prediction,GROSSCON,4,,,,,,,,,,,,,,
1614,prediction,GROSSCON,15,1.0518,0.6743138203788968,0.4540282392026577,13.877755681572918,1.0312707587430752,-0.2882006477536465,1.4522019238603372,0.14607393542349076,0.08137795388723959,-0.06469598153625117,0.5571011258874652,TRUE,TRUE,FALSE
1625,prediction,GROSSCON,1,,,,,,,,,,,,,,
1722,prediction,GROSSCON,4,,,,,,,,,,,,,,
1735,prediction,GROSSCON,1,,,,,,,,,,,,,,
1746,prediction,GROSSCON,1,,,,,,,,,,,,,,
1832,prediction,GROSSCON,10,0.9449,0.9123092982482539,0.882460973370064,11.860542763546315,1.036407772691194,-0.12021715434415296,1.1417943159962447,0.24785849418315475,0.22267649668311887,-0.025181997500035885,0.8984017167415385,TRUE,TRUE,FALSE
1836,prediction,GROSSCON,9,1.0371,0.8732563427449184,0.9586134453781513,8.680282626396242,1.0562531921584848,-0.0654829569983778,1.096402770049267,0.3205521368537549,0.2722194562985063,-0.048332680555248586,0.8492205323301296,TRUE,TRUE,FALSE
1837,prediction,GROSSCON,1,,,,,,,,,,,,,,
1840,prediction,GROSSCON,12,0.9826,0.9840084636751324,1,8.073823573493508,1.0257372136396123,-0.029645949195264313,1.0661205370138902,0.35827251612760147,0.3405386534212272,-0.01773386270637428,0.9505017496233,TRUE,TRUE,TRUE
1841,prediction,GROSSCON,4,,,,,,,,,,,,,,
1842,prediction,GROSSCON,2,,,,,,,,,,,,,,
1844,prediction,GROSSCON,1,,,,,,,,,,,,,,
1851,prediction,GROSSCON,15,0.9891,0.5925423656070988,0.7224999999999998,15.767500027550883,1.0628134239858897,-0.17789069468710286,1.293684193657023,0.23395287629694295,0.16358157428414632,-0.07037130201279662,0.6992073654889441,TRUE,FALSE,FALSE
1863,prediction,GROSSCON,6,1.0671,0.6345372605774625,0.36,17.29735290342343,1.0714573775818574,-0.1569585333596111,1.4594932797100935,0.22853295310519636,0.1112456204494993,-0.11728733265569706,0.48678152948162207,TRUE,FALSE,FALSE
1867,prediction,GROSSCON,2,,,,,,,,,,,,,,
1869,prediction,GROSSCON,8,1.0112,0.9643528961144868,0.8622448979591839,5.380712451572822,1.0145771655649534,-0.08245809849902046,1.1888938576892214,0.1945208805438654,0.16721075838414556,-0.02731012215971984,0.8596031331784905,TRUE,TRUE,TRUE
1870,prediction,GROSSCON,11,0.9612,0.8989102590897671,0.9285950413223141,17.2355513678717,1.0458181901675547,-0.0998043644170191,1.1183216129881495,0.3088412430739581,0.3012218981762491,-0.007619344897708991,0.9753292506471217,TRUE,FALSE,FALSE
1871,prediction,GROSSCON,6,1.0137,0.36468273627521414,0.09877551020408167,17.12780579094782,1.032883102738955,-0.46842092431472976,2.3280770580228487,0.1105593038273116,0.02299817498928765,-0.08756112883802396,0.208016640781401,TRUE,FALSE,FALSE
1873,prediction,GROSSCON,1,,,,,,,,,,,,,,
1874,prediction,GROSSCON,15,1.0745,0.48582824645024186,0.6173469387755101,14.353362501948133,1.0551878871894715,-0.23258140524480717,1.4716356523440728,0.18699976171664356,0.0959568729738578,-0.09104288874278577,0.5131390120125342,TRUE,TRUE,FALSE
1875,prediction,GROSSCON,6,1.0306,0.26698729947569955,0.18367346938775508,15.651106946812062,1.0399496504488386,-0.7493304508293085,3.85605328613061,0.11749271137026233,0.01877063061099582,-0.09872208075926651,0.15975995780574614,TRUE,FALSE,FALSE
1876,prediction,GROSSCON,7,0.8871,0.7276601723811171,0.7971938775510201,18.895009686114477,1.051843899220574,-0.18771987791686276,1.335535333956968,0.20958598891134247,0.1455740280958024,-0.06401196081554009,0.6945790071748643,FALSE,FALSE,FALSE
1877,prediction,GROSSCON,6,0.96,0.5911673419082258,0.5951020408163266,28.8471373156649,1.0993238633240527,-0.31907923617754813,1.1964570147597615,0.22052999207892268,0.15450932184282765,-0.06602067023609504,0.7006272497735014,TRUE,FALSE,FALSE
1879,prediction,GROSSCON,22,1.0508,0.8932712407620793,0.914863403946818,13.208245216760538,1.0687767967863195,-0.059466101667722045,1.092515185932728,0.3894611053757846,0.3440626467203092,-0.04539845865547543,0.8834326251611924,TRUE,TRUE,FALSE
1880,prediction,GROSSCON,11,0.9992,0.8797407728661416,0.4900000000000001,11.583920932213573,1.0253711865294342,-0.11316349683553058,1.210272758971486,0.20192074592074585,0.15220613523115212,-0.049714610689593736,0.7537914667316711,TRUE,TRUE,TRUE
1882,prediction,GROSSCON,20,1.0573,0.6076955598061056,0.7424478489456725,16.1784079716582,1.0887208782674203,-0.1988432346403915,1.3909281704998693,0.2778381847038709,0.1804132453291926,-0.0974249393746783,0.6493464730972202,TRUE,FALSE,FALSE
1883,prediction,GROSSCON,2,,,,,,,,,,,,,,
1887,prediction,GROSSCON,21,1.0058,0.9508891714287732,0.8803539763227669,14.182653573306977,1.0599060190312384,-0.08805794838806308,1.0706592441183047,0.353725132102396,0.3140216234549496,-0.03970350864744637,0.887756042632693,TRUE,TRUE,FALSE
1888,prediction,GROSSCON,22,0.9783,0.8809511394358565,0.8496664720688301,9.8579674767532,1.0267217683867849,-0.09968867961423583,1.1531110365230186,0.20660673397434498,0.16686016184086727,-0.03974657213347771,0.8076220877756426,TRUE,TRUE,TRUE
1889,prediction,GROSSCON,13,0.9574,0.9664086990983723,0.856772078409945,9.889057465408428,1.0303771625870828,-0.09456883453301114,1.0903033293416777,0.2550767136199404,0.22127659660815732,-0.033800117011783065,0.8674903854134461,TRUE,TRUE,FALSE
1890,prediction,GROSSCON,32,1.0229,0.9328113839483172,0.9521896074016006,8.531560104204713,1.0310642588284105,-0.04551385489160341,1.094479350468888,0.3188165821179454,0.2879491794600104,-0.030867402657934973,0.9031813136792375,TRUE,TRUE,TRUE
1891,prediction,GROSSCON,20,1.0095,0.9040310174747418,0.7641425430227698,9.563775247354735,1.0380898489678991,-0.09537256305641424,1.1156875295412756,0.24926894647063608,0.19731016497829296,-0.05195878149234312,0.7915553372049741,TRUE,TRUE,FALSE
1892,prediction,GROSSCON,18,0.9717,0.884434189061791,0.9260462775801926,11.99331994406035,1.0423935435962348,-0.050496812957139134,1.1116032169164483,0.3233382216943329,0.2863759828971588,-0.036962238797174085,0.8856855258141543,TRUE,TRUE,FALSE
1893,prediction,GROSSCON,14,1.0261,0.7389042454058108,0.7979667909183327,10.714826661894765,1.0385422178133494,-0.11044726800535785,1.2733778310562966,0.21429558532482598,0.14994047063436053,-0.06435511469046545,0.6996899651809582,TRUE,TRUE,FALSE
1894,prediction,GROSSCON,14,1.0036,0.8155044424615747,0.8417921285762696,11.599226178409609,1.0565006609180212,-0.1422725331560778,1.1700539236178342,0.26551965857782,0.20529396707537348,-0.06022569150244653,0.7731780319957167,TRUE,TRUE,FALSE
1895,prediction,GROSSCON,28,1.0051,0.8869478095085048,0.9190369479110646,10.112640336179386,1.0462723460073269,-0.036607246241047636,1.0864316186667458,0.37227659557608106,0.33555312431586465,-0.03672347126021641,0.9013543378858171,TRUE,TRUE,TRUE
1896,prediction,GROSSCON,6,1.0225,0.8761971780523423,0.5951020408163266,18.74711532527678,1.0575941940211513,-0.17018599484661945,1.1172557783511667,0.26319463007514327,0.2015687330459285,-0.061625897029214755,0.7658542766939421,TRUE,FALSE,FALSE
1901,prediction,GROSSCON,1,,,,,,,,,,,,,,
1902,prediction,GROSSCON,2,,,,,,,,,,,,,,
1915,prediction,GROSSCON,2,,,,,,,,,,,,,,
1922,prediction,GROSSCON,4,,,,,,,,,,,,,,
1949,prediction,GROSSCON,3,,,,,,,,,,,,,,
1963,prediction,GROSSCON,2,,,,,,,,,,,,,,
1976,prediction,GROSSCON,1,,,,,,,,,,,,,,
1977,prediction,GROSSCON,9,1.0142,0.5481852134321836,0.7285714285714286,6.59831060779033,1.0162268987622114,-0.3133709283855876,1.643359073151732,0.09042357274401465,0.041215977811986965,-0.049207594932027685,0.4558101008535426,TRUE,TRUE,TRUE
1978,prediction,GROSSCON,46,0.9786,0.8031819651548615,0.43687910966382026,12.092627215864884,1.0271613163853797,-0.07557068195530758,1.1598508979281805,0.19246397531886078,0.1370426322516398,-0.05542134306722099,0.7120430305182941,TRUE,TRUE,TRUE
1990,prediction,GROSSCON,3,,,,,,,,,,,,,,
1993,prediction,GROSSCON,7,1.0177,0.7945750953110142,0.9821428571428568,6.7013041703880365,1.021347222213333,-0.1636127007622503,1.283589581338316,0.14209582607031582,0.10736864554147044,-0.03472718052884538,0.7556073145198459,TRUE,TRUE,TRUE
1995,prediction,GROSSCON,4,,,,,,,,,,,,,,
2001,prediction,GROSSCON,1,,,,,,,,,,,,,,
2002,prediction,GROSSCON,1,,,,,,,,,,,,,,
2061,prediction,GROSSCON,4,,,,,,,,,,,,,,
2062,prediction,GROSSCON,3,,,,,,,,,,,,,,
2063,prediction,GROSSCON,1,,,,,,,,,,,,,,
2072,prediction,GROSSCON,1,,,,,,,,,,,,,,
2086,prediction,GROSSCON,1,,,,,,,,,,,,,,
2107,prediction,GROSSCON,4,,,,,,,,,,,,,,
2108,prediction,GROSSCON,8,0.9917,0.45361256297590363,0.2776821572002296,19.590541798548024,1.047204292473134,-0.47344795346204094,2.114507053761212,0.14120538965768392,0.04315923069933891,-0.09804615895834501,0.3056486073510887,TRUE,FALSE,FALSE
2126,prediction,GROSSCON,2,,,,,,,,,,,,,,
2134,prediction,GROSSCON,4,,,,,,,,,,,,,,
2135,prediction,GROSSCON,11,0.9997,0.5971030974499455,0.4648760330578512,12.212311609781791,1.0447212866765667,-0.14211982036340523,1.09010455425476,0.21359973796540885,0.13996842324470873,-0.07363131472070011,0.6552836842308101,TRUE,TRUE,FALSE
2139,prediction,GROSSCON,7,1.0014,0.9081692554887194,0.8622448979591831,9.067486266415264,1.0270352368289286,-0.19660590360446695,1.3529206144454577,0.17339515548804865,0.12518551364582034,-0.04820964184222831,0.7219666160422159,TRUE,TRUE,TRUE
2142,prediction,GROSSCON,1,,,,,,,,,,,,,,
2171,prediction,GROSSCON,2,,,,,,,,,,,,,,
2175,prediction,GROSSCON,3,,,,,,,,,,,,,,
2176,prediction,GROSSCON,1,,,,,,,,,,,,,,
2177,prediction,GROSSCON,43,1.0116,0.9394777878005793,0.9268397811058534,7.2412487578565585,1.0150784252660388,-0.06879702522909296,1.106686382408673,0.19813208146412314,0.17453248841524163,-0.023599593048881512,0.8808895920615722,TRUE,TRUE,TRUE
2179,prediction,GROSSCON,99,0.9823,0.7944801281528067,0.7990704261868714,12.824459894613147,1.0369450235633022,-0.09015453215686095,1.152604200542574,0.23353082756446555,0.18290557831157556,-0.05062524925289,0.7832181310670214,TRUE,TRUE,FALSE
2180,prediction,GROSSCON,80,1.0149,0.9188715198839483,0.8277075916228747,6.987573041655737,1.012580633589104,-0.07192420293970594,1.1219530204702515,0.17047731205486336,0.1474360067579184,-0.023041305296944953,0.8648423944558103,TRUE,TRUE,TRUE
2238,prediction,GROSSCON,12,1.0062,0.9592314882968344,0.5566065513433935,4.061425032429222,1.0056256207225698,-0.04615258071133184,1.0723288247667775,0.12591476608470428,0.1123988420844797,-0.013515924000224583,0.8926581494728564,TRUE,FALSE,TRUE
2240,prediction,GROSSCON,15,1.0424,0.8635229729164275,0.5624999999999999,5.199303535012687,1.0052709273452785,-0.09796870892119808,1.1736896427683274,0.0896186979208693,0.06651942630140131,-0.02309927161946798,0.7422494171934526,TRUE,TRUE,TRUE
2241,prediction,GROSSCON,2,,,,,,,,,,,,,,
2243,prediction,GROSSCON,69,1.033,0.5341189348247051,0.7153342971504895,13.47715830995821,1.0641760308659594,-0.1904547789098764,1.2491351922645613,0.22339460741014064,0.13342895996312867,-0.08996564744701196,0.5972792338633321,TRUE,TRUE,FALSE
2246,prediction,GROSSCON,6,1.018,0.9550152786510543,0.7844897959183674,4.152933200556848,1.0066938204048095,-0.14379928205097606,1.2093532890636824,0.1002616944717043,0.0776868261644464,-0.022574868307257898,0.774840546769046,TRUE,FALSE,TRUE
2248,prediction,GROSSCON,9,1.1098,0.7189963620251799,0.6400000000000001,16.26952850679795,1.1337001547039247,-0.15392155209797911,1.2210221126135672,0.33825296424765916,0.21036391452336525,-0.1278890497242939,0.6219129963613351,FALSE,FALSE,FALSE
2250,prediction,GROSSCON,18,0.9694,0.9450711237898519,0.712350710708275,8.880788133236463,1.0168551243082253,-0.0851894601712496,1.1721934643735474,0.20000053539782728,0.1720656531295851,-0.027934882268242173,0.86032596256467,TRUE,TRUE,TRUE
