boro,boro_name,NBHD_NAME,NEIGHBORHOOD,decile,cutoff,predicted,actual,n,median_sales_ratio,r,spearmans,cod,prd,prb,clapp,gini,ci,ki,mki,accuracy,uniformity,vertical_equity
All,All,All,All,All,NA,prediction,GROSSCON,20710,1.0025,0.9551784674601039,0.9561274000324663,10.958161822569561,1.0406376978642855,-0.023261676835749055,1.0358656037912606,0.4783301911406198,0.4550339508573528,-0.02329624028326699,0.9512967387073873,TRUE,TRUE,TRUE
1,Manhattan,ALPHABET CITY,1010,1,"$390,000",prediction,GROSSCON,7,1.0973,0.9045615738145064,0.7971938775510201,5.543872837923636,0.9973232416987624,0.030627227039552594,0.8772945507328361,0.11894839093786226,0.1315703849359769,0.01262199399811463,1.1061131966443183,TRUE,TRUE,TRUE
1,Manhattan,ALPHABET CITY,1010,2,"$420,000",prediction,GROSSCON,19,1.0161,0.010611972050062583,0.029017152908531574,6.005677718028657,1.0033434072518168,0.19239221489935485,1.072984433542032,0.034852081299849964,0.0029750751327212222,-0.03187700616712874,0.08536291153246076,TRUE,TRUE,TRUE
1,Manhattan,ALPHABET CITY,1010,3,"$440,000",prediction,GROSSCON,3,NA,NA,NA,NA,NA,NA,NA,NA,NA,NA,NA,NA,NA,NA
1,Manhattan,ALPHABET CITY,1010,4,"$480,000",prediction,GROSSCON,6,1.0461,0.38133581138533706,0.43183673469387757,8.241065048761557,1.0024256370621065,1.6426470586589264,NA,0.01531058617672798,-0.037704311306798154,-0.053014897483526134,-2.4626301613525765,TRUE,TRUE,TRUE
1,Manhattan,ALPHABET CITY,1010,5,"$620,000",prediction,GROSSCON,8,1.0082,0.39614619849542926,0.8251959011452683,5.22030910415959,0.9990723331650635,0.7081414345276007,0.37576813608471893,0.020293609671848012,0.033400217087032,0.01310660741518399,1.645848995182258,TRUE,TRUE,TRUE
1,Manhattan,ALPHABET CITY,1010,6,"$700,000",prediction,GROSSCON,3,NA,NA,NA,NA,NA,NA,NA,NA,NA,NA,NA,NA,NA,NA
1,Manhattan,ALPHABET CITY,1010,7,"$770,000",prediction,GROSSCON,10,0.9259,0.15078117355611376,0.19573921028466476,7.004265262267212,1.0015432405720652,0.4531867396284959,0.476323757019714,0.034641134884591904,0.019570660525466365,-0.015070474359125539,0.5649543697302838,TRUE,TRUE,TRUE
1,Manhattan,ALPHABET CITY,1010,8,"$1,015,000",prediction,GROSSCON,3,NA,NA,NA,NA,NA,NA,NA,NA,NA,NA,NA,NA,NA,NA
1,Manhattan,ALPHABET CITY,1010,9,"$1,160,000",prediction,GROSSCON,2,NA,NA,NA,NA,NA,NA,NA,NA,NA,NA,NA,NA,NA,NA
1,Manhattan,CHELSEA,1030,1,"$479,000",prediction,GROSSCON,14,1.1962,0.22613208897744289,0.44934186692428446,20.38545926130614,0.9962327618640845,0.6659301186666537,0.5899247722326539,0.08876933388701984,0.086652203972517175,-0.0021171299145026634,0.9761502106437205,FALSE,FALSE,TRUE
1,Manhattan,CHELSEA,1030,2,"$550,000",prediction,GROSSCON,26,1.1824,0.0220114990548573,0.016176235538569308,9.050466661598648,1.0022968664780127,0.7198323189857943,0.5736653629964612,0.03261192253530773,0.007729215064868182,-0.02488270747043955,0.23700580842788538,FALSE,TRUE,TRUE
1,Manhattan,CHELSEA,1030,3,"$647,000",prediction,GROSSCON,44,1.1095,0.014673649700933279,0.01002403211361244,10.426450570980949,1.0017137975832837,1.0239869360446419,0.5027946122906662,0.02927135069957242,0.010072566477488916,-0.0191987842220835,0.3441100679250873,FALSE,TRUE,TRUE
1,Manhattan,CHELSEA,1030,4,"$741,000",prediction,GROSSCON,32,1.0644,0.11095221285674393,0.12642930136340946,11.457451579729742,0.9997565345173616,1.0038052186450153,0.28964643712731,0.02428894076958299,0.027209219469322088,0.0029202786997390984,1.1202307967005363,TRUE,TRUE,TRUE
1,Manhattan,CHELSEA,1030,5,"$850,000",prediction,GROSSCON,42,1.0117,0.017999006134556607,0.0067692085268658345,10.16194344547965,1.0012046700412773,0.9682202151415231,0.3140939585869497,0.02530650930063095,0.01169809246515793,-0.013608416835473019,0.4622562648285226,TRUE,TRUE,TRUE
1,Manhattan,CHELSEA,1030,6,"$985,000",prediction,GROSSCON,42,0.9703,0.05185042879768382,0.06294720012689962,9.79491625464498,1.0014983533286932,0.8240301722964557,0.5341156443443474,0.03220559350523544,0.015192863491815192,-0.017012730013420248,0.47174611110164427,TRUE,TRUE,TRUE
1,Manhattan,CHELSEA,1030,7,"$1,250,000",prediction,GROSSCON,39,0.9133,0.19602090907757827,0.2603094098261757,11.856542002932157,0.9993090362925633,0.7571146981409954,0.4609405210673733,0.047110873234305725,0.05131049539981675,0.004199622165511022,1.089143373433649,TRUE,TRUE,TRUE
1,Manhattan,CHELSEA,1030,8,"$1,554,000",prediction,GROSSCON,47,0.9255,0.29362226073145153,0.39633106296564685,10.882417361892607,0.9983534814624819,0.6508531985521521,0.5278671095156713,0.04868169557138021,0.061536039571597624,0.012854344000217413,1.264048814433128,TRUE,TRUE,TRUE
1,Manhattan,CHELSEA,1030,9,"$2,229,800",prediction,GROSSCON,29,0.9644,0.583208141654672,0.5669444615995893,7.946015541075149,0.9983866517910258,0.29125955031287537,0.6658307272269743,0.0638827014326519,0.07168814115957987,0.0078054397269279735,1.1221839332382777,TRUE,TRUE,TRUE
1,Manhattan,CHELSEA,1030,10,"$5,225,000",prediction,GROSSCON,24,0.9468,0.7823947500554264,0.7094501334443793,9.790988862385833,0.9989578780686317,0.10567895538469335,0.8798064659609642,0.13107131039498432,0.13332157837955672,0.002250267984572396,1.0171682725822393,TRUE,TRUE,TRUE
1,Manhattan,CHINATOWN,1040,10,"$3,500,000",prediction,GROSSCON,1,NA,NA,NA,NA,NA,NA,NA,NA,NA,NA,NA,NA,NA,NA
1,Manhattan,CIVIC CENTER,1050,1,"$582,000",prediction,GROSSCON,1,NA,NA,NA,NA,NA,NA,NA,NA,NA,NA,NA,NA,NA,NA
1,Manhattan,CIVIC CENTER,1050,2,"$702,000",prediction,GROSSCON,1,NA,NA,NA,NA,NA,NA,NA,NA,NA,NA,NA,NA,NA,NA
1,Manhattan,CIVIC CENTER,1050,3,"$795,250",prediction,GROSSCON,3,NA,NA,NA,NA,NA,NA,NA,NA,NA,NA,NA,NA,NA,NA
1,Manhattan,CIVIC CENTER,1050,4,"$851,000",prediction,GROSSCON,3,NA,NA,NA,NA,NA,NA,NA,NA,NA,NA,NA,NA,NA,NA
1,Manhattan,CIVIC CENTER,1050,5,"$904,000",prediction,GROSSCON,5,NA,NA,NA,NA,NA,NA,NA,NA,NA,NA,NA,NA,NA,NA
1,Manhattan,CIVIC CENTER,1050,6,"$960,999",prediction,GROSSCON,13,0.9854,0.4240174289489164,0.4256445672191529,3.973269377002972,1.000480809739417,0.19982797427036467,0.8398382012848239,0.02962023201489654,0.022810847953591427,-0.006809384061305112,0.7701103739538383,TRUE,FALSE,TRUE
1,Manhattan,CIVIC CENTER,1050,7,"$1,352,500",prediction,GROSSCON,2,NA,NA,NA,NA,NA,NA,NA,NA,NA,NA,NA,NA,NA,NA
1,Manhattan,CIVIC CENTER,1050,8,"$2,090,000",prediction,GROSSCON,3,NA,NA,NA,NA,NA,NA,NA,NA,NA,NA,NA,NA,NA,NA
1,Manhattan,CIVIC CENTER,1050,9,"$2,574,999",prediction,GROSSCON,6,0.9292,0.5267946903613642,0.36,7.8544032067667455,0.9985550884389314,0.3793391636411494,0.6533153793876316,0.04687336882764385,0.05391349912742097,0.007040130299777125,1.1501946729210801,TRUE,TRUE,TRUE
1,Manhattan,CIVIC CENTER,1050,10,"$4,400,000",prediction,GROSSCON,5,NA,NA,NA,NA,NA,NA,NA,NA,NA,NA,NA,NA,NA,NA
1,Manhattan,CLINTON,1060,1,"$359,000",prediction,GROSSCON,12,1.039,0.5159788889080139,0.37014034916132826,7.2155091404951115,1.0061385878759859,-0.08308748416516927,0.9083401082244038,0.0751288659793814,0.05061421391490365,-0.024514652064477747,0.6736986277524057,TRUE,TRUE,TRUE
1,Manhattan,CLINTON,1060,2,"$409,200",prediction,GROSSCON,16,1.0339,0.48419494759781256,0.6647232088711772,4.65753683734425,0.9999123922681471,0.3210205191646537,0.7424781501199322,0.03623874517650427,0.0405835891779307,0.004344844001426429,1.1198949903001456,TRUE,FALSE,TRUE
1,Manhattan,CLINTON,1060,3,"$462,750",prediction,GROSSCON,8,0.9734,0.6926083321983394,0.17570281124497997,3.415818850815304,0.9993446141091374,0.282268846722131,0.7546054246736901,0.029818138875767675,0.028986975599179177,-8.31163276588498e-4,0.9721255816786084,TRUE,FALSE,TRUE
1,Manhattan,CLINTON,1060,4,"$515,000",prediction,GROSSCON,15,1.0456,0.14067342522712778,0.14926409330741464,3.9440780705137617,1.0009604716609208,0.176523318867981,1.0535072313821372,0.023326688738864714,0.012854300633311293,-0.010472388105553421,0.5510555217335531,TRUE,FALSE,TRUE
1,Manhattan,CLINTON,1060,5,"$624,176",prediction,GROSSCON,12,0.968,0.42871667894128607,0.23347513909077242,4.499211451314281,1.000336226123652,0.23699015236690157,0.6414586053652214,0.02721862840107277,0.019145235445626962,-0.008073392955445808,0.7033872230267264,TRUE,FALSE,TRUE
1,Manhattan,CLINTON,1060,6,"$666,350",prediction,GROSSCON,9,0.9411,0.3171742395945649,0.20420168067226893,5.486540312571653,0.9995723882732985,0.6838247883550161,0.4970038198775245,0.0210797925005441,0.025492972722298408,0.0044131802217543085,1.209355961242996,TRUE,TRUE,TRUE
1,Manhattan,CLINTON,1060,7,"$707,500",prediction,GROSSCON,8,0.9569,0.32852102999213034,0.2046485260770976,5.09789994433626,1.0044812603640367,-0.221969754106981,1.3062272854564692,0.05020043896764381,0.024372067342821158,-0.025828371624822655,0.4854951041071559,TRUE,TRUE,TRUE
1,Manhattan,EAST VILLAGE,1070,1,"$403,900",prediction,GROSSCON,6,1.1252,0.7455377329274744,0.8889795918367347,11.438855446936367,0.9909348287618969,0.26980813132010395,0.6097866207257513,0.08687068114511358,0.13353352819299782,0.046662847047884246,1.5371530006762126,FALSE,TRUE,TRUE
1,Manhattan,EAST VILLAGE,1070,2,"$483,000",prediction,GROSSCON,7,1.0752,0.6340872381577544,0.3177910052910054,3.2404097331969446,0.9995297527657288,0.27721487604507966,0.6226723102679059,0.02773497688751928,0.027807554934184204,7.257804666492562e-5,1.002616841793641,TRUE,FALSE,TRUE
1,Manhattan,EAST VILLAGE,1070,3,"$589,600",prediction,GROSSCON,4,NA,NA,NA,NA,NA,NA,NA,NA,NA,NA,NA,NA,NA,NA
1,Manhattan,EAST VILLAGE,1070,4,"$653,600",prediction,GROSSCON,7,0.9609,0.1061404728561216,0.23668831168831161,7.4208292796299204,1.0000679492457016,0.895220970504758,0.5778216331590277,0.020962904498816215,0.024011622705067737,0.0030487182062515217,1.1454339596129766,TRUE,TRUE,TRUE
1,Manhattan,EAST VILLAGE,1070,5,"$727,000",prediction,GROSSCON,7,1.0855,3.841765499301958e-5,0.026776859504132233,5.797107134658459,1.002586274678389,-0.10117060351129,1.2818705490409854,0.028275521946408082,0.0038692118375779827,-0.024406310108830098,0.13683962562783034,TRUE,TRUE,TRUE
1,Manhattan,EAST VILLAGE,1070,6,"$834,000",prediction,GROSSCON,14,0.9908,0.20091440253650247,0.230570312689518,8.13533964817969,0.9989433100049789,1.0588323795284376,0.2162142353135215,0.01767654430193133,0.035447384803617484,0.017770840501686154,2.005334538139591,TRUE,TRUE,TRUE
1,Manhattan,EAST VILLAGE,1070,7,"$856,000",prediction,GROSSCON,5,NA,NA,NA,NA,NA,NA,NA,NA,NA,NA,NA,NA,NA,NA
1,Manhattan,EAST VILLAGE,1070,8,"$904,000",prediction,GROSSCON,2,NA,NA,NA,NA,NA,NA,NA,NA,NA,NA,NA,NA,NA,NA
1,Manhattan,EAST VILLAGE,1070,9,"$1,150,000",prediction,GROSSCON,1,NA,NA,NA,NA,NA,NA,NA,NA,NA,NA,NA,NA,NA,NA
1,Manhattan,EAST VILLAGE,1070,10,"$2,542,950",prediction,GROSSCON,1,NA,NA,NA,NA,NA,NA,NA,NA,NA,NA,NA,NA,NA,NA
1,Manhattan,FASHION,1080,1,"$528,500",prediction,GROSSCON,1,NA,NA,NA,NA,NA,NA,NA,NA,NA,NA,NA,NA,NA,NA
1,Manhattan,FASHION,1080,2,"$617,000",prediction,GROSSCON,2,NA,NA,NA,NA,NA,NA,NA,NA,NA,NA,NA,NA,NA,NA
1,Manhattan,FASHION,1080,3,"$811,000",prediction,GROSSCON,5,NA,NA,NA,NA,NA,NA,NA,NA,NA,NA,NA,NA,NA,NA
1,Manhattan,FASHION,1080,4,"$953,000",prediction,GROSSCON,2,NA,NA,NA,NA,NA,NA,NA,NA,NA,NA,NA,NA,NA,NA
1,Manhattan,FASHION,1080,5,"$1,084,500",prediction,GROSSCON,2,NA,NA,NA,NA,NA,NA,NA,NA,NA,NA,NA,NA,NA,NA
1,Manhattan,FASHION,1080,6,"$1,312,000",prediction,GROSSCON,5,NA,NA,NA,NA,NA,NA,NA,NA,NA,NA,NA,NA,NA,NA
1,Manhattan,FASHION,1080,7,"$1,572,500",prediction,GROSSCON,5,NA,NA,NA,NA,NA,NA,NA,NA,NA,NA,NA,NA,NA,NA
1,Manhattan,FASHION,1080,8,"$2,278,500",prediction,GROSSCON,7,1.055,1.3908592255106113e-4,0.015909090909090907,9.6387167377388,1.007935428536773,0.25147984929870976,1.0226372081220616,0.04838064774090357,-0.005583221842532079,-0.05396386958343565,-0.11540196552208883,TRUE,TRUE,TRUE
1,Manhattan,FASHION,1080,9,"$3,077,500",prediction,GROSSCON,5,NA,NA,NA,NA,NA,NA,NA,NA,NA,NA,NA,NA,NA,NA
1,Manhattan,FASHION,1080,10,"$4,585,000",prediction,GROSSCON,6,0.9621,0.6731356379824832,0.7067226890756302,9.325479671995792,0.9946967092079264,0.3322653666036838,0.587440993226859,0.0801369298028541,0.11769220886892695,0.03755527906607285,1.4686388554997438,TRUE,TRUE,TRUE
1,Manhattan,FINANCIAL,1090,1,"$400,000",prediction,GROSSCON,1,NA,NA,NA,NA,NA,NA,NA,NA,NA,NA,NA,NA,NA,NA
1,Manhattan,FINANCIAL,1090,2,"$441,000",prediction,GROSSCON,5,NA,NA,NA,NA,NA,NA,NA,NA,NA,NA,NA,NA,NA,NA
1,Manhattan,FINANCIAL,1090,3,"$473,000",prediction,GROSSCON,1,NA,NA,NA,NA,NA,NA,NA,NA,NA,NA,NA,NA,NA,NA
1,Manhattan,FINANCIAL,1090,4,"$632,000",prediction,GROSSCON,1,NA,NA,NA,NA,NA,NA,NA,NA,NA,NA,NA,NA,NA,NA
1,Manhattan,FINANCIAL,1090,6,"$1,139,000",prediction,GROSSCON,1,NA,NA,NA,NA,NA,NA,NA,NA,NA,NA,NA,NA,NA,NA
1,Manhattan,FINANCIAL,1090,7,"$1,333,250",prediction,GROSSCON,2,NA,NA,NA,NA,NA,NA,NA,NA,NA,NA,NA,NA,NA,NA
1,Manhattan,FINANCIAL,1090,8,"$1,460,400",prediction,GROSSCON,4,NA,NA,NA,NA,NA,NA,NA,NA,NA,NA,NA,NA,NA,NA
1,Manhattan,FINANCIAL,1090,10,"$2,940,000",prediction,GROSSCON,3,NA,NA,NA,NA,NA,NA,NA,NA,NA,NA,NA,NA,NA,NA
1,Manhattan,FLATIRON,1100,1,"$537,000",prediction,GROSSCON,1,NA,NA,NA,NA,NA,NA,NA,NA,NA,NA,NA,NA,NA,NA
1,Manhattan,FLATIRON,1100,2,"$687,000",prediction,GROSSCON,11,1.1555,0.1993789633091355,0.35400083787180564,7.780630875178806,1.0001274805109093,0.6744362011927598,0.4998919414084165,0.025737944128970982,0.03751212297879276,0.011774178849821775,1.4574638436862795,FALSE,TRUE,TRUE
1,Manhattan,FLATIRON,1100,3,"$763,819",prediction,GROSSCON,11,1.0827,4.623974143098712e-4,0.015200166805671395,6.5152416016128925,1.002664870509206,0.9145346377224622,0.761981508235169,0.026775075348706844,-0.007797785478123648,-0.03457286082683049,-0.29123299847222495,TRUE,TRUE,TRUE
1,Manhattan,FLATIRON,1100,4,"$837,044",prediction,GROSSCON,18,1.0135,0.1523947857728887,0.17422418749946367,8.567151831544301,1.000047523461564,0.7949600630624778,0.4897656362279173,0.02647053494198342,0.025345705947866212,-0.0011248289941172065,0.9575063746697019,TRUE,TRUE,TRUE
1,Manhattan,FLATIRON,1100,5,"$910,000",prediction,GROSSCON,30,1.0032,0.021107115778525403,0.04596619385427333,10.000360449696272,1.0009984181839218,1.000185668509339,0.27730778937763323,0.02299550788053016,0.011914575997273146,-0.011080931883257015,0.5181262383581003,TRUE,TRUE,TRUE
1,Manhattan,FLATIRON,1100,6,"$991,000",prediction,GROSSCON,44,1.0377,0.041033677281502715,0.08121868101965905,8.428971189650667,1.0015921248775221,0.7653949087991117,0.6760208221949773,0.030950134099286878,0.012933708894603123,-0.018016425204683755,0.417888622165974,TRUE,TRUE,TRUE
1,Manhattan,FLATIRON,1100,7,"$1,372,500",prediction,GROSSCON,16,0.9474,0.47031320175548424,0.45863961404286185,9.002820838333541,0.9978269304462081,0.5034720308874449,0.5262122348813201,0.048958664459072265,0.05860917150126843,0.009650507042196166,1.1971154064111298,TRUE,TRUE,TRUE
1,Manhattan,FLATIRON,1100,8,"$1,759,000",prediction,GROSSCON,24,0.9674,0.4741829672105349,0.4959598370749265,9.92369449881499,0.9979648550056993,0.43088279797486334,0.6034659618402514,0.05629490802958751,0.06317659259994916,0.006881684570361653,1.122243464129025,TRUE,TRUE,TRUE
1,Manhattan,FLATIRON,1100,9,"$2,365,000",prediction,GROSSCON,29,0.9753,0.18778057795566125,0.3499554049883226,9.297167561861487,1.004534879560624,0.390437930548601,0.710954432473439,0.06974479908269259,0.04558497418286063,-0.024159824899831955,0.6535967524806119,TRUE,TRUE,TRUE
1,Manhattan,FLATIRON,1100,10,"$7,500,000",prediction,GROSSCON,14,0.9627,0.9096100501622403,0.7922956164714405,6.753308562874727,1.0031964508064288,0.010304792148290798,0.882730448608099,0.16547876215158855,0.15569358346241305,-0.0097851786891755,0.9408674650332972,TRUE,TRUE,TRUE
1,Manhattan,GRAMERCY,1110,1,"$480,000",prediction,GROSSCON,19,1.1005,0.3122481470793057,0.24562638991845806,13.833449841693593,0.9983064128009261,0.6222072346120758,0.47095428892919494,0.05319003526475915,0.05817289491457046,0.004982859649811308,1.0936803223575353,FALSE,TRUE,TRUE
1,Manhattan,GRAMERCY,1110,2,"$540,000",prediction,GROSSCON,43,1.0957,0.09908083076631687,0.16813893068392968,9.595158160270453,1.0028406167349722,0.5488513962314914,0.6851264543188657,0.04422948038759129,0.027095917033130516,-0.01713356335446077,0.61262119282623,TRUE,TRUE,TRUE
1,Manhattan,GRAMERCY,1110,3,"$600,000",prediction,GROSSCON,79,1.041,0.1754541275614192,0.2384619972122216,9.062742488483504,0.9993733575489328,0.9555838828431121,0.3698044762018777,0.024951818026836766,0.03371413641968453,0.008762318392847763,1.3511695373629091,TRUE,TRUE,TRUE
1,Manhattan,GRAMERCY,1110,4,"$680,000",prediction,GROSSCON,72,1.0543,0.09406898147827737,0.10428763556985265,10.840552858870694,1.0000291976501852,0.9808394083353826,0.362558068805362,0.026897903039971045,0.02305133894622892,-0.0038465640937421254,0.8569939043937357,TRUE,TRUE,TRUE
1,Manhattan,GRAMERCY,1110,5,"$750,000",prediction,GROSSCON,76,1.0307,0.07719168862210429,0.0826491588837332,7.778384916265211,1.0008356547361772,0.7598544760588559,0.438330593775574,0.026966047360753833,0.01645484666635386,-0.010511200694399973,0.6102061027417058,TRUE,TRUE,TRUE
1,Manhattan,GRAMERCY,1110,6,"$830,000",prediction,GROSSCON,73,0.9927,0.10909792472546703,0.14189147017466583,9.484056101232799,1.000478073452947,0.8032439253476924,0.42892279344742446,0.029944981903041675,0.025351646655037665,-0.00459333524800401,0.8466075129757403,TRUE,TRUE,TRUE
1,Manhattan,GRAMERCY,1110,7,"$936,500",prediction,GROSSCON,49,0.9617,0.26997230185697024,0.26605477609523465,10.458374002242863,0.9995922164592819,0.5692718714440819,0.588870342809181,0.04898547858825925,0.0498464886621445,8.610100738852475e-4,1.017576843152281,TRUE,TRUE,TRUE
1,Manhattan,GRAMERCY,1110,8,"$1,204,000",prediction,GROSSCON,39,0.9292,0.0669078465439576,0.06306479734881278,16.337586929223168,1.0029381829284805,0.8648289607802646,0.5033011496199423,0.050358776288407243,0.028903311811630916,-0.021455464476776327,0.5739478585837788,TRUE,FALSE,TRUE
1,Manhattan,GRAMERCY,1110,9,"$1,700,000",prediction,GROSSCON,34,0.8418,0.02385677536032295,0.023777278344149413,20.028575823065324,1.0077946705141942,0.8244526172826008,0.40453641823186337,0.06230137535410788,0.020397336743837886,-0.04190403861026999,0.3273978564342075,FALSE,FALSE,TRUE
1,Manhattan,GRAMERCY,1110,10,"$5,400,000",prediction,GROSSCON,15,0.9399,0.6468464121821462,0.4302613084589828,12.696953154667742,1.0116603090634186,0.018998902948927077,1.0972695999971995,0.1310342216264928,0.09614081306723037,-0.03489340855926244,0.7337076671564124,TRUE,TRUE,TRUE
1,Manhattan,GREENWICH VILLAGE-CENTRAL,1120,1,"$514,684",prediction,GROSSCON,11,1.0926,0.23538174346784255,0.4779099405267629,11.383342861521644,1.0044650941989837,1.5428963197619128,0.17460390052118127,0.02216492017336917,-0.03628904259880547,-0.05845396277217464,-1.6372286620010583,TRUE,TRUE,TRUE
1,Manhattan,GREENWICH VILLAGE-CENTRAL,1120,2,"$680,000",prediction,GROSSCON,29,1.0351,0.25806916039923666,0.29218536203789547,6.745598993386208,1.0004546103410896,0.4531788455923269,0.7529941688067636,0.03383742134963392,0.028959521135308672,-0.004877900214325246,0.8558430276372694,TRUE,TRUE,TRUE
1,Manhattan,GREENWICH VILLAGE-CENTRAL,1120,3,"$802,000",prediction,GROSSCON,33,1.0499,0.17759350709470353,0.21185449907144402,12.598005451247166,0.9989493625966931,0.9615703361558355,0.38690452951124954,0.031924765145337486,0.0429099170863978,0.010985151941060312,1.3440949961902746,TRUE,TRUE,TRUE
1,Manhattan,GREENWICH VILLAGE-CENTRAL,1120,4,"$946,000",prediction,GROSSCON,35,1.1123,0.03117609192649555,0.05259183319345439,16.431348816536985,1.000280566038291,1.2537823330548457,0.25494492874187863,0.025615676359039292,0.020478010522506095,-0.0051376658365331965,0.799432747177093,FALSE,FALSE,TRUE
1,Manhattan,GREENWICH VILLAGE-CENTRAL,1120,5,"$1,200,000",prediction,GROSSCON,48,1.1108,0.0809993522172396,0.0750751394910202,14.673372664943093,0.9992312284752763,1.2412291905915567,0.20683268536023353,0.0250225297724338,0.03750982075516399,0.012487290982730194,1.4990419072849654,FALSE,TRUE,TRUE
1,Manhattan,GREENWICH VILLAGE-CENTRAL,1120,6,"$1,541,000",prediction,GROSSCON,58,1.0175,0.0047101620795185995,0.0032172620918341104,11.182439326877018,1.0024571182553776,1.0678702984714712,0.45077653759136294,0.03139927207479601,0.004339884735276666,-0.02705938733951934,0.13821609382977587,TRUE,TRUE,TRUE
1,Manhattan,GREENWICH VILLAGE-CENTRAL,1120,7,"$1,833,000",prediction,GROSSCON,52,0.9937,0.04394086381362444,0.05132176863808718,15.642289869931494,1.0027085167204246,0.9166012316808224,0.5491548582395642,0.04236323982501311,0.022972439461391596,-0.019390800363621515,0.5422729601485216,TRUE,FALSE,TRUE
1,Manhattan,GREENWICH VILLAGE-CENTRAL,1120,8,"$2,238,000",prediction,GROSSCON,68,1.0008,0.11142519575394448,0.12240413429787557,12.273011162342852,1.0030205654267748,0.5930066417615213,0.5774926567172428,0.05196410705444249,0.03272384355178037,-0.01924026350266212,0.6297393606224349,TRUE,TRUE,TRUE
1,Manhattan,GREENWICH VILLAGE-CENTRAL,1120,9,"$3,064,999",prediction,GROSSCON,95,0.91,0.1691791406554508,0.16677711210099544,12.251260916163906,1.0043743575855557,0.4096251592653167,0.5798110824968901,0.06504183243775655,0.04407141076327195,-0.020970421674484596,0.6775856262267398,TRUE,TRUE,TRUE
1,Manhattan,GREENWICH VILLAGE-CENTRAL,1120,10,"$10,500,000",prediction,GROSSCON,80,0.9545,0.8889294761530814,0.718298432328994,9.138553755653078,1.0049724259721835,0.02647523558187785,0.9503002590211618,0.1650659997743366,0.15294311317078096,-0.01212288660355565,0.926557336943229,TRUE,TRUE,TRUE
1,Manhattan,GREENWICH VILLAGE-WEST,1121,1,"$500,000",prediction,GROSSCON,7,1.151,0.8654502483282897,0.5624999999999997,33.621577350619795,1.0458989875557572,4.147097232783962,-0.23283009180088082,0.06130494975775796,-0.10397162215514401,-0.16527657191290196,-1.6959743473566213,FALSE,FALSE,FALSE
1,Manhattan,GREENWICH VILLAGE-WEST,1121,2,"$600,000",prediction,GROSSCON,32,1.1052,0.07959494542006305,0.2615243985784582,12.590394419338125,1.0008599451281794,1.0014323621629373,0.46440775383958444,0.0377961014596333,0.03092303573753452,-0.006873065722098781,0.8181541096390775,FALSE,TRUE,TRUE
1,Manhattan,GREENWICH VILLAGE-WEST,1121,3,"$690,000",prediction,GROSSCON,38,1.0701,0.1836476498088677,0.21702882875652127,8.62030136017599,1.0001082584404173,0.7078171368105836,0.4634131950445448,0.030964918599170194,0.029115932000505825,-0.0018489865986643685,0.940287697100101,TRUE,TRUE,TRUE
1,Manhattan,GREENWICH VILLAGE-WEST,1121,4,"$785,000",prediction,GROSSCON,44,1.0379,0.2395597885359466,0.2693473630676488,8.64774898959057,0.9989530135679829,0.9136595012785957,0.32177008139724794,0.02233976262572167,0.037600137429292246,0.015260374803570575,1.6831037132865505,TRUE,TRUE,TRUE
1,Manhattan,GREENWICH VILLAGE-WEST,1121,5,"$895,000",prediction,GROSSCON,48,1.0474,0.3131944038866493,0.3619661002545501,9.666725685646409,0.9985258350202417,0.830949202564376,0.3074004361670027,0.02722104684087349,0.04491846687945319,0.017697420038579697,1.650137378699423,TRUE,TRUE,TRUE
1,Manhattan,GREENWICH VILLAGE-WEST,1121,6,"$1,040,000",prediction,GROSSCON,51,1.0324,0.1341558931325811,0.19735221360700622,7.285847468886128,1.000521169336419,0.7088026996755956,0.6441853536017248,0.029234326161724125,0.023974696674226203,-0.005259629487497922,0.8200871996022182,TRUE,TRUE,TRUE
1,Manhattan,GREENWICH VILLAGE-WEST,1121,7,"$1,251,000",prediction,GROSSCON,62,0.9575,0.14275236800853175,0.2208816837167858,13.065154637629291,1.0013664865084106,0.7236511265435714,0.48643001293717575,0.04913328787205365,0.04043862675906034,-0.008694661112993309,0.8230392980084137,TRUE,TRUE,TRUE
1,Manhattan,GREENWICH VILLAGE-WEST,1121,8,"$1,580,000",prediction,GROSSCON,47,0.9277,0.07147151878870422,0.08200165035549951,12.125844848825217,1.0024082940486696,0.806573883756593,0.47776650626835665,0.04614551476424595,0.028807566796228125,-0.017337947968017825,0.624276637575805,TRUE,TRUE,TRUE
1,Manhattan,GREENWICH VILLAGE-WEST,1121,9,"$2,150,000",prediction,GROSSCON,41,0.8842,0.18105834080341388,0.2839736330110056,14.262644910936665,0.9994968216966729,0.731754219054132,0.44130266977732563,0.05533109103271081,0.06474248071316285,0.009411389680452041,1.1700922484049372,FALSE,TRUE,TRUE
1,Manhattan,GREENWICH VILLAGE-WEST,1121,10,"$12,300,000",prediction,GROSSCON,31,0.9403,0.9355731522961687,0.45141813739952796,10.668053103072095,0.9995898455885882,0.05458982799077317,0.8898830178824987,0.179006868932641,0.16664367313974812,-0.012363195792892884,0.9309345173924859,TRUE,TRUE,TRUE
1,Manhattan,HARLEM-CENTRAL,1130,1,"$298,000",prediction,GROSSCON,5,NA,NA,NA,NA,NA,NA,NA,NA,NA,NA,NA,NA,NA,NA
1,Manhattan,HARLEM-CENTRAL,1130,2,"$377,000",prediction,GROSSCON,3,NA,NA,NA,NA,NA,NA,NA,NA,NA,NA,NA,NA,NA,NA
1,Manhattan,HARLEM-CENTRAL,1130,3,"$415,300",prediction,GROSSCON,2,NA,NA,NA,NA,NA,NA,NA,NA,NA,NA,NA,NA,NA,NA
1,Manhattan,HARLEM-CENTRAL,1130,4,"$427,600",prediction,GROSSCON,1,NA,NA,NA,NA,NA,NA,NA,NA,NA,NA,NA,NA,NA,NA
1,Manhattan,HARLEM-CENTRAL,1130,5,"$542,500",prediction,GROSSCON,2,NA,NA,NA,NA,NA,NA,NA,NA,NA,NA,NA,NA,NA,NA
1,Manhattan,HARLEM-CENTRAL,1130,6,"$681,000",prediction,GROSSCON,2,NA,NA,NA,NA,NA,NA,NA,NA,NA,NA,NA,NA,NA,NA
1,Manhattan,HARLEM-CENTRAL,1130,7,"$803,500",prediction,GROSSCON,1,NA,NA,NA,NA,NA,NA,NA,NA,NA,NA,NA,NA,NA,NA
1,Manhattan,HARLEM-CENTRAL,1130,8,"$904,000",prediction,GROSSCON,1,NA,NA,NA,NA,NA,NA,NA,NA,NA,NA,NA,NA,NA,NA
1,Manhattan,HARLEM-CENTRAL,1130,9,"$1,250,000",prediction,GROSSCON,1,NA,NA,NA,NA,NA,NA,NA,NA,NA,NA,NA,NA,NA,NA
1,Manhattan,HARLEM-EAST,1131,2,"$410,000",prediction,GROSSCON,1,NA,NA,NA,NA,NA,NA,NA,NA,NA,NA,NA,NA,NA,NA
1,Manhattan,HARLEM-UPPER,1132,2,"$628,000",prediction,GROSSCON,1,NA,NA,NA,NA,NA,NA,NA,NA,NA,NA,NA,NA,NA,NA
1,Manhattan,HARLEM-UPPER,1132,3,"$648,500",prediction,GROSSCON,1,NA,NA,NA,NA,NA,NA,NA,NA,NA,NA,NA,NA,NA,NA
1,Manhattan,HARLEM-UPPER,1132,4,"$664,400",prediction,GROSSCON,4,NA,NA,NA,NA,NA,NA,NA,NA,NA,NA,NA,NA,NA,NA
1,Manhattan,HARLEM-UPPER,1132,5,"$677,000",prediction,GROSSCON,2,NA,NA,NA,NA,NA,NA,NA,NA,NA,NA,NA,NA,NA,NA
1,Manhattan,HARLEM-UPPER,1132,7,"$749,000",prediction,GROSSCON,2,NA,NA,NA,NA,NA,NA,NA,NA,NA,NA,NA,NA,NA,NA
1,Manhattan,HARLEM-WEST,1133,1,"$426,400",prediction,GROSSCON,1,NA,NA,NA,NA,NA,NA,NA,NA,NA,NA,NA,NA,NA,NA
1,Manhattan,HARLEM-WEST,1133,5,"$552,000",prediction,GROSSCON,1,NA,NA,NA,NA,NA,NA,NA,NA,NA,NA,NA,NA,NA,NA
1,Manhattan,INWOOD,1140,1,"$288,200",prediction,GROSSCON,46,1.1006,0.7311399016797545,0.6776689460511242,8.574034355948001,0.9976821826978064,0.15602252912919817,0.8024790958203218,0.098995769250449,0.10630703773488756,0.0073112684844385545,1.0738543529667597,FALSE,TRUE,TRUE
1,Manhattan,INWOOD,1140,2,"$330,000",prediction,GROSSCON,36,1.0344,0.22425598335707292,0.08992284634865279,6.1438383940401655,1.0016341340217065,0.2018089903411072,0.8061761712054746,0.034543916608537534,0.016907142034559303,-0.01763677457397823,0.48943905886979533,TRUE,TRUE,TRUE
1,Manhattan,INWOOD,1140,3,"$380,500",prediction,GROSSCON,20,0.9506,0.001289351556122389,0.008109117187938426,9.484816229707372,1.001589417779647,1.1861116492092536,0.40342083672686285,0.02075922878623846,7.755325914223122e-4,-0.019983696194816148,0.03735844907381251,TRUE,TRUE,TRUE
1,Manhattan,INWOOD,1140,4,"$404,600",prediction,GROSSCON,10,0.9112,0.025196542142543008,3.3259423503325937e-4,10.919283219281642,1.004046174831797,1.212950815258645,0.7994607611692182,0.02986275437766217,-0.014740622885679677,-0.04460337726334185,-0.49361230043488236,TRUE,TRUE,TRUE
1,Manhattan,INWOOD,1140,5,"$422,000",prediction,GROSSCON,1,NA,NA,NA,NA,NA,NA,NA,NA,NA,NA,NA,NA,NA,NA
1,Manhattan,INWOOD,1140,6,"$463,999",prediction,GROSSCON,7,0.935,0.05369693110430803,0.03188775510204081,13.243428023518836,1.0004592360769498,0.9582134668428491,0.5720943481019397,0.02437850140056013,0.024550717049295505,1.7221564873537432e-4,1.0070642426253247,TRUE,TRUE,TRUE
1,Manhattan,INWOOD,1140,7,"$534,000",prediction,GROSSCON,4,NA,NA,NA,NA,NA,NA,NA,NA,NA,NA,NA,NA,NA,NA
1,Manhattan,INWOOD,1140,8,"$575,000",prediction,GROSSCON,1,NA,NA,NA,NA,NA,NA,NA,NA,NA,NA,NA,NA,NA,NA
1,Manhattan,JAVITS CENTER,1150,1,"$352,500",prediction,GROSSCON,8,1.0774,0.004995734761864689,0.014172335600907034,7.909457243245177,1.0064301733427214,0.1413136465354426,1.0996663856117421,0.04285589975635218,-0.0010442453848489297,-0.04390014514120111,-0.02436643241154095,TRUE,TRUE,TRUE
1,Manhattan,JAVITS CENTER,1150,2,"$385,000",prediction,GROSSCON,8,1.0133,0.03854298583696015,0.02916666666666667,6.054249800981084,1.0021272633580975,0.11330181163048393,0.18615206404900358,0.02307792887029292,0.007207574556574503,-0.015870354313718416,0.3123146187460721,TRUE,TRUE,TRUE
1,Manhattan,JAVITS CENTER,1150,3,"$407,500",prediction,GROSSCON,2,NA,NA,NA,NA,NA,NA,NA,NA,NA,NA,NA,NA,NA,NA
1,Manhattan,JAVITS CENTER,1150,4,"$485,000",prediction,GROSSCON,2,NA,NA,NA,NA,NA,NA,NA,NA,NA,NA,NA,NA,NA,NA
1,Manhattan,JAVITS CENTER,1150,5,"$490,000",prediction,GROSSCON,6,0.9676,0.6214731148240321,0.37058823529411766,5.914406099472566,0.998134983465725,0.6924656191801862,0.37328571004736194,0.02188365650969522,0.046838818459003395,0.024955161949308174,2.140356134645605,TRUE,TRUE,TRUE
1,Manhattan,KIPS BAY,1160,1,"$413,500",prediction,GROSSCON,9,1.0828,0.2513882368524274,0.23757062146892657,12.128342407757014,0.9986324501031647,0.7798620539965985,0.3922571248440052,0.03544943524268716,0.037139492609107684,0.0016900573664205207,1.0476751563135032,TRUE,TRUE,TRUE
1,Manhattan,KIPS BAY,1160,2,"$465,000",prediction,GROSSCON,18,1.0296,0.14656931425535333,0.07307677454236504,6.651015279261367,1.0021730439526073,0.1967746259973247,0.669451933628695,0.03572121246578024,0.015067533244815974,-0.02065367922096427,0.4218091213799134,TRUE,TRUE,TRUE
1,Manhattan,KIPS BAY,1160,3,"$525,000",prediction,GROSSCON,24,1.0365,0.0779001906644407,0.09664604099684569,8.639343724754776,1.0008025532738185,0.8847286974675304,0.4013528824530761,0.02885205896589138,0.02323268531122095,-0.005619373654670429,0.8052349171574341,TRUE,TRUE,TRUE
1,Manhattan,KIPS BAY,1160,4,"$570,000",prediction,GROSSCON,15,1.0467,0.2748969231591984,0.11071501357047425,7.111822770720404,0.9993877078316145,0.9094478579268486,0.2743900077464044,0.01542450335145631,0.025584840886236058,0.010160337534779748,1.6587140800109106,TRUE,TRUE,TRUE
1,Manhattan,KIPS BAY,1160,5,"$617,500",prediction,GROSSCON,14,1.079,0.31152277218769964,0.3147843346081232,11.190952345885087,0.9983755372130589,0.9812602811454394,0.272450492856839,0.023085305964796125,0.044024622696689164,0.02093931673189304,1.9070409014212069,TRUE,TRUE,TRUE
1,Manhattan,KIPS BAY,1160,6,"$650,000",prediction,GROSSCON,14,0.9937,0.36485289015190453,0.4202104747919728,10.044048924797043,0.9981343363904213,0.8050125746263311,0.3082616584610979,0.027529917335641203,0.0568886989065661,0.029358781570924898,2.066431882558397,TRUE,TRUE,TRUE
1,Manhattan,KIPS BAY,1160,7,"$751,500",prediction,GROSSCON,5,NA,NA,NA,NA,NA,NA,NA,NA,NA,NA,NA,NA,NA,NA
1,Manhattan,KIPS BAY,1160,8,"$825,000",prediction,GROSSCON,3,NA,NA,NA,NA,NA,NA,NA,NA,NA,NA,NA,NA,NA,NA
1,Manhattan,KIPS BAY,1160,9,"$1,006,250",prediction,GROSSCON,4,NA,NA,NA,NA,NA,NA,NA,NA,NA,NA,NA,NA,NA,NA
1,Manhattan,LITTLE ITALY,1170,10,"$4,450,000",prediction,GROSSCON,3,NA,NA,NA,NA,NA,NA,NA,NA,NA,NA,NA,NA,NA,NA
1,Manhattan,LOWER EAST SIDE,1180,1,"$535,900",prediction,GROSSCON,1,NA,NA,NA,NA,NA,NA,NA,NA,NA,NA,NA,NA,NA,NA
1,Manhattan,LOWER EAST SIDE,1180,2,"$603,000",prediction,GROSSCON,8,1.4998,0.19220069641719711,0.2046485260770976,21.00947236190441,1.0054137022213339,1.418832698083271,0.06764157534178968,0.022500682873531908,-0.0524759375825139,-0.0749766204560458,-2.332193110647437,FALSE,FALSE,TRUE
1,Manhattan,LOWER EAST SIDE,1180,3,"$629,600",prediction,GROSSCON,19,1.101,0.5425707184241401,0.41936422915696336,5.272354411343643,0.9991338523824814,0.5101682720129752,0.5304117374479597,0.025975381745876172,0.036133888021856186,0.010158506275980014,1.3910820782294284,FALSE,TRUE,TRUE
1,Manhattan,LOWER EAST SIDE,1180,4,"$701,000",prediction,GROSSCON,44,1.0718,0.416415574434637,0.34321633911825206,5.412296701172234,0.99932262829001,0.5927938966460026,0.4992678532748971,0.02441603734995371,0.030070840421307112,0.005654803071353402,1.2316019995506815,TRUE,TRUE,TRUE
1,Manhattan,LOWER EAST SIDE,1180,5,"$783,500",prediction,GROSSCON,32,0.9952,0.1532875224259681,0.18557834757258618,8.162577696821433,0.999983767488351,0.8369242356591288,0.39438773078807837,0.02565879991589526,0.02820628087282473,0.002547480956929471,1.099282934715561,TRUE,TRUE,TRUE
1,Manhattan,LOWER EAST SIDE,1180,6,"$819,600",prediction,GROSSCON,45,0.9852,0.0867882301740141,0.04651425800563421,9.20994773280082,1.000705944664411,0.812920712467823,0.38065486844799545,0.027948864382693887,0.0193842799692089,-0.008564584413484986,0.6935623467124399,TRUE,TRUE,TRUE
1,Manhattan,LOWER EAST SIDE,1180,7,"$875,500",prediction,GROSSCON,22,0.9435,0.08544577347056628,0.05563347705920584,9.906284114977199,1.0020054312422177,0.6361514173342975,0.42919491397349974,0.037312169551012596,0.019634924313066095,-0.0176772452379465,0.5262337877785838,TRUE,TRUE,TRUE
1,Manhattan,LOWER EAST SIDE,1180,8,"$949,400",prediction,GROSSCON,8,0.9084,2.8096458319149827e-4,5.668934240362813e-4,19.396555121650508,1.0055197800056548,1.1151397177595217,0.6392967399556005,0.036138859098954645,-0.028427729587897632,-0.06456658868685228,-0.7866249875254068,TRUE,FALSE,TRUE
1,Manhattan,LOWER EAST SIDE,1180,9,"$1,125,000",prediction,GROSSCON,4,NA,NA,NA,NA,NA,NA,NA,NA,NA,NA,NA,NA,NA,NA
1,Manhattan,LOWER EAST SIDE,1180,10,"$3,065,500",prediction,GROSSCON,1,NA,NA,NA,NA,NA,NA,NA,NA,NA,NA,NA,NA,NA,NA
1,Manhattan,MANHATTAN VALLEY,1190,1,"$424,898",prediction,GROSSCON,3,NA,NA,NA,NA,NA,NA,NA,NA,NA,NA,NA,NA,NA,NA
1,Manhattan,MANHATTAN VALLEY,1190,2,"$529,000",prediction,GROSSCON,3,NA,NA,NA,NA,NA,NA,NA,NA,NA,NA,NA,NA,NA,NA
1,Manhattan,MANHATTAN VALLEY,1190,3,"$592,000",prediction,GROSSCON,6,1.024,0.790944945331961,0.7844897959183674,2.71358364078763,1.0014683076384285,-0.4724767553434992,2.2076354470895643,0.02868762049580405,0.012307326648726876,-0.016380293847077176,0.4290117631236438,TRUE,FALSE,TRUE
1,Manhattan,MANHATTAN VALLEY,1190,4,"$634,000",prediction,GROSSCON,5,NA,NA,NA,NA,NA,NA,NA,NA,NA,NA,NA,NA,NA,NA
1,Manhattan,MANHATTAN VALLEY,1190,5,"$729,500",prediction,GROSSCON,5,NA,NA,NA,NA,NA,NA,NA,NA,NA,NA,NA,NA,NA,NA
1,Manhattan,MANHATTAN VALLEY,1190,6,"$1,173,948",prediction,GROSSCON,1,NA,NA,NA,NA,NA,NA,NA,NA,NA,NA,NA,NA,NA,NA
1,Manhattan,MANHATTAN VALLEY,1190,7,"$1,384,000",prediction,GROSSCON,3,NA,NA,NA,NA,NA,NA,NA,NA,NA,NA,NA,NA,NA,NA
1,Manhattan,MANHATTAN VALLEY,1190,8,"$1,525,000",prediction,GROSSCON,8,1.0746,0.07006438933408887,0.0694205393000574,5.069074628143053,1.0025662384301481,-0.0722157512624035,1.4975109413646315,0.030887619930107357,0.007167951758872748,-0.02371966817123461,0.2320655257702737,TRUE,TRUE,TRUE
1,Manhattan,MANHATTAN VALLEY,1190,9,"$1,760,000",prediction,GROSSCON,2,NA,NA,NA,NA,NA,NA,NA,NA,NA,NA,NA,NA,NA,NA
1,Manhattan,MANHATTAN VALLEY,1190,10,"$3,482,500",prediction,GROSSCON,3,NA,NA,NA,NA,NA,NA,NA,NA,NA,NA,NA,NA,NA,NA
1,Manhattan,MIDTOWN CBD,1200,1,"$373,025",prediction,GROSSCON,10,1.0649,0.44176747465221305,0.5096969696969698,9.490007468263157,1.0004607932201408,0.3268951686202487,0.7072030735066964,0.06049327687393209,0.06756481620230854,0.007071539328376453,1.1168979379826545,TRUE,TRUE,TRUE
1,Manhattan,MIDTOWN CBD,1200,2,"$430,000",prediction,GROSSCON,19,1.0637,0.02393650851107026,0.004646038577687566,9.450224733856768,1.0026342307131828,0.6739744990475659,0.5472288606940985,0.035335728091507916,0.007362225381225142,-0.027973502710282774,0.20835074806324633,TRUE,TRUE,TRUE
1,Manhattan,MIDTOWN CBD,1200,3,"$460,000",prediction,GROSSCON,4,NA,NA,NA,NA,NA,NA,NA,NA,NA,NA,NA,NA,NA,NA
1,Manhattan,MIDTOWN CBD,1200,4,"$497,400",prediction,GROSSCON,3,NA,NA,NA,NA,NA,NA,NA,NA,NA,NA,NA,NA,NA,NA
1,Manhattan,MIDTOWN CBD,1200,5,"$630,000",prediction,GROSSCON,4,NA,NA,NA,NA,NA,NA,NA,NA,NA,NA,NA,NA,NA,NA
1,Manhattan,MIDTOWN CBD,1200,6,"$900,000",prediction,GROSSCON,6,0.9162,0.5602177036654838,0.40645161290322585,12.626614246112904,1.0025601303276435,1.824759777371923,0.04939258020994285,0.01225490196078427,-0.03764003162793698,-0.04989493358872125,-3.071426580839668,TRUE,TRUE,TRUE
1,Manhattan,MIDTOWN CBD,1200,7,"$990,000",prediction,GROSSCON,14,0.9717,0.05989360727758834,0.10316483762816261,11.588282273276699,1.0010186765215856,0.8688071079304862,0.3212585459668552,0.037783001507758485,0.018819483505731403,-0.018963518002027082,0.4980939246414012,TRUE,TRUE,TRUE
1,Manhattan,MIDTOWN CBD,1200,8,"$1,105,000",prediction,GROSSCON,3,NA,NA,NA,NA,NA,NA,NA,NA,NA,NA,NA,NA,NA,NA
1,Manhattan,MIDTOWN CBD,1200,9,"$1,697,973",prediction,GROSSCON,2,NA,NA,NA,NA,NA,NA,NA,NA,NA,NA,NA,NA,NA,NA
1,Manhattan,MIDTOWN CBD,1200,10,"$4,999,000",prediction,GROSSCON,5,NA,NA,NA,NA,NA,NA,NA,NA,NA,NA,NA,NA,NA,NA
1,Manhattan,MIDTOWN EAST,1201,1,"$300,000",prediction,GROSSCON,264,1.0631,0.3811422592056664,0.34711279247384963,10.752481192616555,1.0057050051137404,0.11217555597791944,0.8448981372728975,0.08100920838166344,0.06286794234399173,-0.018141266037671702,0.7760592110442347,TRUE,TRUE,TRUE
1,Manhattan,MIDTOWN EAST,1201,2,"$350,000",prediction,GROSSCON,130,1.0298,0.05191560745736327,0.08351552347843053,11.47143662284075,1.0016869516736333,0.8875796401397746,0.46066893380295904,0.03552928957385312,0.020056703594877944,-0.01547258597897518,0.5645118108310886,TRUE,TRUE,TRUE
1,Manhattan,MIDTOWN EAST,1201,3,"$449,000",prediction,GROSSCON,122,1.0336,0.01942927233830371,0.0506167151023196,10.882768519540512,1.0015156819626165,1.0231259006923323,0.40982323039566365,0.029108324670451935,0.011147773961261383,-0.017960550709190552,0.382975457621495,TRUE,TRUE,TRUE
1,Manhattan,MIDTOWN EAST,1201,4,"$530,000",prediction,GROSSCON,128,1.0339,0.0117265981554126,0.018775606644104503,11.327751516369819,1.0011117203431106,1.160980804620269,0.34263725490182545,0.024623919810242256,0.007954844831278729,-0.016669074978963527,0.32305355494091287,TRUE,TRUE,TRUE
1,Manhattan,MIDTOWN EAST,1201,5,"$625,000",prediction,GROSSCON,107,1.0108,0.03672790804137396,0.05795433845515072,10.258092740687918,1.000870230352695,1.018683137001809,0.35050397060250926,0.02609548519902763,0.014556698905383926,-0.011538786293643704,0.5578244203685601,TRUE,TRUE,TRUE
1,Manhattan,MIDTOWN EAST,1201,6,"$717,500",prediction,GROSSCON,84,0.9655,0.11401229262083741,0.12749841453037628,11.825579735514577,0.9993602082885118,0.9978237082696629,0.29367654927402065,0.03147842680794236,0.03852692986252393,0.007048503054581566,1.2239153531269595,TRUE,TRUE,TRUE
1,Manhattan,MIDTOWN EAST,1201,7,"$860,000",prediction,GROSSCON,100,0.9545,0.08193984780416122,0.10547191252445733,14.068537559517063,1.002284643929579,0.7840409251429109,0.47244094273475096,0.047960160430641136,0.0329020696058025,-0.015058090824838638,0.686029181520039,TRUE,TRUE,TRUE
1,Manhattan,MIDTOWN EAST,1201,8,"$1,150,000",prediction,GROSSCON,101,0.98,0.15128747523104605,0.1844742470122047,13.83914020067155,0.9998849820110158,0.7728190566772621,0.4091649803824622,0.04902320251409546,0.048704721393963805,-3.18481120131657e-4,0.9935034615488434,TRUE,TRUE,TRUE
1,Manhattan,MIDTOWN EAST,1201,9,"$1,535,000",prediction,GROSSCON,57,0.8977,0.14900802490531,0.23877915105797567,16.314632869377075,1.001447232369833,0.6591135837205512,0.46315998857655843,0.06648879717387078,0.06739912267923712,9.103255053663356e-4,1.0136914118477103,FALSE,FALSE,TRUE
1,Manhattan,MIDTOWN EAST,1201,10,"$6,540,500",prediction,GROSSCON,18,0.9161,0.893507394850423,0.6212957192131686,16.780056028404392,0.9676899532014487,0.24018954531892667,0.6991949744782081,0.1862326031091774,0.2357869133365988,0.04955431022742138,1.266088264890818,TRUE,FALSE,FALSE
1,Manhattan,MIDTOWN WEST,1202,1,"$435,000",prediction,GROSSCON,12,1.1814,0.19112204368544336,0.02484357747515642,9.985044694904364,1.0006858442877984,0.5659525409060964,0.6142157521871583,0.039008282963957974,0.011634224622237474,-0.0273740583417205,0.29825010839331256,FALSE,TRUE,TRUE
1,Manhattan,MIDTOWN WEST,1202,2,"$513,000",prediction,GROSSCON,23,1.0548,0.38956388459416896,0.39551178719586955,7.208616364655558,0.9975021924722822,0.7489040459540712,0.4119448892354242,0.032821315776649096,0.05678795959429952,0.023966643817650422,1.7302158140381936,TRUE,TRUE,TRUE
1,Manhattan,MIDTOWN WEST,1202,3,"$573,400",prediction,GROSSCON,23,1.0503,0.09246835361752909,0.07433117465148807,10.124812655711526,0.9998427833915627,1.0823683790427832,0.31725160803503444,0.02365164076023379,0.026107820942964665,0.0024561801827308744,1.1038481941963418,TRUE,TRUE,TRUE
1,Manhattan,MIDTOWN WEST,1202,4,"$650,000",prediction,GROSSCON,21,1.0903,0.052638433727536814,0.0816673491647042,14.874010618110066,0.9996374009643557,1.2157783406254972,0.1394805367004424,0.020441560014284273,0.03320005756572829,0.012758497551444016,1.6241450037339888,TRUE,TRUE,TRUE
1,Manhattan,MIDTOWN WEST,1202,5,"$775,000",prediction,GROSSCON,25,1.0311,0.05217238332118151,0.02178750597228858,8.63056856744848,1.0007100770499813,0.9770817892755707,0.380025868684115,0.024472260694593188,0.015243566354336623,-0.009228694340256565,0.6228916300202899,TRUE,TRUE,TRUE
1,Manhattan,MIDTOWN WEST,1202,6,"$854,000",prediction,GROSSCON,22,0.9678,0.07810442006364283,0.14374334551523701,8.381412485579224,1.0010710004531327,0.7701016839538611,0.7009249360584406,0.03128619597951143,0.020348923476954474,-0.01093727250255696,0.6504121974522082,TRUE,TRUE,TRUE
1,Manhattan,MIDTOWN WEST,1202,7,"$995,000",prediction,GROSSCON,19,0.9203,0.005750052687917351,0.11376197750312456,15.964166605180493,1.0053268078862045,1.0298861679042983,0.7233303946474892,0.04587512276936772,0.00967968266726983,-0.03619544010209789,0.21100069237816324,TRUE,FALSE,TRUE
1,Manhattan,MIDTOWN WEST,1202,8,"$1,300,000",prediction,GROSSCON,12,0.8992,0.004593162193082362,0.0015965166908563139,16.537219837225802,1.0113155275090961,0.6880219221460132,0.8556754108258073,0.0527482269503546,0.003547832176813278,-0.04920039477354132,0.06725974278059459,FALSE,FALSE,TRUE
1,Manhattan,MIDTOWN WEST,1202,9,"$2,075,999",prediction,GROSSCON,14,0.9335,0.062440407631461484,0.030212518758774263,22.322441501089095,1.0006418631510108,0.9913543793553602,0.1793635887420349,0.04352664561165488,0.03373924862861471,-0.009787396983040174,0.7751401045152109,TRUE,FALSE,TRUE
1,Manhattan,MIDTOWN WEST,1202,10,"$5,600,000",prediction,GROSSCON,14,0.87,0.8618569970191046,0.7460403332930804,11.673434793347505,0.9907531663320164,0.1417801622477777,0.8422137503008769,0.1549029049894841,0.1698227409112751,0.014919835921790997,1.0963173410001823,FALSE,TRUE,TRUE
1,Manhattan,MORNINGSIDE HEIGHTS,1210,1,"$335,500",prediction,GROSSCON,12,1.0051,0.6400595664705713,0.3900769467528472,7.2210878837853505,0.9991990438063343,0.19658164654364485,0.8995720554781649,0.06844305120167189,0.0681934256520016,-2.496255496702987e-4,0.9963527992208477,TRUE,TRUE,TRUE
1,Manhattan,MORNINGSIDE HEIGHTS,1210,2,"$429,500",prediction,GROSSCON,14,1.146,0.22477870992321894,0.1848925410872313,12.73454830048223,0.9993292761715713,0.7496739539980721,0.36854618628465546,0.03527448238531277,0.03899392503172727,0.0037194426464145017,1.1054428696014875,FALSE,TRUE,TRUE
1,Manhattan,MORNINGSIDE HEIGHTS,1210,3,"$475,000",prediction,GROSSCON,5,NA,NA,NA,NA,NA,NA,NA,NA,NA,NA,NA,NA,NA,NA
1,Manhattan,MORNINGSIDE HEIGHTS,1210,4,"$524,200",prediction,GROSSCON,26,0.9652,0.27569008384257937,0.29190371291759865,3.815452276867052,1.0006384192335671,0.20123075134067941,1.040103622452634,0.024136599230741167,0.01531364317113684,-0.008822956059604327,0.6344573659587006,TRUE,FALSE,TRUE
1,Manhattan,MORNINGSIDE HEIGHTS,1210,5,"$605,000",prediction,GROSSCON,9,0.8324,0.026687720427916544,0.4576124567474049,6.409153110804391,1.000727886326404,0.9492237310848917,0.6402106725576208,0.019834819302825737,0.0162953924587453,-0.003539426844080436,0.8215548732739806,FALSE,TRUE,TRUE
1,Manhattan,MORNINGSIDE HEIGHTS,1210,6,"$622,600",prediction,GROSSCON,3,NA,NA,NA,NA,NA,NA,NA,NA,NA,NA,NA,NA,NA,NA
1,Manhattan,MORNINGSIDE HEIGHTS,1210,7,"$645,000",prediction,GROSSCON,2,NA,NA,NA,NA,NA,NA,NA,NA,NA,NA,NA,NA,NA,NA
1,Manhattan,MORNINGSIDE HEIGHTS,1210,8,"$706,000",prediction,GROSSCON,1,NA,NA,NA,NA,NA,NA,NA,NA,NA,NA,NA,NA,NA,NA
1,Manhattan,MURRAY HILL,1220,1,"$380,700",prediction,GROSSCON,73,1.0464,0.1522290968965261,0.1484302121279567,9.080149943278599,1.0005707066816716,0.6733501712707126,0.6004316259736727,0.03452684246727322,0.024403134089027584,-0.010123708378245638,0.706787309385689,TRUE,TRUE,TRUE
1,Manhattan,MURRAY HILL,1220,2,"$419,000",prediction,GROSSCON,121,1.0431,0.23622852278821194,0.27325786238433875,8.100178648579872,1.0001883909392486,0.5959075363625752,0.5944746420286375,0.037119519459000445,0.03546674213301165,-0.0016527773259887926,0.9554741723471304,TRUE,TRUE,TRUE
1,Manhattan,MURRAY HILL,1220,3,"$460,000",prediction,GROSSCON,91,1.0664,0.1763189598443111,0.18357041677140087,8.335337012548656,1.0000092146871515,0.7483770127501338,0.4218981281798434,0.02911138921706846,0.027981942847807396,-0.001129446369261062,0.9612025945983076,TRUE,TRUE,TRUE
1,Manhattan,MURRAY HILL,1220,4,"$510,000",prediction,GROSSCON,60,0.9912,0.1362909095218859,0.16637089421012413,7.121229008337269,0.999924352179576,0.88192129322299,0.43901266198277034,0.025771405413032036,0.025933081387291303,1.6167597425926702e-4,1.0062734636186164,TRUE,TRUE,TRUE
1,Manhattan,MURRAY HILL,1220,5,"$560,000",prediction,GROSSCON,50,0.9789,0.1567271525370156,0.21462191460154015,9.161454819164565,0.9995372337677989,0.9146751399300516,0.36793140891142534,0.025434892401248563,0.03387099994073594,0.008436107539487377,1.3316745912034313,TRUE,TRUE,TRUE
1,Manhattan,MURRAY HILL,1220,6,"$625,000",prediction,GROSSCON,38,0.9509,0.011085496562899963,0.022967426483011,10.146558728896842,1.0014819317843398,0.9900578761275318,0.4372031935135928,0.027021331841999757,0.01062509866200625,-0.01639623317999351,0.39321150874922683,TRUE,TRUE,TRUE
1,Manhattan,MURRAY HILL,1220,7,"$719,500",prediction,GROSSCON,44,0.9104,0.240649474005865,0.30366633288605027,13.03365564419411,0.9990031635366798,0.7053969472811785,0.42616006450623767,0.049621184298044275,0.05741326934068509,0.007792085042640812,1.1570314202063074,TRUE,TRUE,TRUE
1,Manhattan,MURRAY HILL,1220,8,"$861,300",prediction,GROSSCON,24,0.9041,0.027975742519804624,0.010816732313285865,13.487260694157655,1.0118729969376359,0.7851256352443462,0.9781966754951721,0.05329604452452408,-0.015647101387492295,-0.06894314591201638,-0.2935884178101118,TRUE,TRUE,TRUE
1,Manhattan,MURRAY HILL,1220,9,"$1,110,750",prediction,GROSSCON,3,NA,NA,NA,NA,NA,NA,NA,NA,NA,NA,NA,NA,NA,NA
1,Manhattan,MURRAY HILL,1220,10,"$4,100,000",prediction,GROSSCON,4,NA,NA,NA,NA,NA,NA,NA,NA,NA,NA,NA,NA,NA,NA
1,Manhattan,SOHO,1230,1,"$515,000",prediction,GROSSCON,2,NA,NA,NA,NA,NA,NA,NA,NA,NA,NA,NA,NA,NA,NA
1,Manhattan,SOHO,1230,2,"$650,000",prediction,GROSSCON,9,1.0174,0.6856848130473693,0.46724113374163234,8.26648069345552,0.9960112079948822,0.5209232781356794,0.5578577929112856,0.04080520824820905,0.0543807525936055,0.01357554434539645,1.3326914609237972,TRUE,TRUE,TRUE
1,Manhattan,SOHO,1230,3,"$820,000",prediction,GROSSCON,7,1.0603,0.3716204762762761,0.011904761904761906,6.262269676588343,0.9995701863490934,0.5781143550646344,0.5961888777943248,0.024543325526932187,0.025296419943093746,7.530944161615594e-4,1.0306842858493306,TRUE,TRUE,TRUE
1,Manhattan,SOHO,1230,4,"$1,105,000",prediction,GROSSCON,10,1.1583,0.25372793535771104,0.14578512396694213,14.493432357727512,0.9974293757069945,1.155200439261778,0.20416299122351175,0.019766009852216725,0.04846954249284039,0.028703532640623666,2.4521662619430806,FALSE,TRUE,TRUE
1,Manhattan,SOHO,1230,5,"$1,287,500",prediction,GROSSCON,7,0.9595,0.3445385572487647,0.03306878306878307,8.717269349923004,0.998471301804823,0.7983774602125321,0.2339456342398694,0.024483591650606634,0.041064420145347266,0.016580828494740633,1.6772220649387366,TRUE,TRUE,TRUE
1,Manhattan,SOHO,1230,6,"$1,990,000",prediction,GROSSCON,8,1.0283,0.13455141588578948,0.08163265306122451,8.919060227872716,1.0000761203299708,0.7980470081974038,0.33819954791285883,0.025462837594506293,0.01682430554601755,-0.008638532048488745,0.6607396164537238,TRUE,TRUE,TRUE
1,Manhattan,SOHO,1230,7,"$2,500,000",prediction,GROSSCON,15,0.9769,0.03298469562768912,0.030789946140035895,7.331022936116616,1.0040440676331077,0.20688848858189524,1.0002810028148457,0.03795382710325299,0.0038292946365376204,-0.034124532466715374,0.10089350478727914,TRUE,TRUE,TRUE
1,Manhattan,SOHO,1230,8,"$3,280,000",prediction,GROSSCON,10,0.992,0.6572072729767289,0.577420546932742,16.447919397406363,0.9909432126094007,0.912144409626986,0.24925419112840258,0.034670822987142635,0.10815515972774267,0.07348433674060004,3.119486369500114,TRUE,FALSE,TRUE
1,Manhattan,SOHO,1230,9,"$4,350,000",prediction,GROSSCON,14,0.9685,0.0873044346887817,0.05671496644947971,10.21032722769903,1.0034674393829244,0.5275053118513747,0.4857582373745373,0.04889557332138913,0.02777781399886717,-0.021117759322521957,0.5681048837751516,TRUE,TRUE,TRUE
1,Manhattan,SOHO,1230,10,"$9,750,000",prediction,GROSSCON,34,0.9686,0.9432305432635302,0.9406895186939533,4.035495817393761,1.0057531875931283,-0.005615399890428165,0.9816866562170333,0.1965377371233131,0.18868687635715276,-0.007850860766160345,0.9600541815476663,TRUE,FALSE,TRUE
1,Manhattan,SOUTHBRIDGE,1240,6,"$1,479,600",prediction,GROSSCON,1,NA,NA,NA,NA,NA,NA,NA,NA,NA,NA,NA,NA,NA,NA
1,Manhattan,SOUTHBRIDGE,1240,8,"$1,738,800",prediction,GROSSCON,1,NA,NA,NA,NA,NA,NA,NA,NA,NA,NA,NA,NA,NA,NA
1,Manhattan,SOUTHBRIDGE,1240,9,"$1,868,399",prediction,GROSSCON,1,NA,NA,NA,NA,NA,NA,NA,NA,NA,NA,NA,NA,NA,NA
1,Manhattan,TRIBECA,1250,8,"$4,320,000",prediction,GROSSCON,3,NA,NA,NA,NA,NA,NA,NA,NA,NA,NA,NA,NA,NA,NA
1,Manhattan,TRIBECA,1250,9,"$5,206,350",prediction,GROSSCON,8,0.9797,0.1057872583585462,0.08163265306122451,10.713867960505869,1.010195823626024,-0.042310395572944096,1.1782840464402646,0.0677693518602609,0.017634331055739416,-0.05013502080452148,0.26021100352414567,TRUE,TRUE,TRUE
1,Manhattan,TRIBECA,1250,10,"$6,300,000",prediction,GROSSCON,19,0.9821,0.8576940420359073,0.8385355964603953,6.446045305006484,1.0070141059521214,-0.020599394183235177,1.0361270589707847,0.15483470692197274,0.13951240711275534,-0.015322299809217399,0.9010409221949256,TRUE,TRUE,TRUE
1,Manhattan,UPPER EAST SIDE (59-79),1270,1,"$425,000",prediction,GROSSCON,121,1.0824,0.35357656294768913,0.3527592570537842,11.007215825254843,1.0063517833586926,0.11402629983097298,0.8881953739143748,0.07500750793008325,0.055659009009230355,-0.019348498920852893,0.74204583707956,TRUE,TRUE,TRUE
1,Manhattan,UPPER EAST SIDE (59-79),1270,2,"$520,000",prediction,GROSSCON,152,1.0561,0.18547546904100157,0.19970030817116885,10.277069129693379,1.0000545408355495,0.7179796908393609,0.46218747660701176,0.03689108771683741,0.03557548483501636,-0.0013156028818210527,0.9643381921422556,TRUE,TRUE,TRUE
1,Manhattan,UPPER EAST SIDE (59-79),1270,3,"$630,000",prediction,GROSSCON,144,1.069,0.06304413118291802,0.061397298818099855,10.543966166663294,1.0005287258661053,0.9576909805250807,0.33531332584906615,0.02727022240393436,0.020575352415661996,-0.006694869988272362,0.754498885667083,TRUE,TRUE,TRUE
1,Manhattan,UPPER EAST SIDE (59-79),1270,4,"$760,000",prediction,GROSSCON,114,1.0592,0.025493356976915668,0.036733576178719925,10.495559354389854,1.000882649043147,1.1129362447398157,0.3143994327046012,0.025228419842595155,0.014240619566201929,-0.010987800276393227,0.5644673608197353,TRUE,TRUE,TRUE
1,Manhattan,UPPER EAST SIDE (59-79),1270,5,"$950,000",prediction,GROSSCON,118,1.0373000000000001,0.03571171462736997,0.032568285726434186,10.189150406113361,1.0009253735250354,0.9842504098648396,0.33862090651111076,0.026492931756198542,0.0158204421976556,-0.010672489558542941,0.5971570962112979,TRUE,TRUE,TRUE
1,Manhattan,UPPER EAST SIDE (59-79),1270,6,"$1,269,800",prediction,GROSSCON,126,1.0147,0.03336457867235293,0.04049834217109075,14.119527518977423,1.000848378659195,1.132458015524108,0.31483841452877254,0.03014967820287563,0.019855175156240173,-0.010294503046635456,0.658553468552325,TRUE,TRUE,TRUE
1,Manhattan,UPPER EAST SIDE (59-79),1270,7,"$1,650,000",prediction,GROSSCON,141,1.0205,0.15664623386982174,0.21258587473508053,13.573105867832263,1.0000006623431865,0.7895004789461649,0.4498097405219252,0.04683427410038009,0.04694408130684443,1.0980720646434211e-4,1.0023445907633584,TRUE,TRUE,TRUE
1,Manhattan,UPPER EAST SIDE (59-79),1270,8,"$2,200,000",prediction,GROSSCON,164,0.9989,0.14973342306520948,0.1767375793771742,13.001360349080382,1.0015251420524072,0.6598880252314073,0.5183623109037165,0.05226957069163449,0.04266620670182887,-0.009603363989805616,0.8162723767818779,TRUE,TRUE,TRUE
1,Manhattan,UPPER EAST SIDE (59-79),1270,9,"$3,404,400",prediction,GROSSCON,191,0.9633,0.13807534693945572,0.17570561301567766,15.305842992609708,1.0034809553842958,0.6102926146014662,0.5367131742813928,0.06668592674036716,0.04896434015784996,-0.017721586582517206,0.734252975871298,TRUE,FALSE,TRUE
1,Manhattan,UPPER EAST SIDE (59-79),1270,10,"$36,000,000",prediction,GROSSCON,248,0.9446,0.9531424873963207,0.7534911759129662,14.527993330858582,0.985326353951441,0.08678194986701016,0.8428869321414965,0.3004446695791491,0.3157730195251593,0.015328349946010178,1.0510188780099894,TRUE,TRUE,TRUE
1,Manhattan,UPPER EAST SIDE (79-96),1271,1,"$383,800",prediction,GROSSCON,172,1.0472,0.44737700218085896,0.4744423876324779,9.05166910129765,1.0025212838562874,0.19961596047612054,0.7849745590721207,0.07326656816196402,0.06365683913538664,-0.009609729026577377,0.8688388269348991,TRUE,TRUE,TRUE
1,Manhattan,UPPER EAST SIDE (79-96),1271,2,"$507,500",prediction,GROSSCON,95,1.082,0.07686262799798083,0.09709409169236446,14.407747264502632,1.0006929259439952,0.9870095462117606,0.3841302509492341,0.03768572240808061,0.031021321839405626,-0.006664400568674983,0.8231584763983191,TRUE,TRUE,TRUE
1,Manhattan,UPPER EAST SIDE (79-96),1271,3,"$621,800",prediction,GROSSCON,126,1.0787,0.10215605062769757,0.10005025929464445,10.52482700206671,1.0004869692012652,0.8706417569431564,0.37860293906892506,0.03140022668540294,0.02656427421821255,-0.004835952467190388,0.8459898867724263,TRUE,TRUE,TRUE
1,Manhattan,UPPER EAST SIDE (79-96),1271,4,"$735,000",prediction,GROSSCON,129,1.053,0.028351367861350906,0.05044309690025867,11.468882090686504,1.000816013431932,1.107321125157374,0.3582728330732909,0.025507520724977265,0.01464928284281615,-0.010858237882161115,0.5743122979596915,TRUE,TRUE,TRUE
1,Manhattan,UPPER EAST SIDE (79-96),1271,5,"$940,000",prediction,GROSSCON,106,1.0208,0.11157228801181768,0.10317899881728831,9.387244923203934,1.0002252566010381,0.8925908418719386,0.3548198005403367,0.027576541341800494,0.02365286943365419,-0.003923671908146305,0.8577170407443806,TRUE,TRUE,TRUE
1,Manhattan,UPPER EAST SIDE (79-96),1271,6,"$1,235,000",prediction,GROSSCON,118,0.9975,0.05660198499440359,0.07971609261203,12.161912759191626,1.0007474413346955,1.011113279689287,0.3564573225086616,0.030248333008861258,0.022041693104456927,-0.008206639904404331,0.728691167807489,TRUE,TRUE,TRUE
1,Manhattan,UPPER EAST SIDE (79-96),1271,7,"$1,675,000",prediction,GROSSCON,136,0.9986,0.08108621666197387,0.09167811164842271,12.871482094534345,1.002490270080232,0.7421715240773681,0.5406844140555477,0.047109288592484394,0.027754767852107797,-0.019354520740376597,0.5891570151313147,TRUE,TRUE,TRUE
1,Manhattan,UPPER EAST SIDE (79-96),1271,8,"$2,198,050",prediction,GROSSCON,138,0.9623,0.13029474814708833,0.172743572059259,13.106560097177603,1.0022206564197913,0.6651326739312031,0.5523754763486273,0.053023075951851836,0.039562230029755806,-0.01346084592209603,0.746132307859331,TRUE,TRUE,TRUE
1,Manhattan,UPPER EAST SIDE (79-96),1271,9,"$3,150,000",prediction,GROSSCON,197,0.9705,0.16996511047681004,0.2322306204691634,15.33085242554698,1.0010041837730974,0.6810766834486135,0.5478731645006883,0.064232497585781,0.059207109535393924,-0.005025388050387082,0.9217625308174294,TRUE,FALSE,TRUE
1,Manhattan,UPPER EAST SIDE (79-96),1271,10,"$19,500,000",prediction,GROSSCON,222,0.9488,0.91400880967079845,0.764148522895294,13.723957121158442,0.9899055530857073,0.09250081948336564,0.8353039951229259,0.2583041528417731,0.27174155940414885,0.013437406562375742,1.052021643533571,TRUE,TRUE,TRUE
1,Manhattan,UPPER EAST SIDE (96-110),1272,2,"$640,000",prediction,GROSSCON,4,NA,NA,NA,NA,NA,NA,NA,NA,NA,NA,NA,NA,NA,NA
1,Manhattan,UPPER EAST SIDE (96-110),1272,3,"$726,000",prediction,GROSSCON,8,1.1714,0.05218471346464825,0,6.102165831357047,1.0025846383289563,-0.04653456110839045,2.198269643354154,0.03026315789473677,0.0015826945221997235,-0.028680463372537046,0.052297732037904034,FALSE,TRUE,TRUE
1,Manhattan,UPPER EAST SIDE (96-110),1272,4,"$825,000",prediction,GROSSCON,4,NA,NA,NA,NA,NA,NA,NA,NA,NA,NA,NA,NA,NA,NA
1,Manhattan,UPPER EAST SIDE (96-110),1272,5,"$999,000",prediction,GROSSCON,6,0.893,0.004989031685332299,0.007346938775510205,12.026706194344477,1.0019564090483388,1.261160272901168,0.6131053224481724,0.023039126171062446,-0.009713000147753151,-0.0327521263188156,-0.42158717633800075,FALSE,TRUE,TRUE
1,Manhattan,UPPER EAST SIDE (96-110),1272,6,"$1,425,000",prediction,GROSSCON,7,0.9732,0.3920537954414525,0.3265306122448978,8.36845989922839,0.9984281121474888,0.7556598353373266,0.29579353513634116,0.024948024948025043,0.03868530037972511,0.013737275431700068,1.5506357902206422,TRUE,TRUE,TRUE
1,Manhattan,UPPER EAST SIDE (96-110),1272,7,"$1,995,000",prediction,GROSSCON,5,NA,NA,NA,NA,NA,NA,NA,NA,NA,NA,NA,NA,NA,NA
1,Manhattan,UPPER EAST SIDE (96-110),1272,8,"$2,600,000",prediction,GROSSCON,5,NA,NA,NA,NA,NA,NA,NA,NA,NA,NA,NA,NA,NA,NA
1,Manhattan,UPPER EAST SIDE (96-110),1272,9,"$3,600,000",prediction,GROSSCON,7,0.9665,0.41431330650898446,0.3265306122448978,13.080866947566733,0.9995224270084094,0.4042957058801994,0.5655729500970126,0.07422435548517978,0.08575465886191631,0.011530303376736536,1.1553439339603127,TRUE,TRUE,TRUE
1,Manhattan,UPPER EAST SIDE (96-110),1272,10,"$12,000,000",prediction,GROSSCON,15,0.9719,0.8591545238498085,0.7311955965181773,15.022418407143146,1.0480195556192715,-0.07651870493803743,1.2332888567032192,0.2620597950789135,0.2082555922791381,-0.053804202799775436,0.7946873049199573,TRUE,FALSE,FALSE
1,Manhattan,UPPER WEST SIDE (59-79),1280,1,"$440,000",prediction,GROSSCON,50,1.0968,0.08713042316770896,0.04688482158365646,16.415937187455736,1.0115781053446837,0.32021162476957415,0.8188270550624634,0.06888832654701275,0.026799034338466185,-0.04208929220854657,0.3890214159895032,TRUE,FALSE,TRUE
1,Manhattan,UPPER WEST SIDE (59-79),1280,2,"$579,000",prediction,GROSSCON,57,1.067,0.23083341776411576,0.20818852299532903,12.203543388038916,0.9979249393786745,0.9919233538844898,0.353652145134544,0.03280891116251994,0.05065454277661786,0.01784563161409792,1.5439263596923116,TRUE,TRUE,TRUE
1,Manhattan,UPPER WEST SIDE (59-79),1280,3,"$718,700",prediction,GROSSCON,52,1.0468,0.006370424221635207,0.008070571347469248,14.768353225632499,1.0012072452238232,1.2513839533423918,0.3674657528418803,0.025393205340781384,0.006694491523319357,-0.018698713817462027,0.26363318192713664,TRUE,TRUE,TRUE
1,Manhattan,UPPER WEST SIDE (59-79),1280,4,"$806,000",prediction,GROSSCON,57,1.0805,0.022429514935172326,0.06378654358280846,12.32504800969261,1.0007907043740178,1.2129341444880226,0.3492105423854145,0.026584890876628294,0.01608426281638075,-0.010500628060247544,0.6050151904336378,TRUE,TRUE,TRUE
1,Manhattan,UPPER WEST SIDE (59-79),1280,5,"$975,000",prediction,GROSSCON,89,1.0436,0.09050779753056065,0.14567137417119552,8.705884203040092,0.9998552764739204,1.075380166817335,0.3789515646608989,0.023177742367250807,0.024152879276843814,9.751369095930065e-4,1.042072126531652,TRUE,TRUE,TRUE
1,Manhattan,UPPER WEST SIDE (59-79),1280,6,"$1,229,999",prediction,GROSSCON,74,1.0419,0.15878746476182135,0.14157469687238763,10.68447125641699,0.9995889380061637,0.8740319807539079,0.36499665787440827,0.031378702909554544,0.03496318391015955,0.0035844810006050026,1.1142329245073275,TRUE,TRUE,TRUE
1,Manhattan,UPPER WEST SIDE (59-79),1280,7,"$1,575,000",prediction,GROSSCON,88,0.9953,0.08107608898085895,0.11738964569454739,12.051295413361304,1.0027304110982695,0.7173790305083608,0.5612912501252622,0.04665453398591895,0.026702335870420348,-0.0199521981154986,0.572341712350605,TRUE,TRUE,TRUE
1,Manhattan,UPPER WEST SIDE (59-79),1280,8,"$2,073,000",prediction,GROSSCON,93,0.9417,0.17324367326394385,0.23175407621682212,13.347553361046485,1.001043755872344,0.7030885465655992,0.5536780319602864,0.052130876276245,0.04668861633437932,-0.005442259941865681,0.8956039044303268,TRUE,TRUE,TRUE
1,Manhattan,UPPER WEST SIDE (59-79),1280,9,"$2,902,500",prediction,GROSSCON,102,0.9612,0.23078043100111098,0.31560221841656577,16.60842609833649,0.9979845441467553,0.7143307204298528,0.4348447461767379,0.06455524478942382,0.07518147187348685,0.010626227084063036,1.1646067196976062,TRUE,FALSE,TRUE
1,Manhattan,UPPER WEST SIDE (59-79),1280,10,"$13,315,000",prediction,GROSSCON,98,0.9393,0.7162422694553362,0.5607605154094075,15.675818866923166,1.0145211520051385,0.06598933060179485,0.9731104226023869,0.21078120074914738,0.18847504794775852,-0.022306152801388868,0.894173898231391,TRUE,FALSE,TRUE
1,Manhattan,UPPER WEST SIDE (79-96),1281,1,"$502,249",prediction,GROSSCON,29,1.1436,0.1162814654832225,0.09977229973016452,15.486162586362195,1.005731086061029,0.5426787714109055,0.7685499127872495,0.06761203491040366,0.025439080413849378,-0.04217295449655428,0.3762507732175207,FALSE,FALSE,TRUE
1,Manhattan,UPPER WEST SIDE (79-96),1281,2,"$675,000",prediction,GROSSCON,40,1.1049,0.10514367871144795,0.10321737278080388,13.067144095402128,1.0005739418025084,0.8659218465637806,0.42934549252411564,0.04090868389476885,0.03369849786741295,-0.007210186027355903,0.8237492546594026,FALSE,TRUE,TRUE
1,Manhattan,UPPER WEST SIDE (79-96),1281,3,"$775,000",prediction,GROSSCON,39,1.0603,0.22055974834084213,0.2533079512173511,7.965008540896906,0.9996999605799227,0.7403066888407198,0.4839458092845978,0.027730603327991404,0.03289758405301896,0.0051669807250275535,1.1863277428158938,TRUE,TRUE,TRUE
1,Manhattan,UPPER WEST SIDE (79-96),1281,4,"$916,999",prediction,GROSSCON,45,1.0837,0.1938466716478671,0.17362776862858062,9.188340699399477,0.9994118153301953,0.8751527803859489,0.3396363410605657,0.02290654032291965,0.03117637389822284,0.008269833575303191,1.3610249936795835,TRUE,TRUE,TRUE
1,Manhattan,UPPER WEST SIDE (79-96),1281,5,"$1,197,500",prediction,GROSSCON,77,1.0899,0.0010318114912878913,0.014447809306668294,9.161463435465995,1.0013024655179514,1.1652622778133945,0.36986655947936614,0.021778411734406485,0.002989011760699999,-0.018789399973706485,0.13724654475045248,TRUE,TRUE,TRUE
1,Manhattan,UPPER WEST SIDE (79-96),1281,6,"$1,400,000",prediction,GROSSCON,72,1.0318,0.08229726429944396,0.13357819644356897,9.611671590786898,1.0006900101097678,0.8789955075673028,0.49853291977952585,0.029701732916226773,0.023126389013457427,-0.006575343902769346,0.7786208662869945,TRUE,TRUE,TRUE
1,Manhattan,UPPER WEST SIDE (79-96),1281,7,"$1,700,000",prediction,GROSSCON,90,0.9786,0.08681151871058097,0.17315666287041037,10.362805675765205,1.0038752631814984,0.5434021148788334,0.7534128604536605,0.04872556178271626,0.027493285441071515,-0.021232276341644745,0.5642476850995246,TRUE,TRUE,TRUE
1,Manhattan,UPPER WEST SIDE (79-96),1281,8,"$2,150,000",prediction,GROSSCON,109,0.9489,0.13532218297673526,0.19443725800138853,13.19423572404595,1.0008901855479688,0.7667054819523993,0.5030233357681373,0.04909242737227194,0.04282334348069832,-0.006269083891573622,0.8723003887333857,TRUE,TRUE,TRUE
1,Manhattan,UPPER WEST SIDE (79-96),1281,9,"$3,292,500",prediction,GROSSCON,100,0.9509,0.24846900413608947,0.34923440304425796,12.202506241698096,1.0017910656007067,0.4893587405025507,0.6376607771433314,0.06879354415374352,0.06076906063779617,-0.008024483515947346,0.8833541197119631,TRUE,TRUE,TRUE
1,Manhattan,UPPER WEST SIDE (79-96),1281,10,"$14,160,000",prediction,GROSSCON,113,0.9437,0.8054370738095878,0.6572009288565862,15.977512507758785,1.0043315772020234,0.06722282480956854,0.8602094705522444,0.2481813033473277,0.2407194833184234,-0.007461820028904276,0.9699339961219338,TRUE,FALSE,TRUE
1,Manhattan,UPPER WEST SIDE (96-116),1282,1,"$487,500",prediction,GROSSCON,19,1.1173,0.4265893569780452,0.23232587179724357,14.371257470344379,0.9993617135618719,0.4042416924156725,0.4839353826995386,0.07122100396421815,0.07689193808212623,0.005670934117908075,1.0796244619179642,FALSE,TRUE,TRUE
1,Manhattan,UPPER WEST SIDE (96-116),1282,2,"$600,000",prediction,GROSSCON,18,1.0355,2.824653293832026e-4,0.005880527357446071,10.314054953342072,1.0030479555129819,1.0192275990079944,0.46174354136768286,0.030468947026108733,-0.006520339427315768,-0.0369892864534245,-0.2139994999409895,TRUE,TRUE,TRUE
1,Manhattan,UPPER WEST SIDE (96-116),1282,3,"$687,250",prediction,GROSSCON,25,1.0661,0.23010060084924808,0.2896893261776983,9.568337504845946,0.9994090613147367,0.7635859654340997,0.37778367743692726,0.0312742659886419,0.0365919114197078,0.005317645431065901,1.1700326214849341,TRUE,TRUE,TRUE
1,Manhattan,UPPER WEST SIDE (96-116),1282,4,"$779,000",prediction,GROSSCON,38,1.0818,0.04113338079431386,0.04353529940151433,10.656088567478095,1.0006833609582744,1.0456857467733227,0.4342861198328204,0.02627511978773842,0.016972830134811358,-0.009302289652927061,0.6459658517991579,TRUE,TRUE,TRUE
1,Manhattan,UPPER WEST SIDE (96-116),1282,5,"$920,000",prediction,GROSSCON,38,1.065,0.021911470408915758,0.0140172443049236,10.34613299061649,1.000964970265241,1.0133728900032126,0.30924851845751267,0.024111932433628244,0.011781812126849601,-0.012330120306778642,0.4886299411828906,TRUE,TRUE,TRUE
1,Manhattan,UPPER WEST SIDE (96-116),1282,6,"$1,150,000",prediction,GROSSCON,34,0.9941,0.21591283939347636,0.2647514752699122,10.610703530361452,0.9989138757918364,0.8975405751394604,0.4228289933203102,0.0311143652824536,0.0414375450575289,0.010323179775075297,1.331781788937757,TRUE,TRUE,TRUE
1,Manhattan,UPPER WEST SIDE (96-116),1282,7,"$1,350,000",prediction,GROSSCON,43,0.969,0.1938066585750958,0.24101224534587543,9.859766505963174,1.0009036876967607,0.5856144825218329,0.6992952067926157,0.04818084592451564,0.03840924002223488,-0.00977160590228076,0.7971889925388645,TRUE,TRUE,TRUE
1,Manhattan,UPPER WEST SIDE (96-116),1282,8,"$1,657,500",prediction,GROSSCON,49,1.0004,0.23164772250727098,0.24519741523027774,12.734594053213954,0.9994178543163554,0.6700081848279938,0.5056716658359061,0.050185557026840195,0.051983862191463004,0.0017983051646228085,1.0358331215425394,TRUE,TRUE,TRUE
1,Manhattan,UPPER WEST SIDE (96-116),1282,9,"$2,205,000",prediction,GROSSCON,45,0.8935,0.3258629097561854,0.36998039924798887,12.105097232197783,0.9996989155976785,0.4816523906185377,0.5817703542936333,0.06893134043265248,0.06987979395154234,9.484535188898635e-4,1.013759394680806,FALSE,TRUE,TRUE
1,Manhattan,UPPER WEST SIDE (96-116),1282,10,"$3,200,000",prediction,GROSSCON,17,0.8719,0.421281706139948,0.3804417779381693,12.595503586376026,0.9961350172881502,0.6990010258963432,0.3133768983077033,0.041966518615563955,0.07545729603219233,0.03349077741662837,1.798035637013926,FALSE,TRUE,TRUE
1,Manhattan,WASHINGTON HEIGHTS LOWER,1290,1,"$348,600",prediction,GROSSCON,7,1.1364,0.7878905505253452,0.6173469387755098,6.6738526554632,1.0133768878313996,-0.3846908665677117,1.6226322772566348,0.08573303272339773,0.050658679729938684,-0.03507435299345905,0.5908886938991164,FALSE,TRUE,TRUE
1,Manhattan,WASHINGTON HEIGHTS LOWER,1290,2,"$402,000",prediction,GROSSCON,9,1.0909,0.053324083642327526,0.05148305084745763,10.091818507508558,1.0053896874631223,0.8304972274649475,0.27838964574666475,0.03462401795735125,-0.011594851539266711,-0.04621886949661796,-0.3348788564501346,TRUE,TRUE,TRUE
1,Manhattan,WASHINGTON HEIGHTS LOWER,1290,3,"$441,000",prediction,GROSSCON,3,NA,NA,NA,NA,NA,NA,NA,NA,NA,NA,NA,NA,NA,NA
1,Manhattan,WASHINGTON HEIGHTS LOWER,1290,4,"$477,400",prediction,GROSSCON,6,1.1149,0.08231090497606029,0.007792207792207791,13.554206975570416,1.0030371885315774,1.366159833586319,0.22085989401408213,0.019639350116050707,-0.02469023266146338,-0.04432958277751409,-1.2571817557896035,FALSE,TRUE,TRUE
1,Manhattan,WASHINGTON HEIGHTS LOWER,1290,5,"$590,000",prediction,GROSSCON,5,NA,NA,NA,NA,NA,NA,NA,NA,NA,NA,NA,NA,NA,NA
1,Manhattan,WASHINGTON HEIGHTS LOWER,1290,6,"$621,000",prediction,GROSSCON,1,NA,NA,NA,NA,NA,NA,NA,NA,NA,NA,NA,NA,NA,NA
1,Manhattan,WASHINGTON HEIGHTS LOWER,1290,7,"$717,436",prediction,GROSSCON,1,NA,NA,NA,NA,NA,NA,NA,NA,NA,NA,NA,NA,NA,NA
1,Manhattan,WASHINGTON HEIGHTS LOWER,1290,8,"$791,000",prediction,GROSSCON,5,NA,NA,NA,NA,NA,NA,NA,NA,NA,NA,NA,NA,NA,NA
1,Manhattan,WASHINGTON HEIGHTS UPPER,1291,1,"$340,000",prediction,GROSSCON,71,1.0506,0.5919946361444608,0.6429156919043568,6.281688625622806,1.001886800279596,0.0803851692637146,0.9061583041302801,0.06595950287037876,0.06297338902367469,-0.0029861138467040665,0.9547280722753131,TRUE,TRUE,TRUE
1,Manhattan,WASHINGTON HEIGHTS UPPER,1291,2,"$368,000",prediction,GROSSCON,34,1.0108,0.43359009842710966,0.27253944122111795,8.776920634425164,0.9983677108331509,0.6458046684421626,0.5167148655150248,0.032561429284948214,0.04407416234685425,0.011512733061906033,1.3535696471170535,TRUE,TRUE,TRUE
1,Manhattan,WASHINGTON HEIGHTS UPPER,1291,3,"$399,000",prediction,GROSSCON,42,0.9977,0.06474858589963622,0.042222888578498353,8.056384651328582,1.000785256196108,0.8321685166218884,0.4350492936156703,0.025159931847294474,0.0135320838895513,-0.011627847957743175,0.537842628973832,TRUE,TRUE,TRUE
1,Manhattan,WASHINGTON HEIGHTS UPPER,1291,4,"$441,000",prediction,GROSSCON,37,0.9587,0.04650565961703145,0.12180709296107689,7.917166536643785,1.0008486513362826,0.9196600458763289,0.35371121515275544,0.023818105019974365,0.015669423532039668,-0.008148681487934697,0.6578786817380711,TRUE,TRUE,TRUE
1,Manhattan,WASHINGTON HEIGHTS UPPER,1291,5,"$536,250",prediction,GROSSCON,12,1.0199,0.019400681296295387,0.3140718930192614,12.410551285036332,1.0011620203923022,1.2664997888216392,0.40125090176963224,0.029506889297479983,0.01720426714443457,-0.012302622153045412,0.5830593313644854,TRUE,TRUE,TRUE
1,Manhattan,WASHINGTON HEIGHTS UPPER,1291,6,"$575,000",prediction,GROSSCON,18,0.8894,0.012294482440489774,0.09992924399934687,11.570039509189938,1.0025340129617248,0.9533375216690142,0.640818773741752,0.03424777062282954,0.016938441089774554,-0.017309329533054987,0.49458521771584746,FALSE,TRUE,TRUE
1,Manhattan,WASHINGTON HEIGHTS UPPER,1291,7,"$649,050",prediction,GROSSCON,9,0.9294,0.2251139057465872,0.34027777777777785,11.202799805826166,0.9995207022843784,0.6333351925002835,0.5783637745858125,0.051731604486788325,0.06260457536761344,0.01087297088082511,1.2101804301005576,TRUE,TRUE,TRUE
1,Manhattan,WASHINGTON HEIGHTS UPPER,1291,8,"$699,400",prediction,GROSSCON,11,0.9139,0.0970036914560276,0.10656604092677147,10.351906756929756,1.00663085545904,0.28260882089458234,2.152336381516327,0.03739505157076033,-0.025802190347675783,-0.06319724191843612,-0.6899894307901114,TRUE,TRUE,TRUE
2,Bronx,BAYCHESTER,2020,1,"$130,000",prediction,GROSSCON,2,NA,NA,NA,NA,NA,NA,NA,NA,NA,NA,NA,NA,NA,NA
2,Bronx,BAYCHESTER,2020,2,"$165,000",prediction,GROSSCON,1,NA,NA,NA,NA,NA,NA,NA,NA,NA,NA,NA,NA,NA,NA
2,Bronx,BAYCHESTER,2020,3,"$175,000",prediction,GROSSCON,4,NA,NA,NA,NA,NA,NA,NA,NA,NA,NA,NA,NA,NA,NA
2,Bronx,BAYCHESTER,2020,4,"$185,000",prediction,GROSSCON,1,NA,NA,NA,NA,NA,NA,NA,NA,NA,NA,NA,NA,NA,NA
2,Bronx,BAYCHESTER,2020,5,"$185,000",prediction,GROSSCON,1,NA,NA,NA,NA,NA,NA,NA,NA,NA,NA,NA,NA,NA,NA
2,Bronx,BAYCHESTER,2020,7,"$195,000",prediction,GROSSCON,2,NA,NA,NA,NA,NA,NA,NA,NA,NA,NA,NA,NA,NA,NA
2,Bronx,BEDFORD PARK/NORWOOD,2030,1,"$119,000",prediction,GROSSCON,26,1.0848,0.39450739232278015,0.369768881612342,10.123695611323926,1.0105855770629997,-0.12824622147798448,1.0707760182724768,0.07883131147532925,0.05090197641399381,-0.027929335061335436,0.6457075933580517,TRUE,TRUE,TRUE
2,Bronx,BEDFORD PARK/NORWOOD,2030,2,"$134,896",prediction,GROSSCON,14,1.0212,0.10492636770819917,0.1423069257598406,7.784300768256893,1.0010417814683734,0.6316758336477418,0.477605308757268,0.030098420691233713,0.017895858886981437,-0.012202561804252277,0.5945780036290634,TRUE,TRUE,TRUE
2,Bronx,BEDFORD PARK/NORWOOD,2030,3,"$148,200",prediction,GROSSCON,21,0.9959,0.15967309791189,0.2661269642581618,5.3421330461066985,1.000472670172159,0.5983832920243212,0.6250111976046464,0.025109081907550273,0.020517868275258234,-0.004591213632292038,0.8171492829090073,TRUE,TRUE,TRUE
2,Bronx,BEDFORD PARK/NORWOOD,2030,4,"$166,600",prediction,GROSSCON,15,0.9777,0.19554545365071735,0.23794726930320148,5.757806923206244,0.9998983462788495,0.7107822388354803,0.4953457013599471,0.020633934120571715,0.024805665851200823,0.004171731730629107,1.2021782034512727,TRUE,TRUE,TRUE
2,Bronx,BEDFORD PARK/NORWOOD,2030,5,"$175,000",prediction,GROSSCON,14,0.9499,0.14151351100607193,0.10940225693588926,4.89873730454451,1.0001041357493587,0.7727494387589972,0.5329978386036212,0.016200970746425267,0.014344700234407957,-0.0018562705120173106,0.8854222662906236,TRUE,FALSE,TRUE
2,Bronx,BEDFORD PARK/NORWOOD,2030,6,"$190,000",prediction,GROSSCON,2,NA,NA,NA,NA,NA,NA,NA,NA,NA,NA,NA,NA,NA,NA
2,Bronx,BEDFORD PARK/NORWOOD,2030,7,"$211,000",prediction,GROSSCON,4,NA,NA,NA,NA,NA,NA,NA,NA,NA,NA,NA,NA,NA,NA
2,Bronx,BEDFORD PARK/NORWOOD,2030,9,"$240,000",prediction,GROSSCON,1,NA,NA,NA,NA,NA,NA,NA,NA,NA,NA,NA,NA,NA,NA
2,Bronx,BRONXDALE,2060,1,"$120,450",prediction,GROSSCON,4,NA,NA,NA,NA,NA,NA,NA,NA,NA,NA,NA,NA,NA,NA
2,Bronx,BRONXDALE,2060,2,"$145,000",prediction,GROSSCON,3,NA,NA,NA,NA,NA,NA,NA,NA,NA,NA,NA,NA,NA,NA
2,Bronx,BRONXDALE,2060,3,"$160,700",prediction,GROSSCON,5,NA,NA,NA,NA,NA,NA,NA,NA,NA,NA,NA,NA,NA,NA
2,Bronx,BRONXDALE,2060,4,"$182,000",prediction,GROSSCON,7,0.9253,0.5774351015045861,0.7458677685950416,4.380785598574265,0.9990124504263955,0.6049833695694338,0.4282093836732944,0.019472425293939364,0.03776733227484768,0.018294906980908316,1.9395289341077846,TRUE,FALSE,TRUE
2,Bronx,BRONXDALE,2060,5,"$192,500",prediction,GROSSCON,1,NA,NA,NA,NA,NA,NA,NA,NA,NA,NA,NA,NA,NA,NA
2,Bronx,BRONXDALE,2060,6,"$205,000",prediction,GROSSCON,2,NA,NA,NA,NA,NA,NA,NA,NA,NA,NA,NA,NA,NA,NA
2,Bronx,CITY ISLAND,2080,7,"$416,500",prediction,GROSSCON,1,NA,NA,NA,NA,NA,NA,NA,NA,NA,NA,NA,NA,NA,NA
2,Bronx,CITY ISLAND,2080,9,"$445,500",prediction,GROSSCON,1,NA,NA,NA,NA,NA,NA,NA,NA,NA,NA,NA,NA,NA,NA
2,Bronx,COUNTRY CLUB,2100,4,"$266,400",prediction,GROSSCON,1,NA,NA,NA,NA,NA,NA,NA,NA,NA,NA,NA,NA,NA,NA
2,Bronx,COUNTRY CLUB,2100,5,"$276,500",prediction,GROSSCON,2,NA,NA,NA,NA,NA,NA,NA,NA,NA,NA,NA,NA,NA,NA
2,Bronx,COUNTRY CLUB,2100,6,"$281,000",prediction,GROSSCON,3,NA,NA,NA,NA,NA,NA,NA,NA,NA,NA,NA,NA,NA,NA
2,Bronx,COUNTRY CLUB,2100,7,"$284,500",prediction,GROSSCON,2,NA,NA,NA,NA,NA,NA,NA,NA,NA,NA,NA,NA,NA,NA
2,Bronx,FIELDSTON,2140,1,"$170,000",prediction,GROSSCON,1,NA,NA,NA,NA,NA,NA,NA,NA,NA,NA,NA,NA,NA,NA
2,Bronx,FIELDSTON,2140,3,"$182,000",prediction,GROSSCON,9,1.1188,0.16282548262541896,0.13124999999999998,4.743606573495459,1.0008403645807369,0.32765125699120173,0.9894790459845064,0.022724104279938748,0.006584165642379563,-0.016139938637559186,0.2897436819189474,FALSE,FALSE,TRUE
2,Bronx,FIELDSTON,2140,4,"$200,000",prediction,GROSSCON,6,0.9945,0.044260581345248684,0.041176470588235294,4.42837152835396,1.0011089675487823,0.1631770694583489,0.2608216137688951,0.015116726172692108,-0.0028035375568421137,-0.01792026372953422,-0.18545930678473335,TRUE,FALSE,TRUE
2,Bronx,FIELDSTON,2140,5,"$215,000",prediction,GROSSCON,2,NA,NA,NA,NA,NA,NA,NA,NA,NA,NA,NA,NA,NA,NA
2,Bronx,FIELDSTON,2140,6,"$220,000",prediction,GROSSCON,2,NA,NA,NA,NA,NA,NA,NA,NA,NA,NA,NA,NA,NA,NA
2,Bronx,FIELDSTON,2140,7,"$260,000",prediction,GROSSCON,1,NA,NA,NA,NA,NA,NA,NA,NA,NA,NA,NA,NA,NA,NA
2,Bronx,FIELDSTON,2140,8,"$305,000",prediction,GROSSCON,1,NA,NA,NA,NA,NA,NA,NA,NA,NA,NA,NA,NA,NA,NA
2,Bronx,FIELDSTON,2140,9,"$385,795",prediction,GROSSCON,4,NA,NA,NA,NA,NA,NA,NA,NA,NA,NA,NA,NA,NA,NA
2,Bronx,FORDHAM,2150,1,"$190,000",prediction,GROSSCON,1,NA,NA,NA,NA,NA,NA,NA,NA,NA,NA,NA,NA,NA,NA
2,Bronx,FORDHAM,2150,2,"$195,000",prediction,GROSSCON,1,NA,NA,NA,NA,NA,NA,NA,NA,NA,NA,NA,NA,NA,NA
2,Bronx,FORDHAM,2150,3,"$200,000",prediction,GROSSCON,3,NA,NA,NA,NA,NA,NA,NA,NA,NA,NA,NA,NA,NA,NA
2,Bronx,FORDHAM,2150,4,"$210,000",prediction,GROSSCON,5,NA,NA,NA,NA,NA,NA,NA,NA,NA,NA,NA,NA,NA,NA
2,Bronx,FORDHAM,2150,5,"$230,000",prediction,GROSSCON,6,0.9689,0.06501202092324208,0.07314285714285715,2.6069766702553374,1.0004074995120322,1.084133905868692,-2.537957885373393,0.007602339181286499,0.0034482876765438895,-0.0041540515047426094,0.4535824559146223,TRUE,FALSE,TRUE
2,Bronx,FORDHAM,2150,6,"$240,000",prediction,GROSSCON,2,NA,NA,NA,NA,NA,NA,NA,NA,NA,NA,NA,NA,NA,NA
2,Bronx,FORDHAM,2150,7,"$240,000",prediction,GROSSCON,1,NA,NA,NA,NA,NA,NA,NA,NA,NA,NA,NA,NA,NA,NA
2,Bronx,FORDHAM,2150,8,"$256,000",prediction,GROSSCON,2,NA,NA,NA,NA,NA,NA,NA,NA,NA,NA,NA,NA,NA,NA
2,Bronx,HIGHBRIDGE/MORRIS HEIGHTS,2160,1,"$125,000",prediction,GROSSCON,1,NA,NA,NA,NA,NA,NA,NA,NA,NA,NA,NA,NA,NA,NA
2,Bronx,KINGSBRIDGE HTS/UNIV HTS,2180,1,"$145,800",prediction,GROSSCON,5,NA,NA,NA,NA,NA,NA,NA,NA,NA,NA,NA,NA,NA,NA
2,Bronx,KINGSBRIDGE HTS/UNIV HTS,2180,2,"$162,400",prediction,GROSSCON,15,1.005,0.019533747088148597,3.060576748685086e-4,4.828110838351924,1.0024949335556654,-0.7826084264505302,1.3253507333031123,0.02400893355667222,-0.002773837714073461,-0.02678277127074568,-0.11553356618385058,TRUE,FALSE,TRUE
2,Bronx,KINGSBRIDGE HTS/UNIV HTS,2180,3,"$165,000",prediction,GROSSCON,10,0.9967,0.6848172711214047,0.1220332089195138,1.9849468492379947,1.0001126232912372,0.09632662123351318,0.8817814471237351,0.021257142857142773,0.01609218823656704,-0.0051649546205757325,0.7570249842471084,TRUE,FALSE,TRUE
2,Bronx,KINGSBRIDGE HTS/UNIV HTS,2180,5,"$182,000",prediction,GROSSCON,3,NA,NA,NA,NA,NA,NA,NA,NA,NA,NA,NA,NA,NA,NA
2,Bronx,KINGSBRIDGE HTS/UNIV HTS,2180,6,"$249,199",prediction,GROSSCON,19,0.9363,0.01335188511866734,0.0706232136604591,4.776181226148108,1.0001715396646305,1.1438065114877491,0.31331520419921965,0.00891640866873058,0.004155610800514496,-0.004760797868216084,0.4660632946410392,TRUE,FALSE,TRUE
2,Bronx,KINGSBRIDGE HTS/UNIV HTS,2180,7,"$265,000",prediction,GROSSCON,2,NA,NA,NA,NA,NA,NA,NA,NA,NA,NA,NA,NA,NA,NA
2,Bronx,KINGSBRIDGE HTS/UNIV HTS,2180,8,"$266,000",prediction,GROSSCON,1,NA,NA,NA,NA,NA,NA,NA,NA,NA,NA,NA,NA,NA,NA
2,Bronx,KINGSBRIDGE/JEROME PARK,2190,1,"$150,000",prediction,GROSSCON,7,1.1914,0.27206994022083364,0.08791208791208788,8.656687052912229,1.0022405113117665,0.27283060401412823,NA,0.0461351679481992,0.034553873312208036,-0.011581294635991161,0.7489703592497008,FALSE,TRUE,TRUE
2,Bronx,KINGSBRIDGE/JEROME PARK,2190,2,"$170,000",prediction,GROSSCON,7,1.0569,0.12103976824808185,0.11571428571428569,10.644885969571986,0.9995803369803878,1.1258854491288741,0.14230868848414718,0.014416775884665865,0.019461623249267035,0.00504484736460117,1.349928958108243,TRUE,TRUE,TRUE
2,Bronx,KINGSBRIDGE/JEROME PARK,2190,3,"$195,000",prediction,GROSSCON,9,1.0697,0.16978785385715742,0.23543543543543546,5.479105855931636,1.0014042115310162,0.2849761387652747,0.9222562141886004,0.029540114132259196,0.01721448878553507,-0.012325625346724125,0.5827495692285102,TRUE,TRUE,TRUE
2,Bronx,KINGSBRIDGE/JEROME PARK,2190,4,"$205,000",prediction,GROSSCON,22,1.0047,0.27265057798982517,0.29321006706307157,7.5520540767129205,0.9993139430892726,0.7537329444709321,0.3710304520178287,0.025599976025181673,0.03259421203879385,0.006994236013612175,1.27321260014979,TRUE,TRUE,TRUE
2,Bronx,KINGSBRIDGE/JEROME PARK,2190,5,"$220,000",prediction,GROSSCON,5,NA,NA,NA,NA,NA,NA,NA,NA,NA,NA,NA,NA,NA,NA
2,Bronx,KINGSBRIDGE/JEROME PARK,2190,6,"$227,600",prediction,GROSSCON,9,0.9424,0.3782485403393917,0.4594537815126051,3.349727541345932,1.0001560793068305,0.3209453651021136,0.716815765411252,0.0222581224196734,0.024399602499327995,0.0021414800796545966,1.096211173578675,TRUE,FALSE,TRUE
2,Bronx,KINGSBRIDGE/JEROME PARK,2190,7,"$271,000",prediction,GROSSCON,10,0.8938,0.40522622387116286,0.43098061358930917,4.947823213290933,0.9995661276366961,0.5788612340362931,0.553401338464736,0.019670009705596847,0.024263054457823684,0.004593044752226837,1.2335049560712696,FALSE,FALSE,TRUE
2,Bronx,KINGSBRIDGE/JEROME PARK,2190,8,"$294,500",prediction,GROSSCON,6,0.9151,0.06393586341868407,0.0033613445378151267,5.837320968068885,1.0011918074820418,0.33756844941687797,0.7300616242038316,0.022755806654111737,0.004385998170147805,-0.018369808483963933,0.19274193338056425,TRUE,TRUE,TRUE
2,Bronx,KINGSBRIDGE/JEROME PARK,2190,9,"$330,200",prediction,GROSSCON,1,NA,NA,NA,NA,NA,NA,NA,NA,NA,NA,NA,NA,NA,NA
2,Bronx,KINGSBRIDGE/JEROME PARK,2190,10,"$590,000",prediction,GROSSCON,1,NA,NA,NA,NA,NA,NA,NA,NA,NA,NA,NA,NA,NA,NA
2,Bronx,MELROSE/CONCOURSE,2200,1,"$163,000",prediction,GROSSCON,7,1.1914,0.0015802639934992075,0.05487012987012984,53.65471089992445,1.0156562494886086,1.679465044082169,0.087816613371673,0.059369202226345105,0.03715848822982742,-0.022210713996517688,0.6258882861211553,FALSE,FALSE,TRUE
2,Bronx,MELROSE/CONCOURSE,2200,2,"$242,700",prediction,GROSSCON,1,NA,NA,NA,NA,NA,NA,NA,NA,NA,NA,NA,NA,NA,NA
2,Bronx,MELROSE/CONCOURSE,2200,3,"$272,000",prediction,GROSSCON,3,NA,NA,NA,NA,NA,NA,NA,NA,NA,NA,NA,NA,NA,NA
2,Bronx,MELROSE/CONCOURSE,2200,4,"$280,400",prediction,GROSSCON,3,NA,NA,NA,NA,NA,NA,NA,NA,NA,NA,NA,NA,NA,NA
2,Bronx,MELROSE/CONCOURSE,2200,5,"$295,000",prediction,GROSSCON,2,NA,NA,NA,NA,NA,NA,NA,NA,NA,NA,NA,NA,NA,NA
2,Bronx,MELROSE/CONCOURSE,2200,6,"$324,000",prediction,GROSSCON,20,1.0272,0.001952954694063156,0.005090526755014001,9.958231865740183,1.0005645222095254,1.2278504593876645,0.22443185110940575,0.014509210538273542,0.00725778306331879,-0.007251427474954752,0.500219019096431,TRUE,TRUE,TRUE
2,Bronx,MELROSE/CONCOURSE,2200,7,"$361,800",prediction,GROSSCON,10,0.9123,0.040273490085917255,0.06599326599326599,14.199741464414434,1.0000559718697684,1.1916578600059538,0.19412780383556769,0.020873390907609667,0.03057988698673082,0.009706496079121153,1.465017692721048,TRUE,TRUE,TRUE
2,Bronx,MELROSE/CONCOURSE,2200,8,"$403,668",prediction,GROSSCON,11,0.8865,0.055339616022446324,0.05612287256122873,6.205658692698917,1.001899623405096,0.43157013578707537,0.8817713233358985,0.030131200598467925,0.008466882284264864,-0.02166431831420306,0.2810004950382023,FALSE,TRUE,TRUE
2,Bronx,MELROSE/CONCOURSE,2200,9,"$450,600",prediction,GROSSCON,16,0.8687,0.2665636114624666,0.189595297644465,6.637345706574209,1.002710300391808,0.09682670003644367,0.8165866165934107,0.04486259776215307,0.026786716872004623,-0.018075880890148444,0.5970834995784039,FALSE,TRUE,TRUE
2,Bronx,MELROSE/CONCOURSE,2200,10,"$600,000",prediction,GROSSCON,4,NA,NA,NA,NA,NA,NA,NA,NA,NA,NA,NA,NA,NA,NA
2,Bronx,MORRIS PARK/VAN NEST,2210,1,"$145,600",prediction,GROSSCON,2,NA,NA,NA,NA,NA,NA,NA,NA,NA,NA,NA,NA,NA,NA
2,Bronx,MORRIS PARK/VAN NEST,2210,2,"$174,000",prediction,GROSSCON,1,NA,NA,NA,NA,NA,NA,NA,NA,NA,NA,NA,NA,NA,NA
2,Bronx,MORRIS PARK/VAN NEST,2210,3,"$190,900",prediction,GROSSCON,3,NA,NA,NA,NA,NA,NA,NA,NA,NA,NA,NA,NA,NA,NA
2,Bronx,MORRIS PARK/VAN NEST,2210,4,"$199,000",prediction,GROSSCON,6,1.0717,0.47792817930319526,0.49870129870129865,4.45355112577018,1.0000552557515112,0.2661237467142482,0.7023429425471299,0.0287722089631397,0.029229135897123875,4.569269339841746e-4,1.0158808430235422,TRUE,FALSE,TRUE
2,Bronx,MORRIS PARK/VAN NEST,2210,5,"$204,500",prediction,GROSSCON,5,NA,NA,NA,NA,NA,NA,NA,NA,NA,NA,NA,NA,NA,NA
2,Bronx,MORRIS PARK/VAN NEST,2210,7,"$225,000",prediction,GROSSCON,1,NA,NA,NA,NA,NA,NA,NA,NA,NA,NA,NA,NA,NA,NA
2,Bronx,PARKCHESTER,2250,1,"$114,000",prediction,GROSSCON,3,NA,NA,NA,NA,NA,NA,NA,NA,NA,NA,NA,NA,NA,NA
2,Bronx,PARKCHESTER,2250,3,"$130,500",prediction,GROSSCON,3,NA,NA,NA,NA,NA,NA,NA,NA,NA,NA,NA,NA,NA,NA
2,Bronx,PARKCHESTER,2250,4,"$169,000",prediction,GROSSCON,2,NA,NA,NA,NA,NA,NA,NA,NA,NA,NA,NA,NA,NA,NA
2,Bronx,PELHAM PARKWAY NORTH,2280,1,"$82,000",prediction,GROSSCON,5,NA,NA,NA,NA,NA,NA,NA,NA,NA,NA,NA,NA,NA,NA
2,Bronx,PELHAM PARKWAY NORTH,2280,2,"$100,000",prediction,GROSSCON,1,NA,NA,NA,NA,NA,NA,NA,NA,NA,NA,NA,NA,NA,NA
2,Bronx,PELHAM PARKWAY SOUTH,2290,1,"$120,000",prediction,GROSSCON,18,1.0498,0.015704204787521343,0.0220281543274244,15.174688960098685,1.0351607090563253,-1.1790174304064076,0.5958635764068282,0.06506621669990291,0.01130701366775592,-0.05375920303214699,0.17377702656212363,TRUE,FALSE,FALSE
2,Bronx,PELHAM PARKWAY SOUTH,2290,2,"$130,000",prediction,GROSSCON,22,1.0392,0.03321173100683374,0.01824091968028893,6.929758119591829,1.0011153357279985,0.6859366322036029,0.4864993995957063,0.023584491066132817,0.008521673763152422,-0.015062817302980395,0.36132531922172756,TRUE,TRUE,TRUE
2,Bronx,PELHAM PARKWAY SOUTH,2290,3,"$148,200",prediction,GROSSCON,6,0.9052,0.27162855448693324,0.041176470588235294,7.684040641876415,0.9996781177574781,0.6893340150182024,0.49149398788313514,0.023052005575441736,0.014134989667419884,-0.008917015908021853,0.6131783033437437,TRUE,TRUE,TRUE
2,Bronx,PELHAM PARKWAY SOUTH,2290,4,"$155,000",prediction,GROSSCON,3,NA,NA,NA,NA,NA,NA,NA,NA,NA,NA,NA,NA,NA,NA
2,Bronx,PELHAM PARKWAY SOUTH,2290,5,"$160,000",prediction,GROSSCON,11,0.9283,0.37827642269326955,0.33255131964809376,5.944183486910873,0.9991289663604597,0.772795776725202,0.3903054931998284,0.01885980761619602,0.03167355497882211,0.012813747362626093,1.679420894602455,TRUE,TRUE,TRUE
2,Bronx,PELHAM PARKWAY SOUTH,2290,6,"$169,597",prediction,GROSSCON,5,NA,NA,NA,NA,NA,NA,NA,NA,NA,NA,NA,NA,NA,NA
2,Bronx,PELHAM PARKWAY SOUTH,2290,7,"$204,600",prediction,GROSSCON,2,NA,NA,NA,NA,NA,NA,NA,NA,NA,NA,NA,NA,NA,NA
2,Bronx,RIVERDALE,2300,1,"$169,212",prediction,GROSSCON,26,1.0921,0.3319813775453059,0.38718416191254285,11.361864599915672,1.0182247663879223,-0.010196998952945492,0.9641546899263634,0.09367465229989182,0.05954884732260993,-0.03412580497728189,0.6356986213513675,TRUE,TRUE,TRUE
2,Bronx,RIVERDALE,2300,2,"$215,100",prediction,GROSSCON,53,1.057,0.007950729231587354,0.09648932885645449,11.043230774533527,1.0012827057903275,1.3422818644203638,0.4737687094222482,0.0249260505039437,0.009198251190954224,-0.015727799312989475,0.36902160611039897,TRUE,TRUE,TRUE
2,Bronx,RIVERDALE,2300,3,"$248,600",prediction,GROSSCON,46,1.0588,0.06807280740134841,0.25488687911474533,11.690487778792882,0.9995325492188496,1.288054231107264,0.33462976710495007,0.023155184262071183,0.02873553894026137,0.005580354678190187,1.2409980682957016,TRUE,TRUE,TRUE
2,Bronx,RIVERDALE,2300,4,"$280,000",prediction,GROSSCON,59,1.0733,0.0042288673715751,0.03758970122832043,8.90335228791786,1.0010103655744378,1.313444021716153,0.3838819421771095,0.02105428324454514,0.0037253076051515697,-0.017328975639393573,0.1769382297123196,TRUE,TRUE,TRUE
2,Bronx,RIVERDALE,2300,5,"$319,500",prediction,GROSSCON,77,1.0161,0.10109812374238503,0.09652017691142943,9.080486400568716,1.0000351237035545,0.988174851024172,0.3397137801066587,0.022421353329766826,0.022190951987225874,-2.3040134254095207e-4,0.9897240215988626,TRUE,TRUE,TRUE
2,Bronx,RIVERDALE,2300,6,"$350,000",prediction,GROSSCON,69,1.0006,0.21479048217462335,0.160551993758867,9.636632093520097,0.9991538170079048,0.9860269795387625,0.232815389358138,0.019655459656666114,0.03255530983991828,0.012899850183252164,1.6562985759977993,TRUE,TRUE,TRUE
2,Bronx,RIVERDALE,2300,7,"$391,050",prediction,GROSSCON,99,0.9923,0.04374652184569726,0.06327004001775913,10.358783551875097,1.000095849727068,1.1975986490650083,0.30735122848518986,0.020786620482284673,0.020739985442779905,-4.6635039504767245e-5,0.9977564876626043,TRUE,TRUE,TRUE
2,Bronx,RIVERDALE,2300,8,"$475,000",prediction,GROSSCON,116,0.9805,0.06238953669276727,0.05848800294761761,7.646999630806578,1.0007546860891432,0.8246337809558903,0.48217901096309473,0.024790888447521628,0.01430559804465881,-0.010485290402862817,0.5770506399938626,TRUE,TRUE,TRUE
2,Bronx,RIVERDALE,2300,9,"$584,499",prediction,GROSSCON,114,0.9571,0.3661978145430481,0.42073581346995614,8.301729235788384,0.9996670751914108,0.4586772857504957,0.6097619606084351,0.04792155453493276,0.05025404260966245,0.0023324880747296883,1.0486730469694885,TRUE,TRUE,TRUE
2,Bronx,RIVERDALE,2300,10,"$1,300,000",prediction,GROSSCON,133,0.9376,0.3400327743779127,0.24290829696034538,12.461769615932521,1.016794485753847,0.023484416679149217,1.056310055677105,0.11367438383337387,0.06662256954743855,-0.04705181428593533,0.5860825218555414,TRUE,TRUE,TRUE
2,Bronx,SCHUYLERVILLE/PELHAM BAY,2310,1,"$116,250",prediction,GROSSCON,12,1.1687,0.3809602109761252,0.429728811465283,19.821435559066927,1.051388214593222,-0.4354122215421053,0.7075959970100612,0.11837057399464479,0.09195638845689598,-0.02641418553774881,0.7768517576087465,FALSE,FALSE,FALSE
2,Bronx,SCHUYLERVILLE/PELHAM BAY,2310,2,"$135,000",prediction,GROSSCON,8,0.9827,0.01912524345176443,0.004021879021879022,8.708207477719627,1.0037602744655738,0.803514702862216,0.8550509191273065,0.02693784520675302,-0.006876793273529858,-0.03381463848028288,-0.25528371778622894,TRUE,TRUE,TRUE
2,Bronx,SCHUYLERVILLE/PELHAM BAY,2310,3,"$141,000",prediction,GROSSCON,7,0.918,0.1284484754972291,0.04675324675324674,11.882147241936664,0.9992412119012296,1.0440860741409392,0.17055815274829228,0.019183942528890188,0.03657644355529856,0.01739250102640837,1.9066176569397044,TRUE,TRUE,TRUE
2,Bronx,SCHUYLERVILLE/PELHAM BAY,2310,4,"$159,000",prediction,GROSSCON,2,NA,NA,NA,NA,NA,NA,NA,NA,NA,NA,NA,NA,NA,NA
2,Bronx,SCHUYLERVILLE/PELHAM BAY,2310,5,"$165,000",prediction,GROSSCON,2,NA,NA,NA,NA,NA,NA,NA,NA,NA,NA,NA,NA,NA,NA
2,Bronx,SCHUYLERVILLE/PELHAM BAY,2310,6,"$174,000",prediction,GROSSCON,3,NA,NA,NA,NA,NA,NA,NA,NA,NA,NA,NA,NA,NA,NA
2,Bronx,SCHUYLERVILLE/PELHAM BAY,2310,7,"$186,500",prediction,GROSSCON,2,NA,NA,NA,NA,NA,NA,NA,NA,NA,NA,NA,NA,NA,NA
2,Bronx,VAN CORTLANDT PARK,2340,2,"$240,000",prediction,GROSSCON,1,NA,NA,NA,NA,NA,NA,NA,NA,NA,NA,NA,NA,NA,NA
2,Bronx,VAN CORTLANDT PARK,2340,4,"$285,000",prediction,GROSSCON,1,NA,NA,NA,NA,NA,NA,NA,NA,NA,NA,NA,NA,NA,NA
2,Bronx,VAN CORTLANDT PARK,2340,5,"$310,000",prediction,GROSSCON,2,NA,NA,NA,NA,NA,NA,NA,NA,NA,NA,NA,NA,NA,NA
2,Bronx,VAN CORTLANDT PARK,2340,6,"$331,460",prediction,GROSSCON,1,NA,NA,NA,NA,NA,NA,NA,NA,NA,NA,NA,NA,NA,NA
2,Bronx,VAN CORTLANDT PARK,2340,7,"$364,230",prediction,GROSSCON,2,NA,NA,NA,NA,NA,NA,NA,NA,NA,NA,NA,NA,NA,NA
2,Bronx,VAN CORTLANDT PARK,2340,8,"$395,000",prediction,GROSSCON,2,NA,NA,NA,NA,NA,NA,NA,NA,NA,NA,NA,NA,NA,NA
2,Bronx,VAN CORTLANDT PARK,2340,9,"$422,500",prediction,GROSSCON,2,NA,NA,NA,NA,NA,NA,NA,NA,NA,NA,NA,NA,NA,NA
2,Bronx,VAN CORTLANDT PARK,2340,10,"$515,000",prediction,GROSSCON,1,NA,NA,NA,NA,NA,NA,NA,NA,NA,NA,NA,NA,NA,NA
2,Bronx,WESTCHESTER,2360,1,"$129,500",prediction,GROSSCON,3,NA,NA,NA,NA,NA,NA,NA,NA,NA,NA,NA,NA,NA,NA
2,Bronx,WESTCHESTER,2360,2,"$139,000",prediction,GROSSCON,1,NA,NA,NA,NA,NA,NA,NA,NA,NA,NA,NA,NA,NA,NA
2,Bronx,WESTCHESTER,2360,3,"$139,500",prediction,GROSSCON,1,NA,NA,NA,NA,NA,NA,NA,NA,NA,NA,NA,NA,NA,NA
2,Bronx,WESTCHESTER,2360,4,"$140,000",prediction,GROSSCON,1,NA,NA,NA,NA,NA,NA,NA,NA,NA,NA,NA,NA,NA,NA
2,Bronx,WILLIAMSBRIDGE,2370,1,"$107,500",prediction,GROSSCON,4,NA,NA,NA,NA,NA,NA,NA,NA,NA,NA,NA,NA,NA,NA
2,Bronx,WILLIAMSBRIDGE,2370,3,"$120,000",prediction,GROSSCON,2,NA,NA,NA,NA,NA,NA,NA,NA,NA,NA,NA,NA,NA,NA
2,Bronx,WOODLAWN,2380,1,"$120,500",prediction,GROSSCON,12,1.0802,0.014168164592673393,0.009790209790209791,13.884560174397127,1.0157096355405468,-0.20332821220997627,1.536271179551295,0.06954022988505744,-0.003843797218790209,-0.07338402710384764,-0.0552744393445865,TRUE,TRUE,TRUE
2,Bronx,WOODLAWN,2380,2,"$131,000",prediction,GROSSCON,10,1.0356,0.7425847445066597,0.757804459691252,6.367561754152012,0.9977700475431646,0.602783484083876,0.4595809030426471,0.0256929493647295,0.056909990013823374,0.031217040649093874,2.215004171220128,TRUE,TRUE,TRUE
2,Bronx,WOODLAWN,2380,3,"$144,909",prediction,GROSSCON,7,1.0331,0.246217532247929,0.5847593582887702,9.679972243316975,0.9994380326744159,0.7783838169820211,0.4252073198486788,0.022245394508168204,0.0423537650763396,0.0201083705681714,1.903934095697331,TRUE,TRUE,TRUE
2,Bronx,WOODLAWN,2380,4,"$157,000",prediction,GROSSCON,5,NA,NA,NA,NA,NA,NA,NA,NA,NA,NA,NA,NA,NA,NA
2,Bronx,WOODLAWN,2380,5,"$165,000",prediction,GROSSCON,6,0.8825,0.40044788199059717,0.23591836734693877,5.023179909206155,0.9996221441211589,0.5067677154114111,0.4693439433507777,0.024966714978225113,0.030779882840937283,0.00581316786271217,1.232836713511656,FALSE,TRUE,TRUE
2,Bronx,WOODLAWN,2380,6,"$173,000",prediction,GROSSCON,2,NA,NA,NA,NA,NA,NA,NA,NA,NA,NA,NA,NA,NA,NA
3,Brooklyn,BATH BEACH,3010,1,"$256,000",prediction,GROSSCON,4,NA,NA,NA,NA,NA,NA,NA,NA,NA,NA,NA,NA,NA,NA
3,Brooklyn,BATH BEACH,3010,2,"$272,000",prediction,GROSSCON,10,1.0556,0.15039752377875895,0.26949041811846686,5.67487867476029,1.0020311913000053,0.5662989019382658,5.055730984208858,0.020498716538320493,-0.011787155073718658,-0.03228587161203915,-0.5750191750631627,TRUE,TRUE,TRUE
3,Brooklyn,BATH BEACH,3010,3,"$285,000",prediction,GROSSCON,14,0.9881,0.1433860849926078,0.03544342297616829,6.615553492317992,1.0014523946198217,0.337476730043718,0.6126379638227797,0.031777343163536136,0.012255543859924778,-0.019521799303611358,0.38566924229171456,TRUE,TRUE,TRUE
3,Brooklyn,BATH BEACH,3010,4,"$290,000",prediction,GROSSCON,7,0.9764,0.03392778112679381,0.31321548821548834,6.350801740350041,1.0025763241053014,0.22617033293639288,4.2211464416534215,0.03145071982281295,0.008754150073438589,-0.02269656974937436,0.2783449829688387,TRUE,TRUE,TRUE
3,Brooklyn,BATH BEACH,3010,5,"$310,000",prediction,GROSSCON,4,NA,NA,NA,NA,NA,NA,NA,NA,NA,NA,NA,NA,NA,NA
3,Brooklyn,BATH BEACH,3010,6,"$329,000",prediction,GROSSCON,1,NA,NA,NA,NA,NA,NA,NA,NA,NA,NA,NA,NA,NA,NA
3,Brooklyn,BATH BEACH,3010,7,"$340,000",prediction,GROSSCON,1,NA,NA,NA,NA,NA,NA,NA,NA,NA,NA,NA,NA,NA,NA
3,Brooklyn,BAY RIDGE,3020,1,"$230,125",prediction,GROSSCON,46,1.0631,0.4259351856972476,0.4787513254168506,9.334259109885584,0.9983297828019925,0.4050268165619062,0.6608186884352556,0.05835810460707382,0.06635806151458405,0.00799995690751023,1.1370839056781246,TRUE,TRUE,TRUE
3,Brooklyn,BAY RIDGE,3020,2,"$280,000",prediction,GROSSCON,37,1.1007,0.2794193151235045,0.37758257149661145,7.0298690934273305,0.9996525634783067,0.6160952200547382,0.5216805216688649,0.03213858435189014,0.0342115977064504,0.0020730133545602616,1.0645023231845725,FALSE,TRUE,TRUE
3,Brooklyn,BAY RIDGE,3020,3,"$310,000",prediction,GROSSCON,72,1.0335,0.025357298656941026,0.09306709069879793,7.351592894378807,1.0013569369287285,0.8496958101274178,0.5761303257984003,0.026300253458711294,0.008862963517139852,-0.01743728994157144,0.33699156287804594,TRUE,TRUE,TRUE
3,Brooklyn,BAY RIDGE,3020,4,"$338,000",prediction,GROSSCON,81,1.0167,0.06251894751573236,0.06951025324857767,6.223866987180913,1.0011946246711427,0.6215696470807384,0.6998360666575533,0.026814776064505434,0.011619628246292297,-0.015195147818213137,0.43332930390096125,TRUE,TRUE,TRUE
3,Brooklyn,BAY RIDGE,3020,5,"$360,000",prediction,GROSSCON,63,0.9923,0.17027984787258685,0.18666067604261583,7.287738482061259,1.0002158663884135,0.6837012798105131,0.49652283300320116,0.02727975472078105,0.02523349781508214,-0.002046256905698908,0.9249899082069049,TRUE,TRUE,TRUE
3,Brooklyn,BAY RIDGE,3020,6,"$394,000",prediction,GROSSCON,48,0.9301,0.19628399221985426,0.14924689727797863,6.9523370904159485,1.0006751270513004,0.4928741849447238,0.5311901289735637,0.030207599396074425,0.02360953843892899,-0.006598060957145435,0.7815761235895206,TRUE,TRUE,TRUE
3,Brooklyn,BAY RIDGE,3020,7,"$435,700",prediction,GROSSCON,29,0.8761,0.05655988484586988,0.08442607213930256,8.275260728595693,1.0011139012922414,0.782251301878851,0.4237424762559795,0.027402911174453287,0.014259742609796481,-0.013143168564656806,0.5203732741757127,FALSE,TRUE,TRUE
3,Brooklyn,BAY RIDGE,3020,8,"$498,800",prediction,GROSSCON,13,0.9429,0.33388569985871985,0.6147261829080013,8.334620285487501,0.9976330756017319,0.8579244914167942,0.37944076028508233,0.025088398147515727,0.066870769183754,0.04178237103623827,2.665406088924637,TRUE,TRUE,TRUE
3,Brooklyn,BAY RIDGE,3020,9,"$580,000",prediction,GROSSCON,3,NA,NA,NA,NA,NA,NA,NA,NA,NA,NA,NA,NA,NA,NA
3,Brooklyn,BENSONHURST,3040,1,"$246,000",prediction,GROSSCON,1,NA,NA,NA,NA,NA,NA,NA,NA,NA,NA,NA,NA,NA,NA
3,Brooklyn,BENSONHURST,3040,2,"$249,500",prediction,GROSSCON,4,NA,NA,NA,NA,NA,NA,NA,NA,NA,NA,NA,NA,NA,NA
3,Brooklyn,BENSONHURST,3040,3,"$284,000",prediction,GROSSCON,3,NA,NA,NA,NA,NA,NA,NA,NA,NA,NA,NA,NA,NA,NA
3,Brooklyn,BENSONHURST,3040,4,"$312,000",prediction,GROSSCON,4,NA,NA,NA,NA,NA,NA,NA,NA,NA,NA,NA,NA,NA,NA
3,Brooklyn,BENSONHURST,3040,5,"$327,000",prediction,GROSSCON,2,NA,NA,NA,NA,NA,NA,NA,NA,NA,NA,NA,NA,NA,NA
3,Brooklyn,BENSONHURST,3040,6,"$362,000",prediction,GROSSCON,1,NA,NA,NA,NA,NA,NA,NA,NA,NA,NA,NA,NA,NA,NA
3,Brooklyn,BOERUM HILL,3060,5,"$927,753",prediction,GROSSCON,1,NA,NA,NA,NA,NA,NA,NA,NA,NA,NA,NA,NA,NA,NA
3,Brooklyn,BOERUM HILL,3060,6,"$996,999",prediction,GROSSCON,1,NA,NA,NA,NA,NA,NA,NA,NA,NA,NA,NA,NA,NA,NA
3,Brooklyn,BOERUM HILL,3060,7,"$1,284,500",prediction,GROSSCON,3,NA,NA,NA,NA,NA,NA,NA,NA,NA,NA,NA,NA,NA,NA
3,Brooklyn,BOERUM HILL,3060,8,"$1,349,000",prediction,GROSSCON,6,1.0181,0.5891474888232302,0.49870129870129865,6.576381772040072,0.9979011179150623,0.4861868923443841,0.4585698745560947,0.036279926335174885,0.0470089164661102,0.010728990130935312,1.295728002086187,TRUE,TRUE,TRUE
3,Brooklyn,BOERUM HILL,3060,9,"$1,624,600",prediction,GROSSCON,5,NA,NA,NA,NA,NA,NA,NA,NA,NA,NA,NA,NA,NA,NA
3,Brooklyn,BOERUM HILL,3060,10,"$1,835,000",prediction,GROSSCON,8,0.9509,0.7642867278899447,0.6944444444444446,6.103617729739417,0.9989894131257392,0.1310738758994282,0.957154319432623,0.07180895323681136,0.0792952959279356,0.007486342691124248,1.1042536111957488,TRUE,TRUE,TRUE
3,Brooklyn,BOROUGH PARK,3070,2,"$429,000",prediction,GROSSCON,2,NA,NA,NA,NA,NA,NA,NA,NA,NA,NA,NA,NA,NA,NA
3,Brooklyn,BOROUGH PARK,3070,4,"$478,800",prediction,GROSSCON,2,NA,NA,NA,NA,NA,NA,NA,NA,NA,NA,NA,NA,NA,NA
3,Brooklyn,BOROUGH PARK,3070,5,"$546,250",prediction,GROSSCON,6,1.0309,6.267788796477894e-4,0.013445378151260507,5.739333298774216,1.0025174772160181,0.0701593727201637,0.5985859666725247,0.02704402515723266,0.004060943602599269,-0.02298308155463339,0.15016047274727554,TRUE,TRUE,TRUE
3,Brooklyn,BOROUGH PARK,3070,6,"$596,000",prediction,GROSSCON,5,NA,NA,NA,NA,NA,NA,NA,NA,NA,NA,NA,NA,NA,NA
3,Brooklyn,BOROUGH PARK,3070,7,"$647,500",prediction,GROSSCON,5,NA,NA,NA,NA,NA,NA,NA,NA,NA,NA,NA,NA,NA,NA
3,Brooklyn,BOROUGH PARK,3070,8,"$708,600",prediction,GROSSCON,6,0.9579,0.7593645451313872,0.5680672268907564,5.897446444420501,0.9981289262666563,0.5464126081092322,0.5462428003946745,0.023657020854779127,0.04828021389270661,0.024623193037927486,2.0408408222269108,TRUE,TRUE,TRUE
3,Brooklyn,BOROUGH PARK,3070,9,"$751,000",prediction,GROSSCON,2,NA,NA,NA,NA,NA,NA,NA,NA,NA,NA,NA,NA,NA,NA
3,Brooklyn,BRIGHTON BEACH,3080,1,"$230,000",prediction,GROSSCON,17,1.0788,0.21755261468129442,0.30057723110399226,12.37270986002003,1.0032290656900824,0.5140664140338764,0.6039972149732602,0.06307272194386847,0.04613683912055928,-0.01693588282330919,0.7314864128048688,TRUE,TRUE,TRUE
3,Brooklyn,BRIGHTON BEACH,3080,2,"$266,500",prediction,GROSSCON,21,1.0693,0.21379163115713332,0.17174103124598175,8.904815976779998,0.9993791221377578,0.8355933000590339,0.32789037825790834,0.02629791487780187,0.03556804205270919,0.00927012717490732,1.3525042657557713,TRUE,TRUE,TRUE
3,Brooklyn,BRIGHTON BEACH,3080,3,"$294,500",prediction,GROSSCON,20,1.0111,0.23456519104774623,0.23527482932491586,4.770365876649576,1.0005118940800202,0.37145591809714934,0.5631352762879314,0.024628271907310584,0.020263904358747455,-0.00436436754856313,0.8227903457868019,TRUE,FALSE,TRUE
3,Brooklyn,BRIGHTON BEACH,3080,4,"$325,000",prediction,GROSSCON,18,0.9725,0.10689796800731048,0.18630197741335297,7.695143604815106,1.000149133581601,0.90414112950667,0.3679699810062153,0.02513494403918119,0.026456598178253583,0.0013216541390723945,1.052582338636289,TRUE,TRUE,TRUE
3,Brooklyn,BRIGHTON BEACH,3080,5,"$355,000",prediction,GROSSCON,20,0.9398,0.2647928353633307,0.37825591060429886,6.145120081090785,0.9992432428123854,0.8194605116941025,0.4931192783982364,0.025125208681135193,0.03479670303768554,0.009671494356550348,1.3849319016328017,TRUE,TRUE,TRUE
3,Brooklyn,BRIGHTON BEACH,3080,6,"$400,000",prediction,GROSSCON,13,1.0727,0.09926482310798664,0.07728994490358126,7.535061214203543,1.0005169977718757,0.7804397562766993,0.46528910155786946,0.027535492252018193,0.01873657935186042,-0.008798912900157774,0.680451948357202,TRUE,TRUE,TRUE
3,Brooklyn,BRIGHTON BEACH,3080,7,"$450,500",prediction,GROSSCON,16,0.8797,0.048944414098388137,0.19636934892651428,8.67099338854087,1.0016249353418731,0.7783415458135337,0.5416031389695909,0.03149555417700589,0.018387305069055282,-0.01310824910795061,0.5838063672643483,FALSE,TRUE,TRUE
3,Brooklyn,BRIGHTON BEACH,3080,8,"$535,000",prediction,GROSSCON,9,0.8475,0.4296719168954975,0.5102401129943502,12.395345791097283,0.9954461299983877,0.8699940335406948,0.4523536007431868,0.03256559520796425,0.06933051861555543,0.03676492340759118,2.1289498371766267,FALSE,TRUE,TRUE
3,Brooklyn,BROOKLYN HEIGHTS,3090,1,"$390,000",prediction,GROSSCON,1,NA,NA,NA,NA,NA,NA,NA,NA,NA,NA,NA,NA,NA,NA
3,Brooklyn,BROOKLYN HEIGHTS,3090,2,"$499,995",prediction,GROSSCON,2,NA,NA,NA,NA,NA,NA,NA,NA,NA,NA,NA,NA,NA,NA
3,Brooklyn,BROOKLYN HEIGHTS,3090,3,"$591,800",prediction,GROSSCON,2,NA,NA,NA,NA,NA,NA,NA,NA,NA,NA,NA,NA,NA,NA
3,Brooklyn,BROOKLYN HEIGHTS,3090,4,"$650,000",prediction,GROSSCON,27,1.1144,0.00567502293230048,0.0049024104623315605,12.920661808615701,1.0011842387731122,1.3041797688661045,0.2919361760184482,0.024642166284553915,0.0069802577993387845,-0.01766190848521513,0.28326477951389023,FALSE,TRUE,TRUE
3,Brooklyn,BROOKLYN HEIGHTS,3090,5,"$750,000",prediction,GROSSCON,17,1.0187,0.16016743733496477,0.27756820119352094,8.746243973447214,0.9996549637304601,0.896740883245984,0.439069839354559,0.025167970879561352,0.032329692115226086,0.007161721235664734,1.2845569581249274,TRUE,TRUE,TRUE
3,Brooklyn,BROOKLYN HEIGHTS,3090,6,"$897,000",prediction,GROSSCON,26,1.0651,0.009755057447475806,0.005732158523095701,7.909868739933924,1.0020803431294127,0.6840257062244922,0.5883904830569082,0.028343028118244663,0.00413744255708355,-0.024205585561161112,0.14597743543218097,TRUE,TRUE,TRUE
3,Brooklyn,BROOKLYN HEIGHTS,3090,7,"$1,170,000",prediction,GROSSCON,51,1.0317,0.23162428573927663,0.23151946039610286,8.295634566715233,0.9994596828247746,0.769736886645034,0.3725710731472694,0.028698020609720418,0.03448434208260135,0.005786321472880933,1.2016278945357306,TRUE,TRUE,TRUE
3,Brooklyn,BROOKLYN HEIGHTS,3090,8,"$1,401,000",prediction,GROSSCON,35,1.0228,0.05665916896811753,0.07988956235004198,9.284467939246898,1.0016614465945974,0.786355826554719,0.5173318342859904,0.034716578618036106,0.01970316436683289,-0.015013414251203217,0.567543379882389,TRUE,TRUE,TRUE
3,Brooklyn,BROOKLYN HEIGHTS,3090,9,"$1,890,000",prediction,GROSSCON,46,0.9666,0.5199282365762461,0.5519781779441854,8.798787484697495,1.0004912486307156,0.22811994117261172,0.8163331887262193,0.06788373504399868,0.06569680937478588,-0.0021869256692128025,0.9677842465828471,TRUE,TRUE,TRUE
3,Brooklyn,BROOKLYN HEIGHTS,3090,10,"$3,350,000",prediction,GROSSCON,78,0.9297,0.8615587171318045,0.7842008231143899,8.880315675095101,1.0009251415423215,0.054945333072785416,0.9265171543780213,0.16725320368585947,0.16568087317931457,-0.0015723305065449,0.9905991008130517,TRUE,TRUE,TRUE
3,Brooklyn,CARROLL GARDENS,3140,4,"$1,006,000",prediction,GROSSCON,1,NA,NA,NA,NA,NA,NA,NA,NA,NA,NA,NA,NA,NA,NA
3,Brooklyn,CARROLL GARDENS,3140,7,"$1,318,000",prediction,GROSSCON,3,NA,NA,NA,NA,NA,NA,NA,NA,NA,NA,NA,NA,NA,NA
3,Brooklyn,CARROLL GARDENS,3140,8,"$1,573,000",prediction,GROSSCON,2,NA,NA,NA,NA,NA,NA,NA,NA,NA,NA,NA,NA,NA,NA
3,Brooklyn,CARROLL GARDENS,3140,9,"$1,926,000",prediction,GROSSCON,10,1.0256,0.5720298719833097,0.5739210284664829,4.158663160652644,1.0021593501986374,-0.046940408827507565,1.211643900612284,0.049190283400809776,0.03497086604065434,-0.014219417360155438,0.7109303631309968,TRUE,FALSE,TRUE
3,Brooklyn,CARROLL GARDENS,3140,10,"$2,670,000",prediction,GROSSCON,13,0.943,0.9652720716950515,0.9430645112463296,3.264423988500681,1.0044442268244897,-0.03776706013726269,1.03629655273187,0.13975227856975933,0.13118583635364814,-0.008566442216111192,0.9387026651459202,TRUE,FALSE,TRUE
3,Brooklyn,CLINTON HILL,3150,1,"$498,600",prediction,GROSSCON,1,NA,NA,NA,NA,NA,NA,NA,NA,NA,NA,NA,NA,NA,NA
3,Brooklyn,CLINTON HILL,3150,2,"$618,000",prediction,GROSSCON,1,NA,NA,NA,NA,NA,NA,NA,NA,NA,NA,NA,NA,NA,NA
3,Brooklyn,CLINTON HILL,3150,3,"$689,000",prediction,GROSSCON,1,NA,NA,NA,NA,NA,NA,NA,NA,NA,NA,NA,NA,NA,NA
3,Brooklyn,CLINTON HILL,3150,4,"$715,000",prediction,GROSSCON,5,NA,NA,NA,NA,NA,NA,NA,NA,NA,NA,NA,NA,NA,NA
3,Brooklyn,CLINTON HILL,3150,5,"$762,000",prediction,GROSSCON,11,1.0808,0.025616589454584726,0.09392056918339177,8.822392222094372,1.0018436291314785,0.8637751591389762,0.6290930597582838,0.029716356805017243,0.012771658988163216,-0.016944697816854027,0.4297854905957677,TRUE,TRUE,TRUE
3,Brooklyn,CLINTON HILL,3150,6,"$812,000",prediction,GROSSCON,14,1.0344,0.26036086517055157,0.315479222763991,8.443580694344366,0.9988997119984346,0.8173640251612575,0.505928730848856,0.027359981272312237,0.03756835655397493,0.010208375281662695,1.3731133870326648,TRUE,TRUE,TRUE
3,Brooklyn,CLINTON HILL,3150,7,"$876,500",prediction,GROSSCON,29,1.0456,0.0918975341234722,0.03291939576365854,7.736514611189994,1.0009691769044782,0.6700591368809714,0.4549463520922507,0.027584712600094572,0.014213810071462591,-0.01337090252863198,0.5152785268248131,TRUE,TRUE,TRUE
3,Brooklyn,CLINTON HILL,3150,8,"$975,000",prediction,GROSSCON,71,0.972,2.027575615664298e-4,0.01052482730108812,6.987662473058856,1.0035615787647139,0.39288748404504426,1.1894348480565835,0.03382248321332721,-0.0011912276910085436,-0.035013710904335756,-0.03521999503984259,TRUE,TRUE,TRUE
3,Brooklyn,CLINTON HILL,3150,9,"$1,170,000",prediction,GROSSCON,60,0.9652,0.3348563070486547,0.2113354060978627,8.551262749475475,1.004129556110452,0.09988728104169677,0.8153387532017432,0.06121791714528087,0.03786674394508272,-0.023351173200198146,0.6185565551865851,TRUE,TRUE,TRUE
3,Brooklyn,CLINTON HILL,3150,10,"$2,250,000",prediction,GROSSCON,17,0.9488,0.7552218633359595,0.3575009647155296,5.651281738295409,1.000275214401932,0.11554795764288059,0.901143106944087,0.07521760314335946,0.06710530879028678,-0.008112294353072674,0.8921489915384406,TRUE,TRUE,TRUE
3,Brooklyn,COBBLE HILL,3160,3,"$776,800",prediction,GROSSCON,1,NA,NA,NA,NA,NA,NA,NA,NA,NA,NA,NA,NA,NA,NA
3,Brooklyn,COBBLE HILL,3160,5,"$1,220,000",prediction,GROSSCON,2,NA,NA,NA,NA,NA,NA,NA,NA,NA,NA,NA,NA,NA,NA
3,Brooklyn,COBBLE HILL,3160,6,"$1,803,000",prediction,GROSSCON,1,NA,NA,NA,NA,NA,NA,NA,NA,NA,NA,NA,NA,NA,NA
3,Brooklyn,COBBLE HILL,3160,7,"$1,887,000",prediction,GROSSCON,1,NA,NA,NA,NA,NA,NA,NA,NA,NA,NA,NA,NA,NA,NA
3,Brooklyn,COBBLE HILL,3160,8,"$1,988,000",prediction,GROSSCON,3,NA,NA,NA,NA,NA,NA,NA,NA,NA,NA,NA,NA,NA,NA
3,Brooklyn,COBBLE HILL,3160,9,"$2,276,600",prediction,GROSSCON,4,NA,NA,NA,NA,NA,NA,NA,NA,NA,NA,NA,NA,NA,NA
3,Brooklyn,COBBLE HILL,3160,10,"$2,765,000",prediction,GROSSCON,12,0.961,0.8220152239762568,0.8520710059171601,6.062817078138466,1.0024967073759756,0.0073764177298273415,0.9320715258949197,0.10078458162547103,0.1002861681977653,-4.98413427705735e-4,0.9950546659055657,TRUE,TRUE,TRUE
3,Brooklyn,CONEY ISLAND,3170,2,"$339,000",prediction,GROSSCON,1,NA,NA,NA,NA,NA,NA,NA,NA,NA,NA,NA,NA,NA,NA
3,Brooklyn,CONEY ISLAND,3170,3,"$356,000",prediction,GROSSCON,16,1.035,0.41212981044677677,0.19249748202848244,5.310900777133383,0.9991592112649245,0.5780112300237791,0.5923630478411253,0.02209352725871705,0.02902271879079943,0.006929191532082379,1.3136299356341326,TRUE,TRUE,TRUE
3,Brooklyn,CONEY ISLAND,3170,4,"$413,000",prediction,GROSSCON,17,1.0152,0.5373851480666512,0.22442688061491767,4.744738245699819,0.9994095830576188,0.39184310258208016,0.6058375312171225,0.028471883290406366,0.03383934772646041,0.005367464436054046,1.1885180682045933,TRUE,FALSE,TRUE
3,Brooklyn,CONEY ISLAND,3170,5,"$440,000",prediction,GROSSCON,25,1.0145,0.33689254119348366,0.3515937167784743,4.005261968234132,1.0000273466189067,0.4352672615941528,0.5719354100055987,0.01975380687517102,0.02045664016063867,7.028332854676494e-4,1.0355796373787098,TRUE,FALSE,TRUE
3,Brooklyn,CONEY ISLAND,3170,6,"$450,000",prediction,GROSSCON,24,0.984,1.4209765328141282e-4,0.014567973151394041,5.337829169424187,1.0016986274295758,0.6949614798362664,0.5084217199750548,0.02193421125743174,-0.0010145151240184742,-0.022948726381450214,-0.0462526375857138,TRUE,TRUE,TRUE
3,Brooklyn,CONEY ISLAND,3170,7,"$480,000",prediction,GROSSCON,6,0.9293,0.11399566137875478,0.05378151260504203,3.7536974056712795,1.0009386398899967,0.2859961843731765,0.44286818086351376,0.013910355486862406,-0.0025855368887519603,-0.016495892375614364,-0.18587137411361362,TRUE,FALSE,TRUE
3,Brooklyn,CROWN HEIGHTS,3180,1,"$257,750",prediction,GROSSCON,3,NA,NA,NA,NA,NA,NA,NA,NA,NA,NA,NA,NA,NA,NA
3,Brooklyn,CROWN HEIGHTS,3180,2,"$375,000",prediction,GROSSCON,1,NA,NA,NA,NA,NA,NA,NA,NA,NA,NA,NA,NA,NA,NA
3,Brooklyn,CROWN HEIGHTS,3180,3,"$437,674",prediction,GROSSCON,1,NA,NA,NA,NA,NA,NA,NA,NA,NA,NA,NA,NA,NA,NA
3,Brooklyn,CROWN HEIGHTS,3180,4,"$576,000",prediction,GROSSCON,3,NA,NA,NA,NA,NA,NA,NA,NA,NA,NA,NA,NA,NA,NA
3,Brooklyn,CROWN HEIGHTS,3180,5,"$615,500",prediction,GROSSCON,2,NA,NA,NA,NA,NA,NA,NA,NA,NA,NA,NA,NA,NA,NA
3,Brooklyn,CROWN HEIGHTS,3180,6,"$659,999",prediction,GROSSCON,2,NA,NA,NA,NA,NA,NA,NA,NA,NA,NA,NA,NA,NA,NA
3,Brooklyn,CROWN HEIGHTS,3180,7,"$740,000",prediction,GROSSCON,6,0.8566,1.9952080146780885e-4,0.013445378151260507,10.87231171683372,1.0003426326907714,1.3974237751104304,0.17501056683359617,0.010580575149213178,0.014499853469165528,0.003919278319952349,1.3704220483934473,FALSE,TRUE,TRUE
3,Brooklyn,CROWN HEIGHTS,3180,8,"$757,000",prediction,GROSSCON,7,0.9344,0.9790305345667921,0.7479249011857709,9.020164923539058,0.9932642610085523,0.9315021991466966,NA,0.020458959000027477,0.09000869227506467,0.06954973327503719,4.399475666134517,TRUE,TRUE,TRUE
3,Brooklyn,CROWN HEIGHTS,3180,9,"$995,000",prediction,GROSSCON,5,NA,NA,NA,NA,NA,NA,NA,NA,NA,NA,NA,NA,NA,NA
3,Brooklyn,CYPRESS HILLS,3190,3,"$295,000",prediction,GROSSCON,1,NA,NA,NA,NA,NA,NA,NA,NA,NA,NA,NA,NA,NA,NA
3,Brooklyn,DOWNTOWN-FULTON FERRY,3202,7,"$1,448,000",prediction,GROSSCON,1,NA,NA,NA,NA,NA,NA,NA,NA,NA,NA,NA,NA,NA,NA
3,Brooklyn,DOWNTOWN-FULTON FERRY,3202,10,"$1,550,000",prediction,GROSSCON,4,NA,NA,NA,NA,NA,NA,NA,NA,NA,NA,NA,NA,NA,NA
3,Brooklyn,DOWNTOWN-FULTON MALL,3200,3,"$462,000",prediction,GROSSCON,3,NA,NA,NA,NA,NA,NA,NA,NA,NA,NA,NA,NA,NA,NA
3,Brooklyn,DOWNTOWN-FULTON MALL,3200,4,"$528,200",prediction,GROSSCON,3,NA,NA,NA,NA,NA,NA,NA,NA,NA,NA,NA,NA,NA,NA
3,Brooklyn,DOWNTOWN-FULTON MALL,3200,5,"$585,000",prediction,GROSSCON,7,1.0222,0.0010499781713797223,0.10331632653061219,11.185401254684814,1.0016154456783886,1.1397145423424848,0.27911513612902605,0.0208664984937916,-0.009399842985620894,-0.03026634147941249,-0.4504753391383622,TRUE,TRUE,TRUE
3,Brooklyn,DOWNTOWN-FULTON MALL,3200,6,"$661,000",prediction,GROSSCON,6,0.9579,2.0639521291436118e-5,0.06612244897959185,6.736606542637196,1.0036201443752868,-0.5854832916574689,NA,0.03308966051946616,-0.0018772265249736482,-0.03496688704443981,-0.0567315135756471,TRUE,TRUE,TRUE
3,Brooklyn,DOWNTOWN-FULTON MALL,3200,7,"$701,000",prediction,GROSSCON,10,1.0834,0.43081717194499536,0.4336865588399331,10.567598988189587,0.9966270123076364,0.7237986089633147,0.35016339477078384,0.03523357086302461,0.05878349516782375,0.023549924304799144,1.6683944808305902,TRUE,TRUE,TRUE
3,Brooklyn,DOWNTOWN-FULTON MALL,3200,8,"$753,200",prediction,GROSSCON,7,1.03,0.34201068912913446,0.6173469387755098,3.3932951506268445,1.000636648956894,0.08297156219626932,1.2716951354837933,0.02280806926068963,0.014180208176641276,-0.008627861084048354,0.6217189195001822,TRUE,FALSE,TRUE
3,Brooklyn,DOWNTOWN-FULTON MALL,3200,9,"$940,000",prediction,GROSSCON,7,0.8479,0.6886172407800345,0.7795454545454543,11.116172561689122,1.0112973173918107,0.947594257556611,NA,0.040589635444941,-0.040613392660776605,-0.08120302810571761,-1.0005853025181226,FALSE,TRUE,TRUE
3,Brooklyn,DOWNTOWN-METROTECH,3201,2,"$334,000",prediction,GROSSCON,5,NA,NA,NA,NA,NA,NA,NA,NA,NA,NA,NA,NA,NA,NA
3,Brooklyn,DOWNTOWN-METROTECH,3201,3,"$394,400",prediction,GROSSCON,11,1.0782,0.08149475177732884,0.16855167915158656,7.028685562359291,1.0011476060287474,0.6077416813108457,0.5088890392318358,0.02930736568573603,0.01913477308131868,-0.010172592604417347,0.6528997961298045,TRUE,TRUE,TRUE
3,Brooklyn,DOWNTOWN-METROTECH,3201,4,"$488,000",prediction,GROSSCON,7,0.9978,0.12994660307313136,0.29220779220779214,4.2919557079748465,1.0012447106923599,0.16660666915260866,0.9869330500584047,0.024702498449044135,0.005217369272408996,-0.01948512917663514,0.21120816111662918,TRUE,FALSE,TRUE
3,Brooklyn,DOWNTOWN-METROTECH,3201,5,"$550,000",prediction,GROSSCON,4,NA,NA,NA,NA,NA,NA,NA,NA,NA,NA,NA,NA,NA,NA
3,Brooklyn,DOWNTOWN-METROTECH,3201,6,"$599,400",prediction,GROSSCON,11,1.0748,0.001448908022161535,0.12419354838709679,11.351720490753962,1.0024756269166304,1.115432313330506,0.615608280856419,0.02914888477333122,0.008619853644588525,-0.020529031128742693,0.29571812821034466,TRUE,TRUE,TRUE
3,Brooklyn,DOWNTOWN-METROTECH,3201,7,"$717,800",prediction,GROSSCON,14,0.9852,0.08349506982752575,0.013176809983967565,7.406579482903005,1.0000262395368602,1.0190950195318078,0.27536008960927616,0.016614377185258582,0.013374966908224753,-0.0032394102770338298,0.8050236707092423,TRUE,TRUE,TRUE
3,Brooklyn,DOWNTOWN-METROTECH,3201,8,"$817,000",prediction,GROSSCON,9,0.9328,0.003196280407996591,0.055367231638418085,12.410872741479933,1.0011032007094898,1.2951556131186688,0.2199979768667225,0.01990049751243777,0.012629315962399405,-0.007271181550038364,0.63462312711057145,TRUE,TRUE,TRUE
3,Brooklyn,DOWNTOWN-METROTECH,3201,9,"$915,000",prediction,GROSSCON,14,0.903,0.13985941406444752,0.11780994336060416,14.081600474636216,1.0001844708758247,0.7889754360232377,0.32829493511310825,0.04569237561111196,0.04031707305894169,-0.005375302552170273,0.8823588732194731,TRUE,TRUE,TRUE
3,Brooklyn,DYKER HEIGHTS,3210,5,"$450,000",prediction,GROSSCON,1,NA,NA,NA,NA,NA,NA,NA,NA,NA,NA,NA,NA,NA,NA
3,Brooklyn,FLATBUSH-CENTRAL,3230,1,"$303,400",prediction,GROSSCON,6,1.1459,0.3399363502565878,0.43183673469387757,8.636112236211007,1.0013137089690838,0.32056112689985816,0.7129550965331081,0.04721549636803868,0.04262836316877413,-0.0045871331992645495,0.9028468712155764,FALSE,TRUE,TRUE
3,Brooklyn,FLATBUSH-CENTRAL,3230,2,"$405,200",prediction,GROSSCON,8,1.1439,0.1507875341041452,0.29174201326100063,10.006244327224374,1.0006319947208369,0.6909520832636813,0.46104913939561337,0.03078358208955234,0.038738008777891686,0.007954426688339344,1.2583983457545378,FALSE,TRUE,TRUE
3,Brooklyn,FLATBUSH-CENTRAL,3230,3,"$456,450",prediction,GROSSCON,7,1.0839,0.025380505053848847,0.27305194805194793,19.093063408662537,0.9997392686562754,1.402945399137386,0.1818025789977247,0.01924500370096232,0.03534287684289313,0.016097873141930813,1.836470254413402,TRUE,FALSE,TRUE
3,Brooklyn,FLATBUSH-CENTRAL,3230,4,"$496,488",prediction,GROSSCON,11,1.074,0.2613739073289808,0.42432659932659933,6.147089422279009,0.9992996364260359,0.7764392831728757,0.36449699438857697,0.026384987077199638,0.03611348878741325,0.009728501710213614,1.368713529468446,TRUE,TRUE,TRUE
3,Brooklyn,FLATBUSH-CENTRAL,3230,5,"$530,000",prediction,GROSSCON,20,1.0413,0.045232705840505025,0.011711640747279145,4.337321839114347,1.001331090265424,0.1955184934502353,0.9165534488836204,0.02392923358188881,0.005738083710526354,-0.018191149871362455,0.23979387768061683,TRUE,FALSE,TRUE
3,Brooklyn,FLATBUSH-CENTRAL,3230,6,"$567,000",prediction,GROSSCON,48,1.0215,0.22050209229518808,0.21744340955469432,6.4272279536532615,1.0004193557482854,0.5248820800640823,0.5960829685387903,0.02931086315297593,0.02687918255818955,-0.0024316805947863784,0.9170382468064748,TRUE,TRUE,TRUE
3,Brooklyn,FLATBUSH-CENTRAL,3230,7,"$634,400",prediction,GROSSCON,24,0.9297,0.06781327858129957,0.08856825517372315,7.925410666996008,1.0009994318357043,0.76199690797713,0.5325806675101517,0.027067072635741596,0.018350940073327344,-0.008716132562414252,0.6779802278690178,TRUE,TRUE,TRUE
3,Brooklyn,FLATBUSH-CENTRAL,3230,8,"$719,146",prediction,GROSSCON,28,0.9391,0.1741635171443884,0.2454338906383733,5.982533685880551,1.0006059198889068,0.5302268139637173,0.5715321544041604,0.029480853619209362,0.0247474971398276,-0.004733356479381761,0.8394430317208467,TRUE,TRUE,TRUE
3,Brooklyn,FLATBUSH-CENTRAL,3230,9,"$814,500",prediction,GROSSCON,15,0.9448,0.6848876990866664,0.710408163265306,8.109000567131078,0.9963615827722223,0.4371294676324947,0.5521518472494962,0.047890367262289145,0.073579973482137,0.02568960621984786,1.5364253332856963,TRUE,TRUE,TRUE
3,Brooklyn,FLATBUSH-CENTRAL,3230,10,"$1,225,000",prediction,GROSSCON,1,NA,NA,NA,NA,NA,NA,NA,NA,NA,NA,NA,NA,NA,NA
3,Brooklyn,FLATBUSH-EAST,3231,1,"$214,000",prediction,GROSSCON,19,1.1032,0.3061853070367624,0.5246353461292984,8.712589053147777,1.002136682401051,0.30851627527826303,0.8305995670982721,0.05890683262092535,0.05052540173453803,-0.00838143088638732,0.8577171694101576,FALSE,TRUE,TRUE
3,Brooklyn,FLATBUSH-EAST,3231,2,"$240,000",prediction,GROSSCON,28,0.9846,0.1421422341707473,0.2672698083573237,7.853191716346733,1.0000755635825378,0.8293381373046513,0.4687963149489471,0.02898631548451672,0.029375315310627696,3.8899982611097575e-4,1.013420119791312,TRUE,TRUE,TRUE
3,Brooklyn,FLATBUSH-EAST,3231,3,"$253,800",prediction,GROSSCON,17,0.9829,0.3559771852088529,0.4598307140759972,5.747858364223518,0.9992596864500116,0.7063292529178906,0.4258591536094688,0.021195251190556142,0.033099221776224146,0.011903970585668004,1.5616338527269729,TRUE,TRUE,TRUE
3,Brooklyn,FLATBUSH-EAST,3231,4,"$267,200",prediction,GROSSCON,7,0.9525,0.0173494443085069,3.246753246753246e-4,6.272970869659593,1.0020283916184478,0.4127080136629262,0.8601414597905365,0.026217997527930543,-0.0019658686901855254,-0.02818386621811607,-0.07498164907870052,TRUE,TRUE,TRUE
3,Brooklyn,FLATBUSH-EAST,3231,5,"$285,000",prediction,GROSSCON,8,0.9103,0.36032803643118294,0.38321995464852626,10.872680121191298,0.9974272313442395,0.8944852576265027,0.2726537398226488,0.028515763655260207,0.05324381828080016,0.024728054625539952,1.867171397704387,TRUE,TRUE,TRUE
3,Brooklyn,FLATBUSH-EAST,3231,6,"$300,000",prediction,GROSSCON,5,NA,NA,NA,NA,NA,NA,NA,NA,NA,NA,NA,NA,NA,NA
3,Brooklyn,FLATBUSH-EAST,3231,7,"$323,000",prediction,GROSSCON,3,NA,NA,NA,NA,NA,NA,NA,NA,NA,NA,NA,NA,NA,NA
3,Brooklyn,FLATBUSH-EAST,3231,8,"$399,939",prediction,GROSSCON,2,NA,NA,NA,NA,NA,NA,NA,NA,NA,NA,NA,NA,NA,NA
3,Brooklyn,FLATBUSH-LEFFERTS GARDEN,3232,1,"$257,000",prediction,GROSSCON,2,NA,NA,NA,NA,NA,NA,NA,NA,NA,NA,NA,NA,NA,NA
3,Brooklyn,FLATBUSH-LEFFERTS GARDEN,3232,2,"$337,000",prediction,GROSSCON,4,NA,NA,NA,NA,NA,NA,NA,NA,NA,NA,NA,NA,NA,NA
3,Brooklyn,FLATBUSH-LEFFERTS GARDEN,3232,3,"$409,750",prediction,GROSSCON,1,NA,NA,NA,NA,NA,NA,NA,NA,NA,NA,NA,NA,NA,NA
3,Brooklyn,FLATBUSH-LEFFERTS GARDEN,3232,4,"$440,000",prediction,GROSSCON,2,NA,NA,NA,NA,NA,NA,NA,NA,NA,NA,NA,NA,NA,NA
3,Brooklyn,FLATBUSH-LEFFERTS GARDEN,3232,5,"$502,500",prediction,GROSSCON,6,0.9494,0.010873805419846281,0.007792207792207791,8.564767024598915,1.0025454300805265,0.9636589300305899,0.37484153850168644,0.02500806711842533,-0.006440985333787601,-0.03144905245221293,-0.2575563038633258,TRUE,TRUE,TRUE
3,Brooklyn,FLATBUSH-LEFFERTS GARDEN,3232,6,"$558,999",prediction,GROSSCON,4,NA,NA,NA,NA,NA,NA,NA,NA,NA,NA,NA,NA,NA,NA
3,Brooklyn,FLATBUSH-LEFFERTS GARDEN,3232,7,"$668,100",prediction,GROSSCON,3,NA,NA,NA,NA,NA,NA,NA,NA,NA,NA,NA,NA,NA,NA
3,Brooklyn,FLATBUSH-LEFFERTS GARDEN,3232,8,"$716,854",prediction,GROSSCON,5,NA,NA,NA,NA,NA,NA,NA,NA,NA,NA,NA,NA,NA,NA
3,Brooklyn,FLATBUSH-LEFFERTS GARDEN,3232,9,"$1,235,000",prediction,GROSSCON,1,NA,NA,NA,NA,NA,NA,NA,NA,NA,NA,NA,NA,NA,NA
3,Brooklyn,FLATBUSH-LEFFERTS GARDEN,3232,10,"$1,495,000",prediction,GROSSCON,4,NA,NA,NA,NA,NA,NA,NA,NA,NA,NA,NA,NA,NA,NA
3,Brooklyn,FLATBUSH-NORTH,3233,1,"$222,500",prediction,GROSSCON,3,NA,NA,NA,NA,NA,NA,NA,NA,NA,NA,NA,NA,NA,NA
3,Brooklyn,FLATBUSH-NORTH,3233,2,"$246,000",prediction,GROSSCON,6,1.1462,1.973202683335321e-4,0.05378151260504203,13.265216859864385,1.00289864695163,0.9904861702335009,0.372719635399548,0.03041988003427587,0.02268398276047397,-0.0077358972738019,0.745695996661216,FALSE,TRUE,TRUE
3,Brooklyn,FLATBUSH-NORTH,3233,3,"$263,800",prediction,GROSSCON,2,NA,NA,NA,NA,NA,NA,NA,NA,NA,NA,NA,NA,NA,NA
3,Brooklyn,FLATBUSH-NORTH,3233,4,"$283,200",prediction,GROSSCON,2,NA,NA,NA,NA,NA,NA,NA,NA,NA,NA,NA,NA,NA,NA
3,Brooklyn,FLATBUSH-NORTH,3233,5,"$332,500",prediction,GROSSCON,3,NA,NA,NA,NA,NA,NA,NA,NA,NA,NA,NA,NA,NA,NA
3,Brooklyn,FLATBUSH-NORTH,3233,6,"$400,000",prediction,GROSSCON,4,NA,NA,NA,NA,NA,NA,NA,NA,NA,NA,NA,NA,NA,NA
3,Brooklyn,FLATBUSH-NORTH,3233,7,"$454,000",prediction,GROSSCON,2,NA,NA,NA,NA,NA,NA,NA,NA,NA,NA,NA,NA,NA,NA
3,Brooklyn,FLATLANDS,3240,1,"$200,500",prediction,GROSSCON,17,1.0236,0.797937646536282,0.46886526887982927,4.4083316890867215,1.0021532495436596,-0.00189549612827732,0.8937984377707806,0.07269987493255294,0.06231670803729122,-0.010383166895261718,0.8571776512009867,TRUE,FALSE,TRUE
3,Brooklyn,FLATLANDS,3240,2,"$215,000",prediction,GROSSCON,15,0.9427,0.11801310929808558,0.052238257837901377,4.348343850743034,1.0021387033302842,-0.30967525890383973,1.136216069975559,0.029880126182965226,0.007578543100427974,-0.02230158308253725,0.2536315627993743,TRUE,FALSE,TRUE
3,Brooklyn,FLATLANDS,3240,3,"$222,019",prediction,GROSSCON,7,1.007,0.057859299047678024,0.032467532467532464,3.780945897214931,1.0012618897678924,-0.6832322696819988,0.3742246993713585,0.01821335150579933,-0.0030665958221485212,-0.02127994732794785,-0.16837075928458767,TRUE,FALSE,TRUE
3,Brooklyn,FLATLANDS,3240,4,"$235,200",prediction,GROSSCON,3,NA,NA,NA,NA,NA,NA,NA,NA,NA,NA,NA,NA,NA,NA
3,Brooklyn,FORT GREENE,3250,4,"$599,000",prediction,GROSSCON,4,NA,NA,NA,NA,NA,NA,NA,NA,NA,NA,NA,NA,NA,NA
3,Brooklyn,FORT GREENE,3250,5,"$635,000",prediction,GROSSCON,7,1.025,0.14716770512408886,0.312012987012987,11.387542735781338,0.998812053438327,1.150402849495474,0.4070731591017034,0.02250122289254846,0.037694860639913993,0.015193637747365533,1.6752360891637175,TRUE,TRUE,TRUE
3,Brooklyn,FORT GREENE,3250,6,"$685,000",prediction,GROSSCON,21,1.0382,0.05700852927344132,0.05924129045004628,7.923017217414497,1.0008866074124134,0.8964429914365956,0.5883798640307087,0.02682261817929222,0.019705760490587244,-0.007116857688704976,0.7346695374354104,TRUE,TRUE,TRUE
3,Brooklyn,FORT GREENE,3250,7,"$890,000",prediction,GROSSCON,22,1.0244,0.07359187077890478,0.1144034435819138,7.702454147060835,1.0013690658421321,0.5750218380766243,0.5763571376172402,0.028804600060383254,0.013165377477953816,-0.01563922258242944,0.45705815912580483,TRUE,TRUE,TRUE
3,Brooklyn,FORT GREENE,3250,8,"$965,000",prediction,GROSSCON,6,0.948,0.6697205922917506,0.5951020408163266,11.421806559982175,0.995214880416972,0.7890931413126434,0.25498221234824,0.03127911428005081,0.07913437468059614,0.04785526040054533,2.529942950816432,TRUE,TRUE,TRUE
3,Brooklyn,FORT GREENE,3250,9,"$1,210,000",prediction,GROSSCON,21,0.9953,0.17542236895647562,0.18097740075758914,6.397852868005183,1.0022729097140508,0.422724162287916,1.10974638752436,0.041146566027968,0.013943798351455936,-0.027202767676512064,0.3388812165267475,TRUE,TRUE,TRUE
3,Brooklyn,FORT GREENE,3250,10,"$1,850,000",prediction,GROSSCON,10,0.872,0.8193379236169297,0.8993348115299333,5.79368008885937,0.9999217944942556,0.0857629608446075,0.9069743201510113,0.08695912686157765,0.0923427296797021,0.005383602818124444,1.0619095776650807,FALSE,TRUE,TRUE
3,Brooklyn,GOWANUS,3270,8,"$984,600",prediction,GROSSCON,2,NA,NA,NA,NA,NA,NA,NA,NA,NA,NA,NA,NA,NA,NA
3,Brooklyn,GOWANUS,3270,9,"$1,079,800",prediction,GROSSCON,1,NA,NA,NA,NA,NA,NA,NA,NA,NA,NA,NA,NA,NA,NA
3,Brooklyn,GRAVESEND,3280,2,"$293,000",prediction,GROSSCON,8,1.0488,0.018523637884964878,0.009290172739149366,5.795631229458935,1.0021818047536295,0.11065835346966171,2.1331462229001743,0.025819589006997434,-0.00404979560135299,-0.029869384608350424,-0.15684973142893346,TRUE,TRUE,TRUE
3,Brooklyn,GRAVESEND,3280,3,"$300,000",prediction,GROSSCON,15,1.003,0.02425637026867496,0.007035931130337629,3.327843543778217,1.0007724125968855,0.22486060131375868,0.6665779082189719,0.017137234408176976,0.0034913953194250762,-0.0136458390887519,0.20373154945929714,TRUE,FALSE,TRUE
3,Brooklyn,GRAVESEND,3280,4,"$310,800",prediction,GROSSCON,11,1.031,0.46047823457461795,0.5950795886143472,4.202794157784492,0.9994326685287717,0.540823342317513,0.4666601302209444,0.022052205220522033,0.03247887316743701,0.010426667946914974,1.4728174730213284,TRUE,FALSE,TRUE
3,Brooklyn,GRAVESEND,3280,5,"$321,750",prediction,GROSSCON,6,0.9485,0.04642493093833351,0.3361344537815127,5.681969713956794,1.0017396739918232,0.3568232465120548,1.3819174742669058,0.027181119066560584,0.012537814461020869,-0.014643304605539715,0.461269252024485,TRUE,TRUE,TRUE
3,Brooklyn,GRAVESEND,3280,6,"$358,000",prediction,GROSSCON,3,NA,NA,NA,NA,NA,NA,NA,NA,NA,NA,NA,NA,NA,NA
3,Brooklyn,GRAVESEND,3280,7,"$375,500",prediction,GROSSCON,1,NA,NA,NA,NA,NA,NA,NA,NA,NA,NA,NA,NA,NA,NA
3,Brooklyn,GREENPOINT,3290,1,"$457,196",prediction,GROSSCON,1,NA,NA,NA,NA,NA,NA,NA,NA,NA,NA,NA,NA,NA,NA
3,Brooklyn,GREENPOINT,3290,6,"$907,000",prediction,GROSSCON,2,NA,NA,NA,NA,NA,NA,NA,NA,NA,NA,NA,NA,NA,NA
3,Brooklyn,GREENPOINT,3290,8,"$993,600",prediction,GROSSCON,2,NA,NA,NA,NA,NA,NA,NA,NA,NA,NA,NA,NA,NA,NA
3,Brooklyn,GREENPOINT,3290,9,"$1,039,199",prediction,GROSSCON,4,NA,NA,NA,NA,NA,NA,NA,NA,NA,NA,NA,NA,NA,NA
3,Brooklyn,KENSINGTON,3320,1,"$290,000",prediction,GROSSCON,3,NA,NA,NA,NA,NA,NA,NA,NA,NA,NA,NA,NA,NA,NA
3,Brooklyn,KENSINGTON,3320,2,"$343,000",prediction,GROSSCON,3,NA,NA,NA,NA,NA,NA,NA,NA,NA,NA,NA,NA,NA,NA
3,Brooklyn,KENSINGTON,3320,3,"$398,600",prediction,GROSSCON,9,1.0561,0.009296406795818177,0.13169515669515663,6.771218358340814,1.0025430541269025,0.7176916608582566,1.127680494392706,0.0258304072325141,0.0036020116093483288,-0.022228395623165774,0.13944850257003638,TRUE,TRUE,TRUE
3,Brooklyn,KENSINGTON,3320,4,"$435,800",prediction,GROSSCON,7,1.06,0.0455025129980356,0.020408163265306114,14.761243411967348,1.0031238362508412,1.5067973571469495,0.5388307994703765,0.021204295229033474,-0.0119078380670224,-0.033112133296055876,-0.5615766965325911,TRUE,TRUE,TRUE
3,Brooklyn,KENSINGTON,3320,5,"$499,500",prediction,GROSSCON,12,1.0153,0.3119457437595472,0.26429598770024304,9.62248627052839,0.9986920060255821,0.8235095280490624,0.33244981237720306,0.02837968561064086,0.03995805883628408,0.011578373225643222,1.4079810250365126,TRUE,TRUE,TRUE
3,Brooklyn,KENSINGTON,3320,6,"$540,000",prediction,GROSSCON,13,1.0197,0.0841190186538226,0.04617170958267879,5.402812873990536,1.0011759407970109,0.4615054960177156,0.6137800275104748,0.02602248428967763,0.009800221626333675,-0.016222262663343957,0.3766059196054983,TRUE,TRUE,TRUE
3,Brooklyn,KENSINGTON,3320,7,"$648,307",prediction,GROSSCON,8,0.9052,0.7818456093232696,0.6324041811846691,4.4872508100942055,0.9980142367276806,0.4417917816885371,0.5500457871889036,0.0306670811161871,0.04686203143992729,0.016194950323740187,1.5280890692656093,TRUE,FALSE,TRUE
3,Brooklyn,KENSINGTON,3320,8,"$722,600",prediction,GROSSCON,11,0.9106,0.25943520659310493,0.3709917355371901,6.747537081415661,1.0012869580806472,0.3098504940073097,0.8035791434869186,0.03849118046132977,0.030837702969478673,-0.0076534774918511,0.8011628274289956,TRUE,TRUE,TRUE
3,Brooklyn,KENSINGTON,3320,9,"$836,300",prediction,GROSSCON,7,0.9551,0.128558255949241,0.04675324675324674,4.537052871367039,1.0025631623824374,-0.47197908479299505,1.658698823669224,0.030048547040010982,0.007704609130691915,-0.022343937909319066,0.2564053802812124,TRUE,FALSE,TRUE
3,Brooklyn,KENSINGTON,3320,10,"$1,200,000",prediction,GROSSCON,1,NA,NA,NA,NA,NA,NA,NA,NA,NA,NA,NA,NA,NA,NA
3,Brooklyn,MADISON,3330,1,"$185,600",prediction,GROSSCON,33,1.1517,0.3366824985822878,0.30154853729955616,10.428513907197255,1.0056984755634566,0.11197261227681822,0.8851255705055056,0.0751546330302571,0.050338907916781535,-0.024815725113475566,0.6698044536591004,FALSE,TRUE,TRUE
3,Brooklyn,MADISON,3330,2,"$213,000",prediction,GROSSCON,22,0.9735,0.1486174300644762,0.17100064651111416,5.432911285836014,1.00073228083305,0.5302377555864489,0.6147202087077251,0.02653094805525927,0.016152817564548047,-0.010378130490711224,0.6088292635040627,TRUE,TRUE,TRUE
3,Brooklyn,MADISON,3330,3,"$232,000",prediction,GROSSCON,15,0.9403,0.04350724973747875,0.049741200828157354,9.643387252123505,1.0012464823888556,0.8836664992334932,0.4539454245646579,0.027627602328736837,0.01781537476153474,-0.009812227567202098,0.6448396987024851,TRUE,TRUE,TRUE
3,Brooklyn,MADISON,3330,4,"$260,000",prediction,GROSSCON,12,0.9303,0.078524959664928,0.18626268098099089,9.367564391928445,1.0006754057692804,0.856589383514682,0.6351192554995053,0.02645277379230911,0.024488639764034186,-0.0019641340282749234,0.9257494112452594,TRUE,TRUE,TRUE
3,Brooklyn,MADISON,3330,5,"$280,000",prediction,GROSSCON,10,0.9117,0.04549706544437462,0.037819756001574174,7.521303272915471,1.0008359354436596,1.3451522054656742,NA,0.01186121482300404,-0.0029768115029000343,-0.014838026325904075,-0.25097020392267966,TRUE,TRUE,TRUE
3,Brooklyn,MADISON,3330,6,"$300,000",prediction,GROSSCON,6,0.8878,0.7932671650173809,0.6126050420168068,2.3505801183929362,0.9997005201898113,0.17639694947266585,0.7392645451788714,0.02666245865428296,0.029986107780882953,0.0033236491265999923,1.1246565131031565,FALSE,FALSE,TRUE
3,Brooklyn,MADISON,3330,7,"$335,000",prediction,GROSSCON,1,NA,NA,NA,NA,NA,NA,NA,NA,NA,NA,NA,NA,NA,NA
3,Brooklyn,MANHATTAN BEACH,3340,4,"$402,000",prediction,GROSSCON,2,NA,NA,NA,NA,NA,NA,NA,NA,NA,NA,NA,NA,NA,NA
3,Brooklyn,MANHATTAN BEACH,3340,5,"$420,000",prediction,GROSSCON,1,NA,NA,NA,NA,NA,NA,NA,NA,NA,NA,NA,NA,NA,NA
3,Brooklyn,MANHATTAN BEACH,3340,7,"$462,500",prediction,GROSSCON,1,NA,NA,NA,NA,NA,NA,NA,NA,NA,NA,NA,NA,NA,NA
3,Brooklyn,MARINE PARK,3350,1,"$180,000",prediction,GROSSCON,32,1.0403,0.6590515293765283,0.6886787827912424,5.265007094963704,1.0033924101845373,-0.10513994790158032,1.0485851763012377,0.06071807703973309,0.048750040204985634,-0.011968036834747453,0.8028917018087425,TRUE,TRUE,TRUE
3,Brooklyn,MARINE PARK,3350,2,"$192,600",prediction,GROSSCON,16,0.951,0.0015542648139891396,0.03676446594718535,5.245934547475846,1.0022801337407266,0.02025230679137099,0.5167335138041808,0.02628532772098624,0.001268151105947135,-0.025017176615039105,0.04824558854309591,TRUE,TRUE,TRUE
3,Brooklyn,MARINE PARK,3350,3,"$214,800",prediction,GROSSCON,5,NA,NA,NA,NA,NA,NA,NA,NA,NA,NA,NA,NA,NA,NA
3,Brooklyn,MARINE PARK,3350,4,"$221,800",prediction,GROSSCON,1,NA,NA,NA,NA,NA,NA,NA,NA,NA,NA,NA,NA,NA,NA
3,Brooklyn,MIDWOOD,3360,1,"$185,000",prediction,GROSSCON,34,1.1208,0.44661887932106414,0.3951823458933356,8.901548309378159,1.0030040070755124,0.18300471080070324,0.8366109901439762,0.07025078322915256,0.055715749719339916,-0.01453503350981264,0.7930979151876428,FALSE,TRUE,TRUE
3,Brooklyn,MIDWOOD,3360,2,"$208,800",prediction,GROSSCON,11,1.0082,0.011030025753164467,0.0010310796877301513,15.343990689897923,1.00236988434186,1.3585904257905879,0.3795491112678535,0.02202412165705296,-0.011441410441634693,-0.033465532098687654,-0.51949451695708,TRUE,FALSE,TRUE
3,Brooklyn,MIDWOOD,3360,3,"$249,100",prediction,GROSSCON,25,0.9351,0.006666612415986624,0.008909907213409158,12.272459357656306,1.0015844543680434,1.1887149730671822,0.3918706950280296,0.026621996005412,0.009064238948080571,-0.017557757057331428,0.3404793144074508,TRUE,TRUE,TRUE
3,Brooklyn,MIDWOOD,3360,4,"$290,000",prediction,GROSSCON,15,0.9317,0.016670508654915157,0.09130434782608693,11.979085951830411,1.001811237992174,1.3643477586218546,0.13351943903673855,0.0190387397796646,-0.0033744929781875043,-0.022413232757852102,-0.17724350546520007,TRUE,TRUE,TRUE
3,Brooklyn,MIDWOOD,3360,5,"$317,000",prediction,GROSSCON,16,0.9386,3.7595932095902e-5,0.07259259259259258,7.505554004460123,1.0018679098099925,0.9636726155782888,0.46091652263532684,0.024172997934697626,0.003039237415244589,-0.021133760519453038,0.12572860939528335,TRUE,TRUE,TRUE
3,Brooklyn,MIDWOOD,3360,6,"$346,400",prediction,GROSSCON,8,0.9397,0.3749325642350353,0.4660068846815836,4.904932414142344,1.001410431511377,0.0595376206894014,1.040177760181534,0.03443429928341768,0.028204759822315628,-0.006229539461102052,0.8190891178058044,TRUE,FALSE,TRUE
3,Brooklyn,MIDWOOD,3360,7,"$379,200",prediction,GROSSCON,7,0.8984,0.10455094909182738,0.0673076923076923,7.381981081122883,1.0006504885526672,0.7594115310305001,NA,0.02474430880897392,0.00847303273895937,-0.01627127607001455,0.34242349642381154,FALSE,TRUE,TRUE
3,Brooklyn,MIDWOOD,3360,8,"$437,400",prediction,GROSSCON,2,NA,NA,NA,NA,NA,NA,NA,NA,NA,NA,NA,NA,NA,NA
3,Brooklyn,OCEAN PARKWAY-NORTH,3400,1,"$232,700",prediction,GROSSCON,27,1.0962,0.3947555841096352,0.40255801083040077,11.431675053057491,1.0004978965672908,0.3563713138702224,0.7258642991077976,0.0768435194634286,0.06912072773069064,-0.00772279173273796,0.8994997654107527,TRUE,TRUE,TRUE
3,Brooklyn,OCEAN PARKWAY-NORTH,3400,2,"$265,000",prediction,GROSSCON,47,1.0622,0.12378212486316055,0.21003593075540575,5.812995758069607,1.001062373327094,0.49627856249353974,0.7944809566343024,0.028929746315869496,0.01804376952532719,-0.010885976790542307,0.6237099118781151,TRUE,TRUE,TRUE
3,Brooklyn,OCEAN PARKWAY-NORTH,3400,3,"$285,000",prediction,GROSSCON,35,1.0019,0.01427144491875204,0.008382415245437253,7.0512104642728115,1.001553517778498,0.6894553144632626,0.5040723143060383,0.025380375153670188,0.0061545509979339386,-0.01922582415573625,0.2424925148139091,TRUE,TRUE,TRUE
3,Brooklyn,OCEAN PARKWAY-NORTH,3400,4,"$313,200",prediction,GROSSCON,30,0.9712,0.14340142781368967,0.17048433924531683,8.223452079887798,1.0003296214679716,0.7270830261420236,0.3623809185779149,0.02719758442705782,0.02455158981743383,-0.002645994609623989,0.9027121464878479,TRUE,TRUE,TRUE
3,Brooklyn,OCEAN PARKWAY-NORTH,3400,5,"$361,250",prediction,GROSSCON,40,0.9777,0.06942744210442625,0.09468154886745757,8.787430682899036,1.0012508814804042,0.7529019433325138,0.49696069793530834,0.030354635229067208,0.018284378370377042,-0.012070256858690166,0.6023586919228783,TRUE,TRUE,TRUE
3,Brooklyn,OCEAN PARKWAY-NORTH,3400,6,"$405,000",prediction,GROSSCON,28,0.9319,0.35432953652840316,0.3421997540105537,5.505189436120192,0.9996765074593769,0.5404524278474196,0.5806847896832371,0.028738964962475348,0.03129257943040553,0.0025536144679301834,1.0888554779639579,TRUE,TRUE,TRUE
3,Brooklyn,OCEAN PARKWAY-NORTH,3400,7,"$451,500",prediction,GROSSCON,15,0.8683,0.6507119371226557,0.6661036036036034,5.28403328731986,0.9985055028030163,0.5360495442171029,0.48323613729765974,0.02614851228800556,0.046039237517729724,0.019890725229724165,1.7606828645027017,FALSE,TRUE,TRUE
3,Brooklyn,OCEAN PARKWAY-NORTH,3400,8,"$515,000",prediction,GROSSCON,16,0.9329,0.3378647307531339,0.07027574554106901,5.041973577425715,1.0002895625493295,0.40117865158862065,0.6137059146208291,0.029186536578674538,0.023450857109930334,-0.005735679468744204,0.803482011190905,TRUE,TRUE,TRUE
3,Brooklyn,OCEAN PARKWAY-NORTH,3400,9,"$625,000",prediction,GROSSCON,2,NA,NA,NA,NA,NA,NA,NA,NA,NA,NA,NA,NA,NA,NA
3,Brooklyn,OCEAN PARKWAY-SOUTH,3401,1,"$219,400",prediction,GROSSCON,22,1.1113,0.3238131898686481,0.21982842992844567,7.94763051449639,1.0028699638112992,0.12846981338645908,0.941212958574061,0.051211269819439215,0.028822871458163715,-0.0223883983612755,0.5628228231752004,FALSE,TRUE,TRUE
3,Brooklyn,OCEAN PARKWAY-SOUTH,3401,2,"$229,000",prediction,GROSSCON,19,0.9893,0.2564390332568918,0.21825831748768756,6.543907685949725,1.0005440672488266,0.44896040612994687,0.5230915608400988,0.031196943972835362,0.026278634247612887,-0.004918309725222475,0.8423464256785832,TRUE,TRUE,TRUE
3,Brooklyn,OCEAN PARKWAY-SOUTH,3401,3,"$250,000",prediction,GROSSCON,23,1.0204,0.5737904248296123,0.5549948052486229,4.258478272939476,0.9993885904179759,0.4106080502463725,0.5924713648535932,0.025743747486561674,0.0336601256544669,0.00791637816790523,1.307506829455875,TRUE,FALSE,TRUE
3,Brooklyn,OCEAN PARKWAY-SOUTH,3401,4,"$280,000",prediction,GROSSCON,20,0.9438,0.3438215349677905,0.30248136246128215,6.12544057928561,0.999709756349081,0.5532873174085456,0.4921246772029103,0.026267409470752057,0.030717072531106736,0.004449663060354679,1.1693986255214561,TRUE,TRUE,TRUE
3,Brooklyn,OCEAN PARKWAY-SOUTH,3401,5,"$299,000",prediction,GROSSCON,4,NA,NA,NA,NA,NA,NA,NA,NA,NA,NA,NA,NA,NA,NA
3,Brooklyn,OCEAN PARKWAY-SOUTH,3401,6,"$310,000",prediction,GROSSCON,6,0.9229,0.8148686657242624,0.8605042016806724,6.175875928015461,0.9986612581424955,0.882702338221255,0.2506000544592277,0.011749490947113491,0.04971155605262334,0.03796206510550985,4.230954028253967,TRUE,TRUE,TRUE
3,Brooklyn,OCEAN PARKWAY-SOUTH,3401,7,"$340,000",prediction,GROSSCON,1,NA,NA,NA,NA,NA,NA,NA,NA,NA,NA,NA,NA,NA,NA
3,Brooklyn,OLD MILL BASIN,3410,1,"$187,000",prediction,GROSSCON,11,1.0558,0.07135563538623985,0.002094591764065184,11.220954659101325,1.0080013052084622,0.11144349850932325,0.939892624749783,0.05915731015332604,0.014490517528709517,-0.04466679262461652,0.24494889120469598,TRUE,TRUE,TRUE
3,Brooklyn,OLD MILL BASIN,3410,2,"$202,000",prediction,GROSSCON,7,0.9889,0.09786776673826444,0.4284297520661157,3.334929915677417,1.0015018686307648,-0.7914950124691672,2.8964559966565147,0.02351494659186975,0.003714664688584993,-0.019800281903284755,0.1579703646815567,TRUE,FALSE,TRUE
3,Brooklyn,OLD MILL BASIN,3410,3,"$211,000",prediction,GROSSCON,5,NA,NA,NA,NA,NA,NA,NA,NA,NA,NA,NA,NA,NA,NA
3,Brooklyn,PARK SLOPE,3420,1,"$474,000",prediction,GROSSCON,6,1.1324,0.342325833252145,0.062499999999999986,12.789505977366582,1.005180394813694,1.8827744340487291,0.37628752782154284,0.018911124624541625,-0.07016745364268691,-0.08907857826722854,-3.7103797386871515,FALSE,TRUE,TRUE
3,Brooklyn,PARK SLOPE,3420,2,"$675,000",prediction,GROSSCON,6,0.9897,0.2514894059372417,0.0033613445378151267,9.431238317544473,1.0046631372027208,1.7736102496258062,2.137542395136655,0.023914643119941143,-0.044147564924577797,-0.06806220804451894,-1.846047407153883,TRUE,TRUE,TRUE
3,Brooklyn,PARK SLOPE,3420,3,"$750,000",prediction,GROSSCON,2,NA,NA,NA,NA,NA,NA,NA,NA,NA,NA,NA,NA,NA,NA
3,Brooklyn,PARK SLOPE,3420,4,"$859,200",prediction,GROSSCON,5,NA,NA,NA,NA,NA,NA,NA,NA,NA,NA,NA,NA,NA,NA
3,Brooklyn,PARK SLOPE,3420,5,"$995,000",prediction,GROSSCON,21,1.0608,0.0019990518178459016,0.002279532543973718,9.83357951055252,1.0016508488165925,1.1388053289323006,0.3642393588060947,0.0245560196826849,0.0016564672858123686,-0.02289955239687253,0.06745666876054784,TRUE,TRUE,TRUE
3,Brooklyn,PARK SLOPE,3420,6,"$1,150,000",prediction,GROSSCON,13,1.1628,0.3632878033541908,0.37168579343094577,9.85011088745118,0.9979640232725842,0.7807900307403252,0.32172738208515883,0.02925665707648215,0.05507933196511498,0.025822674888632834,1.8826256130742391,FALSE,TRUE,TRUE
3,Brooklyn,PARK SLOPE,3420,7,"$1,300,000",prediction,GROSSCON,34,1.065,0.23030280053897514,0.18798449412396062,7.11828502508628,0.9997430571286052,0.6810438813643409,0.4465763402165439,0.029242634997490188,0.030845915475419785,0.0016032804779295973,1.0548268129074962,TRUE,TRUE,TRUE
3,Brooklyn,PARK SLOPE,3420,8,"$1,461,000",prediction,GROSSCON,66,1.0709,0.17540922685989174,0.27901357925844594,6.2994497787507235,1.0010656659928228,0.4870390884402991,0.6545879797988281,0.032940318728022853,0.022405938477876673,-0.010534380250146181,0.6801979866337962,TRUE,TRUE,TRUE
3,Brooklyn,PARK SLOPE,3420,9,"$1,723,000",prediction,GROSSCON,101,0.9976,0.6425657786982926,0.714499182038988,5.406953546043029,1.0008052692848632,0.11818092689549727,0.9278128207159809,0.061390516438645515,0.057265470143917835,-0.00412504629472768,0.9328064571854464,TRUE,TRUE,TRUE
3,Brooklyn,PARK SLOPE,3420,10,"$3,945,000",prediction,GROSSCON,146,0.9304,0.8867393673585718,0.8519175438514182,5.5836096722156565,0.9986596290941085,0.06757444661124609,0.8989391998673765,0.12168249833889694,0.12420423905119296,0.0025217407122960223,1.0207239393234082,TRUE,TRUE,TRUE
3,Brooklyn,PARK SLOPE SOUTH,3430,3,"$767,500",prediction,GROSSCON,1,NA,NA,NA,NA,NA,NA,NA,NA,NA,NA,NA,NA,NA,NA
3,Brooklyn,PARK SLOPE SOUTH,3430,4,"$860,000",prediction,GROSSCON,1,NA,NA,NA,NA,NA,NA,NA,NA,NA,NA,NA,NA,NA,NA
3,Brooklyn,PARK SLOPE SOUTH,3430,7,"$1,127,499",prediction,GROSSCON,1,NA,NA,NA,NA,NA,NA,NA,NA,NA,NA,NA,NA,NA,NA
3,Brooklyn,PARK SLOPE SOUTH,3430,8,"$1,200,000",prediction,GROSSCON,3,NA,NA,NA,NA,NA,NA,NA,NA,NA,NA,NA,NA,NA,NA
3,Brooklyn,PARK SLOPE SOUTH,3430,9,"$1,395,500",prediction,GROSSCON,6,0.9529,0.7084709969663743,0.5102040816326531,6.327208079466382,1.007060252979643,-0.43881253304458007,2.0459788523476097,0.0635369272717982,0.02701047924567875,-0.03652644802611946,0.4251146601744423,TRUE,TRUE,TRUE
3,Brooklyn,PARK SLOPE SOUTH,3430,10,"$1,717,500",prediction,GROSSCON,4,NA,NA,NA,NA,NA,NA,NA,NA,NA,NA,NA,NA,NA,NA
3,Brooklyn,PROSPECT HEIGHTS,3440,4,"$797,400",prediction,GROSSCON,4,NA,NA,NA,NA,NA,NA,NA,NA,NA,NA,NA,NA,NA,NA
3,Brooklyn,PROSPECT HEIGHTS,3440,5,"$897,000",prediction,GROSSCON,3,NA,NA,NA,NA,NA,NA,NA,NA,NA,NA,NA,NA,NA,NA
3,Brooklyn,PROSPECT HEIGHTS,3440,6,"$1,030,000",prediction,GROSSCON,20,1.0455,0.27158982663733106,0.11775081228980219,5.357674001792735,1.00043863331977,0.4288754992123964,0.5431213932165376,0.028491579906923192,0.021849816267582155,-0.006641763639341037,0.7668867903767194,TRUE,TRUE,TRUE
3,Brooklyn,PROSPECT HEIGHTS,3440,7,"$1,273,800",prediction,GROSSCON,20,1.0727,0.36519584012994805,0.34763889361412575,6.546148551727543,0.9992717363945715,0.578091761023138,0.5105989179251083,0.02943922635186187,0.03532413817111681,0.005884911819254945,1.1999003556994885,TRUE,TRUE,TRUE
3,Brooklyn,PROSPECT HEIGHTS,3440,8,"$1,571,000",prediction,GROSSCON,23,1.0176,0.2720334733533678,0.2616336576725784,8.24918590507924,0.9995803101443752,0.640769907690375,0.3995317105678257,0.030715110727083484,0.03656601822126597,0.0058509074941824855,1.1904895458841165,TRUE,TRUE,TRUE
3,Brooklyn,PROSPECT HEIGHTS,3440,9,"$1,800,000",prediction,GROSSCON,29,0.988,0.14897391487493988,0.12750076514996933,8.544923461560321,1.003740568178024,0.2928398725244312,0.9876725118873939,0.050293002865310056,0.024177097260518796,-0.02611590560479126,0.48072486992410457,TRUE,TRUE,TRUE
3,Brooklyn,PROSPECT HEIGHTS,3440,10,"$2,555,000",prediction,GROSSCON,56,0.9525,0.7734935204566614,0.8324843667316005,8.92815790951417,0.9978679056528402,0.13600774642934327,0.8413175223126053,0.11993605347393073,0.1261161183051944,0.006180064831263668,1.0515279988982376,TRUE,TRUE,TRUE
3,Brooklyn,SHEEPSHEAD BAY,3480,1,"$195,500",prediction,GROSSCON,68,1.0589,0.5473615741857502,0.47030050701143183,7.887726633750833,1.0014166719735247,0.1489419040078667,0.7948288648358879,0.06631033215533201,0.05781212484001648,-0.008498207315315531,0.8718418828696488,TRUE,TRUE,TRUE
3,Brooklyn,SHEEPSHEAD BAY,3480,2,"$225,000",prediction,GROSSCON,75,1.0251,0.23732508392762364,0.18860821226844418,5.212244640949355,1.0007828149552833,0.3104455555769408,0.6514845706024868,0.028829187665962194,0.01953421886252651,-0.009294968803435683,0.6775847827856076,TRUE,TRUE,TRUE
3,Brooklyn,SHEEPSHEAD BAY,3480,3,"$240,000",prediction,GROSSCON,43,0.9708,0.06439450996959946,0.072471275869828225,7.1804591236568225,1.0018121855551856,0.4767827611735424,0.6234400149630381,0.031372408373055466,0.012825109638788258,-0.018547298734267206,0.40880220244115023,TRUE,TRUE,TRUE
3,Brooklyn,SHEEPSHEAD BAY,3480,4,"$260,000",prediction,GROSSCON,40,0.9205,0.22522188367406148,0.2925834713621789,5.624945632737628,1.0001152837280871,0.6095401034443483,0.5984616121083922,0.025336814153299338,0.025030190216810234,-3.0662393648910394e-4,0.987898086372111,TRUE,TRUE,TRUE
3,Brooklyn,SHEEPSHEAD BAY,3480,5,"$271,000",prediction,GROSSCON,12,0.8776,0.050400004598862576,5.219915987150978e-4,6.882593928981189,1.0013629249041127,0.6694088391756622,1.0436972789620154,0.0260273419533991,0.004479580468912392,-0.02154776148448671,0.17211056268953237,FALSE,TRUE,TRUE
3,Brooklyn,SHEEPSHEAD BAY,3480,6,"$287,179",prediction,GROSSCON,2,NA,NA,NA,NA,NA,NA,NA,NA,NA,NA,NA,NA,NA,NA
3,Brooklyn,SHEEPSHEAD BAY,3480,7,"$314,100",prediction,GROSSCON,2,NA,NA,NA,NA,NA,NA,NA,NA,NA,NA,NA,NA,NA,NA
3,Brooklyn,SUNSET PARK,3500,1,"$380,500",prediction,GROSSCON,2,NA,NA,NA,NA,NA,NA,NA,NA,NA,NA,NA,NA,NA,NA
3,Brooklyn,SUNSET PARK,3500,3,"$449,300",prediction,GROSSCON,2,NA,NA,NA,NA,NA,NA,NA,NA,NA,NA,NA,NA,NA,NA
3,Brooklyn,SUNSET PARK,3500,4,"$487,000",prediction,GROSSCON,5,NA,NA,NA,NA,NA,NA,NA,NA,NA,NA,NA,NA,NA,NA
3,Brooklyn,SUNSET PARK,3500,5,"$540,500",prediction,GROSSCON,9,1.0647,0.3674330395226397,0.33340336134453785,5.399776143599439,0.9992833436121854,0.6902305328806879,0.5303432354951,0.020538203333902178,0.02232650166203065,0.001788298328128473,1.0870717997604273,TRUE,TRUE,TRUE
3,Brooklyn,SUNSET PARK,3500,6,"$573,000",prediction,GROSSCON,12,0.9905,0.5431340273010169,0.49073733284259613,4.08685205026,1.000172884416747,0.2083453084788156,0.8286583730713334,0.0329968631866806,0.027958269063284174,-0.005038594123396429,0.8473008147807731,TRUE,FALSE,TRUE
3,Brooklyn,SUNSET PARK,3500,7,"$597,800",prediction,GROSSCON,17,0.9741,0.04631571084613544,0.0018602546346915471,5.824983627530881,1.0015400567836028,0.4827557898264082,0.8546158005611035,0.02599429007547267,0.0035220533834164182,-0.022472236692056252,0.13549334770022084,TRUE,TRUE,TRUE
3,Brooklyn,SUNSET PARK,3500,8,"$624,200",prediction,GROSSCON,5,NA,NA,NA,NA,NA,NA,NA,NA,NA,NA,NA,NA,NA,NA
3,Brooklyn,WILLIAMSBURG-NORTH,3512,6,"$720,200",prediction,GROSSCON,2,NA,NA,NA,NA,NA,NA,NA,NA,NA,NA,NA,NA,NA,NA
3,Brooklyn,WILLIAMSBURG-NORTH,3512,8,"$837,500",prediction,GROSSCON,1,NA,NA,NA,NA,NA,NA,NA,NA,NA,NA,NA,NA,NA,NA
3,Brooklyn,WILLIAMSBURG-NORTH,3512,9,"$886,250",prediction,GROSSCON,1,NA,NA,NA,NA,NA,NA,NA,NA,NA,NA,NA,NA,NA,NA
3,Brooklyn,WILLIAMSBURG-SOUTH,3513,5,"$430,000",prediction,GROSSCON,9,1.0176,0.033687476242794806,0.02040960451977401,2.7656583046176393,1.0015088726291113,-0.988238351975118,1.5360016851307121,0.02179211469534042,0.0024789701060963726,-0.019313144589244047,0.11375537164488332,TRUE,FALSE,TRUE
3,Brooklyn,WILLIAMSBURG-SOUTH,3513,6,"$435,000",prediction,GROSSCON,1,NA,NA,NA,NA,NA,NA,NA,NA,NA,NA,NA,NA,NA,NA
3,Brooklyn,WILLIAMSBURG-SOUTH,3513,7,"$445,000",prediction,GROSSCON,1,NA,NA,NA,NA,NA,NA,NA,NA,NA,NA,NA,NA,NA,NA
3,Brooklyn,WINDSOR TERRACE,3520,4,"$640,000",prediction,GROSSCON,2,NA,NA,NA,NA,NA,NA,NA,NA,NA,NA,NA,NA,NA,NA
3,Brooklyn,WINDSOR TERRACE,3520,5,"$684,300",prediction,GROSSCON,7,1.134,0.07625747432850939,0.03928571428571427,4.531474248253811,1.000191894457186,0.8392115671047786,0.1228738235596919,0.013470271743559843,0.013557723713695426,8.745197013558352e-5,1.006492220186827,FALSE,FALSE,TRUE
3,Brooklyn,WINDSOR TERRACE,3520,6,"$745,000",prediction,GROSSCON,8,1.0646,8.33768677011305e-4,0.002267573696145125,6.29378845303154,1.002153169244736,0.5262068111180904,0.7109187998321069,0.027058154840253756,-0.0027368001629100025,-0.02979495500316376,-0.10114511425733035,TRUE,TRUE,TRUE
3,Brooklyn,WINDSOR TERRACE,3520,7,"$807,500",prediction,GROSSCON,21,1.0242,0.5503529000997619,0.5173554766302998,7.553685197326423,0.9978836786308745,0.6612012743060834,0.3927389262447837,0.028762836789349915,0.05434136741346407,0.025578530624114155,1.889290955945805,TRUE,TRUE,TRUE
3,Brooklyn,WINDSOR TERRACE,3520,8,"$859,000",prediction,GROSSCON,19,0.9638,0.09665522940894326,0.18980050641036525,5.9624731781972855,1.0020656178309872,0.3596402125994179,0.858964418783164,0.03404436055818787,0.02052856592928153,-0.013515794628906338,0.6029946103465377,TRUE,TRUE,TRUE
3,Brooklyn,WINDSOR TERRACE,3520,9,"$937,500",prediction,GROSSCON,15,0.9555,0.4779692254815319,0.4131834240611435,6.764777718818181,0.9993686794007,0.4007851923124389,0.582008152830199,0.038052840568615194,0.04420352509685301,0.006150684528237818,1.1616353585259207,TRUE,TRUE,TRUE
3,Brooklyn,WINDSOR TERRACE,3520,10,"$1,475,000",prediction,GROSSCON,4,NA,NA,NA,NA,NA,NA,NA,NA,NA,NA,NA,NA,NA,NA
4,Queens,ASTORIA,4040,1,"$343,000",prediction,GROSSCON,1,NA,NA,NA,NA,NA,NA,NA,NA,NA,NA,NA,NA,NA,NA
4,Queens,ASTORIA,4040,2,"$375,200",prediction,GROSSCON,1,NA,NA,NA,NA,NA,NA,NA,NA,NA,NA,NA,NA,NA,NA
4,Queens,ASTORIA,4040,4,"$457,060",prediction,GROSSCON,3,NA,NA,NA,NA,NA,NA,NA,NA,NA,NA,NA,NA,NA,NA
4,Queens,ASTORIA,4040,5,"$485,000",prediction,GROSSCON,3,NA,NA,NA,NA,NA,NA,NA,NA,NA,NA,NA,NA,NA,NA
4,Queens,ASTORIA,4040,6,"$497,000",prediction,GROSSCON,7,1.0515,7.341339227903243e-4,0.015909090909090907,4.305197643551907,1.000486083558197,0.9301949770073172,0.08781002433543,0.011834319526627215,-7.447667736672412e-5,-0.011908796203993939,-0.00629327923748819,TRUE,FALSE,TRUE
4,Queens,ASTORIA,4040,7,"$526,000",prediction,GROSSCON,14,1.2033,0.1645080620405835,0.06264291865886613,6.8127888003111705,0.99985070647459,0.8509410749924599,0.28314284750333923,0.015978176149649265,0.02025535884274505,0.004277182693095783,1.267689043670336,FALSE,TRUE,TRUE
4,Queens,ASTORIA,4040,8,"$569,000",prediction,GROSSCON,13,1.0936,0.005054827623712794,0.011606877131933792,9.864298660635932,1.0003503795992545,1.2670629894084116,0.37552467588606986,0.013781520166158035,3.369101221219003e-4,-0.013444610044036135,0.024446513741584065,TRUE,TRUE,TRUE
4,Queens,ASTORIA,4040,9,"$632,000",prediction,GROSSCON,44,1.0083,0.04935137118264216,0.033144386636827054,5.824742806387473,1.0013028226327074,0.4294096481664097,0.6869687281994762,0.02445801038615417,0.007184098598255256,-0.017273911787898916,0.29373193014597043,TRUE,TRUE,TRUE
4,Queens,ASTORIA,4040,10,"$785,000",prediction,GROSSCON,41,0.8963,0.6188569725526054,0.4211867591263169,6.727891846206344,1.0005937109030194,0.16090237406308577,0.8506867191700381,0.06105990923200409,0.05576727404172085,-0.005292635190283244,0.9133206181133798,FALSE,TRUE,TRUE
4,Queens,BAYSIDE,4050,1,"$226,800",prediction,GROSSCON,15,1.1821,0.04541551402308357,0.027135162862272362,12.159702087245366,1.0080990556396856,0.6634690771653735,0.6292030183795273,0.0415388407412209,-0.0030895962123684245,-0.04462843695358932,-0.07437848907763274,FALSE,TRUE,TRUE
4,Queens,BAYSIDE,4050,2,"$255,000",prediction,GROSSCON,34,1.0967,0.049463992464327707,0.009561740910262793,7.6095416469320245,1.0008789986562765,0.8229344173334848,0.35686225904159424,0.024207095110147535,0.013150628795034102,-0.011056466315113433,0.5432551380161844,TRUE,TRUE,TRUE
4,Queens,BAYSIDE,4050,3,"$280,000",prediction,GROSSCON,42,1.0422,0.03758858180040955,0.07051480947269555,7.248521178599463,1.0004212736765457,1.019954371417761,0.39443620135497987,0.018785265989222415,0.011276035229863049,-0.007509230759359366,0.6002595457702008,TRUE,TRUE,TRUE
4,Queens,BAYSIDE,4050,4,"$308,400",prediction,GROSSCON,31,1.0399,0.012020312719298824,0.0717519889811763,4.39578993279946,1.0005077450704576,0.8942750232668462,0.4445355584767402,0.014135742317774527,0.003101438547839927,-0.011034303769934601,0.2194040099287976,TRUE,FALSE,TRUE
4,Queens,BAYSIDE,4050,5,"$330,000",prediction,GROSSCON,36,0.9861,0.07993586203905445,0.06882611092820669,7.243351194969342,0.9999055778008641,1.13952741519418,0.2832832561437407,0.013355758992570403,0.013395083811061938,3.932481849153527e-5,1.002944409113208,TRUE,TRUE,TRUE
4,Queens,BAYSIDE,4050,6,"$360,237",prediction,GROSSCON,32,0.9763,0.048611946519274266,0.006625100633248877,9.68735282440203,0.999891552260809,1.2126588331720825,0.17620387685066416,0.012094037620794085,0.01008108040795297,-0.0020129572128411155,0.8335578839791185,TRUE,TRUE,TRUE
4,Queens,BAYSIDE,4050,7,"$390,248",prediction,GROSSCON,34,0.9469,0.02554796863268743,0.012389463779978292,7.476434945084648,1.000247226132231,1.100439438357012,0.2321151265985747,0.014572011717074255,0.009527187450106023,-0.005044824266968232,0.6538004247514342,TRUE,TRUE,TRUE
4,Queens,BAYSIDE,4050,8,"$450,000",prediction,GROSSCON,37,0.9494,0.058545109106305546,0.060489824657590216,6.7921375589705155,1.0004771932219594,0.8674517573001153,0.3750029796789341,0.01938927234570696,0.01141378685040585,-0.007975485495301108,0.5886650435818451,TRUE,TRUE,TRUE
4,Queens,BAYSIDE,4050,9,"$493,500",prediction,GROSSCON,48,0.9803,0.21295167061014997,0.22241852021511277,8.040128881709638,0.9996059225790928,0.806345042611856,0.4324614017323458,0.024291639764843165,0.029944042013966943,0.005652402249123778,1.2326892010519765,TRUE,TRUE,TRUE
4,Queens,BAYSIDE,4050,10,"$790,000",prediction,GROSSCON,28,0.9046,0.2541690001025753,0.2675306694382203,9.393778949385695,1.0070346383466702,0.08784429794112114,0.8799640102693502,0.07188522573476495,0.047042797082701045,-0.02484242865206391,0.6544153767601,TRUE,TRUE,TRUE
4,Queens,BEECHHURST,4060,3,"$371,200",prediction,GROSSCON,3,NA,NA,NA,NA,NA,NA,NA,NA,NA,NA,NA,NA,NA,NA
4,Queens,BEECHHURST,4060,4,"$394,000",prediction,GROSSCON,3,NA,NA,NA,NA,NA,NA,NA,NA,NA,NA,NA,NA,NA,NA
4,Queens,BEECHHURST,4060,5,"$415,000",prediction,GROSSCON,16,1.0486,0.11961895994458963,0.16568627450980392,4.215722646939042,1.0001243018542074,0.7980770657712246,NA,0.011904761904761862,0.008147552951208059,-0.0037572089535538034,0.6843944479014794,TRUE,FALSE,TRUE
4,Queens,BEECHHURST,4060,6,"$425,000",prediction,GROSSCON,12,0.9975,0.12337742993492581,0.04292787504466337,5.6357397754738106,1.0011885361099389,1.5630451433642996,2.614772466370509,0.012577044810927843,-0.01484027305742656,-0.027417317868354402,-1.179949127996448,TRUE,TRUE,TRUE
4,Queens,BEECHHURST,4060,7,"$439,932",prediction,GROSSCON,18,1.0265,0.2321752396603263,0.32402468052982847,4.612205151177672,0.9997055849214059,0.8498867630722517,0.5163078960679586,0.014717921367057506,0.015781107083045143,0.0010631857159876367,1.07223749125113,TRUE,FALSE,TRUE
4,Queens,BEECHHURST,4060,8,"$470,400",prediction,GROSSCON,44,1.0295,0.2907555174712998,0.2723348939868587,5.503732275523795,0.9997768508516087,0.6399668540965158,0.4351085694492376,0.0195971117810263,0.023517389181689066,0.003920277400662767,1.2000436311466232,TRUE,TRUE,TRUE
4,Queens,BEECHHURST,4060,9,"$558,000",prediction,GROSSCON,37,0.9582,0.02968672221877304,0.007680448639597976,7.167635228907747,1.0016786928490033,0.6049883813256516,0.6266644391833898,0.027054267125618946,0.004144707241124287,-0.022909559884494658,0.15319976038824096,TRUE,TRUE,TRUE
4,Queens,BEECHHURST,4060,10,"$800,000",prediction,GROSSCON,20,0.9529,0.5336192928023559,0.4616637603043753,10.309825085940545,1.0013258745949523,0.2172106281609286,0.6657711645873305,0.07774391442840844,0.07073763272718878,-0.007006281701219669,0.9098799982901362,TRUE,TRUE,TRUE
4,Queens,BELLE HARBOR,4070,2,"$255,000",prediction,GROSSCON,2,NA,NA,NA,NA,NA,NA,NA,NA,NA,NA,NA,NA,NA,NA
4,Queens,BELLE HARBOR,4070,3,"$276,500",prediction,GROSSCON,1,NA,NA,NA,NA,NA,NA,NA,NA,NA,NA,NA,NA,NA,NA
4,Queens,BELLE HARBOR,4070,4,"$284,000",prediction,GROSSCON,4,NA,NA,NA,NA,NA,NA,NA,NA,NA,NA,NA,NA,NA,NA
4,Queens,BELLE HARBOR,4070,6,"$326,600",prediction,GROSSCON,1,NA,NA,NA,NA,NA,NA,NA,NA,NA,NA,NA,NA,NA,NA
4,Queens,BELLE HARBOR,4070,7,"$348,500",prediction,GROSSCON,2,NA,NA,NA,NA,NA,NA,NA,NA,NA,NA,NA,NA,NA,NA
4,Queens,BELLE HARBOR,4070,8,"$362,000",prediction,GROSSCON,1,NA,NA,NA,NA,NA,NA,NA,NA,NA,NA,NA,NA,NA,NA
4,Queens,BELLE HARBOR,4070,10,"$520,000",prediction,GROSSCON,1,NA,NA,NA,NA,NA,NA,NA,NA,NA,NA,NA,NA,NA,NA
4,Queens,BRIARWOOD,4100,1,"$178,200",prediction,GROSSCON,26,1.0521,0.2851829145345879,0.3556548821034934,7.539321483522424,1.00431628160168,0.17052970514792465,0.9180241415517042,0.05976148146887949,0.03548334950981085,-0.02427813195906864,0.5937494961246675,TRUE,TRUE,TRUE
4,Queens,BRIARWOOD,4100,2,"$199,200",prediction,GROSSCON,32,1.0589,0.05059574313676929,0.08798203846684696,6.59560534193824,1.0005339745849438,0.8549107612455304,0.5334781102541095,0.0190891925550416,0.014855296857977818,-0.004233895697063783,0.7782045686397784,TRUE,TRUE,TRUE
4,Queens,BRIARWOOD,4100,3,"$220,000",prediction,GROSSCON,16,0.9784,0.26533672782440587,0.38179111827379364,4.050709137366731,1.0002826533103464,0.4184313412532638,0.6725721138724481,0.022107512641464044,0.022085863536023043,-2.1649105441001737e-5,0.9990207353585135,TRUE,FALSE,TRUE
4,Queens,BRIARWOOD,4100,4,"$230,000",prediction,GROSSCON,15,0.956,0.02515313415582918,0.04627910217520936,5.076432609886632,1.0002358349952458,1.0323484961932154,0.3433432062866783,0.012288999115622801,0.006073535468694994,-0.006215463646927807,0.49422539716630043,TRUE,TRUE,TRUE
4,Queens,BRIARWOOD,4100,5,"$247,000",prediction,GROSSCON,11,0.9741,0.3002186132722962,0.19430670339761247,4.648140995395761,1.0013501604882118,0.7785809459986076,2.48522361267474,0.015068988129491666,-0.012902355505724666,-0.027971343635216334,-0.8562191034229656,TRUE,FALSE,TRUE
4,Queens,BRIARWOOD,4100,6,"$270,000",prediction,GROSSCON,10,0.8675,0.08729492762043684,0.07321032625910676,8.48073636668828,1.0009757507602364,1.452641991544851,NA,0.011641791044776185,-0.01974221493799071,-0.031384005982766895,-1.695805642109449,FALSE,TRUE,TRUE
4,Queens,BRIARWOOD,4100,7,"$293,950",prediction,GROSSCON,5,NA,NA,NA,NA,NA,NA,NA,NA,NA,NA,NA,NA,NA,NA
4,Queens,BRIARWOOD,4100,8,"$318,400",prediction,GROSSCON,3,NA,NA,NA,NA,NA,NA,NA,NA,NA,NA,NA,NA,NA,NA
4,Queens,BRIARWOOD,4100,9,"$348,300",prediction,GROSSCON,3,NA,NA,NA,NA,NA,NA,NA,NA,NA,NA,NA,NA,NA,NA
4,Queens,BRIARWOOD,4100,10,"$515,000",prediction,GROSSCON,1,NA,NA,NA,NA,NA,NA,NA,NA,NA,NA,NA,NA,NA,NA
4,Queens,CORONA,4140,1,"$156,200",prediction,GROSSCON,39,1.0985,0.6081965358189088,0.49593979617242,8.628242376162088,1.0048092531861934,0.043214678956537585,0.9278534422513012,0.08901264647870988,0.07407983874612074,-0.014932807732589135,0.8322394814296329,TRUE,TRUE,TRUE
4,Queens,CORONA,4140,2,"$182,400",prediction,GROSSCON,30,1.0041,1.2745419144868062e-6,9.342340733323053e-4,7.214091069554495,1.0018255304387893,0.6887737273461213,0.5521062411869585,0.024069354919302437,0.002136185436775051,-0.021933169482527385,0.08875125419592926,TRUE,TRUE,TRUE
4,Queens,CORONA,4140,3,"$195,900",prediction,GROSSCON,12,0.888,0.0032126777387403538,0.0031854266729711574,9.434194932414588,1.0014436583448643,1.301148743297447,0.3986074471291665,0.01923897961361935,-0.007714084857779764,-0.026953064471399113,-0.400961226255416,FALSE,TRUE,TRUE
4,Queens,CORONA,4140,4,"$210,000",prediction,GROSSCON,4,NA,NA,NA,NA,NA,NA,NA,NA,NA,NA,NA,NA,NA,NA
4,Queens,CORONA,4140,5,"$220,000",prediction,GROSSCON,6,0.9839,0.008728564943381022,8.403361344537817e-4,11.42502833413444,1.0007875707620215,1.3292994714736484,0.1914680800576832,0.012079095443491875,0.006516938426202638,-0.005562157017289237,0.5395220574826995,TRUE,TRUE,TRUE
4,Queens,CORONA,4140,6,"$232,400",prediction,GROSSCON,1,NA,NA,NA,NA,NA,NA,NA,NA,NA,NA,NA,NA,NA,NA
4,Queens,CORONA,4140,7,"$252,300",prediction,GROSSCON,10,0.8891,0.08864515512679022,0.025602181487653385,11.43881585548515,0.999604563995528,1.1674335252451775,0.19904661224340792,0.014449291166848432,0.028263344438253134,0.013814053271404702,1.9560367433870265,FALSE,TRUE,TRUE
4,Queens,CORONA,4140,8,"$282,000",prediction,GROSSCON,2,NA,NA,NA,NA,NA,NA,NA,NA,NA,NA,NA,NA,NA,NA
4,Queens,DOUGLASTON,4150,1,"$216,500",prediction,GROSSCON,4,NA,NA,NA,NA,NA,NA,NA,NA,NA,NA,NA,NA,NA,NA
4,Queens,DOUGLASTON,4150,2,"$238,000",prediction,GROSSCON,6,1.2121,0.11969090456690153,0.06806722689075631,9.909802191316047,0.999907687419913,0.9023973912434982,0.4366207767215769,0.021212121212121165,0.02431181093565445,0.0030996897235332846,1.1461282298237123,FALSE,TRUE,TRUE
4,Queens,DOUGLASTON,4150,3,"$252,500",prediction,GROSSCON,8,1.0528,0.0789556301871376,0.11382113821138212,5.8320914596162705,1.001167512171399,0.9259078506251751,0.25686574397405043,0.01544189453125,-0.008474991372255047,-0.023916885903505047,-0.5488310618301451,TRUE,TRUE,TRUE
4,Queens,DOUGLASTON,4150,4,"$271,000",prediction,GROSSCON,3,NA,NA,NA,NA,NA,NA,NA,NA,NA,NA,NA,NA,NA,NA
4,Queens,DOUGLASTON,4150,5,"$317,500",prediction,GROSSCON,2,NA,NA,NA,NA,NA,NA,NA,NA,NA,NA,NA,NA,NA,NA
4,Queens,DOUGLASTON,4150,6,"$331,600",prediction,GROSSCON,7,0.9795,0.07223562358467919,0.1904761904761905,6.884740246555997,0.99980989802102,1.2003714769491296,0.1755521072583058,0.01008114089009103,0.0172700940008989,0.0071889531108078695,1.7131090805281817,TRUE,TRUE,TRUE
4,Queens,DOUGLASTON,4150,7,"$358,400",prediction,GROSSCON,4,NA,NA,NA,NA,NA,NA,NA,NA,NA,NA,NA,NA,NA,NA
4,Queens,DOUGLASTON,4150,8,"$401,000",prediction,GROSSCON,2,NA,NA,NA,NA,NA,NA,NA,NA,NA,NA,NA,NA,NA,NA
4,Queens,DOUGLASTON,4150,9,"$446,750",prediction,GROSSCON,6,0.9292,7.363552693343734e-4,0.1379591836734694,3.964483799876954,1.0023691136411883,-0.6289638449807895,0.7574574538907425,0.02446906740535552,0.0030878814807230683,-0.02138118592463245,0.1261953073065313,TRUE,FALSE,TRUE
4,Queens,DOUGLASTON,4150,10,"$930,000",prediction,GROSSCON,2,NA,NA,NA,NA,NA,NA,NA,NA,NA,NA,NA,NA,NA,NA
4,Queens,EAST ELMHURST,4160,1,"$135,000",prediction,GROSSCON,3,NA,NA,NA,NA,NA,NA,NA,NA,NA,NA,NA,NA,NA,NA
4,Queens,EAST ELMHURST,4160,2,"$145,000",prediction,GROSSCON,2,NA,NA,NA,NA,NA,NA,NA,NA,NA,NA,NA,NA,NA,NA
4,Queens,ELMHURST,4170,1,"$220,000",prediction,GROSSCON,13,1.1143,0.05621996134281261,0.04448177107719201,14.793651058574792,1.0212139401133535,-0.01831477187116903,0.3243418640329571,0.050188471343329155,-0.026621583307838995,-0.07681005465116815,-0.5304322406180921,FALSE,TRUE,TRUE
4,Queens,ELMHURST,4170,2,"$251,000",prediction,GROSSCON,21,1.0728,0.036041717544440834,0.04571060933799577,5.357352529158991,1.000860082428334,0.5818690546169353,0.39073628276934086,0.019875054050463654,0.0052356884262235465,-0.014639365624240107,0.2634301478089015,TRUE,TRUE,TRUE
4,Queens,ELMHURST,4170,3,"$274,800",prediction,GROSSCON,19,1.0835,1.51969766112775e-4,0.05519692076245241,7.26654217455288,1.001346531990762,0.9033185238290049,0.9274259609980875,0.020393497928970522,-0.006730730653956317,-0.02712422858292684,-0.3300429714117263,TRUE,TRUE,TRUE
4,Queens,ELMHURST,4170,4,"$287,400",prediction,GROSSCON,34,1.0394,0.0033556004147300643,4.7834580230225054e-4,5.996454496792527,1.0005671308610027,1.0338128728735767,0.3257290356445404,0.014700931398974274,0.0017663449987474129,-0.012934586400226862,0.12015191084223792,TRUE,TRUE,TRUE
4,Queens,ELMHURST,4170,5,"$305,000",prediction,GROSSCON,30,0.9708,0.05985202329048664,0.07754346135037413,5.22491770544024,1.0001550943950859,0.9687933400923592,0.3597598617852927,0.01350969463401827,0.008844030292102545,-0.004665664341915725,0.6546432418859205,TRUE,TRUE,TRUE
4,Queens,ELMHURST,4170,6,"$320,000",prediction,GROSSCON,21,0.9834,0.18223665803351033,0.17246207502281036,6.566444981096307,0.9996422792105979,1.0453763389027275,0.21487748711128146,0.012227254537232094,0.02219642095984939,0.009969166422617295,1.8153233738825914,TRUE,TRUE,TRUE
4,Queens,ELMHURST,4170,7,"$341,000",prediction,GROSSCON,10,0.9622,0.017234313520260516,0.0296969696969697,5.966309098191337,1.000378718214493,1.036633519672142,0.35441861211965103,0.01377383808669208,0.0040396329519825965,-0.009734205134709484,0.29328302877943535,TRUE,TRUE,TRUE
4,Queens,ELMHURST,4170,8,"$381,600",prediction,GROSSCON,16,0.9418,6.593705924209998e-4,0.01694677871148459,8.278112340169432,1.0010531245283276,1.0552456254060283,0.3841147698294133,0.01912702888756268,0.00448527049899794,-0.01464175838856474,0.23449907067973738,TRUE,TRUE,TRUE
4,Queens,ELMHURST,4170,9,"$439,447",prediction,GROSSCON,16,0.8912,0.25077872298019044,0.09516557734204795,6.56421340113639,1.0003556179897393,0.5116569101341145,0.7450505076191445,0.030081447807735362,0.021491565569962345,-0.008589882237773017,0.7144458507225123,FALSE,TRUE,TRUE
4,Queens,ELMHURST,4170,10,"$693,000",prediction,GROSSCON,7,0.9272,0.6230388446305047,0.510204081632653,5.43119440097192,1.0007366936985875,0.11896085255991992,1.0349136177069944,0.053761459380355196,0.04224266269348905,-0.011518796686866145,0.7857424850510067,TRUE,TRUE,TRUE
4,Queens,FAR ROCKAWAY,4180,1,"$87,000",prediction,GROSSCON,4,NA,NA,NA,NA,NA,NA,NA,NA,NA,NA,NA,NA,NA,NA
4,Queens,FAR ROCKAWAY,4180,2,"$122,400",prediction,GROSSCON,1,NA,NA,NA,NA,NA,NA,NA,NA,NA,NA,NA,NA,NA,NA
4,Queens,FAR ROCKAWAY,4180,3,"$171,900",prediction,GROSSCON,1,NA,NA,NA,NA,NA,NA,NA,NA,NA,NA,NA,NA,NA,NA
4,Queens,FAR ROCKAWAY,4180,5,"$195,000",prediction,GROSSCON,1,NA,NA,NA,NA,NA,NA,NA,NA,NA,NA,NA,NA,NA,NA
4,Queens,FAR ROCKAWAY,4180,7,"$261,750",prediction,GROSSCON,1,NA,NA,NA,NA,NA,NA,NA,NA,NA,NA,NA,NA,NA,NA
4,Queens,FLORAL PARK,4190,1,"$249,000",prediction,GROSSCON,1,NA,NA,NA,NA,NA,NA,NA,NA,NA,NA,NA,NA,NA,NA
4,Queens,FLORAL PARK,4190,2,"$250,000",prediction,GROSSCON,2,NA,NA,NA,NA,NA,NA,NA,NA,NA,NA,NA,NA,NA,NA
4,Queens,FLORAL PARK,4190,3,"$260,000",prediction,GROSSCON,7,1.079,0.0019513872486982009,0.02323892519970951,2.169363134460326,1.0003300279424057,0.08275407963807072,0.8569914234609105,0.009341606167759966,-0.002821228269461581,-0.012162834437221548,-0.3020067661595807,TRUE,FALSE,TRUE
4,Queens,FLORAL PARK,4190,4,"$305,000",prediction,GROSSCON,1,NA,NA,NA,NA,NA,NA,NA,NA,NA,NA,NA,NA,NA,NA
4,Queens,FLORAL PARK,4190,5,"$325,000",prediction,GROSSCON,4,NA,NA,NA,NA,NA,NA,NA,NA,NA,NA,NA,NA,NA,NA
4,Queens,FLORAL PARK,4190,6,"$335,000",prediction,GROSSCON,7,0.991,0.18986974097246184,0.02366863905325444,3.929347679705544,1.0004874811074682,1.4794901808652057,NA,0.006229768521345999,-0.01695091215250358,-0.02318068067384958,-2.720953771303397,TRUE,FALSE,TRUE
4,Queens,FLORAL PARK,4190,7,"$340,000",prediction,GROSSCON,4,NA,NA,NA,NA,NA,NA,NA,NA,NA,NA,NA,NA,NA,NA
4,Queens,FLORAL PARK,4190,8,"$370,000",prediction,GROSSCON,5,NA,NA,NA,NA,NA,NA,NA,NA,NA,NA,NA,NA,NA,NA
4,Queens,FLUSHING-NORTH,4210,1,"$230,000",prediction,GROSSCON,23,1.1147,0.10884010033456153,0.09888503872959713,7.629027760117893,1.002961589782388,0.18361584501078848,0.9498805728036422,0.03259163962067384,0.01598672275531406,-0.016604916865359778,0.49051606305726364,FALSE,TRUE,TRUE
4,Queens,FLUSHING-NORTH,4210,2,"$267,600",prediction,GROSSCON,58,1.0374,0.04950739604163348,0.057388324270080365,7.542537218061493,1.0008119052402848,0.8566521353880854,0.40563331960970295,0.023393350848720938,0.011775220385577035,-0.011618130463143903,0.503357576335451,TRUE,TRUE,TRUE
4,Queens,FLUSHING-NORTH,4210,3,"$292,700",prediction,GROSSCON,54,1.0618,0.24570815567686635,0.2309132450830869,6.0594374995983475,0.9997992513193612,0.6954874673661484,0.422314284054358,0.021160037534802792,0.02409583550265137,0.0029357979678485795,1.1387425690063144,TRUE,TRUE,TRUE
4,Queens,FLUSHING-NORTH,4210,4,"$310,000",prediction,GROSSCON,75,1.0347,0.09708389813817443,0.10211488671218079,6.348834947270104,0.9999884260189378,0.9690576693091335,0.30984094867404366,0.01582695320582938,0.01615729039854955,3.303371927201697e-4,1.0208718120553044,TRUE,TRUE,TRUE
4,Queens,FLUSHING-NORTH,4210,5,"$327,865",prediction,GROSSCON,83,1.0163,0.0028035082332147575,0.016351023832594444,5.115306355194289,1.0004360294415817,1.0833908689907565,0.336766069870866,0.01275388031372107,0.003037212688009886,-0.009716667625711184,0.23814028462713002,TRUE,TRUE,TRUE
4,Queens,FLUSHING-NORTH,4210,6,"$349,600",prediction,GROSSCON,80,0.976,0.12239946576592031,0.14577885208559274,5.251887410613843,0.9999542223772014,0.9392013369259816,0.3709756393383081,0.013735807717450222,0.015597841363912757,0.0018620336464625353,1.1355605498246,TRUE,TRUE,TRUE
4,Queens,FLUSHING-NORTH,4210,7,"$363,200",prediction,GROSSCON,92,0.986,0.08492579977680541,0.06459294603180668,5.307986109912647,1.0001345698352897,0.9006982984488205,0.40477691989364517,0.014825094703085037,0.012438004842391036,-0.0023870898606940007,0.838983162772157,TRUE,TRUE,TRUE
4,Queens,FLUSHING-NORTH,4210,8,"$391,600",prediction,GROSSCON,79,0.9472,0.0890699192117697,0.1068763245784516,5.36820110023055,1.0005163852614545,0.6608667634391153,0.4902042162242823,0.020214571368010442,0.012572633855070034,-0.007641937512940409,0.621958963471579,TRUE,TRUE,TRUE
4,Queens,FLUSHING-NORTH,4210,9,"$430,421",prediction,GROSSCON,53,0.9449,0.15408025706255152,0.1382232608672832,6.371776397534474,1.000264009557351,0.6877711390999103,0.5549752460873897,0.023890179650263684,0.020387583921000332,-0.003502595729263352,0.8533876353991883,TRUE,TRUE,TRUE
4,Queens,FLUSHING-NORTH,4210,10,"$688,000",prediction,GROSSCON,17,0.9411,0.016600308374084754,0.10111575380459689,8.313617151330886,1.004857150896279,0.4685314199658267,1.279501269250721,0.03990439998218253,0.007176582927923689,-0.03272781705425884,0.17984440139754165,TRUE,TRUE,TRUE
4,Queens,FLUSHING-SOUTH,4211,1,"$221,000",prediction,GROSSCON,11,1.1291,0.08814250071365463,0.21829316693493256,6.271699331659129,1.0010351755054367,0.4986393305559033,0.42840541963316536,0.022888003086022932,0.011653574017358408,-0.011234429068664524,0.5091564333314391,FALSE,TRUE,TRUE
4,Queens,FLUSHING-SOUTH,4211,2,"$245,200",prediction,GROSSCON,16,1.0389,0.18275328399277918,0.13322472701655508,7.529890600028123,0.9998077491750181,0.8053859145717717,0.4495552354188665,0.02160856955236956,0.0226154957343756,0.0010069261820060404,1.0465984654636995,TRUE,TRUE,TRUE
4,Queens,FLUSHING-SOUTH,4211,3,"$265,000",prediction,GROSSCON,21,1.1019,0.20316315003036275,0.2413789214814557,5.795293735044018,0.9997519092103238,0.7915186705974034,0.4023903781689049,0.01860632089555499,0.02764136669473653,0.009035045799181539,1.4855901308968604,FALSE,TRUE,TRUE
4,Queens,FLUSHING-SOUTH,4211,4,"$285,000",prediction,GROSSCON,20,1.003,0.003847640458521547,0.0019248870616576117,6.300953355161289,1.0010262604854523,1.2637402949924554,0.5962470669148341,0.016660522257382838,-0.0022892876958135132,-0.01894980995319635,-0.1374079191784671,TRUE,TRUE,TRUE
4,Queens,FLUSHING-SOUTH,4211,5,"$301,607",prediction,GROSSCON,11,0.948,0.1814710912720828,0.25462962962962965,8.519289834471724,0.9994498851545299,1.0231176952209171,0.24557278727213072,0.0154854194528892,0.035547784151010606,0.020062364698121407,2.295564822067397,TRUE,TRUE,TRUE
4,Queens,FLUSHING-SOUTH,4211,6,"$335,000",prediction,GROSSCON,14,0.9834,0.01175155919339115,0.024200518582541054,4.81802606961094,1.0001236894667709,1.230034814067475,0.26501456441286264,0.008625827055605662,0.0076960989886066655,-9.297280669989961e-4,0.8922157769909386,TRUE,FALSE,TRUE
4,Queens,FLUSHING-SOUTH,4211,7,"$360,000",prediction,GROSSCON,18,0.933,0.0669727860769375,0.005134921294999299,7.340697780698585,1.0013456898368995,1.3500616938442052,0.8816651665370576,0.015479640079304642,-0.01135852605276434,-0.026838166132068984,-0.7337719736746343,TRUE,TRUE,TRUE
4,Queens,FLUSHING-SOUTH,4211,8,"$381,800",prediction,GROSSCON,26,0.9308,0.09615950695935338,0.12687032244255764,4.6069266582681045,1.0004457882390931,0.5628047543388637,0.5518014979306662,0.01842142238953711,0.012280901095251031,-0.006140521294286079,0.6666641063627239,TRUE,FALSE,TRUE
4,Queens,FLUSHING-SOUTH,4211,9,"$400,000",prediction,GROSSCON,6,0.9102,0.0010410432978236862,0.07219251336898397,2.0736850849239263,1.000088928464444,1.0387553606815902,0.2595755361915972,0.005008241409914997,-6.775167977011165e-4,-0.0056857582076161135,-0.1352803793283231,TRUE,FALSE,TRUE
4,Queens,FOREST HILLS,4220,1,"$237,200",prediction,GROSSCON,50,1.0775,0.1986692368904556,0.3848558188641566,10.080661138626267,1.0063444085147057,0.27814239803025875,0.7172185597150038,0.06260270405320029,0.04425519007645164,-0.018347513976748643,0.7069213821633523,TRUE,TRUE,TRUE
4,Queens,FOREST HILLS,4220,2,"$275,000",prediction,GROSSCON,35,1.0457,0.008795205688161428,0.014586389210150904,13.494113765134891,1.0023012854648041,1.4414261091948481,0.22455004380752144,0.022031030663366584,-0.005647407677344063,-0.027678438340710647,-0.2563387870334468,TRUE,TRUE,TRUE
4,Queens,FOREST HILLS,4220,3,"$307,200",prediction,GROSSCON,53,1.1049,0.1511913679030017,0.11817363495040407,9.942648757327664,0.999331070368628,1.0531791565000692,0.2674357637069288,0.01789198678215691,0.029965346509627146,0.012073359727470236,1.674791451305486,FALSE,TRUE,TRUE
4,Queens,FOREST HILLS,4220,4,"$330,000",prediction,GROSSCON,75,1.0564,0.005388342593309267,0.012160739302481459,9.135184778316747,1.000649025609419,1.2638563275779016,0.3770326335615735,0.017900339560844712,0.0046463190603964226,-0.013254020500448289,0.25956597329359066,TRUE,TRUE,TRUE
4,Queens,FOREST HILLS,4220,5,"$355,000",prediction,GROSSCON,68,1.0368,0.03407318343681929,0.06790142713004153,6.755028435805603,1.0000627158700592,1.2145218464827605,0.2504012003755459,0.01200122701913261,0.010749739625228974,-0.0012514873939036362,0.8957200466328578,TRUE,TRUE,TRUE
4,Queens,FOREST HILLS,4220,6,"$395,128",prediction,GROSSCON,77,1.0164,0.09190370628143416,0.062294268264138516,6.886853433238482,0.9998754153864551,1.0713957301791754,0.2597242150409163,0.012561008678366684,0.015311007475153482,0.002749998796786798,1.2189313666762296,TRUE,TRUE,TRUE
4,Queens,FOREST HILLS,4220,7,"$445,000",prediction,GROSSCON,60,1.0131,0.007200986304298,0.018688475425051625,9.480104235542393,1.0005683756047772,1.1824899880700388,0.31192536654253966,0.016668849025385294,0.0031237880183181705,-0.013545061007067124,0.18740274229857723,TRUE,TRUE,TRUE
4,Queens,FOREST HILLS,4220,8,"$501,495",prediction,GROSSCON,79,0.9902,0.12053450678095602,0.12872494831862014,7.602737682838974,0.9998753810423248,0.9637477314395804,0.40285510189073087,0.02054820446009446,0.02293173896163629,0.002383534501541832,1.1159972155314477,TRUE,TRUE,TRUE
4,Queens,FOREST HILLS,4220,9,"$632,800",prediction,GROSSCON,109,0.9427,0.22640529722760724,0.23809976723853357,6.811356914339685,1.0001630464513578,0.58607499106439,0.5200771178380265,0.030710399247326534,0.029309237522967126,-0.0014011617243594073,0.9543750078572689,TRUE,TRUE,TRUE
4,Queens,FOREST HILLS,4220,10,"$1,480,350",prediction,GROSSCON,147,0.9359,0.7561475300237197,0.7035250200343041,9.435553420452264,1.0010503139639881,0.09241968245548846,0.8810260253498324,0.13980921338786934,0.13930765665091815,-5.015567369511809e-4,0.9964125630579171,TRUE,TRUE,TRUE
4,Queens,FRESH MEADOWS,4230,1,"$196,700",prediction,GROSSCON,2,NA,NA,NA,NA,NA,NA,NA,NA,NA,NA,NA,NA,NA,NA
4,Queens,FRESH MEADOWS,4230,2,"$213,400",prediction,GROSSCON,5,NA,NA,NA,NA,NA,NA,NA,NA,NA,NA,NA,NA,NA,NA
4,Queens,FRESH MEADOWS,4230,3,"$219,300",prediction,GROSSCON,3,NA,NA,NA,NA,NA,NA,NA,NA,NA,NA,NA,NA,NA,NA
4,Queens,FRESH MEADOWS,4230,4,"$226,800",prediction,GROSSCON,2,NA,NA,NA,NA,NA,NA,NA,NA,NA,NA,NA,NA,NA,NA
4,Queens,GLEN OAKS,4240,1,"$235,000",prediction,GROSSCON,6,1.2191,0.376398211425505,0.11440311418685119,6.987843148230952,0.999049221626248,0.623616341381762,0.27435369802642645,0.02732003469210757,0.04104200094620566,0.013721966254098088,1.5022675266976218,FALSE,TRUE,TRUE
4,Queens,GLEN OAKS,4240,2,"$250,000",prediction,GROSSCON,27,1.0875,0.008977430542530817,0.023250007732747095,7.445751839881787,1.0013908012938353,0.8284239922702606,0.567890774272988,0.023248955813141764,0.005036047526999183,-0.01821290828614258,0.21661392311445204,TRUE,TRUE,TRUE
4,Queens,GLEN OAKS,4240,3,"$290,000",prediction,GROSSCON,31,1.0433,0.16426000609569097,0.18897108378329097,11.824899757262079,0.998891317980547,1.1620924831967807,0.2936267437009024,0.018133134629005742,0.035331994189144164,0.017198859560138422,1.9484769132319322,TRUE,TRUE,TRUE
4,Queens,GLEN OAKS,4240,4,"$325,000",prediction,GROSSCON,9,1.0722,0.14835786315866792,0.20355072463768117,8.018972268527486,0.9994462113560091,1.1614175165396525,0.350518785304467,0.013708932293345319,0.0127805330490632,-9.283992442821187e-4,0.93227778616043,TRUE,TRUE,TRUE
4,Queens,GLEN OAKS,4240,5,"$355,000",prediction,GROSSCON,19,1.0204,0.07877272008831065,0.0872655297931485,8.802902599766957,0.9997568528702061,1.1597114833596127,0.2031545726547486,0.015151350289151261,0.022849157654967013,0.007697807365815752,1.5080608143108916,TRUE,TRUE,TRUE
4,Queens,GLEN OAKS,4240,6,"$395,000",prediction,GROSSCON,20,0.9605,0.010746720677787536,0.015580834558970143,10.020818250155314,1.0000936239116647,1.3516715677814537,0.18084994973023627,0.010457070365015397,0.0068289842856943395,-0.0036280860793210575,0.6530494724928901,TRUE,TRUE,TRUE
4,Queens,GLEN OAKS,4240,7,"$473,500",prediction,GROSSCON,20,0.9438,0.23287962869537038,0.26985632637378476,11.803078673229466,0.9988126001172494,1.1362238698388318,0.15980272701031584,0.0148118686217801,0.04158875906885449,0.02677689044707439,2.8077996187260483,TRUE,TRUE,TRUE
4,Queens,GLEN OAKS,4240,8,"$575,000",prediction,GROSSCON,19,1.0005,0.24595097101587576,0.14907716822921505,10.77547169648518,0.9981462605831366,1.1699940054694844,0.20264256284510623,0.01879728828720635,0.05273664551302073,0.03393935722581438,2.805545390763299,TRUE,TRUE,TRUE
4,Queens,GLEN OAKS,4240,9,"$740,000",prediction,GROSSCON,20,0.9226,0.012058088930254299,0.06431813913271507,11.786993866535868,1.0018644426892545,1.1464065310632898,0.4315135386943762,0.030335910423887037,0.003602762256629255,-0.026733148167257782,0.11876229215762635,TRUE,TRUE,TRUE
4,Queens,GLEN OAKS,4240,10,"$1,500,000",prediction,GROSSCON,60,0.9365,0.5677723365470099,0.4903036205801227,17.033956313991535,1.0087436173112174,0.16580182421397002,0.7586930350416027,0.14274856102269998,0.1253398296093465,-0.017408731413353473,0.8780461863248826,TRUE,FALSE,TRUE
4,Queens,GLENDALE,4250,1,"$199,100",prediction,GROSSCON,8,1.0983,0.7219819411871415,0.7291666666666669,3.2004747537261022,0.9999741959260096,0.13069796732240654,0.8192155275534735,0.03567761806981529,0.03627026583871085,5.9264776889556e-4,1.0166111921411303,TRUE,FALSE,TRUE
4,Queens,GLENDALE,4250,2,"$241,800",prediction,GROSSCON,5,NA,NA,NA,NA,NA,NA,NA,NA,NA,NA,NA,NA,NA,NA
4,Queens,GLENDALE,4250,3,"$263,600",prediction,GROSSCON,6,1.1167,0.020537659932927506,0.09523809523809527,5.033333244427403,1.00018243337292,1.0902920625922548,0.1931432235491103,0.009326311169629195,0.010925298275007359,0.0015989871053781642,1.171449040922547,FALSE,TRUE,TRUE
4,Queens,GLENDALE,4250,4,"$297,000",prediction,GROSSCON,7,1.0549,0.4499175636361282,0.6112396694214877,5.2595264726784565,0.998748727076669,0.7642336374226136,0.380454048007652,0.018671298306556543,0.04249452385572461,0.023823225549168065,2.2759276381333584,TRUE,TRUE,TRUE
4,Queens,GLENDALE,4250,5,"$306,500",prediction,GROSSCON,12,0.9804,6.94687418223046e-5,0.0050485927047835425,6.24746748959227,1.0006710073093539,1.176142851790952,1.0715881022270917,0.01482204568915213,0.0022266756073291796,-0.012595370081822951,0.1502272799603381,TRUE,TRUE,TRUE
4,Queens,GLENDALE,4250,6,"$322,400",prediction,GROSSCON,7,0.9039,0.2639287258993701,0.4485690235690237,10.738329855976563,1.0015612356840926,1.552726874920394,NA,0.009472880061115367,-0.04781332071167288,-0.057286200772788246,-5.047390065449977,TRUE,TRUE,TRUE
4,Queens,GLENDALE,4250,7,"$338,500",prediction,GROSSCON,2,NA,NA,NA,NA,NA,NA,NA,NA,NA,NA,NA,NA,NA,NA
4,Queens,GLENDALE,4250,8,"$394,000",prediction,GROSSCON,7,0.947,0.4846539935907234,0.7124579124579128,6.811015515223538,0.9984188480982849,0.7798556754690424,0.3478935198263131,0.019756838905775048,0.05266970096309314,0.032912862057318096,2.665897171824257,TRUE,TRUE,TRUE
4,Queens,GLENDALE,4250,9,"$434,050",prediction,GROSSCON,5,NA,NA,NA,NA,NA,NA,NA,NA,NA,NA,NA,NA,NA,NA
4,Queens,GLENDALE,4250,10,"$549,000",prediction,GROSSCON,3,NA,NA,NA,NA,NA,NA,NA,NA,NA,NA,NA,NA,NA,NA
4,Queens,HILLCREST,4270,1,"$215,000",prediction,GROSSCON,2,NA,NA,NA,NA,NA,NA,NA,NA,NA,NA,NA,NA,NA,NA
4,Queens,HILLCREST,4270,2,"$218,200",prediction,GROSSCON,7,1.0108,0.03711131914868906,0.004949494949494949,4.641245736694099,1.0006081661820723,0.6116082113438202,0.5412648080597793,0.015368947319692643,0.011594056402972239,-0.003774890916720404,0.7543819470391746,TRUE,FALSE,TRUE
4,Queens,HILLCREST,4270,3,"$231,500",prediction,GROSSCON,6,1.0463,0.006396360109169982,9.487666034155598e-4,5.663402523672562,1.0010670339416632,0.7995797465588284,0.16456419419098087,0.016613076098606665,-0.0018607054388716608,-0.018473781537478327,-0.11200246286885532,TRUE,TRUE,TRUE
4,Queens,HILLCREST,4270,4,"$259,000",prediction,GROSSCON,6,1.0187,0.5103224164913943,0.16243315508021391,5.933076421745603,1.0017043009921849,1.7236895611040952,0.5716074041366246,0.011042818710242486,-0.027690871812003248,-0.038733690522245734,-2.5075909094042523,TRUE,TRUE,TRUE
4,Queens,HILLCREST,4270,5,"$267,500",prediction,GROSSCON,5,NA,NA,NA,NA,NA,NA,NA,NA,NA,NA,NA,NA,NA,NA
4,Queens,HILLCREST,4270,6,"$280,000",prediction,GROSSCON,1,NA,NA,NA,NA,NA,NA,NA,NA,NA,NA,NA,NA,NA,NA
4,Queens,HILLCREST,4270,8,"$301,200",prediction,GROSSCON,1,NA,NA,NA,NA,NA,NA,NA,NA,NA,NA,NA,NA,NA,NA
4,Queens,HOLLIS,4280,1,"$132,500",prediction,GROSSCON,4,NA,NA,NA,NA,NA,NA,NA,NA,NA,NA,NA,NA,NA,NA
4,Queens,HOLLIS,4280,3,"$145,500",prediction,GROSSCON,2,NA,NA,NA,NA,NA,NA,NA,NA,NA,NA,NA,NA,NA,NA
4,Queens,HOLLIS HILLS,4290,1,"$180,000",prediction,GROSSCON,4,NA,NA,NA,NA,NA,NA,NA,NA,NA,NA,NA,NA,NA,NA
4,Queens,HOLLIS HILLS,4290,2,"$222,000",prediction,GROSSCON,2,NA,NA,NA,NA,NA,NA,NA,NA,NA,NA,NA,NA,NA,NA
4,Queens,HOLLIS HILLS,4290,3,"$257,600",prediction,GROSSCON,3,NA,NA,NA,NA,NA,NA,NA,NA,NA,NA,NA,NA,NA,NA
4,Queens,HOLLIS HILLS,4290,4,"$284,400",prediction,GROSSCON,4,NA,NA,NA,NA,NA,NA,NA,NA,NA,NA,NA,NA,NA,NA
4,Queens,HOLLIS HILLS,4290,5,"$290,000",prediction,GROSSCON,3,NA,NA,NA,NA,NA,NA,NA,NA,NA,NA,NA,NA,NA,NA
4,Queens,HOLLIS HILLS,4290,6,"$309,177",prediction,GROSSCON,4,NA,NA,NA,NA,NA,NA,NA,NA,NA,NA,NA,NA,NA,NA
4,Queens,HOLLIS HILLS,4290,7,"$327,288",prediction,GROSSCON,3,NA,NA,NA,NA,NA,NA,NA,NA,NA,NA,NA,NA,NA,NA
4,Queens,HOLLISWOOD,4300,1,"$174,500",prediction,GROSSCON,27,1.0416,0.5067147724542623,0.5443966489611622,3.926144921809887,1.0015402788910517,-0.05730854878100306,1.0901982514836246,0.03854806755985362,0.026202336828164776,-0.012345730731688844,0.6797315270728003,TRUE,FALSE,TRUE
4,Queens,HOLLISWOOD,4300,2,"$182,000",prediction,GROSSCON,20,0.9957,0.13916345184122061,0.1366420156525106,4.611483548245202,1.0008913670434922,0.3210499158604538,0.6077129774493767,0.023837658752070646,0.014061605459659532,-0.009776053292411114,0.5898903749697347,TRUE,FALSE,TRUE
4,Queens,HOLLISWOOD,4300,3,"$190,000",prediction,GROSSCON,12,0.9365,0.11245221182423101,0.05750227169468425,3.2085189983079276,1.000734887677551,0.19109663508901056,0.9685009870268997,0.01979472140762469,0.007299613111397522,-0.012495108296227166,0.36876564014615526,TRUE,FALSE,TRUE
4,Queens,HOLLISWOOD,4300,4,"$200,000",prediction,GROSSCON,1,NA,NA,NA,NA,NA,NA,NA,NA,NA,NA,NA,NA,NA,NA
4,Queens,HOWARD BEACH,4310,1,"$169,200",prediction,GROSSCON,42,1.0603,0.7715547383855635,0.6643519063963703,6.452059832365291,1.0007999816701443,0.0665774184428059,0.8810905064034017,0.08427575060493775,0.07752706200607949,-0.006748688598858257,0.919921346883111,TRUE,TRUE,TRUE
4,Queens,HOWARD BEACH,4310,2,"$192,000",prediction,GROSSCON,20,1.0374,0.48477322258714844,0.48389619724577,10.279784297062953,0.9977016197810183,0.8074468087186355,0.3195404907723853,0.02386201601403979,0.05830502912981217,0.03444301311577238,2.4434242729326394,TRUE,TRUE,TRUE
4,Queens,HOWARD BEACH,4310,3,"$220,000",prediction,GROSSCON,28,1.0472,0.07718880469470298,0.043508247125398795,6.103578229848961,1.0003888592649057,0.7627303511406602,0.48484172436084116,0.018601537501190406,0.009596218314280845,-0.009005319186909562,0.5158830722281281,TRUE,TRUE,TRUE
4,Queens,HOWARD BEACH,4310,4,"$240,000",prediction,GROSSCON,27,0.9603,0.03230015112628192,0.03262400509608946,4.642522650735045,1.0004452388657978,0.7816434809959286,0.5392047276459554,0.015083663727924143,0.005986559205112353,-0.00909710452281179,0.3968902590972996,TRUE,FALSE,TRUE
4,Queens,HOWARD BEACH,4310,5,"$260,000",prediction,GROSSCON,21,0.9242,0.11077764193546148,0.16901173692617535,5.747425277463753,0.9999298265093056,0.9969848343732972,0.3743027053250618,0.012780679138846687,0.01683186101380365,0.004051181874956962,1.316977042530037,TRUE,TRUE,TRUE
4,Queens,HOWARD BEACH,4310,6,"$275,500",prediction,GROSSCON,9,0.9255,0.3758588432767249,0.3560028248587571,4.843904983196579,0.9995756619909382,0.8594331650838491,0.28904049306632273,0.011273080660835828,0.02465729687948305,0.013384216218647223,2.187272283533441,TRUE,FALSE,TRUE
4,Queens,HOWARD BEACH,4310,7,"$290,000",prediction,GROSSCON,6,0.888,0.09123435953864432,0.030252100840336138,4.214116370189778,0.9999945239402446,1.0211572722913889,0.2158772727939787,0.010667698430245398,0.01663395551376719,0.005966257083521793,1.5592825033941784,FALSE,FALSE,TRUE
4,Queens,JACKSON HEIGHTS,4320,1,"$235,000",prediction,GROSSCON,34,1.1702,0.14403103338564463,0.06864714558281297,9.635125296619632,1.0015106501190318,0.582308660543714,0.6066661949307849,0.038574208994661185,0.026843710213212295,-0.01173049878144889,0.6958978787336265,FALSE,TRUE,TRUE
4,Queens,JACKSON HEIGHTS,4320,2,"$280,000",prediction,GROSSCON,50,1.0426,0.0049892878656839675,0.0035818591332586105,7.004631596237851,1.0018415067479682,0.8806208355484133,0.7459681191281551,0.02237887561947602,-0.004420990609716142,-0.02679986622919216,-0.19755195412358503,TRUE,TRUE,TRUE
4,Queens,JACKSON HEIGHTS,4320,3,"$310,000",prediction,GROSSCON,30,1.0317,3.5144998331543357e-4,0.048278695037408156,13.142390057356318,1.0011711794271767,1.5038159758058172,0.2808888814862252,0.020234443327633283,-0.0026754365842491506,-0.02290987991188243,-0.1322219020770107,TRUE,TRUE,TRUE
4,Queens,JACKSON HEIGHTS,4320,4,"$335,000",prediction,GROSSCON,51,1.07,0.09660008951777202,0.12295696540845638,6.869163774747211,0.9998691801860149,1.0430286556812076,0.23569305325870163,0.014669907707177483,0.017435295317053554,0.002765387609876071,1.1885074988251672,TRUE,TRUE,TRUE
4,Queens,JACKSON HEIGHTS,4320,5,"$365,000",prediction,GROSSCON,59,1.0561,0.03013169337788569,0.019904884067556916,7.459493966156919,1.0001843554133376,1.1590966868408317,0.26292937325528176,0.013870708605846896,0.009622019033379198,-0.004248689572467698,0.6936934014548647,TRUE,TRUE,TRUE
4,Queens,JACKSON HEIGHTS,4320,6,"$400,000",prediction,GROSSCON,59,1.0247,0.08169315897917488,0.09122491602253871,6.775909859782134,0.9998779116439084,1.1265580028046638,0.24772498178916935,0.012919095584065683,0.015918685899308355,0.002999590315242672,1.2321826861427005,TRUE,TRUE,TRUE
4,Queens,JACKSON HEIGHTS,4320,7,"$440,000",prediction,GROSSCON,59,0.9957,1.2500013890678525e-4,0.0010201116073227238,6.295829262050883,1.0006728880234468,1.079944649810052,0.3989199458253207,0.01507877322473709,2.4344638407798437e-4,-0.014835326840659106,0.01614497283363906,TRUE,TRUE,TRUE
4,Queens,JACKSON HEIGHTS,4320,8,"$513,800",prediction,GROSSCON,67,1.0056,0.1889774202205051,0.21579747267163374,6.644475382580928,0.999591207139719,0.9140728922114899,0.31663288022848635,0.017916618848786075,0.025525332379029157,0.007608713530243082,1.4246735164965907,TRUE,TRUE,TRUE
4,Queens,JACKSON HEIGHTS,4320,9,"$699,800",prediction,GROSSCON,87,0.9568,0.07968350051971154,0.10038737090798973,6.118840206958428,1.001240381677096,0.563896244037742,0.6875231284553573,0.028065368830746184,0.014159636197064663,-0.013905732633681521,0.504523431794436,TRUE,TRUE,TRUE
4,Queens,JACKSON HEIGHTS,4320,10,"$1,350,000",prediction,GROSSCON,127,0.9025,0.9071777383460774,0.8270517407576461,7.683126950231725,0.9951811609313151,0.08198538119422544,0.8754995926020568,0.15444378570664058,0.16404955125631585,0.009605765549675266,1.0621958695568432,TRUE,TRUE,TRUE
4,Queens,JAMAICA,4330,1,"$120,000",prediction,GROSSCON,80,1.0488,0.6895934074309171,0.6821735082929745,7.9497912308607654,1.0033884249870488,0.04368222631410307,0.8965071595177997,0.1036096176780232,0.0935094372111763,-0.010100180466846895,0.9025169603633306,TRUE,TRUE,TRUE
4,Queens,JAMAICA,4330,2,"$130,000",prediction,GROSSCON,16,0.9599,0.024298079141359532,4.968203497615262e-4,6.2313137478533935,1.0010398408236945,0.6343170936596518,0.7247426778419652,0.0210371120382844,0.007505234446394393,-0.013531877591890007,0.3567616330956449,TRUE,TRUE,TRUE
4,Queens,JAMAICA,4330,3,"$140,000",prediction,GROSSCON,6,0.8683,3.624837340245202e-4,0.008571428571428574,5.824142547801149,1.0001498339885302,1.312128960208439,0.1311403734910845,0.006082725060827225,-0.0017260221960702833,-0.007808747256897508,-0.2837580490339558,FALSE,TRUE,TRUE
4,Queens,JAMAICA,4330,4,"$150,000",prediction,GROSSCON,3,NA,NA,NA,NA,NA,NA,NA,NA,NA,NA,NA,NA,NA,NA
4,Queens,JAMAICA,4330,5,"$165,000",prediction,GROSSCON,3,NA,NA,NA,NA,NA,NA,NA,NA,NA,NA,NA,NA,NA,NA
4,Queens,JAMAICA,4330,6,"$179,400",prediction,GROSSCON,2,NA,NA,NA,NA,NA,NA,NA,NA,NA,NA,NA,NA,NA,NA
4,Queens,JAMAICA,4330,7,"$208,000",prediction,GROSSCON,2,NA,NA,NA,NA,NA,NA,NA,NA,NA,NA,NA,NA,NA,NA
4,Queens,JAMAICA,4330,8,"$235,000",prediction,GROSSCON,2,NA,NA,NA,NA,NA,NA,NA,NA,NA,NA,NA,NA,NA,NA
4,Queens,JAMAICA,4330,9,"$285,204",prediction,GROSSCON,1,NA,NA,NA,NA,NA,NA,NA,NA,NA,NA,NA,NA,NA,NA
4,Queens,JAMAICA ESTATES,4350,1,"$158,400",prediction,GROSSCON,9,1.0901,0.5739126972939079,0.7802777777777777,5.377757226689714,1.0015319582127475,0.06582850971343716,0.8986112136694946,0.0556263269639066,0.051109347228050654,-0.004516979735855943,0.9187978070386202,TRUE,TRUE,TRUE
4,Queens,JAMAICA ESTATES,4350,2,"$172,000",prediction,GROSSCON,2,NA,NA,NA,NA,NA,NA,NA,NA,NA,NA,NA,NA,NA,NA
4,Queens,JAMAICA ESTATES,4350,3,"$181,600",prediction,GROSSCON,4,NA,NA,NA,NA,NA,NA,NA,NA,NA,NA,NA,NA,NA,NA
4,Queens,JAMAICA ESTATES,4350,4,"$183,800",prediction,GROSSCON,1,NA,NA,NA,NA,NA,NA,NA,NA,NA,NA,NA,NA,NA,NA
4,Queens,JAMAICA ESTATES,4350,8,"$264,000",prediction,GROSSCON,1,NA,NA,NA,NA,NA,NA,NA,NA,NA,NA,NA,NA,NA,NA
4,Queens,JAMAICA HILLS,4360,1,"$137,500",prediction,GROSSCON,11,1.0542,0.7804265895954831,0.5153767649348735,7.4440549586612965,1.004778508861186,-0.022268354361060602,0.8680557665390499,0.09459874961566053,0.08960671469721859,-0.00499203491844194,0.947229377357272,TRUE,TRUE,TRUE
4,Queens,JAMAICA HILLS,4360,2,"$155,000",prediction,GROSSCON,1,NA,NA,NA,NA,NA,NA,NA,NA,NA,NA,NA,NA,NA,NA
4,Queens,JAMAICA HILLS,4360,3,"$175,000",prediction,GROSSCON,3,NA,NA,NA,NA,NA,NA,NA,NA,NA,NA,NA,NA,NA,NA
4,Queens,JAMAICA HILLS,4360,4,"$178,200",prediction,GROSSCON,1,NA,NA,NA,NA,NA,NA,NA,NA,NA,NA,NA,NA,NA,NA
4,Queens,JAMAICA HILLS,4360,5,"$187,500",prediction,GROSSCON,2,NA,NA,NA,NA,NA,NA,NA,NA,NA,NA,NA,NA,NA,NA
4,Queens,KEW GARDENS,4370,1,"$179,900",prediction,GROSSCON,40,1.0677,0.5516371956709785,0.6288392225494583,8.98758572335717,0.9974392265743957,0.3508052016176652,0.686688825221853,0.06491158118304163,0.07853280909958774,0.013621227916546103,1.209842799517333,TRUE,TRUE,TRUE
4,Queens,KEW GARDENS,4370,2,"$210,000",prediction,GROSSCON,42,1.0834,0.04978972478608499,0.01244895892424809,8.065485721321553,1.0004781562873915,0.9233483785956459,0.29231367372704836,0.020114993267396995,0.010758598684048371,-0.009356394583348623,0.5348546997272051,TRUE,TRUE,TRUE
4,Queens,KEW GARDENS,4370,3,"$228,700",prediction,GROSSCON,37,1.005,0.09730088839298087,0.08814642090059259,5.425512110319033,1.0003693033325232,0.7167385207995178,0.4212178947040894,0.019067555557652216,0.013841622959641059,-0.005225932598011157,0.7259254033790462,TRUE,TRUE,TRUE
4,Queens,KEW GARDENS,4370,4,"$241,800",prediction,GROSSCON,21,0.9693,0.3174936358996602,0.26372961464764744,4.9997306671693975,0.9997470278302869,0.6616920404892651,0.35833526479566796,0.017102296094061536,0.021194413482338654,0.004092117388277118,1.2392729821639583,TRUE,FALSE,TRUE
4,Queens,KEW GARDENS,4370,5,"$260,000",prediction,GROSSCON,11,0.9471,2.2212987655173677e-4,0.00171247357293869,8.484646084057946,1.0006358121753272,1.2573891854003587,0.20265413019326414,0.013551539913311605,-0.002726489202469974,-0.016278029115781578,-0.2011940502637459,TRUE,TRUE,TRUE
4,Queens,KEW GARDENS,4370,6,"$276,600",prediction,GROSSCON,21,0.902,0.13790290110172534,0.16661093397620344,5.547708332343005,0.9998862863409635,0.9407604598327228,0.45109606202040853,0.013919465471080425,0.014073774285079768,1.5430881399934246e-4,1.0110858290011164,TRUE,TRUE,TRUE
4,Queens,KEW GARDENS,4370,7,"$315,000",prediction,GROSSCON,16,0.9132,0.06576759817408998,0.06194907813871817,9.261108843885026,0.9998662447493558,1.1831890022745846,0.22318590652082076,0.01214425601515079,0.016117157407657956,0.0039729013925071666,1.3271424274612378,TRUE,TRUE,TRUE
4,Queens,KEW GARDENS,4370,8,"$345,400",prediction,GROSSCON,11,0.8867,0.048176764890216855,8.417508417508418e-5,7.41525441617544,1.0001882557661668,1.027069507234219,0.25006834295200914,0.014741728009320195,0.010634983706132221,-0.004106744303187974,0.7214204263847794,FALSE,TRUE,TRUE
4,Queens,KEW GARDENS,4370,9,"$389,100",prediction,GROSSCON,9,0.9276,0.38421707041535563,0.27794117647058825,3.9886299059085126,1.0007340615841973,0.17079088759853833,0.8238879238117657,0.03017172203498634,0.020724147934640058,-0.009447574100346284,0.6868732222379909,TRUE,FALSE,TRUE
4,Queens,KEW GARDENS,4370,10,"$712,775",prediction,GROSSCON,2,NA,NA,NA,NA,NA,NA,NA,NA,NA,NA,NA,NA,NA,NA
4,Queens,LAURELTON,4380,3,"$260,000",prediction,GROSSCON,1,NA,NA,NA,NA,NA,NA,NA,NA,NA,NA,NA,NA,NA,NA
4,Queens,LITTLE NECK,4390,1,"$201,400",prediction,GROSSCON,19,1.1659,0.5734474748739605,0.33223530625318964,7.445924571052649,0.9987840697225766,0.3337440367213703,0.5456988249286954,0.04665877012617178,0.04903640718122005,0.0023776370550482734,1.0509579881471118,FALSE,TRUE,TRUE
4,Queens,LITTLE NECK,4390,2,"$225,400",prediction,GROSSCON,18,1.0532,0.004111702869760658,0.001184152580615346,6.963066084014652,1.0012773214874822,1.096245014372896,0.5866419950507826,0.022680497242117466,0.004573982681299505,-0.01810651456081796,0.20167029992647884,TRUE,TRUE,TRUE
4,Queens,LITTLE NECK,4390,3,"$251,760",prediction,GROSSCON,21,0.939,0.022578760593271154,0.0667070597688999,7.503480619073303,1.0006117249917916,1.1456844960247976,0.3382862535566596,0.020061772349093315,0.013188400376182111,-0.006873371972911204,0.6573895938350709,TRUE,TRUE,TRUE
4,Queens,LITTLE NECK,4390,4,"$270,000",prediction,GROSSCON,13,0.9047,0.4816228669248956,0.41103996441364454,12.661617309390913,0.9975867029175629,1.1147420885003618,0.14655266389340374,0.015645371577574927,0.07510276585775741,0.059457394280182485,4.8003184510750065,TRUE,TRUE,TRUE
4,Queens,LITTLE NECK,4390,5,"$300,000",prediction,GROSSCON,10,1.1249,0.07038360057063071,0.0733166704536848,9.563702020065474,0.9996210371888964,1.1770039098763587,0.11056252866366993,0.0103515625,0.020428418639902902,0.010076856139902902,1.9734623289868465,FALSE,TRUE,TRUE
4,Queens,LITTLE NECK,4390,6,"$330,000",prediction,GROSSCON,15,1.0961,0.27352323501350234,0.2780919847632194,4.3672897790780905,1.000983072813666,1.1345398203067867,0.22551561212038723,0.012829461229102179,-0.012979574279198047,-0.025809035508300226,-1.0117006511353224,TRUE,FALSE,TRUE
4,Queens,LITTLE NECK,4390,7,"$365,000",prediction,GROSSCON,15,0.9556,0.0021943292603809113,0.023627789550794028,6.389336710730036,1.0004244688948745,1.1717861977968993,0.34548541112848513,0.012762384550797635,0.0015649288730602488,-0.011197455677737386,0.12262041367202357,TRUE,TRUE,TRUE
4,Queens,LITTLE NECK,4390,8,"$385,000",prediction,GROSSCON,29,0.9018,0.03368879362777301,0.010700672466800254,5.117217240009041,1.0003219104987635,0.9466074649406897,0.31817307644668097,0.014293975341921216,0.007905015961849915,-0.0063889593800713,0.5530313137358066,TRUE,TRUE,TRUE
4,Queens,LITTLE NECK,4390,9,"$399,600",prediction,GROSSCON,3,NA,NA,NA,NA,NA,NA,NA,NA,NA,NA,NA,NA,NA,NA
4,Queens,LONG ISLAND CITY,4400,6,"$405,100",prediction,GROSSCON,2,NA,NA,NA,NA,NA,NA,NA,NA,NA,NA,NA,NA,NA,NA
4,Queens,LONG ISLAND CITY,4400,7,"$405,450",prediction,GROSSCON,1,NA,NA,NA,NA,NA,NA,NA,NA,NA,NA,NA,NA,NA,NA
4,Queens,LONG ISLAND CITY,4400,8,"$408,200",prediction,GROSSCON,4,NA,NA,NA,NA,NA,NA,NA,NA,NA,NA,NA,NA,NA,NA
4,Queens,LONG ISLAND CITY,4400,10,"$609,000",prediction,GROSSCON,1,NA,NA,NA,NA,NA,NA,NA,NA,NA,NA,NA,NA,NA,NA
4,Queens,MASPETH,4410,2,"$260,000",prediction,GROSSCON,1,NA,NA,NA,NA,NA,NA,NA,NA,NA,NA,NA,NA,NA,NA
4,Queens,MASPETH,4410,3,"$299,000",prediction,GROSSCON,3,NA,NA,NA,NA,NA,NA,NA,NA,NA,NA,NA,NA,NA,NA
4,Queens,MASPETH,4410,4,"$330,000",prediction,GROSSCON,1,NA,NA,NA,NA,NA,NA,NA,NA,NA,NA,NA,NA,NA,NA
4,Queens,MASPETH,4410,5,"$355,000",prediction,GROSSCON,1,NA,NA,NA,NA,NA,NA,NA,NA,NA,NA,NA,NA,NA,NA
4,Queens,MASPETH,4410,6,"$365,000",prediction,GROSSCON,2,NA,NA,NA,NA,NA,NA,NA,NA,NA,NA,NA,NA,NA,NA
4,Queens,MASPETH,4410,7,"$367,500",prediction,GROSSCON,4,NA,NA,NA,NA,NA,NA,NA,NA,NA,NA,NA,NA,NA,NA
4,Queens,MASPETH,4410,8,"$390,000",prediction,GROSSCON,3,NA,NA,NA,NA,NA,NA,NA,NA,NA,NA,NA,NA,NA,NA
4,Queens,MASPETH,4410,9,"$412,500",prediction,GROSSCON,1,NA,NA,NA,NA,NA,NA,NA,NA,NA,NA,NA,NA,NA,NA
4,Queens,MIDDLE VILLAGE,4420,1,"$215,900",prediction,GROSSCON,1,NA,NA,NA,NA,NA,NA,NA,NA,NA,NA,NA,NA,NA,NA
4,Queens,MIDDLE VILLAGE,4420,2,"$256,000",prediction,GROSSCON,1,NA,NA,NA,NA,NA,NA,NA,NA,NA,NA,NA,NA,NA,NA
4,Queens,MIDDLE VILLAGE,4420,4,"$323,800",prediction,GROSSCON,1,NA,NA,NA,NA,NA,NA,NA,NA,NA,NA,NA,NA,NA,NA
4,Queens,MIDDLE VILLAGE,4420,6,"$354,400",prediction,GROSSCON,1,NA,NA,NA,NA,NA,NA,NA,NA,NA,NA,NA,NA,NA,NA
4,Queens,MIDDLE VILLAGE,4420,7,"$359,300",prediction,GROSSCON,4,NA,NA,NA,NA,NA,NA,NA,NA,NA,NA,NA,NA,NA,NA
4,Queens,OAKLAND GARDENS,4440,1,"$235,000",prediction,GROSSCON,8,1.2368,0.23322623161564215,0.0896442914515204,12.788197762785627,1.0010458034395602,0.5803783333225992,0.440348479486836,0.055412371134020644,0.04846575223870686,-0.006946618895313783,0.8746377613310815,FALSE,TRUE,TRUE
4,Queens,OAKLAND GARDENS,4440,2,"$260,000",prediction,GROSSCON,45,1.0663,0.05227306220516885,0.02551944209213169,4.710964858758494,1.0017058120311602,-0.0727878668720746,0.9708235106330876,0.026266138797055937,0.005053984697082746,-0.02121215409997319,0.1924144517826589,TRUE,FALSE,TRUE
4,Queens,OAKLAND GARDENS,4440,3,"$280,000",prediction,GROSSCON,45,0.9909,0.054639513148221686,0.061824418651031075,6.211086416913147,1.0005421593415404,0.8494506163205411,0.3837843941859797,0.01919481247057288,0.009565243031022418,-0.009629569439550463,0.4983243803859334,TRUE,TRUE,TRUE
4,Queens,OAKLAND GARDENS,4440,4,"$305,000",prediction,GROSSCON,45,0.9646,0.20402707082058144,0.18733147826365332,8.46119016293352,0.9994342299794506,1.026104528397897,0.23234589978681536,0.015327560428327223,0.024270466995340852,0.00894290656701363,1.5834527033073074,TRUE,TRUE,TRUE
4,Queens,OAKLAND GARDENS,4440,5,"$323,000",prediction,GROSSCON,54,1.0302,0.27289483404141857,0.10023507161729268,3.5426139171862605,0.99977497111513,0.7525174898100924,0.39174756634459884,0.013437029499278373,0.01592177144109457,0.002484741941816195,1.1849175029309593,TRUE,FALSE,TRUE
4,Queens,OAKLAND GARDENS,4440,6,"$330,000",prediction,GROSSCON,67,1.0144,0.06842168031664761,0.06523000076698007,2.694370702549781,1.0002455045458218,0.5452552894773379,0.66381208663848,0.012014966821471995,0.005201206354253026,-0.006813760467218969,0.43289394232516143,TRUE,FALSE,TRUE
4,Queens,OAKLAND GARDENS,4440,7,"$349,000",prediction,GROSSCON,70,0.9754,0.004710109149651484,0.0022585105489534105,3.973735643473486,1.0004171394002013,1.0421459031873201,0.2812389224266305,0.01059348758789765,-9.159417627308082e-4,-0.011509429350628458,-0.08646272109453457,TRUE,FALSE,TRUE
4,Queens,OAKLAND GARDENS,4440,8,"$360,000",prediction,GROSSCON,23,0.9066,0.2663028387738768,0.26910036712762336,4.526146799138798,1.001935841987283,-0.6392044414665461,0.651049474204345,0.020659916617033997,-0.008271967216242985,-0.02893188383327698,-0.40038725080926946,TRUE,FALSE,TRUE
4,Queens,OAKLAND GARDENS,4440,9,"$382,000",prediction,GROSSCON,14,0.98740000000000006,0.13799880525257618,0.15167612262173494,7.426109476558635,0.9997781961216091,0.8695206951426067,0.21188298646793238,0.02154841043729938,0.029669999058693847,0.008121588621394466,1.3768996625076504,TRUE,TRUE,TRUE
4,Queens,OAKLAND GARDENS,4440,10,"$630,000",prediction,GROSSCON,5,NA,NA,NA,NA,NA,NA,NA,NA,NA,NA,NA,NA,NA,NA
4,Queens,QUEENS VILLAGE,4460,1,"$225,000",prediction,GROSSCON,4,NA,NA,NA,NA,NA,NA,NA,NA,NA,NA,NA,NA,NA,NA
4,Queens,QUEENS VILLAGE,4460,2,"$229,000",prediction,GROSSCON,11,1.1334,0.12884656154575658,0.0010955596297455613,2.8462935355871846,1.0003955427040419,0.161554713352625,0.9779592466546008,0.013930203874337915,0.0025577556195016367,-0.011372448254836277,0.18361221720620394,FALSE,FALSE,TRUE
4,Queens,QUEENS VILLAGE,4460,3,"$250,000",prediction,GROSSCON,17,1.0199,0.11692661049758751,0.07268653196005975,5.025723965381249,1.0001507978005553,0.7391372090399624,0.6691195452637085,0.014446639118585751,0.004160902306396587,-0.010285736812189163,0.28801870609777624,TRUE,TRUE,TRUE
4,Queens,QUEENS VILLAGE,4460,4,"$262,000",prediction,GROSSCON,5,NA,NA,NA,NA,NA,NA,NA,NA,NA,NA,NA,NA,NA,NA
4,Queens,QUEENS VILLAGE,4460,5,"$265,000",prediction,GROSSCON,6,0.9557,0.45749348179739113,0.45,2.135843218560722,0.9998571603100599,1.046378768922337,0.15784335226122118,0.0035650623885918145,0.0160519527076719,0.012486890319080087,4.502572734501951,TRUE,FALSE,TRUE
4,Queens,QUEENS VILLAGE,4460,6,"$276,600",prediction,GROSSCON,8,0.8751,0.011052666109339693,0.008948137326515705,3.6748239374203706,1.000270462856732,1.0111986013062566,NA,0.010089686098654793,0.0062841166571259155,-0.0038055694415288777,0.6228257842395855,FALSE,FALSE,TRUE
4,Queens,QUEENS VILLAGE,4460,7,"$310,000",prediction,GROSSCON,4,NA,NA,NA,NA,NA,NA,NA,NA,NA,NA,NA,NA,NA,NA
4,Queens,REGO PARK,4470,1,"$215,000",prediction,GROSSCON,40,1.0644,0.32269893898495616,0.3809163548681474,8.230782911322216,0.9992341390940819,0.6342550895632864,0.4906715795796958,0.03377232356284594,0.04047115448396941,0.006698830921123465,1.1983526809654599,TRUE,TRUE,TRUE
4,Queens,REGO PARK,4470,2,"$262,600",prediction,GROSSCON,20,1.0503,0.069102439122203,0.0637845564481546,12.506889159981064,0.9995569574570755,1.253061256869511,0.22119234400214283,0.021731880835927163,0.025634470324105686,0.0039025894881785234,1.1795790027399173,TRUE,TRUE,TRUE
4,Queens,REGO PARK,4470,3,"$282,584",prediction,GROSSCON,42,1.1104,0.0035942203810588732,1.8427682284207655e-4,7.390207993060671,1.0014791782418369,0.9920828200342604,0.5806311428069358,0.02028076661882917,-9.751610248070872e-4,-0.021255927643636256,-0.04808304553446827,FALSE,TRUE,TRUE
4,Queens,REGO PARK,4470,4,"$300,000",prediction,GROSSCON,72,1.0359,0.01902205354346685,0.06395527513794562,4.9248490929633855,1.0004749760747176,0.9510232695226288,0.6393090577971442,0.015615582928315774,0.0058623074822177455,-0.009753275446098029,0.37541393805975753,TRUE,FALSE,TRUE
4,Queens,REGO PARK,4470,5,"$315,000",prediction,GROSSCON,54,1.0016,1.0778630904691345e-4,0.0036884586789621495,5.403487221854718,1.0005766715240196,1.0823030590377145,0.4652468997110703,0.013807934372872376,-1.4183951701327743e-4,-0.013949773889885653,-0.01027231975348471,TRUE,TRUE,TRUE
4,Queens,REGO PARK,4470,6,"$337,800",prediction,GROSSCON,36,0.9554,2.683657029262027e-4,1.3165791607926532e-4,4.909417383619433,1.0003886337238037,1.1324650399756169,0.3553536813380281,0.010770379204965942,0.0024431474290399612,-0.00832723177592598,0.22683949957058983,TRUE,FALSE,TRUE
4,Queens,REGO PARK,4470,7,"$375,000",prediction,GROSSCON,37,0.951,0.2419837358506308,0.2806346833148433,5.092962985825047,0.999734512346719,0.8186056276670369,0.3729430608147249,0.01523497958726258,0.02323568317485709,0.008000703587594511,1.5251535482386607,TRUE,TRUE,TRUE
4,Queens,REGO PARK,4470,8,"$430,000",prediction,GROSSCON,33,0.9591,0.20678426349945156,0.18329850486017568,7.656751817272781,0.9996032723131764,0.8148845166008657,0.3744243278165161,0.022515909956961944,0.029609943742074027,0.007094033785112083,1.3150676032490793,TRUE,TRUE,TRUE
4,Queens,REGO PARK,4470,9,"$506,600",prediction,GROSSCON,46,0.9395,0.35238572264718193,0.31302936283520244,7.121736332392382,0.9992890798813256,0.5984152009246941,0.5294931585969532,0.03039700947896252,0.037969844241709565,0.007572834762747043,1.249130914275897,TRUE,TRUE,TRUE
4,Queens,REGO PARK,4470,10,"$700,000",prediction,GROSSCON,43,0.9518,0.4912365130264961,0.2932637376677423,6.787343944681619,1.0004034444528882,0.2676914312053342,0.7090209540046789,0.042750965548029055,0.038511131565907554,-0.004239833982121501,0.9008248368716208,TRUE,TRUE,TRUE
4,Queens,RICHMOND HILL,4480,1,"$204,000",prediction,GROSSCON,3,NA,NA,NA,NA,NA,NA,NA,NA,NA,NA,NA,NA,NA,NA
4,Queens,RICHMOND HILL,4480,2,"$206,200",prediction,GROSSCON,4,NA,NA,NA,NA,NA,NA,NA,NA,NA,NA,NA,NA,NA,NA
4,Queens,RICHMOND HILL,4480,4,"$213,000",prediction,GROSSCON,1,NA,NA,NA,NA,NA,NA,NA,NA,NA,NA,NA,NA,NA,NA
4,Queens,RICHMOND HILL,4480,7,"$231,000",prediction,GROSSCON,1,NA,NA,NA,NA,NA,NA,NA,NA,NA,NA,NA,NA,NA,NA
4,Queens,ROCKAWAY PARK,4500,1,"$192,000",prediction,GROSSCON,10,1.0464,0.7378032242978247,0.5314052795031057,6.14490855391538,1.0013539829008342,0.07132592719975765,0.9919147546159461,0.06453938584779699,0.0641489943473518,-3.903915004451891e-4,0.9939511122500321,TRUE,TRUE,TRUE
4,Queens,ROCKAWAY PARK,4500,2,"$200,000",prediction,GROSSCON,6,0.9802,0.5409177096409207,0.4875576036866359,5.006665248934925,1.000749017092197,1.9461696060185973,NA,0.007466464186281978,-0.01736197986549115,-0.02482844405177313,-2.3253282185950956,TRUE,TRUE,TRUE
4,Queens,ROCKAWAY PARK,4500,3,"$208,000",prediction,GROSSCON,4,NA,NA,NA,NA,NA,NA,NA,NA,NA,NA,NA,NA,NA,NA
4,Queens,ROCKAWAY PARK,4500,4,"$220,000",prediction,GROSSCON,7,0.9169,0.11830265336937802,0.1257763975155279,3.1898190931447403,1.0005867373936945,0.1368316752976885,0.897691667282109,0.014968754541491032,0.0013430304633238624,-0.01362572407816717,0.08972225842846132,TRUE,FALSE,TRUE
4,Queens,ROCKAWAY PARK,4500,7,"$275,000",prediction,GROSSCON,2,NA,NA,NA,NA,NA,NA,NA,NA,NA,NA,NA,NA,NA,NA
4,Queens,ROCKAWAY PARK,4500,9,"$360,000",prediction,GROSSCON,2,NA,NA,NA,NA,NA,NA,NA,NA,NA,NA,NA,NA,NA,NA
4,Queens,SUNNYSIDE,4560,1,"$261,000",prediction,GROSSCON,4,NA,NA,NA,NA,NA,NA,NA,NA,NA,NA,NA,NA,NA,NA
4,Queens,SUNNYSIDE,4560,2,"$325,000",prediction,GROSSCON,8,1.1417,0.051232500791951095,0.013260358507199532,4.919701010084925,1.0012208905584188,0.2563890168217534,0.7684908392095835,0.021098618260634083,0.007219331852746924,-0.01387928640788716,0.342170836192472,FALSE,FALSE,TRUE
4,Queens,SUNNYSIDE,4560,3,"$340,000",prediction,GROSSCON,4,NA,NA,NA,NA,NA,NA,NA,NA,NA,NA,NA,NA,NA,NA
4,Queens,SUNNYSIDE,4560,5,"$380,000",prediction,GROSSCON,11,1.039,0.12094616571433345,0.05473484848484848,5.038323912146999,0.9999720242844025,0.9285063351072678,0.19303277553413087,0.01229954237310354,0.013112750051524296,8.132076784207569e-4,1.0661169053085315,TRUE,TRUE,TRUE
4,Queens,SUNNYSIDE,4560,6,"$400,000",prediction,GROSSCON,25,1.0484,0.026227915688899116,0.02838561529908011,3.119291631128874,1.0003430603859265,0.5488030831518791,0.7751222932874399,0.01226923251573183,0.0026067934065277143,-0.009662439109204116,0.21246589003715083,TRUE,FALSE,TRUE
4,Queens,SUNNYSIDE,4560,7,"$435,500",prediction,GROSSCON,17,1.0264,0.0379874760883945,0.04184585854168186,4.011049307563603,1.0003066451238383,0.8103689657532107,0.5801563719446042,0.013321281416178513,0.0064672444475169085,-0.006854036968661604,0.4854821578697774,TRUE,FALSE,TRUE
4,Queens,SUNNYSIDE,4560,8,"$475,000",prediction,GROSSCON,28,0.9936,0.12398970718607046,0.17566310358549336,4.619204325059804,1.0002015886543154,0.7365734186633552,0.5679992801916347,0.017043178543022158,0.01287441933221992,-0.004168759210802238,0.7554001326525435,TRUE,FALSE,TRUE
4,Queens,SUNNYSIDE,4560,9,"$539,500",prediction,GROSSCON,28,0.9691,0.24721222723423258,0.19663876240449474,5.546633858185849,1.0004642849936158,0.422624168074594,0.7544390325310868,0.028085831137764115,0.021996174354586957,-0.006089656783177157,0.78317690677172,TRUE,TRUE,TRUE
4,Queens,SUNNYSIDE,4560,10,"$901,000",prediction,GROSSCON,21,0.9287,0.6633497149270784,0.7131868131868133,5.731948115590398,1.0050488097422505,-0.078229663422817,1.0470546549291389,0.0699914395695974,0.05377692466382894,-0.01621451490576846,0.76833574212107425,TRUE,TRUE,TRUE
4,Queens,WHITESTONE,4570,1,"$200,000",prediction,GROSSCON,1,NA,NA,NA,NA,NA,NA,NA,NA,NA,NA,NA,NA,NA,NA
4,Queens,WHITESTONE,4570,2,"$210,000",prediction,GROSSCON,1,NA,NA,NA,NA,NA,NA,NA,NA,NA,NA,NA,NA,NA,NA
4,Queens,WHITESTONE,4570,3,"$225,000",prediction,GROSSCON,2,NA,NA,NA,NA,NA,NA,NA,NA,NA,NA,NA,NA,NA,NA
4,Queens,WHITESTONE,4570,4,"$240,000",prediction,GROSSCON,1,NA,NA,NA,NA,NA,NA,NA,NA,NA,NA,NA,NA,NA,NA
4,Queens,WHITESTONE,4570,5,"$255,000",prediction,GROSSCON,1,NA,NA,NA,NA,NA,NA,NA,NA,NA,NA,NA,NA,NA,NA
4,Queens,WOODSIDE,4590,1,"$220,000",prediction,GROSSCON,13,1.0876,3.459889006090499e-5,0.01614774114774115,14.427652992068557,1.008017595347047,0.8174956498078457,0.41052189321479887,0.047767261640094,0.0065194051146601865,-0.04124785652543381,0.13648270574480764,TRUE,TRUE,TRUE
4,Queens,WOODSIDE,4590,2,"$280,000",prediction,GROSSCON,10,1.1,0.02790279773965437,0.0018915267322910639,8.597053156278426,1.0014621385663687,1.3187144191603837,0.32948819709573013,0.016823502409915037,-0.011332126547792143,-0.02815562895770718,-0.6735890227657638,TRUE,TRUE,TRUE
4,Queens,WOODSIDE,4590,3,"$308,100",prediction,GROSSCON,15,1.0436,0.23845902956794804,0.16506303007683298,10.811695847327227,0.9988391908335027,1.0513505805931964,0.2275382452551287,0.017671310159267505,0.03277088309750719,0.015099572938239686,1.854468220078232,TRUE,TRUE,TRUE
4,Queens,WOODSIDE,4590,4,"$334,880",prediction,GROSSCON,15,1.088,0.00858480689548797,9.772097112328397e-4,3.1049893528749415,1.0004112150586921,0.4961750029647533,1.5522514343081937,0.012217300069946428,6.524373683923556e-4,-0.011564862701554072,0.05340274566860308,TRUE,FALSE,TRUE
4,Queens,WOODSIDE,4590,5,"$359,000",prediction,GROSSCON,19,0.9918,0.21376435592515303,0.129294908418222,4.679855205667898,0.9996034966086212,1.076534984099114,0.3552593467815414,0.011287748424084006,0.0279394033253491,0.016651654901265092,2.4751972028129576,TRUE,FALSE,TRUE
4,Queens,WOODSIDE,4590,6,"$387,400",prediction,GROSSCON,14,1.0425,0.4304982031263712,0.44744769957132424,8.490466271155428,0.9986015458237643,1.0497281009751736,0.16119362565043865,0.011168236228577908,0.05469389306120499,0.04352565683262709,4.897272222918351,TRUE,TRUE,TRUE
4,Queens,WOODSIDE,4590,7,"$420,000",prediction,GROSSCON,27,1.0116,0.03202510169360893,0.04256696985284948,6.182351202207879,1.0001800642393173,1.0945551352671965,0.2893423355399008,0.012837584075932882,0.01167078273322525,-0.0011668013427076317,0.9091105198761597,TRUE,TRUE,TRUE
4,Queens,WOODSIDE,4590,8,"$486,000",prediction,GROSSCON,27,0.976,0.15187649213605411,0.23421936716216135,7.2400125922072744,0.9997895219421228,0.9054105916550099,0.3770635038594857,0.019119869244765206,0.02257832553475791,0.0034584562899927056,1.1808828421219246,TRUE,TRUE,TRUE
4,Queens,WOODSIDE,4590,9,"$555,135",prediction,GROSSCON,23,0.9726,0.3987686252310101,0.2708536126815078,9.50521704051219,0.9978495413453049,0.7390183442028955,0.3652726603478647,0.03082309529920464,0.045731546055317644,0.014908450756113006,1.4836779243419367,TRUE,TRUE,TRUE
4,Queens,WOODSIDE,4590,10,"$875,000",prediction,GROSSCON,35,0.9426,0.32880576645304216,0.49535627587122844,7.172507284158071,1.0065840022031323,0.008954471608071727,1.0207654787779983,0.07094385698232263,0.0495963488516125,-0.021347508130710124,0.6990929301175524,TRUE,TRUE,TRUE
5,Staten Island,ARROCHAR-SHORE ACRES,5031,3,"$226,250",prediction,GROSSCON,1,NA,NA,NA,NA,NA,NA,NA,NA,NA,NA,NA,NA,NA,NA
5,Staten Island,ARROCHAR-SHORE ACRES,5031,4,"$242,900",prediction,GROSSCON,2,NA,NA,NA,NA,NA,NA,NA,NA,NA,NA,NA,NA,NA,NA
5,Staten Island,ARROCHAR-SHORE ACRES,5031,5,"$253,250",prediction,GROSSCON,1,NA,NA,NA,NA,NA,NA,NA,NA,NA,NA,NA,NA,NA,NA
5,Staten Island,ARROCHAR-SHORE ACRES,5031,6,"$275,000",prediction,GROSSCON,2,NA,NA,NA,NA,NA,NA,NA,NA,NA,NA,NA,NA,NA,NA
5,Staten Island,ARROCHAR-SHORE ACRES,5031,8,"$321,000",prediction,GROSSCON,2,NA,NA,NA,NA,NA,NA,NA,NA,NA,NA,NA,NA,NA,NA
5,Staten Island,ARROCHAR-SHORE ACRES,5031,9,"$366,400",prediction,GROSSCON,1,NA,NA,NA,NA,NA,NA,NA,NA,NA,NA,NA,NA,NA,NA
5,Staten Island,ARROCHAR-SHORE ACRES,5031,10,"$379,000",prediction,GROSSCON,1,NA,NA,NA,NA,NA,NA,NA,NA,NA,NA,NA,NA,NA,NA
5,Staten Island,CLOVE LAKES,5070,1,"$134,400",prediction,GROSSCON,7,1.0201,4.88561006654675e-4,0.04760330578512397,13.654073851871445,1.0285444333141451,-1.253827720987434,21.426873007300866,0.09278355203424431,0.0031794782666746562,-0.08960407376756965,0.03426769289346869,TRUE,TRUE,TRUE
5,Staten Island,CLOVE LAKES,5070,2,"$151,000",prediction,GROSSCON,2,NA,NA,NA,NA,NA,NA,NA,NA,NA,NA,NA,NA,NA,NA
5,Staten Island,CLOVE LAKES,5070,3,"$179,000",prediction,GROSSCON,4,NA,NA,NA,NA,NA,NA,NA,NA,NA,NA,NA,NA,NA,NA
5,Staten Island,CLOVE LAKES,5070,4,"$204,000",prediction,GROSSCON,2,NA,NA,NA,NA,NA,NA,NA,NA,NA,NA,NA,NA,NA,NA
5,Staten Island,CLOVE LAKES,5070,5,"$220,000",prediction,GROSSCON,1,NA,NA,NA,NA,NA,NA,NA,NA,NA,NA,NA,NA,NA,NA
5,Staten Island,CLOVE LAKES,5070,7,"$286,000",prediction,GROSSCON,3,NA,NA,NA,NA,NA,NA,NA,NA,NA,NA,NA,NA,NA,NA
5,Staten Island,CLOVE LAKES,5070,8,"$310,000",prediction,GROSSCON,6,0.9809,0.06096952559971894,0.27226890756302524,8.03669548537714,1.0004669472084733,0.9463202802952382,0.16454000543886374,0.020053475935828846,0.023728087579944823,0.003674611644115977,1.1832406339865837,TRUE,TRUE,TRUE
5,Staten Island,CLOVE LAKES,5070,9,"$322,500",prediction,GROSSCON,2,NA,NA,NA,NA,NA,NA,NA,NA,NA,NA,NA,NA,NA,NA
5,Staten Island,GRANT CITY,5130,1,"$145,000",prediction,GROSSCON,2,NA,NA,NA,NA,NA,NA,NA,NA,NA,NA,NA,NA,NA,NA
5,Staten Island,GRANT CITY,5130,3,"$210,000",prediction,GROSSCON,2,NA,NA,NA,NA,NA,NA,NA,NA,NA,NA,NA,NA,NA,NA
5,Staten Island,GRANT CITY,5130,4,"$215,000",prediction,GROSSCON,4,NA,NA,NA,NA,NA,NA,NA,NA,NA,NA,NA,NA,NA,NA
5,Staten Island,GRANT CITY,5130,5,"$215,000",prediction,GROSSCON,2,NA,NA,NA,NA,NA,NA,NA,NA,NA,NA,NA,NA,NA,NA
5,Staten Island,GRANT CITY,5130,7,"$222,000",prediction,GROSSCON,1,NA,NA,NA,NA,NA,NA,NA,NA,NA,NA,NA,NA,NA,NA
5,Staten Island,GREAT KILLS,5150,1,"$180,600",prediction,GROSSCON,1,NA,NA,NA,NA,NA,NA,NA,NA,NA,NA,NA,NA,NA,NA
5,Staten Island,GREAT KILLS,5150,2,"$196,000",prediction,GROSSCON,1,NA,NA,NA,NA,NA,NA,NA,NA,NA,NA,NA,NA,NA,NA
5,Staten Island,GREAT KILLS,5150,3,"$208,400",prediction,GROSSCON,2,NA,NA,NA,NA,NA,NA,NA,NA,NA,NA,NA,NA,NA,NA
5,Staten Island,GREAT KILLS,5150,4,"$228,800",prediction,GROSSCON,1,NA,NA,NA,NA,NA,NA,NA,NA,NA,NA,NA,NA,NA,NA
5,Staten Island,GREAT KILLS,5150,5,"$235,000",prediction,GROSSCON,4,NA,NA,NA,NA,NA,NA,NA,NA,NA,NA,NA,NA,NA,NA
5,Staten Island,GREAT KILLS,5150,6,"$240,000",prediction,GROSSCON,2,NA,NA,NA,NA,NA,NA,NA,NA,NA,NA,NA,NA,NA,NA
5,Staten Island,GREAT KILLS,5150,8,"$249,499",prediction,GROSSCON,1,NA,NA,NA,NA,NA,NA,NA,NA,NA,NA,NA,NA,NA,NA
5,Staten Island,GREAT KILLS-BAY TERRACE,5151,2,"$187,000",prediction,GROSSCON,4,NA,NA,NA,NA,NA,NA,NA,NA,NA,NA,NA,NA,NA,NA
5,Staten Island,GREAT KILLS-BAY TERRACE,5151,3,"$189,900",prediction,GROSSCON,1,NA,NA,NA,NA,NA,NA,NA,NA,NA,NA,NA,NA,NA,NA
5,Staten Island,GREAT KILLS-BAY TERRACE,5151,4,"$227,200",prediction,GROSSCON,1,NA,NA,NA,NA,NA,NA,NA,NA,NA,NA,NA,NA,NA,NA
5,Staten Island,GREAT KILLS-BAY TERRACE,5151,5,"$240,000",prediction,GROSSCON,2,NA,NA,NA,NA,NA,NA,NA,NA,NA,NA,NA,NA,NA,NA
5,Staten Island,GREAT KILLS-BAY TERRACE,5151,6,"$251,600",prediction,GROSSCON,3,NA,NA,NA,NA,NA,NA,NA,NA,NA,NA,NA,NA,NA,NA
5,Staten Island,GREAT KILLS-BAY TERRACE,5151,7,"$255,200",prediction,GROSSCON,1,NA,NA,NA,NA,NA,NA,NA,NA,NA,NA,NA,NA,NA,NA
5,Staten Island,GREAT KILLS-BAY TERRACE,5151,8,"$266,200",prediction,GROSSCON,2,NA,NA,NA,NA,NA,NA,NA,NA,NA,NA,NA,NA,NA,NA
5,Staten Island,GRYMES HILL,5160,2,"$182,000",prediction,GROSSCON,4,NA,NA,NA,NA,NA,NA,NA,NA,NA,NA,NA,NA,NA,NA
5,Staten Island,GRYMES HILL,5160,3,"$191,500",prediction,GROSSCON,3,NA,NA,NA,NA,NA,NA,NA,NA,NA,NA,NA,NA,NA,NA
5,Staten Island,GRYMES HILL,5160,4,"$197,000",prediction,GROSSCON,2,NA,NA,NA,NA,NA,NA,NA,NA,NA,NA,NA,NA,NA,NA
5,Staten Island,GRYMES HILL,5160,5,"$202,500",prediction,GROSSCON,1,NA,NA,NA,NA,NA,NA,NA,NA,NA,NA,NA,NA,NA,NA
5,Staten Island,GRYMES HILL,5160,6,"$211,000",prediction,GROSSCON,1,NA,NA,NA,NA,NA,NA,NA,NA,NA,NA,NA,NA,NA,NA
5,Staten Island,GRYMES HILL,5160,7,"$218,500",prediction,GROSSCON,1,NA,NA,NA,NA,NA,NA,NA,NA,NA,NA,NA,NA,NA,NA
5,Staten Island,LIVINGSTON,5190,3,"$237,800",prediction,GROSSCON,1,NA,NA,NA,NA,NA,NA,NA,NA,NA,NA,NA,NA,NA,NA
5,Staten Island,LIVINGSTON,5190,4,"$244,000",prediction,GROSSCON,1,NA,NA,NA,NA,NA,NA,NA,NA,NA,NA,NA,NA,NA,NA
5,Staten Island,LIVINGSTON,5190,5,"$250,000",prediction,GROSSCON,1,NA,NA,NA,NA,NA,NA,NA,NA,NA,NA,NA,NA,NA,NA
5,Staten Island,LIVINGSTON,5190,6,"$256,000",prediction,GROSSCON,2,NA,NA,NA,NA,NA,NA,NA,NA,NA,NA,NA,NA,NA,NA
5,Staten Island,LIVINGSTON,5190,7,"$261,000",prediction,GROSSCON,1,NA,NA,NA,NA,NA,NA,NA,NA,NA,NA,NA,NA,NA,NA
5,Staten Island,LIVINGSTON,5190,8,"$264,000",prediction,GROSSCON,1,NA,NA,NA,NA,NA,NA,NA,NA,NA,NA,NA,NA,NA,NA
5,Staten Island,NEW BRIGHTON,5230,1,"$191,600",prediction,GROSSCON,2,NA,NA,NA,NA,NA,NA,NA,NA,NA,NA,NA,NA,NA,NA
5,Staten Island,NEW BRIGHTON,5230,2,"$217,800",prediction,GROSSCON,1,NA,NA,NA,NA,NA,NA,NA,NA,NA,NA,NA,NA,NA,NA
5,Staten Island,NEW BRIGHTON,5230,4,"$259,880",prediction,GROSSCON,3,NA,NA,NA,NA,NA,NA,NA,NA,NA,NA,NA,NA,NA,NA
5,Staten Island,NEW BRIGHTON,5230,5,"$296,500",prediction,GROSSCON,3,NA,NA,NA,NA,NA,NA,NA,NA,NA,NA,NA,NA,NA,NA
5,Staten Island,NEW BRIGHTON,5230,7,"$333,500",prediction,GROSSCON,1,NA,NA,NA,NA,NA,NA,NA,NA,NA,NA,NA,NA,NA,NA
5,Staten Island,NEW BRIGHTON,5230,8,"$352,000",prediction,GROSSCON,3,NA,NA,NA,NA,NA,NA,NA,NA,NA,NA,NA,NA,NA,NA
5,Staten Island,NEW BRIGHTON,5230,9,"$364,000",prediction,GROSSCON,8,0.9387,0.2628961054847445,0.13386880856760372,3.9617699097833574,1.000049808523491,0.5715224694514153,0.5114043276432476,0.022297297297297236,0.017990071758388293,-0.004307225538908943,0.8068274606792347,TRUE,FALSE,TRUE
5,Staten Island,NEW BRIGHTON,5230,10,"$365,000",prediction,GROSSCON,1,NA,NA,NA,NA,NA,NA,NA,NA,NA,NA,NA,NA,NA,NA
5,Staten Island,NEW BRIGHTON-ST. GEORGE,5231,1,"$175,300",prediction,GROSSCON,4,NA,NA,NA,NA,NA,NA,NA,NA,NA,NA,NA,NA,NA,NA
5,Staten Island,NEW BRIGHTON-ST. GEORGE,5231,2,"$180,000",prediction,GROSSCON,5,NA,NA,NA,NA,NA,NA,NA,NA,NA,NA,NA,NA,NA,NA
5,Staten Island,NEW BRIGHTON-ST. GEORGE,5231,3,"$258,000",prediction,GROSSCON,1,NA,NA,NA,NA,NA,NA,NA,NA,NA,NA,NA,NA,NA,NA
5,Staten Island,NEW BRIGHTON-ST. GEORGE,5231,7,"$375,500",prediction,GROSSCON,6,0.9137,0.005471459303106139,0,2.712414912040856,1.0006548700097975,0.29237388259776664,0.931615361744005,0.01460221550855989,0.0022248713202968062,-0.012377344188263084,0.1523653255899816,TRUE,FALSE,TRUE
5,Staten Island,NEW BRIGHTON-ST. GEORGE,5231,8,"$425,000",prediction,GROSSCON,2,NA,NA,NA,NA,NA,NA,NA,NA,NA,NA,NA,NA,NA,NA
5,Staten Island,NEW BRIGHTON-ST. GEORGE,5231,9,"$485,000",prediction,GROSSCON,4,NA,NA,NA,NA,NA,NA,NA,NA,NA,NA,NA,NA,NA,NA
5,Staten Island,NEW BRIGHTON-ST. GEORGE,5231,10,"$645,000",prediction,GROSSCON,12,0.9725,0.7640446770034112,0.6088954781319499,7.547206752690129,1.0093001078502115,-0.21800894759978356,1.4748073963293513,0.09003656307129804,0.05429181937321278,-0.03574474369808526,0.6029974659319264,TRUE,TRUE,TRUE
5,Staten Island,ROSEBANK,5320,1,"$192,700",prediction,GROSSCON,1,NA,NA,NA,NA,NA,NA,NA,NA,NA,NA,NA,NA,NA,NA
5,Staten Island,ROSEBANK,5320,3,"$253,500",prediction,GROSSCON,2,NA,NA,NA,NA,NA,NA,NA,NA,NA,NA,NA,NA,NA,NA
5,Staten Island,ROSEBANK,5320,5,"$262,450",prediction,GROSSCON,2,NA,NA,NA,NA,NA,NA,NA,NA,NA,NA,NA,NA,NA,NA
5,Staten Island,ROSEBANK,5320,6,"$264,940",prediction,GROSSCON,7,0.9866,0.028665175242356452,0.058333333333333355,2.101078170048995,1.0004062179261257,-0.7632295327923744,NA,0.01064450506993835,-0.0010470181378789331,-0.011691523207817283,-0.09836231285528403,TRUE,FALSE,TRUE
5,Staten Island,ROSEBANK,5320,7,"$265,000",prediction,GROSSCON,3,NA,NA,NA,NA,NA,NA,NA,NA,NA,NA,NA,NA,NA,NA
5,Staten Island,ROSEBANK,5320,9,"$401,999",prediction,GROSSCON,2,NA,NA,NA,NA,NA,NA,NA,NA,NA,NA,NA,NA,NA,NA
5,Staten Island,ROSEBANK,5320,10,"$435,000",prediction,GROSSCON,3,NA,NA,NA,NA,NA,NA,NA,NA,NA,NA,NA,NA,NA,NA
5,Staten Island,WEST NEW BRIGHTON,5420,1,"$173,000",prediction,GROSSCON,1,NA,NA,NA,NA,NA,NA,NA,NA,NA,NA,NA,NA,NA,NA
5,Staten Island,WEST NEW BRIGHTON,5420,2,"$176,000",prediction,GROSSCON,1,NA,NA,NA,NA,NA,NA,NA,NA,NA,NA,NA,NA,NA,NA
5,Staten Island,WEST NEW BRIGHTON,5420,4,"$182,000",prediction,GROSSCON,1,NA,NA,NA,NA,NA,NA,NA,NA,NA,NA,NA,NA,NA,NA
