NEIGHBORHOOD,decile,n,ci_new,ci_population,ci_sample,ci_model,ci_assessr,ci_rineq,gini_new,gini_population,gini_sample,gini_model,gini_assessr,gini_DescTools,ki_new,ki_population,ki_sample,ki_model,ki_assessr,mki_new,mki_population,mki_sample,mki_model,mki_assessr
1010,1,7,0.1315703849359767,0.1534987824253062,0.13157038493597675,0.15349878242530618,0.13157038493597664,0.1315703849359769,0.11894839093786229,0.13877312276083936,0.1189483909378623,0.1387731227608393,0.11894839093786226,0.13877312276083933,0.012621993998114409,0.014725659664466845,0.01262199399811445,0.014725659664466801,0.01262199399811438,1.1061131966443165,1.1061131966443167,1.1061131966443167,1.1061131966443165,1.1061131966443163
1010,2,19,0.004292013413325774,0.004323800814289715,0.00409623235037973,0.0043238008142897355,0.0029750751327214096,0.00297507513272112,0.033383641968064426,0.03678830803873046,0.03485208129984991,0.03678830803873046,0.034852081299849964,0.036788308038730434,-0.029091628554738652,-0.03246450722444075,-0.03075584894947018,-0.03246450722444074,-0.03187700616712855,0.12856636245474998,0.11753192915905915,0.11753192915905915,0.1175319291590601,0.08536291153246613
1010,3,3,0.030933809186424157,0.046400713779636234,0.030933809186424154,0.04640071377963617,0.03093380918642404,0.030933809186424133,0.030770089152930225,0.04615513372939536,0.03077008915293024,0.046155133729395344,0.030770089152930186,0.04615513372939535,1.6372003349393247e-4,2.4558005024087615e-4,1.6372003349391512e-4,2.4558005024087024e-4,1.6372003349385267e-4,1.0053207526530141,1.0053207526530135,1.0053207526530135,1.0053207526530117,1.0053207526530115
1010,4,6,-0.03770431130679811,-0.04524517356815773,-0.03770431130679811,-0.04524517356815783,-0.0377043113067983,-0.03770431130679818,0.015310586176727906,0.018372703412073494,0.015310586176727913,0.01837270341207346,0.01531058617672798,0.01837270341207349,-0.053014897483526016,-0.06361787698023122,-0.05301489748352602,-0.06361787698023122,-0.05301489748352628,-2.462630161352586,-2.4626301613525845,-2.4626301613525845,-2.4626301613526205,-2.462630161352586
1010,5,8,0.033082259073938296,0.046806517451044354,0.04095570276966381,0.046806517451044326,0.03340021708703178,0.033400217087031975,0.01640759930915372,0.0231926967678263,0.020293609671848012,0.02319269676782628,0.020293609671848012,0.023192696767826305,0.016674659764784577,0.023613820683218052,0.020662093097815797,0.023613820683218056,0.013106607415183769,2.0162766319800283,2.0181576088200295,2.0181576088200295,2.018157608820037,1.645848995182247
1010,6,3,0.01268058091650052,0.019020871374750763,0.012680580916500508,0.0190208713747507,0.012680580916500261,0.012680580916500423,0.008351976137211059,0.012527964205816556,0.008351976137211036,0.012527964205816474,0.008351976137210984,0.01252796420581655,0.004328604779289461,0.006492907168934208,0.004328604779289471,0.006492907168934161,0.004328604779289277,1.5182731258059956,1.5182731258059983,1.5182731258059983,1.5182731258059894,1.5182731258059783
1010,7,10,0.019570660525467347,0.02174517836163041,0.01957066052546737,0.0217451783616304,0.01957066052546743,0.01957066052546737,0.034641134884591966,0.03849014987176886,0.03464113488459197,0.03849014987176888,0.034641134884591904,0.03849014987176886,-0.01507047435912462,-0.01674497151013845,-0.015070474359124602,-0.016744971510138453,-0.015070474359124474,0.5649543697303111,0.5649543697303117,0.5649543697303117,0.564954369730311,0.5649543697303145
1010,8,3,-0.0030520602494659168,-0.0034335677806491827,-0.002289045187099455,-0.003433567780649098,-0.014125296551792399,-0.014125296551792324,0.001141064042219364,0.001283697047496791,8.557980316645274e-4,0.0012836970474968592,8.557980316646526e-4,0.0012836970474967904,-0.004193124291685281,-0.004717264828145974,-0.0031448432187639822,-0.004717264828145929,-0.014981094583457052,-2.6747493011257055,-2.6747493011257126,-2.674749301125712,-2.6747493011234154,-16.505409020766997
1010,9,2,0.006399454345956818,0.012798908691913654,0.006399454345956827,0.012798908691913517,0.006399454345956679,0.006399454345956762,0.016938519447929762,0.033877038895859475,0.016938519447929738,0.03387703889585951,0.01693851944792968,0.03387703889585947,-0.010539065101972944,-0.02107813020394582,-0.01053906510197291,-0.021078130203945895,-0.010539065101973,0.3778048232390797,0.3778048232390808,0.3778048232390808,0.3778048232390764,0.3778048232390734
1030,1,14,0.08665220397251748,0.09331775812424963,0.08665220397251751,0.09331775812424965,0.08665220397251742,0.08665220397251748,0.08876933388701982,0.09559774418602136,0.08876933388701984,0.09559774418602138,0.08876933388701984,0.09559774418602128,-0.0021171299145023442,-0.0022799860617717382,-0.0021171299145023303,-0.0022799860617717118,-0.0021171299145024136,0.9761502106437241,0.9761502106437243,0.9761502106437243,0.9761502106437242,0.9761502106437233
1030,2,26,0.009022253149195783,0.008460727821186589,0.008135315212679413,0.008460727821186611,0.007729215064868182,0.007729215064868139,0.0320580323409956,0.03391639943672011,0.0326119225353078,0.033916399436720104,0.03261192253530773,0.03391639943672007,-0.02303577919179982,-0.025455671615533523,-0.024476607322628387,-0.0254556716155335,-0.02488270747043955,0.2814350254946304,0.24945831402216745,0.24945831402216748,0.24945831402217067,0.23700580842788538
1030,3,44,0.010591758863979268,0.010186055332636867,0.009954554075076939,0.010186055332636852,0.01007256647748908,0.010072566477488902,0.029611105526658174,0.029952079785609032,0.029271350699572464,0.029952079785608984,0.02927135069957242,0.029952079785608998,-0.019019346662678904,-0.019766024452972167,-0.019316796624495525,-0.019766024452972174,-0.01919878422208334,0.3576954887565329,0.34007839874715223,0.34007839874715223,0.34007839874715495,0.34411006792509286
1030,4,32,0.030816733922120358,0.030361965071506142,0.029413153663021576,0.03036196507150616,0.027209219469322088,0.027209219469322185,0.024487303396463454,0.025072454987956613,0.02428894076958297,0.025072454987956592,0.02428894076958299,0.025072454987956613,0.006329430525656904,0.005289510083549529,0.005124212893438607,0.005289510083549518,0.0029202786997390984,1.2584780538379339,1.210968973165584,1.210968973165584,1.2109689731655837,1.1202307967005363
1030,5,42,0.011541636575859828,0.011139310247849437,0.010874088575281592,0.011139310247849421,0.01169809246515793,0.01169809246515798,0.02526431059522199,0.025923741234792626,0.025306509300630897,0.02592374123479263,0.02530650930063095,0.025923741234792665,-0.013722674019362164,-0.01478443098694319,-0.014432420725349305,-0.014784430986943204,-0.013608416835473019,0.4568356034240092,0.4296953185483586,0.4296953185483586,0.4296953185483573,0.4622562648285226
1030,6,42,0.016428766362075513,0.015944638428664004,0.01556500418036248,0.015944638428664,0.015192863491815024,0.015192863491815176,0.03237106758129628,0.03299109578585102,0.03220559350523552,0.03299109578585103,0.03220559350523544,0.03299109578585105,-0.015942301219220766,-0.017046457357187017,-0.016640589324873035,-0.017046457357186996,-0.017012730013420418,0.507513887851135,0.483301268080408,0.4833012680804081,0.48330126808040746,0.47174611110163905
1030,7,39,0.05081631413091917,0.05252698651729715,0.05118014070916132,0.05252698651729714,0.05131049539981675,0.05131049539981678,0.04686310919677428,0.0483506330562612,0.04711087323430579,0.04835063305626119,0.047110873234305725,0.04835063305626126,0.003953204934144895,0.004176353461035946,0.004069267474855531,0.00417635346103597,0.004199622165511022,1.0843564373320966,1.0863763966890838,1.0863763966890836,1.0863763966890823,1.089143373433649
1030,8,47,0.060430324513860295,0.062091218982079775,0.060770129216503606,0.06209121898207978,0.061536039571597624,0.06153603957159777,0.04856157919737441,0.04973999330119282,0.048681695571380204,0.04973999330119279,0.04868169557138021,0.04973999330119283,0.011868745316485886,0.012351225680886958,0.012088433645123402,0.01235122568088696,0.012854344000217413,1.2444060821878626,1.2483157889888732,1.248315788988873,1.2483157889888736,1.264048814433128
1030,9,29,0.07168610544429041,0.07399925943464833,0.07144756083345356,0.07399925943464838,0.07168814115957987,0.07168814115957968,0.06396185439906568,0.06616422648381808,0.06388270143265194,0.06616422648381812,0.0638827014326519,0.066164226483818,0.007724251045224728,0.007835032950830254,0.007564859400801621,0.007835032950830236,0.0078054397269279735,1.1207634005892355,1.11841796341028,1.11841796341028,1.1184179634102787,1.1221839332382777
1030,10,24,0.1322662202812944,0.13983787272683415,0.1340112946965494,0.13983787272683415,0.1333215783795564,0.1333215783795565,0.12954463063642283,0.13677006302085318,0.1310713103949843,0.13677006302085318,0.13107131039498432,0.13677006302085312,0.0027215896448715693,0.003067809705980973,0.002939984301565113,0.003067809705980969,0.0022502679845720908,1.021008895787506,1.0224304181647794,1.0224304181647796,1.022430418164779,1.017168272582237
1040,10,1,NA,NA,NA,NA,NA,NA,NA,NA,NA,NA,NA,NA,NA,NA,NA,NA,NA,NA,NA,NA,NA,NA
1050,1,1,NA,NA,NA,NA,NA,NA,NA,NA,NA,NA,NA,NA,NA,NA,NA,NA,NA,NA,NA,NA,NA,NA
1050,2,1,NA,NA,NA,NA,NA,NA,NA,NA,NA,NA,NA,NA,NA,NA,NA,NA,NA,NA,NA,NA,NA,NA
1050,3,3,0.011241310904042899,0.0168619663560643,0.011241310904042866,0.01686196635606416,0.011241310904043011,0.0112413109040428,0.02008032128514059,0.030120481927710843,0.020080321285140562,0.030120481927710767,0.020080321285140517,0.03012048192771084,-0.008839010381097691,-0.013258515571646545,-0.008839010381097696,-0.013258515571646519,-0.008839010381097506,0.5598172830213356,0.5598172830213347,0.5598172830213347,0.5598172830213347,0.5598172830213433
1050,4,3,0.0010594599641342204,0.0015891899462013178,0.0010594599641342117,0.0015891899462012525,0.0010594599641340352,0.0010594599641341638,0.023513139695712306,0.035269709543568464,0.02351313969571231,0.03526970954356835,0.023513139695712226,0.03526970954356846,-0.022453679731578087,-0.03368051959736715,-0.022453679731578097,-0.033680519597367224,-0.02245367973157819,0.04505820906288479,0.04505820906288442,0.045058209062884415,0.045058209062880036,0.045058209062877067
1050,5,5,0.019972081489710004,0.028005762789168193,0.022404610231334554,0.02800576278916819,0.022126586261327397,0.0221265862613275,0.017722567287784673,0.024154589371980676,0.019323671497584544,0.02415458937198068,0.019323671497584627,0.024154589371980676,0.0022495142019253317,0.0038511734171875166,0.0030809387337500105,0.003851173417187487,0.0028029147637427705,1.1269293644310672,1.1594385794715631,1.159438579471563,1.1594385794715654,1.1450508390236878
1050,6,13,0.021614723899725626,0.024488512067694267,0.022604780370179326,0.024488512067694278,0.022810847953591697,0.022810847953591434,0.028200013418428514,0.03208858468280463,0.02962023201489658,0.03208858468280468,0.02962023201489654,0.03208858468280462,-0.006585289518702887,-0.007600072615110361,-0.007015451644717254,-0.00760007261511037,-0.006809384061304841,0.7664792061978436,0.763153386469456,0.7631533864694561,0.7631533864694554,0.7701103739538474
1050,7,2,-0.011326111103724806,-0.022652222207449606,-0.011326111103724803,-0.022652222207449543,-0.011326111103724834,-0.011326111103724775,0.011247443762781195,0.022494887525562373,0.011247443762781187,0.02249488752556243,0.011247443762781195,0.022494887525562373,-0.022573554866506,-0.045147109733011975,-0.022573554866505988,-0.045147109733011996,-0.02257355486650603,-1.006994241767532,-1.0069942417675324,-1.0069942417675324,-1.006994241767529,-1.0069942417675344
1050,8,3,0.026568166170771623,0.03985224925615745,0.02656816617077163,0.039852249256157296,0.026568166170771512,0.0265681661707715,0.031175059952038366,0.04676258992805756,0.031175059952038373,0.04676258992805747,0.03117505995203847,0.04676258992805755,-0.004606893781266743,-0.006910340671900113,-0.004606893781266743,-0.006910340671900143,-0.004606893781266958,0.8522250225547514,0.8522250225547514,0.8522250225547514,0.852225022554751,0.852225022554745
1050,9,6,0.05391349912742096,0.06469619895290517,0.05391349912742097,0.06469619895290515,0.05391349912742097,0.05391349912742092,0.04687336882764381,0.05624804259317257,0.04687336882764381,0.056248042593172544,0.04687336882764385,0.056248042593172565,0.007040130299777146,0.008448156359732596,0.00704013029977716,0.008448156359732614,0.007040130299777125,1.1501946729210808,1.1501946729210812,1.150194672921081,1.1501946729210821,1.1501946729210801
1050,10,5,0.08349855204359938,0.10437319005449919,0.08349855204359935,0.1043731900544992,0.08349855204359927,0.08349855204359942,0.09676584734799483,0.12095730918499353,0.09676584734799483,0.12095730918499352,0.09676584734799487,0.12095730918499355,-0.013267295304395452,-0.016584119130494346,-0.01326729530439548,-0.01658411913049432,-0.013267295304395604,0.8628927905040417,0.8628927905040414,0.8628927905040413,0.8628927905040417,0.8628927905040401
1060,1,12,0.050614213914903616,0.05521550608898577,0.050614213914903616,0.055215506088985754,0.05061421391490365,0.05061421391490372,0.07512886597938145,0.08195876288659795,0.07512886597938145,0.08195876288659792,0.0751288659793814,0.08195876288659792,-0.024514652064477838,-0.026743256797612185,-0.024514652064477838,-0.026743256797612174,-0.024514652064477747,0.6736986277524049,0.6736986277524049,0.6736986277524049,0.6736986277524047,0.6736986277524057
1060,2,16,0.03855124980580361,0.042516309378171656,0.03985904004203593,0.04251630937817164,0.04058358917793137,0.04058358917793096,0.03557216485636701,0.0386546615216045,0.036238745176504224,0.038654661521604516,0.03623874517650427,0.038654661521604496,0.0029790849494365987,0.0038616478565671533,0.003620294865531705,0.0038616478565671893,0.004344844001427095,1.0837476426151043,1.0999012203071248,1.0999012203071248,1.0999012203071257,1.119894990300164
1060,3,8,0.027893770606453358,0.033228201691037816,0.029074676479658088,0.03322820169103784,0.0289869755991794,0.028986975599179423,0.028976735947094948,0.03407787300087725,0.029818138875767595,0.03407787300087734,0.029818138875767675,0.03407787300087725,-0.0010829653406415896,-8.496713098394351e-4,-7.434623961095066e-4,-8.496713098394472e-4,-8.311632765882759e-4,0.9626263861251024,0.975066773979187,0.975066773979187,0.9750667739791853,0.9721255816786158
1060,4,15,0.014158634108269261,0.013318460829207346,0.012430563440593524,0.013318460829207292,0.012854300633311293,0.012854300633311026,0.02413056135925668,0.024992880791640873,0.023326688738864815,0.02499288079164081,0.023326688738864714,0.02499288079164087,-0.00997192725098742,-0.011674419962433527,-0.010896125298271291,-0.011674419962433511,-0.010472388105553421,0.5867511284745928,0.5328901834182254,0.5328901834182254,0.5328901834182262,0.5510555217335531
1060,5,12,0.017856779819363296,0.02165827973428506,0.019853423089761305,0.021658279734285083,0.019145235445626813,0.019145235445626897,0.024316775752339977,0.029693049164806685,0.027218628401072795,0.029693049164806785,0.02721862840107277,0.029693049164806695,-0.006459995932976682,-0.008034769430521626,-0.00736520531131149,-0.008034769430521642,-0.008073392955445957,0.7343399470896118,0.7294057142489517,0.7294057142489517,0.7294057142489461,0.703387223026721
1060,6,9,0.02563792137994754,0.029315426102369774,0.0260581565354398,0.029315426102369774,0.025492972722298408,0.02549297272229854,0.01971443437399597,0.023714766563112184,0.02107979250054416,0.023714766563112135,0.0210797925005441,0.023714766563112194,0.005923487005951571,0.005600659539257591,0.0049783640348956375,0.005600659539257595,0.0044131802217543085,1.3004644664705602,1.2361676014964151,1.2361676014964154,1.2361676014964167,1.209355961242996
1060,7,8,0.02437206734282127,0.027853791248938598,0.024372067342821272,0.027853791248938588,0.024372067342821158,0.024372067342821276,0.05020043896764392,0.0573719302487359,0.050200438967643916,0.05737193024873592,0.05020043896764381,0.0573719302487359,-0.025828371624822655,-0.029518138999797303,-0.025828371624822644,-0.029518138999797338,-0.025828371624822655,0.485495104107157,0.4854951041071572,0.4854951041071572,0.4854951041071558,0.4854951041071559
1070,1,6,0.13353352819299788,0.16024023383159747,0.1335335281929979,0.1602402338315975,0.13353352819299813,0.1335335281929979,0.08687068114511354,0.10424481737413623,0.08687068114511352,0.10424481737413623,0.08687068114511358,0.10424481737413623,0.04666284704788434,0.05599541645746124,0.046662847047884384,0.05599541645746125,0.04666284704788455,1.537153000676214,1.5371530006762144,1.5371530006762146,1.5371530006762146,1.5371530006762162
1070,2,7,0.033526505346644676,0.03561141496490178,0.03052406996991581,0.03561141496490184,0.027807554934184457,0.02780755493418444,0.02974749221722589,0.032357473035439135,0.027734976887519257,0.03235747303543922,0.02773497688751928,0.03235747303543912,0.003779013129418786,0.003253941929462642,0.002789093082396551,0.0032539419294626234,7.257804666517889e-5,1.127036359966857,1.1005623005819645,1.1005623005819645,1.1005623005819634,1.00261684179365
1070,3,4,-0.012157221080952445,-0.016209628107936573,-0.01215722108095243,-0.016209628107936577,-0.01215722108095263,-0.012157221080952492,0.0306841046277666,0.0409121395036888,0.0306841046277666,0.040912139503688806,0.030684104627766606,0.0409121395036888,-0.04284132570871904,-0.05712176761162537,-0.04284132570871903,-0.0571217676116254,-0.042841325708719236,-0.39620582801530263,-0.39620582801530213,-0.39620582801530213,-0.3962058280153031,-0.39620582801530857
1070,4,7,0.01536931596092468,0.022456991325968127,0.01924884970797268,0.02245699132596806,0.024011622705067483,0.024011622705067622,0.02118840906528358,0.02445672191528545,0.020962904498816097,0.02445672191528544,0.020962904498816215,0.024456721915285435,-0.005819093104358899,-0.0019997305893173223,-0.0017140547908434181,-0.0019997305893173396,0.0030487182062512684,0.7253643212933213,0.9182339073795703,0.9182339073795703,0.9182339073795756,1.1454339596129646
1070,5,7,0.0020470665501318695,0.0033230485804180017,0.002848327354644001,0.003323048580418061,0.0038692118375782364,0.003869211837578288,0.025817461622163262,0.03298810893747602,0.02827552194640802,0.03298810893747607,0.028275521946408082,0.03298810893747601,-0.02377039507203139,-0.029665060357058022,-0.02542719459176402,-0.02966506035705803,-0.024406310108829845,0.07929000070148431,0.10073474010639223,0.10073474010639222,0.10073474010639465,0.13683962562783933
1070,6,14,0.03386327076515873,0.036965731699858465,0.03432532229272572,0.0369657316998585,0.035447384803617484,0.03544738480361751,0.017613361133927235,0.019036278479002935,0.0176765443019313,0.019036278479002935,0.01767654430193133,0.019036278479002928,0.016249909631231494,0.01792945322085553,0.01664877799079442,0.01792945322085554,0.017770840501686154,1.9225899308866476,1.94185705681033,1.9418570568103297,1.9418570568103295,2.005334538139591
1070,7,5,0.023739157326994734,0.029673946658743438,0.02373915732699475,0.029673946658743455,0.023739157326994765,0.023739157326994748,0.04176266227829585,0.05220332784786981,0.04176266227829585,0.05220332784786982,0.041762662278295795,0.05220332784786982,-0.018023504951301117,-0.022529381189126372,-0.0180235049513011,-0.02252938118912638,-0.01802350495130103,0.5684301725977854,0.5684301725977858,0.5684301725977858,0.5684301725977855,0.5684301725977869
1070,8,2,0.009253567483872849,0.01850713496774568,0.00925356748387284,0.0185071349677457,0.00925356748387296,0.009253567483872899,0.009090909090909066,0.01818181818181818,0.00909090909090909,0.018181818181818302,0.009090909090909038,0.018181818181818184,1.626583929637826e-4,3.2531678592749927e-4,1.6265839296374963e-4,3.2531678592756513e-4,1.6265839296392137e-4,1.017892423226016,1.0178924232260125,1.0178924232260125,1.0178924232260034,1.0178924232260314
1070,9,1,NA,NA,NA,NA,NA,NA,NA,NA,NA,NA,NA,NA,NA,NA,NA,NA,NA,NA,NA,NA,NA,NA
1070,10,1,NA,NA,NA,NA,NA,NA,NA,NA,NA,NA,NA,NA,NA,NA,NA,NA,NA,NA,NA,NA,NA,NA
1080,1,1,NA,NA,NA,NA,NA,NA,NA,NA,NA,NA,NA,NA,NA,NA,NA,NA,NA,NA,NA,NA,NA,NA
1080,2,2,-0.02302336029034882,-0.04604672058069768,-0.02302336029034884,-0.04604672058069752,-0.023023360290348682,-0.02302336029034884,0.00276243093922654,0.0055248618784530384,0.0027624309392265192,0.005524861878453129,0.0027624309392264568,0.005524861878453039,-0.02578579122957536,-0.051571582459150715,-0.025785791229575358,-0.05157158245915071,-0.02578579122957514,-8.334456425106211,-8.33445642510628,-8.33445642510628,-8.334456425106115,-8.334456425106412
1080,3,5,0.010560551409507648,0.013200689261884573,0.010560551409507658,0.013200689261884613,0.010560551409507467,0.010560551409507683,0.026086956521739136,0.03260869565217391,0.026086956521739132,0.03260869565217394,0.02608695652173907,0.03260869565217391,-0.015526405112231488,-0.01940800639028934,-0.015526405112231474,-0.019408006390289317,-0.015526405112231603,0.40482113736445974,0.40482113736446024,0.4048211373644602,0.4048211373644599,0.40482113736445385
1080,4,2,-0.03303050680312631,-0.0660610136062526,-0.0330305068031263,-0.06606101360625267,-0.03303050680312647,-0.033030506803126344,0.009419152276295112,0.018838304552590265,0.009419152276295133,0.01883830455259016,0.009419152276295195,0.01883830455259027,-0.04244965907942142,-0.08489931815884287,-0.042449659079421435,-0.08489931815884287,-0.042449659079421664,-3.5067388055985846,-3.506738805598576,-3.506738805598576,-3.5067388055986264,-3.5067388055985704
1080,5,2,0.08544166924822767,0.17088333849645537,0.08544166924822769,0.17088333849645537,0.0854416692482276,0.0854416692482277,0.0180327868852459,0.036065573770491806,0.018032786885245903,0.036065573770491854,0.0180327868852459,0.0360655737704918,0.06740888236298177,0.13481776472596357,0.06740888236298179,0.1348177647259635,0.0674088823629817,4.738128931038081,4.73812893103808,4.73812893103808,4.738128931038075,4.7381289310380765
1080,6,5,0.07438010592909307,0.0929751324113663,0.07438010592909304,0.09297513241136626,0.07438010592909325,0.07438010592909301,0.03418423973362931,0.04273029966703663,0.0341842397336293,0.042730299667036654,0.03418423973362934,0.042730299667036634,0.04019586619546376,0.05024483274432968,0.04019586619546374,0.050244832744329684,0.040195866195463906,2.175859592276391,2.1758595922763906,2.1758595922763906,2.175859592276389,2.175859592276394
1080,7,5,0.011797861349511263,0.014747326686889082,0.011797861349511267,0.014747326686889143,0.011797861349511152,0.01179786134951129,0.02758127352162122,0.034476591902026524,0.027581273521621222,0.034476591902026545,0.027581273521621163,0.03447659190202654,-0.015783412172109955,-0.019729265215137442,-0.015783412172109955,-0.01972926521513746,-0.01578341217211001,0.4277489703389805,0.42774897033898057,0.42774897033898057,0.42774897033898107,0.42774897033897735
1080,8,7,-0.007772729907215293,-0.012511440966849481,-0.010724092257299554,-0.012511440966849394,-0.00558322184253246,-0.005583221842532226,0.04469232715077235,0.05644408903105425,0.04838064774090364,0.05644408903105436,0.04838064774090357,0.05644408903105424,-0.052465057057987645,-0.06895552999790373,-0.0591047399982032,-0.06895552999790375,-0.05396386958343603,-0.17391642822700873,-0.22166078293806762,-0.22166078293806762,-0.22166078293806574,-0.1154019655220967
1080,9,5,0.008114636044060323,0.010143295055075389,0.00811463604406031,0.010143295055075337,0.008114636044060219,0.008114636044060292,0.056852264746217615,0.07106533093277202,0.05685226474621762,0.07106533093277204,0.05685226474621761,0.07106533093277204,-0.048737628702157296,-0.06092203587769664,-0.04873762870215731,-0.060922035877696665,-0.04873762870215739,0.14273197523938905,0.14273197523938883,0.1427319752393888,0.14273197523938844,0.14273197523938722
1080,10,6,0.1154947071199673,0.1360947601482377,0.11341230012353143,0.13609476014823765,0.11769220886892666,0.11769220886892663,0.07918831972284084,0.0961643157634249,0.0801369298028541,0.09616431576342489,0.0801369298028541,0.0961643157634249,0.036306387397126466,0.0399304443848128,0.03327537032067733,0.039930444384812816,0.03755527906607256,1.458481598349338,1.4152314095703256,1.4152314095703256,1.4152314095703264,1.46863885549974
1090,1,1,NA,NA,NA,NA,NA,NA,NA,NA,NA,NA,NA,NA,NA,NA,NA,NA,NA,NA,NA,NA,NA,NA
1090,2,5,0.004622560364711188,0.010963762462589642,0.008771009970071714,0.010963762462589573,0.004886643728898754,0.004886643728898837,0.029512761020881666,0.04408352668213457,0.035266821345707654,0.04408352668213457,0.03526682134570773,0.04408352668213457,-0.02489020065617048,-0.03311976421954493,-0.02649581137563594,-0.03311976421954495,-0.030380177616808977,0.15662920732629892,0.2487042958619019,0.2487042958619019,0.24870429586190218,0.13856206889179992
1090,3,1,NA,NA,NA,NA,NA,NA,NA,NA,NA,NA,NA,NA,NA,NA,NA,NA,NA,NA,NA,NA,NA,NA
1090,4,1,NA,NA,NA,NA,NA,NA,NA,NA,NA,NA,NA,NA,NA,NA,NA,NA,NA,NA,NA,NA,NA,NA
1090,6,1,NA,NA,NA,NA,NA,NA,NA,NA,NA,NA,NA,NA,NA,NA,NA,NA,NA,NA,NA,NA,NA,NA
1090,7,2,0,0,0,NA,-0.10550019475511108,-0.10550019475511122,0,0,0,NA,0,0,0,0,0,NA,-0.10550019475511108,NA,NA,NA,NA,-Inf
1090,8,4,0.1248351669058598,0.16644688920781303,0.12483516690585977,0.16644688920781306,0.12483516690585961,0.12483516690585977,0.03305991117556421,0.04407988156741895,0.03305991117556421,0.04407988156741894,0.03305991117556428,0.04407988156741896,0.09177525573029559,0.12236700764039407,0.09177525573029556,0.1223670076403941,0.09177525573029532,3.7760285030085026,3.7760285030085017,3.7760285030085017,3.776028503008508,3.776028503008489
1090,10,3,0.07898873534920027,0.1184831030238004,0.07898873534920026,0.11848310302380044,0.07898873534920033,0.07898873534920026,0.023321270607157243,0.03498190591073583,0.02332127060715722,0.03498190591073596,0.023321270607157274,0.03498190591073582,0.055667464742043024,0.08350119711306457,0.05566746474204304,0.08350119711306453,0.05566746474204305,3.386982496783808,3.386982496783811,3.3869824967838107,3.3869824967837827,3.386982496783806
1100,1,1,NA,NA,NA,NA,NA,NA,NA,NA,NA,NA,NA,NA,NA,NA,NA,NA,NA,NA,NA,NA,NA,NA
1100,2,11,0.03832806301458433,0.0424172311501054,0.038561119227368545,0.04241723115010545,0.03751212297879276,0.03751212297879276,0.026431577248194397,0.028311738541868102,0.025737944128971,0.02831173854186805,0.025737944128970982,0.028311738541868116,0.011896485766389932,0.014105492608237298,0.012823175098397546,0.014105492608237284,0.011774178849821775,1.4500861093033186,1.4982206439699117,1.498220643969912,1.4982206439699095,1.4574638436862795
1100,3,11,-0.0030824841911311195,-0.00538369631738972,-0.0048942693794452,-0.005383696317389719,-0.007797785478123487,-0.0077977854781237,0.025959461439940868,0.029452582883577483,0.026775075348706802,0.02945258288357746,0.026775075348706844,0.029452582883577494,-0.029041945631071986,-0.034836279200967206,-0.031669344728152,-0.03483627920096722,-0.03457286082683033,-0.11874222422767415,-0.18279199276582375,-0.18279199276582375,-0.18279199276582314,-0.29123299847221895
1100,4,18,0.026949162457289406,0.028470194597463527,0.026888517119826663,0.028470194597463538,0.02534570594786582,0.02534570594786617,0.026552921413690398,0.028027625232688414,0.026470534941983502,0.0280276252326884,0.02647053494198342,0.028027625232688428,3.962410435990084e-4,4.425693647751132e-4,4.179821778431611e-4,4.4256936477516295e-4,-0.0011248289941175986,1.0149226910826734,1.015790469620628,1.015790469620628,1.0157904696206301,0.9575063746696871
1100,5,30,0.012103679612876056,0.013104381348394221,0.012667568636781082,0.013104381348394185,0.01191457599727291,0.011914575997273106,0.023066052482100093,0.023788456428134694,0.022995507880530203,0.023788456428134708,0.02299550788053016,0.023788456428134697,-0.010962372869224036,-0.010684075079740472,-0.010327939243749121,-0.010684075079740488,-0.01108093188325725,0.5247399667658285,0.5508714442226534,0.5508714442226534,0.5508714442226555,0.5181262383580901
1100,6,44,0.012779041010014676,0.013342482638742964,0.013039244396953352,0.01334248263874297,0.012933708894603284,0.012933708894603105,0.030668695507655556,0.03166990465973543,0.0309501340992869,0.031669904659735425,0.030950134099286878,0.031669904659735404,-0.017889654497640878,-0.018327422020992468,-0.017910889702333545,-0.018327422020992457,-0.018016425204683592,0.41668029234646636,0.42129847822707106,0.4212984782270711,0.4212984782270713,0.4178886221659792
1100,7,16,0.05737897112198573,0.06344519902267672,0.05947987408375942,0.0634451990226767,0.05860917150126843,0.05860917150126834,0.04754018149699488,0.05222257542301038,0.04895866445907223,0.0522225754230104,0.048958664459072265,0.05222257542301037,0.009838789624990851,0.011222623599666338,0.010521209624687188,0.011222623599666331,0.009650507042196166,1.2069573425085216,1.2148998495145342,1.214899849514534,1.214899849514534,1.1971154064111298
1100,8,24,0.0643292632471954,0.06670733570861578,0.06392786338742346,0.06670733570861573,0.06317659259994916,0.0631765925999494,0.0570576562377361,0.05874251272652615,0.05629490802958756,0.058742512726526114,0.05629490802958751,0.058742512726526086,0.007271607009459301,0.007964822982089635,0.007632955357835897,0.007964822982089646,0.006881684570361653,1.127443142409521,1.1355887348430191,1.1355887348430191,1.1355887348430194,1.122243464129025
1100,9,29,0.044454056470789385,0.04666242669935829,0.0450533775028287,0.04666242669935828,0.045584974182860755,0.045584974182860734,0.07110217556949314,0.07223568476421742,0.06974479908269268,0.07223568476421736,0.06974479908269259,0.07223568476421732,-0.02664811909870375,-0.025573258064859127,-0.02469142157986398,-0.025573258064859102,-0.02415982489983183,0.6252137310108229,0.6459747263650629,0.645974726365063,0.6459747263650623,0.6535967524806137
1100,10,14,0.1556935834624129,0.16767001295952164,0.15569358346241297,0.1676700129595216,0.15569358346241277,0.15569358346241277,0.16547876215158858,0.17820789770171092,0.16547876215158872,0.1782078977017109,0.16547876215158855,0.17820789770171072,-0.009785178689175666,-0.01053788474218928,-0.00978517868917575,-0.010537884742189205,-0.009785178689175777,0.9408674650332962,0.9408674650332958,0.9408674650332958,0.9408674650332963,0.9408674650332955
1110,1,19,0.05763925658125074,0.060986772518698974,0.057776942386135864,0.06098677251869889,0.05817289491457083,0.05817289491457059,0.053836257812376345,0.05614503722391235,0.053190035264759065,0.056145037223912356,0.05319003526475915,0.05614503722391229,0.0038029987688743966,0.0048417352947866255,0.004586907121376799,0.004841735294786643,0.004982859649811683,1.070640102477556,1.0862362113231356,1.0862362113231356,1.0862362113231347,1.0936803223575424
1110,2,43,0.025974848243374805,0.026513999281417316,0.02589739464696575,0.026513999281417334,0.02709591703313068,0.02709591703313051,0.04430174025070501,0.045282563253962474,0.04422948038759125,0.04528256325396246,0.04422948038759129,0.04528256325396255,-0.018326892007330207,-0.018768563972545158,-0.018332085740625503,-0.018768563972545158,-0.017133563354460608,0.5863166570067514,0.5855233753600995,0.5855233753600995,0.5855233753600991,0.6126211928262336
1110,3,79,0.033060088266489346,0.03363235979787974,0.033206633724488864,0.03363235979787974,0.03371413641968489,0.03371413641968449,0.024909824053953585,0.02527171312974488,0.024951818026836717,0.025271713129744872,0.024951818026836766,0.025271713129744834,0.00815026421253576,0.008360646668134863,0.008254815697652147,0.008360646668134849,0.008762318392848124,1.3271907579468505,1.330830230036695,1.330830230036695,1.330830230036694,1.3511695373629236
1110,4,72,0.02426382607509382,0.023400678221839277,0.023075668802091512,0.0234006782218393,0.02305133894622892,0.023051338946228996,0.02735087502725305,0.027276746744759384,0.02689790303997106,0.027276746744759384,0.026897903039971045,0.0272767467447593,-0.003087048952159232,-0.0038760685229201064,-0.0038222342378795467,-0.0038760685229201064,-0.0038465640937421254,0.8871316201370807,0.8578984305133527,0.8578984305133528,0.8578984305133543,0.8569939043937357
1110,5,76,0.015950646728913765,0.016612227307127744,0.016393645368876063,0.016612227307127768,0.01645484666635386,0.01645484666635372,0.026669751302737955,0.027325594658897136,0.026966047360753753,0.027325594658897175,0.026966047360753833,0.02732559465889719,-0.01071910457382419,-0.010713367351769393,-0.01057240199187769,-0.010713367351769408,-0.010511200694399973,0.5980800701083496,0.6079365340259429,0.6079365340259429,0.6079365340259417,0.6102061027417058
1110,6,73,0.025161259602257766,0.025608183402438197,0.025257386369528085,0.025608183402438207,0.025351646655037665,0.025351646655037863,0.029651913991661522,0.030360884429472722,0.02994498190304159,0.030360884429472684,0.029944981903041675,0.030360884429472827,-0.004490654389403756,-0.0047527010270345255,-0.0046875955335135035,-0.004752701027034522,-0.00459333524800401,0.8485543162351482,0.8434597306256053,0.8434597306256053,0.8434597306256039,0.8466075129757403
1110,7,49,0.0511319905005982,0.05102647017175822,0.04998511363764071,0.0510264701717582,0.049846488662144355,0.049846488662144604,0.05069693914194578,0.05000600939218135,0.04898547858825928,0.05000600939218133,0.04898547858825925,0.05000600939218142,4.3505135865241906e-4,0.001020460779576876,9.996350493814282e-4,0.0010204607795768947,8.610100738851018e-4,1.0085814127246286,1.0204067629467035,1.0204067629467035,1.0204067629467046,1.017576843152278
1110,8,39,0.02855881652033184,0.02927555122221637,0.02852489606267236,0.0292755512222164,0.0289033118116311,0.028903311811630906,0.04970405603579544,0.05168400724336544,0.050358776288407354,0.05168400724336533,0.050358776288407243,0.0516840072433655,-0.0211452395154636,-0.022408456021149072,-0.021833880225734993,-0.022408456021149038,-0.021455464476776143,0.5745771833945422,0.566433463341301,0.566433463341301,0.5664334633412994,0.5739478585837825
1110,9,34,0.021071634103366054,0.020409618670049184,0.019809335767988913,0.020409618670049198,0.020397336743838094,0.02039733674383805,0.06277482369123943,0.06418929581938379,0.0623013753541078,0.06418929581938376,0.06230137535410788,0.06418929581938382,-0.04170318958787338,-0.0437796771493346,-0.042492039586118885,-0.043779677149334624,-0.041904038610269784,0.3356701439259751,0.31795984687973344,0.31795984687973344,0.3179598468797328,0.3273978564342108
1110,10,15,0.09501630280050992,0.10438721741439119,0.09742806958676511,0.1043872174143912,0.09614081306723013,0.09614081306722998,0.13050573894429676,0.14039380888552797,0.13103422162649278,0.14039380888552802,0.1310342216264928,0.14039380888552794,-0.03548943614378684,-0.03600659147113677,-0.033606152039727666,-0.0360065914711368,-0.03489340855926268,0.72806225664195,0.7435314864881596,0.7435314864881595,0.74353148648816,0.7337076671564107
1120,1,11,-0.04139248893700125,-0.03999120580649205,-0.0363556416422655,-0.039991205806492056,-0.03628904259880595,-0.03628904259880567,0.024010334319216762,0.024381412190706088,0.02216492017336917,0.02438141219070607,0.02216492017336917,0.024381412190706105,-0.06540282325621802,-0.06437261799719814,-0.05852056181563467,-0.06437261799719812,-0.05845396277217512,-1.7239447142505058,-1.6402333668652809,-1.6402333668652809,-1.6402333668652784,-1.6372286620010799
1120,2,29,0.031078718750794425,0.03116652298862255,0.030091815299359705,0.031166522988622526,0.028959521135308672,0.02895952113530861,0.03410598619998951,0.03504590068354941,0.03383742134963391,0.035045900683549416,0.03383742134963392,0.03504590068354939,-0.003027267449195084,-0.003879377694926859,-0.003745606050274207,-0.0038793776949268785,-0.004877900214325246,0.9112394102476938,0.8893058069770813,0.8893058069770813,0.8893058069770813,0.8558430276372694
1120,3,33,0.04414992266414575,0.04554822609993649,0.04416797682418084,0.04554822609993652,0.04290991708639801,0.04290991708639778,0.03177480272558014,0.03292241405612931,0.031924765145337514,0.03292241405612933,0.031924765145337486,0.03292241405612924,0.012375119938565611,0.01262581204380718,0.012243211678843326,0.012625812043807227,0.010985151941060527,1.3894633129729264,1.3835020124065471,1.383502012406547,1.383502012406545,1.3440949961902813
1120,4,35,0.01878083399426883,0.019108584465834372,0.018562624909667674,0.01910858446583437,0.020478010522506297,0.020478010522506078,0.025837818313165985,0.026369078604893285,0.02561567635903919,0.026369078604893275,0.025615676359039292,0.026369078604893296,-0.007056984318897154,-0.007260494139058913,-0.007053051449371517,-0.007260494139058918,-0.005137665836532995,0.7268738314758882,0.7246587850926429,0.7246587850926429,0.7246587850926381,0.7994327471771008
1120,5,48,0.03489724210891053,0.03724215524872754,0.036466277014379045,0.037242155248727524,0.03750982075516444,0.037509820755164194,0.024711707651960846,0.025554924022911117,0.025022529772433803,0.025554924022911155,0.0250225297724338,0.025554924022911152,0.010185534456949683,0.01168723122581642,0.011443747241945242,0.011687231225816401,0.012487290982730638,1.4121744478529177,1.4573377410685433,1.457337741068543,1.4573377410685429,1.4990419072849832
1120,6,58,0.0036541652178906014,0.004226824973901181,0.004153948681247712,0.004226824973901169,0.004339884735276543,0.0043398847352765614,0.03135349936016714,0.031950136497160816,0.031399272074795974,0.031950136497160865,0.03139927207479601,0.03195013649716085,-0.027699334142276537,-0.027723311523259637,-0.027245323393548262,-0.02772331152325966,-0.027059387339519465,0.11654728475166677,0.1322944261686265,0.13229442616862652,0.1322944261686253,0.13821609382977196
1120,7,52,0.0227879237867082,0.023836110469774945,0.02337772372997158,0.023836110469774963,0.022972439461391183,0.022972439461391526,0.04277595090200711,0.043193891586287815,0.04236323982501305,0.04319389158628781,0.04236323982501311,0.04319389158628788,-0.019988027115298908,-0.01935778111651287,-0.01898551609504147,-0.01935778111651287,-0.019390800363621927,0.5327274626556334,0.5518398457373976,0.5518398457373976,0.551839845737397,0.5422729601485118
1120,8,68,0.03277078795268544,0.03333866343495245,0.03284838897267374,0.03333866343495247,0.032723843551780575,0.032723843551780304,0.05205831611100441,0.05273969074182221,0.051964107054442474,0.052739690741822234,0.05196410705444249,0.05273969074182203,-0.019287528158318967,-0.01940102730686976,-0.019115718081768734,-0.019401027306869784,-0.019240263502661913,0.629501497566844,0.6321361192305043,0.6321361192305044,0.6321361192305043,0.6297393606224388
1120,9,95,0.04387838493020391,0.04506943660725852,0.044595021485076845,0.04506943660725853,0.0440714107632724,0.044071410763272006,0.06480628904189908,0.06573376682539231,0.0650418324377566,0.06573376682539232,0.06504183243775655,0.0657337668253924,-0.02092790411169517,-0.02066433021813379,-0.020446810952679757,-0.02066433021813379,-0.020970421674484145,0.6770698581712541,0.6856359947692612,0.6856359947692612,0.6856359947692604,0.6775856262267468
1120,10,80,0.15246725621177995,0.15496861428683106,0.1530315066082457,0.154968614286831,0.15294311317078096,0.15294311317078071,0.16445354159819575,0.16715544280945488,0.1650659997743367,0.16715544280945485,0.1650659997743366,0.1671554428094543,-0.011986285386415801,-0.012186828522623816,-0.01203449316609101,-0.012186828522623842,-0.01212288660355565,0.9271144587709669,0.9270928405453365,0.9270928405453366,0.9270928405453369,0.926557336943229
1121,1,7,-0.10397162215514412,-0.12130022584766817,-0.10397162215514413,-0.12130022584766802,-0.10397162215514413,-0.10397162215514409,0.06130494975775781,0.07152244138405081,0.06130494975775783,0.07152244138405087,0.06130494975775796,0.07152244138405077,-0.16527657191290193,-0.19282266723171898,-0.16527657191290196,-0.19282266723171892,-0.1652765719129021,-1.695974347356627,-1.6959743473566269,-1.6959743473566267,-1.6959743473566256,-1.6959743473566233
1121,2,32,0.026446300882512066,0.031128177047808292,0.030155421515064285,0.031128177047808226,0.0309230357375343,0.030923035737534427,0.0368488795905605,0.039015330538976316,0.03779610145963331,0.03901533053897629,0.0377961014596333,0.03901533053897631,-0.010402578708048432,-0.007887153491168024,-0.007640679944569025,-0.007887153491168008,-0.006873065722099003,0.7176962007085491,0.7978447604515677,0.7978447604515677,0.7978447604515656,0.8181541096390716
1121,3,38,0.03064139968412275,0.030667997325867478,0.02986094476466044,0.03066799732586747,0.0291159320005062,0.029115932000505825,0.03166154637932131,0.03180180829103972,0.030964918599170256,0.03180180829103971,0.030964918599170194,0.03180180829103966,-0.001020146695198558,-0.0011338109651722432,-0.0011039738345098166,-0.0011338109651722376,-0.0018489865986639938,0.9677796313870243,0.9643475944890939,0.9643475944890939,0.9643475944890942,0.9402876971001131
1121,4,44,0.038694914224135527,0.038814463605785915,0.03793231670565442,0.03881446360578591,0.037600137429292246,0.03760013742929225,0.022052058356059046,0.02285929198911058,0.022339762625721703,0.022859291989110585,0.02233976262572167,0.022859291989110558,0.01664285586807648,0.015955171616675336,0.015592554079932715,0.015955171616675333,0.015260374803570575,1.754707592341541,1.6979731316383666,1.6979731316383666,1.6979731316383686,1.6831037132865505
1121,5,48,0.044805114615673665,0.045854125794993365,0.044898831507597665,0.04585412579499339,0.04491846687945319,0.04491846687945311,0.02725570287543934,0.027800218050253754,0.027221046840873467,0.027800218050253758,0.02722104684087349,0.02780021805025377,0.017549411740234326,0.01805390774473961,0.0176777846667242,0.01805390774473963,0.017697420038579697,1.6438803585596926,1.6494160481800544,1.6494160481800544,1.649416048180056,1.650137378699423
1121,6,51,0.022845817748090396,0.02369675928362208,0.023232116944727526,0.02369675928362207,0.023974696674225787,0.023974696674226015,0.028978035589724324,0.029819012684958558,0.029234326161724073,0.02981901268495851,0.029234326161724125,0.029819012684958603,-0.006132217841633928,-0.006122253401336479,-0.006002209216996547,-0.006122253401336484,-0.005259629487498339,0.7883839357348148,0.7946862471263277,0.7946862471263277,0.7946862471263288,0.820087199602204
1121,7,62,0.043665293987461856,0.04248254686723464,0.04179734449840828,0.042482546867234676,0.04043862675906011,0.040438626759060244,0.049830495187965916,0.04993875160766116,0.049133287872053726,0.049938751607661175,0.04913328787205365,0.04993875160766108,-0.00616520120050406,-0.00745620474042652,-0.0073359433736454455,-0.007456204740426506,-0.0086946611129935375,0.8762765415585724,0.8506930089281075,0.8506930089281076,0.8506930089281086,0.823039298008409
1121,8,47,0.02828039080465574,0.029258432688036146,0.028635912843609845,0.02925843268803613,0.028807566796227823,0.028807566796227625,0.045588333325951906,0.0471486781286861,0.04614551476424597,0.047148678128686096,0.04614551476424595,0.047148678128686144,-0.017307942521296166,-0.017890245440649957,-0.017509601920636126,-0.01789024544064997,-0.017337947968018127,0.6203427223902626,0.6205567971212069,0.6205567971212069,0.6205567971212058,0.6242766375757984
1121,9,41,0.06250009592130404,0.06570315844442373,0.06410064238480363,0.06570315844442373,0.06474248071316269,0.06474248071316267,0.05412565011438238,0.05671436830852858,0.055331091032710805,0.056714368308528565,0.05533109103271081,0.05671436830852863,0.008374445806921656,0.008988790135895153,0.008769551352092828,0.008988790135895172,0.009411389680451875,1.1547223135283207,1.1584922904720678,1.1584922904720678,1.1584922904720676,1.170092248404934
1121,10,31,0.16651345805501128,0.17247152502389504,0.16690792744247906,0.17247152502389498,0.16664367313974812,0.16664367313974837,0.17877138435813944,0.18497376456372902,0.179006868932641,0.184973764563729,0.179006868932641,0.18497376456372877,-0.012257926303128164,-0.012502239539833981,-0.01209894149016194,-0.012502239539834018,-0.012363195792892884,0.9314323914471043,0.9324107417648053,0.9324107417648052,0.932410741764805,0.9309345173924859
1130,1,5,0.05226499281268826,0.06533124101586034,0.052264992812688274,0.06533124101586035,0.05226499281268833,0.052264992812688274,0.12168284789644015,0.15210355987055016,0.12168284789644013,0.15210355987055013,0.1216828478964402,0.15210355987055016,-0.0694178550837519,-0.08677231885468982,-0.06941785508375185,-0.08677231885468985,-0.06941785508375187,0.42951815901916673,0.4295181590191669,0.42951815901916696,0.42951815901916723,0.4295181590191672
1130,2,3,8.673617379884035e-19,2.059470241577441e-18,1.3729801610516273e-18,1.0399987765468382e-18,0,-4.307101247591705e-18,0.007917656373713371,0.011876484560570071,0.00791765637371338,0.011876484560570043,0.007917656373713259,0.011876484560570071,-0.007917656373713371,-0.01187648456057007,-0.007917656373713378,-0.011876484560570116,-0.007917656373713259,1.095477875079355e-16,1.7340739434082055e-16,1.7340739434082055e-16,-2.034221935976481e-14,0
1130,3,2,0.07458927358231437,0.14917854716462872,0.07458927358231436,0.14917854716462875,0.07458927358231415,0.07458927358231435,0.03917050691244239,0.07834101382488479,0.03917050691244239,0.0783410138248847,0.03917050691244239,0.0783410138248848,0.03541876666987198,0.07083753333974394,0.03541876666987197,0.07083753333974399,0.03541876666987176,1.9042202785132025,1.904220278513202,1.904220278513202,1.9042202785132059,1.9042202785131968
1130,4,1,NA,NA,NA,NA,NA,NA,NA,NA,NA,NA,NA,NA,NA,NA,NA,NA,NA,NA,NA,NA,NA,NA
1130,5,2,0.013454071154235137,0.026908142308470252,0.013454071154235126,0.026908142308470172,0.013454071154235026,0.013454071154235036,0.020900321543408373,0.04180064308681672,0.02090032154340836,0.041800643086816754,0.020900321543408262,0.041800643086816726,-0.007446250389173237,-0.014892500778346467,-0.007446250389173233,-0.014892500778346479,-0.007446250389173237,0.6437255583026346,0.6437255583026346,0.6437255583026346,0.643725558302632,0.6437255583026327
1130,6,2,0.017909572308413363,0.03581914461682668,0.01790957230841334,0.0358191446168268,0.01790957230841328,0.017909572308413352,0.03221288515406162,0.06442577030812324,0.03221288515406162,0.06442577030812342,0.03221288515406173,0.06442577030812326,-0.014303312845648258,-0.028606625691296565,-0.014303312845648283,-0.02860662569129651,-0.014303312845648453,0.5559754186177018,0.5559754186177011,0.5559754186177011,0.555975418617701,0.5559754186176974
1130,7,1,NA,NA,NA,NA,NA,NA,NA,NA,NA,NA,NA,NA,NA,NA,NA,NA,NA,NA,NA,NA,NA,NA
1130,8,1,NA,NA,NA,NA,NA,NA,NA,NA,NA,NA,NA,NA,NA,NA,NA,NA,NA,NA,NA,NA,NA,NA
1130,9,1,NA,NA,NA,NA,NA,NA,NA,NA,NA,NA,NA,NA,NA,NA,NA,NA,NA,NA,NA,NA,NA,NA
1131,2,1,NA,NA,NA,NA,NA,NA,NA,NA,NA,NA,NA,NA,NA,NA,NA,NA,NA,NA,NA,NA,NA,NA
1132,2,1,NA,NA,NA,NA,NA,NA,NA,NA,NA,NA,NA,NA,NA,NA,NA,NA,NA,NA,NA,NA,NA,NA
1132,3,1,NA,NA,NA,NA,NA,NA,NA,NA,NA,NA,NA,NA,NA,NA,NA,NA,NA,NA,NA,NA,NA,NA
1132,4,4,0.0088337528969617,0.011778337195948905,0.008833752896961679,0.011778337195948873,0.008833752896961755,0.008833752896961679,0.0121744054360136,0.016232540581351453,0.012174405436013589,0.016232540581351453,0.012174405436013558,0.016232540581351453,-0.0033406525390519,-0.004454203385402549,-0.0033406525390519103,-0.004454203385402533,-0.0033406525390518027,0.7256003542341558,0.7256003542341546,0.7256003542341547,0.7256003542341514,0.7256003542341628
1132,5,2,0,0,0,NA,-0.0065612023801484565,-0.006561202380148636,0,0,0,NA,0,0,0,0,0,NA,-0.0065612023801484565,NA,NA,NA,NA,-Inf
1132,7,2,0,0,0,NA,0.023903538303649663,0.023903538303649788,0,0,0,NA,0,0,0,0,0,NA,0.023903538303649663,NA,NA,NA,NA,Inf
1133,1,1,NA,NA,NA,NA,NA,NA,NA,NA,NA,NA,NA,NA,NA,NA,NA,NA,NA,NA,NA,NA,NA,NA
1133,5,1,NA,NA,NA,NA,NA,NA,NA,NA,NA,NA,NA,NA,NA,NA,NA,NA,NA,NA,NA,NA,NA,NA
1140,1,46,0.10743878925745036,0.10787047956724653,0.10552546914187161,0.10787047956724662,0.10630703773488741,0.1063070377348875,0.10080092890279084,0.10119567523379236,0.09899576925044905,0.10119567523379243,0.098995769250449,0.10119567523379223,0.006637860354659519,0.0066748043334541735,0.006529699891422561,0.0066748043334541604,0.007311268484438402,1.0658511823939723,1.0659593833237773,1.0659593833237773,1.0659593833237764,1.0738543529667581
1140,2,36,0.01622870753401639,0.017447713313520477,0.01696305461036713,0.017447713313520474,0.016907142034559303,0.016907142034559394,0.03374274049910567,0.03553088565449569,0.03454391660853748,0.03553088565449568,0.034543916608537534,0.0355308856544957,-0.017514032965089278,-0.018083172340975215,-0.017580861998170348,-0.018083172340975204,-0.01763677457397823,0.4809540450470086,0.4910576528596279,0.4910576528596279,0.49105765285962666,0.48943905886979533
1140,3,20,0.002641398423519545,0.0010008506634869917,9.50808130312642e-4,0.001000850663486972,7.755325914219569e-4,7.755325914221462e-4,0.020501364181300843,0.02185181977498782,0.020759228786238426,0.021851819774987825,0.02075922878623846,0.021851819774987832,-0.017859965757781298,-0.020850969111500826,-0.019808420655925783,-0.020850969111500823,-0.019983696194816505,0.12884012986456514,0.045801707765894734,0.045801707765894734,0.04580170776589129,0.037358449073795395
1140,4,10,-0.014300295380891776,-0.014960725737520556,-0.0134646531637685,-0.01496072573752058,-0.014740622885679322,-0.014740622885679325,0.028635431456065636,0.03318083819740232,0.02986275437766209,0.033180838197402335,0.02986275437766217,0.03318083819740232,-0.042935726836957414,-0.048141563934922874,-0.04332740754143059,-0.048141563934922846,-0.044603377263341494,-0.4993916506141083,-0.4508845029325332,-0.4508845029325332,-0.4508845029325323,-0.4936123004348704
1140,5,1,NA,NA,NA,NA,NA,NA,NA,NA,NA,NA,NA,NA,NA,NA,NA,NA,NA,NA,NA,NA,NA,NA
1140,6,7,0.024550717049295866,0.02864250322417851,0.024550717049295862,0.028642503224178495,0.024550717049295758,0.024550717049295876,0.02437850140056023,0.02844158496732026,0.02437850140056022,0.028441584967320254,0.02437850140056013,0.028441584967320254,1.7221564873563452e-4,2.009182568582478e-4,1.7221564873564146e-4,2.009182568582672e-4,1.7221564873562759e-4,1.0070642426253353,1.0070642426253356,1.0070642426253356,1.0070642426253376,1.0070642426253351
1140,7,4,-0.11317069263564362,-0.15089425684752478,-0.11317069263564358,-0.15089425684752478,-0.1131706926356435,-0.11317069263564361,0.017468239564428313,0.02329098608590442,0.017468239564428313,0.02329098608590445,0.017468239564428334,0.02329098608590442,-0.13063893220007194,-0.17418524293342919,-0.1306389322000719,-0.1741852429334292,-0.13063893220007183,-6.478654716076845,-6.478654716076842,-6.478654716076843,-6.478654716076853,-6.47865471607683
1140,8,1,NA,NA,NA,NA,NA,NA,NA,NA,NA,NA,NA,NA,NA,NA,NA,NA,NA,NA,NA,NA,NA,NA
1150,1,8,-0.0010442453848488065,-0.0011934232969700693,-0.0010442453848488107,-0.0011934232969699912,-0.0010442453848489297,-0.0010442453848487972,0.042855899756352234,0.04897817115011685,0.04285589975635225,0.048978171150116837,0.04285589975635218,0.048978171150116843,-0.04390014514120104,-0.05017159444708692,-0.04390014514120106,-0.050171594447086874,-0.04390014514120111,-0.024366432411538047,-0.024366432411538137,-0.024366432411538134,-0.02436643241153725,-0.02436643241154095
1150,2,8,0.009941924649755463,0.011622733564215644,0.010169891868688689,0.011622733564215637,0.007207574556574503,0.0072075745565743695,0.02543148535564852,0.0263747758517633,0.023077928870292887,0.0263747758517633,0.02307792887029292,0.0263747758517633,-0.015489560705893059,-0.014752042287547654,-0.012908037001604198,-0.014752042287547654,-0.015870354313718416,0.39092976720478056,0.44067610771519033,0.44067610771519033,0.44067610771519206,0.3123146187460721
1150,3,2,-0.03333459147981119,-0.06666918295962235,-0.033334591479811174,-0.06666918295962232,-0.033334591479811326,-0.03333459147981115,0.002537565926957891,0.005075131853915812,0.002537565926957906,0.005075131853915826,0.0025375659269579742,0.005075131853915812,-0.03587215740676908,-0.07174431481353816,-0.03587215740676908,-0.07174431481353814,-0.0358721574067693,-13.13644352080881,-13.136443520808726,-13.136443520808726,-13.136443520808683,-13.136443520808433
1150,4,2,0.020524067015948527,0.041048134031897124,0.020524067015948562,0.041048134031896964,0.020524067015948555,0.020524067015948513,0.03488372093023254,0.06976744186046512,0.03488372093023256,0.06976744186046514,0.03488372093023262,0.06976744186046512,-0.01435965391428401,-0.02871930782856799,-0.014359653914283996,-0.02871930782856803,-0.014359653914284065,0.5883565877905248,0.5883565877905255,0.5883565877905255,0.5883565877905229,0.5883565877905242
1150,5,6,0.050536081607243995,0.05550502779703465,0.046254189830862213,0.05550502779703473,0.04683881845900325,0.04683881845900336,0.02209910741766698,0.026260387811634346,0.02188365650969529,0.026260387811634426,0.02188365650969522,0.026260387811634346,0.028436974189577014,0.029244639985400306,0.024370533321166923,0.029244639985400275,0.024955161949308028,2.286792884985177,2.1136408264482607,2.1136408264482607,2.113640826448245,2.1403561346455984
1160,1,9,0.03598500607924041,0.04346217423515297,0.03863304376458042,0.043462174235153035,0.037139492609107684,0.03713949260910774,0.037537834484284646,0.039880614648023074,0.03544943524268718,0.039880614648023144,0.03544943524268716,0.039880614648023074,-0.0015528284050442334,0.0035815595871298983,0.0031836085218932414,0.0035815595871299113,0.0016900573664205207,0.9586329785301192,1.0898070307777326,1.0898070307777326,1.0898070307777326,1.0476751563135032
1160,2,18,0.015490619141381433,0.016782639644153694,0.015850270775034044,0.016782639644153705,0.015067533244815776,0.015067533244815839,0.035461089245059134,0.03782246025788498,0.03572121246578026,0.037822460257884966,0.03572121246578024,0.03782246025788501,-0.019970470103677702,-0.021039820613731285,-0.019870941690746213,-0.021039820613731292,-0.020653679220964467,0.4368342730346269,0.44372152233684903,0.44372152233684903,0.4437215223368501,0.42180912137990784
1160,3,24,0.022453565176822735,0.02289936679259509,0.021945226509570297,0.022899366792595077,0.023232685311221097,0.023232685311221083,0.029327375414136686,0.0301064963122345,0.028852058965891395,0.0301064963122345,0.02885205896589138,0.030106496312234488,-0.006873810237313951,-0.0072071295196394075,-0.006906832456321097,-0.007207129519639406,-0.005619373654670284,0.7656179545476625,0.7606121467973469,0.760612146797347,0.7606121467973469,0.8052349171574392
1160,4,15,0.024718257457291875,0.027261459633542432,0.02544402899130627,0.02726145963354243,0.025584840886236058,0.025584840886236283,0.01536761964222227,0.016526253590846085,0.015424503351456346,0.016526253590846092,0.01542450335145631,0.016526253590846078,0.009350637815069606,0.010735206042696347,0.010019525639849924,0.010735206042696349,0.010160337534779748,1.6084636419149059,1.6495849760312642,1.6495849760312642,1.6495849760312604,1.6587140800109106
1160,5,14,0.04346514155802363,0.04827450309591015,0.04482632430334514,0.048274503095910186,0.04402462269668904,0.04402462269668901,0.02274438164605355,0.024861098731318896,0.02308530596479612,0.02486109873131893,0.023085305964796125,0.024861098731318875,0.020720759911970085,0.023413404364591255,0.021741018338549023,0.023413404364591255,0.020939316731892914,1.9110276214330677,1.9417686892130837,1.9417686892130837,1.9417686892130777,1.9070409014212013
1160,6,14,0.05291808459160093,0.06040553707640927,0.056090855856665754,0.06040553707640929,0.05688869890656635,0.05688869890656614,0.0259866219309951,0.02964760328453665,0.027529917335641176,0.029647603284536656,0.027529917335641203,0.02964760328453663,0.026931462660605834,0.03075793379187262,0.02856093852102458,0.030757933791872652,0.029358781570925148,2.0363587361265987,2.0374509364780624,2.0374509364780624,2.037450936478062,2.066431882558406
1160,7,5,0.030695016540577335,0.05090878636621315,0.04072702909297052,0.05090878636621317,0.03893681386331256,0.038936813863312436,0.02736743312998593,0.030971374941342087,0.024777099953073672,0.03097137494134214,0.024777099953073645,0.030971374941342094,0.0033275834105914066,0.01993741142487106,0.015949929139896846,0.019937411424871068,0.014159713910238916,1.1215891674892025,1.6437367234303066,1.6437367234303064,1.643736723430298,1.5714839080060448
1160,8,3,-0.05263305650485748,-0.07894958475728618,-0.05263305650485745,-0.07894958475728633,-0.052633056504857535,-0.05263305650485748,0.02329092085400042,0.03493638128100064,0.023290920854000426,0.034936381281000614,0.02329092085400042,0.03493638128100064,-0.07592397735885789,-0.11388596603828682,-0.07592397735885788,-0.11388596603828692,-0.07592397735885795,-2.259810027898373,-2.259810027898371,-2.259810027898371,-2.2598100278984075,-2.259810027898375
1160,9,4,-0.05613806969827434,-0.07485075959769909,-0.05613806969827431,-0.07485075959769903,-0.056138069698274284,-0.056138069698274264,0.03804347826086956,0.050724637681159424,0.03804347826086957,0.050724637681159444,0.03804347826086962,0.050724637681159424,-0.09418154795914391,-0.12557539727885852,-0.09418154795914388,-0.12557539727885855,-0.09418154795914391,-1.4756292606403543,-1.4756292606403534,-1.4756292606403532,-1.4756292606403578,-1.4756292606403503
1170,10,3,0.07400923067265124,0.11101384600897686,0.07400923067265124,0.11101384600897685,0.07400923067265126,0.07400923067265125,0.0822695035460993,0.12340425531914895,0.0822695035460993,0.12340425531914909,0.08226950354609919,0.12340425531914892,-0.008260272873448063,-0.012390409310172087,-0.008260272873448063,-0.012390409310172101,-0.008260272873447924,0.8995949590382606,0.8995949590382607,0.8995949590382606,0.8995949590382591,0.8995949590382621
1180,1,1,NA,NA,NA,NA,NA,NA,NA,NA,NA,NA,NA,NA,NA,NA,NA,NA,NA,NA,NA,NA,NA,NA
1180,2,8,-0.05247593758251413,-0.05997250009430184,-0.052475937582514114,-0.0599725000943019,-0.05247593758251412,-0.052475937582514176,0.02250068287353183,0.025715066141179226,0.022500682873531824,0.025715066141179205,0.022500682873531908,0.025715066141179226,-0.07497662045604596,-0.08568756623548107,-0.07497662045604594,-0.0856875662354811,-0.07497662045604603,-2.3321931106474554,-2.3321931106474554,-2.3321931106474554,-2.332193110647459,-2.3321931106474474
1180,3,19,0.036214074448964274,0.037671862287554855,0.03568913269347302,0.037671862287554814,0.036133888021856186,0.03613388802185633,0.02627755460879223,0.027418458509535892,0.025975381745876106,0.027418458509535885,0.025975381745876172,0.027418458509535885,0.009936519840172044,0.010253403778018963,0.009713750947596914,0.010253403778018939,0.010158506275980014,1.3781371588072877,1.3739598918171465,1.3739598918171467,1.3739598918171456,1.3910820782294284
1180,4,44,0.029734118398240347,0.031155534613833427,0.03044745428170085,0.031155534613833448,0.030070840421307598,0.030070840421307154,0.02409797522975964,0.0249838521720457,0.024416037349953755,0.02498385217204571,0.02441603734995371,0.024983852172045677,0.005636143168480708,0.006171682441787726,0.006031416931747094,0.006171682441787728,0.005654803071353888,1.2338845116547548,1.2470268555580548,1.2470268555580546,1.2470268555580546,1.2316019995507015
1180,5,32,0.027429402699687123,0.029024495473131698,0.028117479989596333,0.02902449547313165,0.028206280872825173,0.028206280872824813,0.026144928039364166,0.026486503138988662,0.025658799915895265,0.02648650313898861,0.02565879991589526,0.026486503138988666,0.0012844746603229568,0.0025379923341430355,0.0024586800737010674,0.002537992334143016,0.002547480956929915,1.0491290187675801,1.0958220993094048,1.095822099309405,1.095822099309407,1.0992829347155784
1180,6,45,0.018454062921797236,0.019630770542023338,0.01919453119664504,0.019630770542023338,0.019384279969208586,0.019384279969208693,0.027228858489253712,0.02858406584593687,0.02794886438269383,0.028584065845936854,0.027948864382693887,0.028584065845936882,-0.008774795567456476,-0.008953295303913533,-0.008754333186048787,-0.008953295303913525,-0.008564584413485302,0.6777391321446845,0.6867732060172883,0.6867732060172883,0.6867732060172914,0.6935623467124287
1180,7,22,0.021055029015214718,0.021955910414329382,0.02095791448640532,0.021955910414329306,0.019634924313065936,0.01963492431306609,0.03693146017136968,0.03908893952963222,0.037312169551012575,0.03908893952963215,0.037312169551012596,0.039088939529632195,-0.015876431156154964,-0.01713302911530284,-0.016354255064607255,-0.01713302911530283,-0.01767724523794666,0.5701109275808481,0.561691124868845,0.561691124868845,0.5616911248688463,0.5262337877785794
1180,8,8,-0.028427729587897535,-0.03248883381474003,-0.028427729587897525,-0.03248883381474001,-0.02842772958789741,-0.02842772958789755,0.03613885909895465,0.041301553255948184,0.03613885909895466,0.041301553255948184,0.036138859098954645,0.041301553255948184,-0.0645665886868522,-0.07379038707068822,-0.06456658868685218,-0.07379038707068818,-0.06456658868685206,-0.786624987525404,-0.7866249875254034,-0.7866249875254036,-0.786624987525402,-0.7866249875254007
1180,9,4,0.055244576515436516,0.07365943535391535,0.055244576515436516,0.07365943535391539,0.05524457651543635,0.055244576515436586,0.07309506080913375,0.09746008107884505,0.07309506080913378,0.09746008107884498,0.07309506080913386,0.09746008107884506,-0.017850484293697233,-0.023800645724929695,-0.01785048429369726,-0.023800645724929643,-0.01785048429369751,0.7557908277782472,0.7557908277782468,0.755790827778247,0.7557908277782484,0.7557908277782438
1180,10,1,NA,NA,NA,NA,NA,NA,NA,NA,NA,NA,NA,NA,NA,NA,NA,NA,NA,NA,NA,NA,NA,NA
1190,1,3,0.07721282264258764,0.11581923396388148,0.07721282264258765,0.11581923396388132,0.07721282264258751,0.07721282264258744,0.041666666666666664,0.06250000000000001,0.04166666666666667,0.06249999999999992,0.041666666666666664,0.06249999999999999,0.03554615597592097,0.05331923396388147,0.03554615597592098,0.053319233963881496,0.03554615597592085,1.8531077434221033,1.8531077434221033,1.8531077434221035,1.8531077434221082,1.8531077434221004
1190,2,3,0.06778664089962659,0.10167996134943987,0.06778664089962658,0.10167996134944,0.06778664089962631,0.06778664089962658,0.024640193412663398,0.0369602901189951,0.024640193412663398,0.03696029011899516,0.024640193412663436,0.036960290118995084,0.043146447486963196,0.06471967123044477,0.04314644748696318,0.06471967123044474,0.04314644748696288,2.7510596107897767,2.7510596107897762,2.7510596107897762,2.7510596107897647,2.751059610789761
1190,3,6,0.012307326648726823,0.014768791978472187,0.012307326648726823,0.014768791978472159,0.012307326648726727,0.012307326648726932,0.028687620495803992,0.034425144594964804,0.028687620495804006,0.03442514459496488,0.02868762049580405,0.0344251445949648,-0.01638029384707717,-0.019656352616492616,-0.016380293847077183,-0.01965635261649261,-0.016380293847077322,0.4290117631236428,0.42901176312364264,0.4290117631236426,0.42901176312364353,0.4290117631236386
1190,4,5,0.021981464775540062,0.027476830969425086,0.02198146477554007,0.027476830969425086,0.02198146477554026,0.021981464775540104,0.01815235008103728,0.022690437601296597,0.01815235008103728,0.022690437601296593,0.018152350081037306,0.0226904376012966,0.003829114694502783,0.004786393368128489,0.00382911469450279,0.004786393368128514,0.003829114694502953,1.2109431934382338,1.2109431934382342,1.210943193438234,1.2109431934382426,1.2109431934382426
1190,5,5,0.014876523893903074,0.01859565486737884,0.014876523893903072,0.018595654867378863,0.014876523893902949,0.014876523893903069,0.025291481360647017,0.031614351700808764,0.025291481360647013,0.03161435170080877,0.025291481360646982,0.03161435170080877,-0.010414957466743943,-0.013018696833429926,-0.010414957466743941,-0.013018696833429915,-0.010414957466744033,0.5882029479321292,0.5882029479321292,0.5882029479321292,0.5882029479321306,0.5882029479321251
1190,6,1,NA,NA,NA,NA,NA,NA,NA,NA,NA,NA,NA,NA,NA,NA,NA,NA,NA,NA,NA,NA,NA,NA
1190,7,3,0.07285661778728053,0.10928492668092078,0.07285661778728052,0.10928492668092084,0.0728566177872804,0.07285661778728045,0.006197432492253205,0.009296148738379814,0.00619743249225321,0.009296148738379821,0.006197432492253204,0.00929614873837981,0.06665918529502733,0.09998877794254096,0.0666591852950273,0.09998877794254099,0.0666591852950272,11.755935684390488,11.755935684390478,11.755935684390478,11.755935684390533,11.75593568439047
1190,8,8,0.007862868608539233,0.007572732686197189,0.00662614110042254,0.007572732686197201,0.007167951758873192,0.007167951758873173,0.03033483274976982,0.035300137062979894,0.030887619930107406,0.03530013706297987,0.030887619930107357,0.03530013706297989,-0.022471964141230587,-0.027727404376782706,-0.024261478829684865,-0.027727404376782686,-0.023719668171234165,0.25920263590702985,0.21452417231940146,0.21452417231940146,0.2145241723194019,0.23206552577028808
1190,9,2,0.03067762379172673,0.06135524758345345,0.030677623791726723,0.06135524758345343,0.030677623791726782,0.030677623791726717,0.02413793103448278,0.04827586206896552,0.02413793103448276,0.048275862068965426,0.024137931034482696,0.048275862068965524,0.006539692757243951,0.01307938551448793,0.006539692757243965,0.013079385514487903,0.006539692757244087,1.2709301285143921,1.2709301285143928,1.2709301285143928,1.2709301285143961,1.2709301285143986
1190,10,3,0.07177093846344548,0.10765640769516824,0.07177093846344548,0.10765640769516828,0.07177093846344551,0.07177093846344548,0.058151048699252854,0.08722657304887929,0.05815104869925286,0.08722657304887939,0.05815104869925284,0.08722657304887925,0.013619889764192629,0.020429834646288947,0.013619889764192622,0.020429834646289027,0.01361988976419267,1.2342157204186006,1.2342157204186006,1.2342157204186004,1.2342157204186013,1.2342157204186013
1200,1,10,0.06181457690816352,0.06873314378052231,0.06185982940247008,0.06873314378052224,0.06756481620230854,0.06756481620230873,0.05626773642374263,0.06721475208214678,0.0604932768739321,0.06721475208214675,0.06049327687393209,0.06721475208214676,0.00554684048442089,0.001518391698375532,0.0013665525285379843,0.0015183916983755072,0.007071539328376453,1.098579414011763,1.0225901554545618,1.022590155454562,1.0225901554545613,1.1168979379826545
1200,2,19,0.007008257066088626,0.007622976502668096,0.007221767213053985,0.007622976502668114,0.007362225381224955,0.007362225381225219,0.034354032003117985,0.03729882409659166,0.03533572809150789,0.037298824096591646,0.035335728091507916,0.037298824096591625,-0.02734577493702936,-0.029675847593923565,-0.028113960878453904,-0.029675847593923537,-0.02797350271028296,0.20400100533912743,0.20437578629629446,0.20437578629629444,0.20437578629629724,0.20835074806324105
1200,3,4,0.017920012776823056,0.023893350369097368,0.017920012776823025,0.023893350369097423,0.01792001277682309,0.017920012776823105,0.007612667478684498,0.010150223304912708,0.007612667478684531,0.01015022330491262,0.007612667478684498,0.010150223304912708,0.010307345298138558,0.01374312706418466,0.010307345298138494,0.013743127064184742,0.010307345298138593,2.353972878363487,2.353972878363473,2.3539728783634724,2.3539728783634595,2.3539728783634914
1200,4,3,-0.025187808649364582,-0.037781712974046866,-0.025187808649364575,-0.03778171297404682,-0.02518780864936465,-0.025187808649364558,0.006751954513148548,0.010127931769722815,0.006751954513148543,0.010127931769722832,0.006751954513148621,0.010127931769722811,-0.03193976316251313,-0.04790964474376968,-0.03193976316251312,-0.04790964474376961,-0.03193976316251327,-3.7304470283848357,-3.730447028384838,-3.7304470283848374,-3.73044702838487,-3.730447028384806
1200,5,4,0.026752064054182904,0.02729243246331756,0.02046932434748817,0.02729243246331751,0.016408266576416253,0.016408266576416423,0.019694790667944995,0.022477894961116435,0.016858421220837326,0.022477894961116483,0.01685842122083736,0.022477894961116438,0.007057273386237909,0.004814537502201125,0.0036109031266508447,0.004814537502201158,-4.50154644421108e-4,1.3583319825645186,1.2141898745647486,1.2141898745647488,1.2141898745647537,0.9732979358787934
1200,6,6,-0.049029603142918654,-0.05735027063659547,-0.04779189219716289,-0.05735027063659555,-0.037640031627937866,-0.03764003162793793,0.011029411764705871,0.014705882352941178,0.012254901960784315,0.014705882352941185,0.01225490196078427,0.014705882352941178,-0.060059014907624525,-0.07205615298953665,-0.06004679415794721,-0.07205615298953671,-0.049894933588722136,-4.445350684957963,-3.8998184032884917,-3.8998184032884917,-3.8998184032885477,-3.071426580839741
1200,7,14,0.021287987773487855,0.02649052614224571,0.024598345703513873,0.026490526142245722,0.01881948350573102,0.01881948350573129,0.037040994408234496,0.040689386239124464,0.03778300150775843,0.0406893862391245,0.037783001507758485,0.04068938623912443,-0.01575300663474664,-0.014198860096878756,-0.013184655804244556,-0.014198860096878742,-0.018963518002027464,0.5747142622271332,0.6510426573299848,0.6510426573299849,0.6510426573299863,0.49809392464139113
1200,8,3,0.0033908946472160913,0.005086341970824159,0.003390894647216106,0.005086341970823943,0.0033908946472163137,0.0033908946472160314,0.005960274116943074,0.008940411175414565,0.005960274116943044,0.00894041117541449,0.005960274116943036,0.008940411175414564,-0.0025693794697269827,-0.003854069204590406,-0.0025693794697269376,-0.0038540692045904556,-0.002569379469726722,0.5689158888811686,0.5689158888811741,0.568915888881174,0.5689158888811409,0.5689158888812096
1200,9,2,0.029749988172257907,0.05949997634451581,0.029749988172257904,0.059499976344515836,0.029749988172258046,0.029749988172257928,0.09171597633136097,0.1834319526627219,0.09171597633136094,0.18343195266272208,0.09171597633136086,0.1834319526627219,-0.061965988159103064,-0.12393197631820607,-0.061965988159103036,-0.12393197631820609,-0.061965988159102814,0.32437083878139256,0.32437083878139267,0.32437083878139267,0.32437083878139233,0.3243708387813945
1200,10,5,0.11273217295652463,0.1479394740823361,0.11835157926586888,0.14793947408233624,0.12244730488763107,0.12244730488763096,0.11014273514700498,0.14923142613151152,0.11938514090520923,0.1492314261315115,0.11938514090520921,0.14923142613151152,0.0025894378095196458,-0.0012919520491754266,-0.0010335616393403468,-0.0012919520491753665,0.003062163982421859,1.023509837540021,0.9913426274701893,0.9913426274701892,0.9913426274701893,1.025649456533734
1201,1,264,0.06288674847013039,0.06321472740301803,0.0629752776780066,0.06321472740301803,0.06286794234399153,0.0628679423439915,0.080992033339834,0.08131722818539609,0.08100920838166353,0.08131722818539602,0.08100920838166344,0.08131722818539604,-0.018105284869703614,-0.01810250078237806,-0.018033930703656928,-0.018102500782378027,-0.01814126603767191,0.7764559781610155,0.7773841879963498,0.7773841879963499,0.7773841879963479,0.7760592110442321
1201,2,130,0.019526089290934648,0.02044540309124563,0.02028813075977451,0.020445403091245627,0.020056703594877944,0.020056703594878062,0.034814107508360774,0.03580471042326277,0.035529289573853054,0.03580471042326276,0.03552928957385312,0.03580471042326258,-0.015288018217426126,-0.015359307332017139,-0.015241158814078545,-0.01535930733201713,-0.01547258597897518,0.5608671509457872,0.5710255117148495,0.5710255117148495,0.5710255117148496,0.5645118108310886
1201,3,122,0.011934234913476706,0.011783904059131912,0.011687314681598044,0.011783904059131923,0.011147773961261848,0.011147773961261419,0.02927695596478166,0.02934888933714985,0.0291083246704519,0.029348889337149818,0.029108324670451935,0.029348889337149908,-0.017342721051304955,-0.017564985278017937,-0.017421009988853854,-0.017564985278017933,-0.017960550709190087,0.40763236887854193,0.4015110733412265,0.40151107334122643,0.40151107334122804,0.382975457621511
1201,4,128,0.00922818017784418,0.008729655895695326,0.008661455459010207,0.008729655895695337,0.007954844831278063,0.007954844831278701,0.024798571932407035,0.02481780894260631,0.024623919810242197,0.024817808942606333,0.024623919810242256,0.024817808942606313,-0.015570391754562856,-0.016088153046910983,-0.01596246435123199,-0.01608815304691099,-0.016669074978964193,0.37212546766794646,0.3517496615387578,0.3517496615387578,0.35174966153875736,0.3230535549408858
1201,5,107,0.01535472240622902,0.015227398761535617,0.01508508662357734,0.015227398761535607,0.014556698905383926,0.014556698905383941,0.026179752248114287,0.02634166902166001,0.02609548519902767,0.026341669021660023,0.02609548519902763,0.02634166902166001,-0.010825029841885266,-0.011114270260124392,-0.01101039857545033,-0.011114270260124414,-0.011538786293643704,0.5865113718688844,0.5780726630880738,0.5780726630880738,0.5780726630880768,0.5578244203685601
1201,6,84,0.03929658230489191,0.038564591743498314,0.038105489460837624,0.03856459174349831,0.03852692986252393,0.03852692986252432,0.03163624216172575,0.03185768496225497,0.03147842680794241,0.031857684962254953,0.03147842680794236,0.03185768496225487,0.007660340143166154,0.006706906781243346,0.006627062652895213,0.0067069067812433195,0.007048503054581566,1.2421381181749143,1.2105271236497472,1.2105271236497472,1.2105271236497503,1.2239153531269595
1201,7,100,0.034730888440703135,0.03333363217239511,0.03300029585067116,0.03333363217239509,0.03290206960580221,0.03290206960580235,0.04886268974065166,0.04844460649559712,0.04796016043064115,0.04844460649559715,0.047960160430641136,0.04844460649559721,-0.014131801299948524,-0.015110974323202013,-0.014959864579969992,-0.015110974323202039,-0.015058090824838923,0.7107854402826402,0.6880772615094857,0.6880772615094857,0.6880772615094843,0.686029181520033
1201,8,101,0.049700165214091915,0.04918169985991144,0.04869475233654598,0.04918169985991145,0.04870472139396352,0.04870472139396373,0.04905622633033169,0.04951343453923636,0.04902320251409541,0.04951343453923634,0.04902320251409546,0.04951343453923643,6.439388837602283e-4,-3.3173467932491596e-4,-3.284501775494275e-4,-3.317346793249252e-4,-3.184811201319415e-4,1.0131265474727738,0.9933001076897213,0.9933001076897212,0.9933001076897211,0.9935034615488376
1201,9,57,0.06573957556887047,0.06888610390741134,0.06767757576868483,0.06888610390741134,0.06739912267923712,0.06739912267923738,0.06513953820835726,0.06767609712340424,0.06648879717387082,0.06767609712340421,0.06648879717387078,0.06767609712340442,6.000373605132142e-4,0.0012100067840071088,0.001188778594814005,0.0012100067840071238,9.103255053663356e-4,1.0092115691485855,1.0178793818709835,1.0178793818709835,1.0178793818709841,1.0136914118477103
1201,10,18,0.23452268642550422,0.2501332932312651,0.23623699916286148,0.25013329323126515,0.23578691333659899,0.23578691333659887,0.18406901881445814,0.1971874621155996,0.18623260310917739,0.1971874621155996,0.1862326031091774,0.19718746211559976,0.05045366761104608,0.052945831115665504,0.05000439605368409,0.052945831115665504,0.04955431022742157,1.2741018990376836,1.2685050588288744,1.2685050588288744,1.268505058828874,1.2660882648908192
1202,1,12,0.01163422462223745,0.012691881406077212,0.011634224622237444,0.012691881406077271,0.01163422462223703,0.011634224622237475,0.039008282963957926,0.04255449050613591,0.03900828296395792,0.04255449050613593,0.039008282963957974,0.0425544905061359,-0.027374058341720478,-0.0298626091000587,-0.027374058341720475,-0.029862609100058696,-0.027374058341720943,0.2982501083933123,0.29825010839331223,0.29825010839331223,0.2982501083933123,0.2982501083933012
1202,2,23,0.05662594502409878,0.05907197462593462,0.0565036279030679,0.05907197462593465,0.056787959594299366,0.05678795959429951,0.032698513400917464,0.03431319376649673,0.03282131577664905,0.03431319376649672,0.032821315776649096,0.0343131937664967,0.023927431623181318,0.02475878085943789,0.02368231212641885,0.024758780859437907,0.02396664381765027,1.7317590047537132,1.7215527947623537,1.7215527947623537,1.7215527947623541,1.730215814038189
1202,3,23,0.024401460756199204,0.026194977604481466,0.0250560655347214,0.026194977604481536,0.026107820942964512,0.02610782094296457,0.023548700786972278,0.024726715340244447,0.02365164076023382,0.024726715340244454,0.02365164076023379,0.024726715340244416,8.52759969226926e-4,0.0014682622642370191,0.001404424774487583,0.0014682622642370274,0.0024561801827307217,1.0362126121921211,1.0593795918314843,1.0593795918314843,1.0593795918314823,1.1038481941963354
1202,4,21,0.027690601531904068,0.03374240923745502,0.032135627845195254,0.033742409237455015,0.03320005756572812,0.03320005756572819,0.01985775168671699,0.021463638014998575,0.020441560014284356,0.021463638014998676,0.020441560014284273,0.02146363801499859,0.00783284984518708,0.012278771222456446,0.011694067830910898,0.012278771222456434,0.01275849755144385,1.394447970181163,1.5720731599124138,1.5720731599124138,1.5720731599124105,1.6241450037339809
1202,5,25,0.020137933154392922,0.01822745415399454,0.01749835598783476,0.018227454153994564,0.015243566354336623,0.015243566354336548,0.02578614471999369,0.025491938223534644,0.024472260694593257,0.025491938223534655,0.024472260694593188,0.02549193822353465,-0.005648211565600768,-0.0072644840695401044,-0.0069739047067584985,-0.007264484069540088,-0.009228694340256565,0.7809594405471036,0.715028178483761,0.7150281784837611,0.7150281784837604,0.6228916300202899
1202,6,22,0.019157347174878134,0.020078150743639375,0.019165507528019404,0.020078150743639302,0.02034892347695496,0.020348923476954633,0.03094966975971559,0.03277601483567868,0.03128619597951147,0.03277601483567861,0.03128619597951143,0.03277601483567865,-0.011792322584837457,-0.012697864092039303,-0.012120688451492063,-0.012697864092039293,-0.010937272502556473,0.6189838962292753,0.6125866992769081,0.6125866992769081,0.6125866992769081,0.6504121974522238
1202,7,19,0.01175501794274441,0.010381629156676253,0.009835227622114345,0.010381629156676215,0.009679682667270017,0.009679682667270066,0.04576754492716591,0.04842374070099927,0.04587512276936773,0.04842374070099924,0.04587512276936772,0.048423740700999245,-0.0340125269844215,-0.03804211154432302,-0.03603989514725338,-0.03804211154432305,-0.0361954401020977,0.2568417851875439,0.21439130902297307,0.21439130902297307,0.21439130902297374,0.21100069237816732
1202,8,12,-0.0016556134346704682,-0.004657317468171853,-0.004269207679157532,-0.004657317468171897,0.0035478321768134258,0.0035478321768129166,0.04279944838455477,0.05754352030947778,0.05274822695035463,0.05754352030947772,0.0527482269503546,0.05754352030947775,-0.04445506181922523,-0.062200837777649634,-0.05701743462951216,-0.06220083777764962,-0.04920039477354118,-0.03868305544021771,-0.08093556743007889,-0.08093556743007889,-0.08093556743008126,0.06725974278059739
1202,9,14,0.034496168308163676,0.03862961447781131,0.03587035630082479,0.0386296144778114,0.03373924862861433,0.03373924862861461,0.0429886518725457,0.046874849120243686,0.043526645611654854,0.04687484912024371,0.04352664561165488,0.04687484912024366,-0.008492483564382022,-0.008245234642432375,-0.007656289310830067,-0.008245234642432335,-0.009787396983040555,0.8024482463520641,0.8241010947836517,0.8241010947836516,0.8241010947836551,0.7751401045152021
1202,10,14,0.16982274091127517,0.18288602867368098,0.1698227409112752,0.182886028673681,0.1698227409112751,0.16982274091127514,0.15490290498948403,0.16681851306559828,0.1549029049894841,0.16681851306559822,0.1549029049894841,0.16681851306559808,0.014919835921791136,0.0160675156080827,0.01491983592179108,0.016067515608082766,0.014919835921790997,1.0963173410001834,1.096317341000183,1.096317341000183,1.0963173410001836,1.0963173410001823
1210,1,12,0.06673699490914786,0.07418835153928535,0.06800598891101158,0.07418835153928537,0.06819342565200175,0.06819342565200161,0.06739811912225706,0.07466514676546025,0.06844305120167189,0.07466514676546024,0.06844305120167189,0.07466514676546024,-6.61124213109196e-4,-4.7679522617490033e-4,-4.370622906603172e-4,-4.7679522617487453e-4,-2.4962554967014605e-4,0.9901907616752635,0.9936142196616499,0.99361421966165,0.9936142196616498,0.99635279922085
1210,2,14,0.03766043079274613,0.04153129815967627,0.03856477686255654,0.04153129815967628,0.03899392503172753,0.03899392503172731,0.03635063119027212,0.037987904107259975,0.03527448238531283,0.03798790410725996,0.03527448238531277,0.03798790410725994,0.0013097996024740086,0.003543394052416299,0.003290294477243709,0.0035433940524163075,0.0037194426464147584,1.0360323757686092,1.0932769031534728,1.0932769031534728,1.0932769031534746,1.1054428696014948
1210,3,5,0.010653093040143892,0.013316366300179868,0.010653093040143896,0.01331636630017989,0.010653093040144057,0.010653093040143904,0.029871114480667166,0.037338893100833964,0.029871114480667173,0.03733889310083395,0.02987111448066724,0.03733889310083397,-0.019218021440523272,-0.024022526800654094,-0.01921802144052328,-0.02402252680065408,-0.019218021440523182,0.35663527207994405,0.3566352720799441,0.3566352720799441,0.3566352720799444,0.3566352720799487
1210,4,26,0.01525602467464422,0.01629188454790267,0.01566527360375257,0.016291884547902667,0.015313643171136978,0.015313643171136641,0.02388039112370508,0.025102063199970756,0.024136599230741112,0.02510206319997075,0.024136599230741167,0.025102063199970732,-0.008624366449060861,-0.008810178652068085,-0.008471325626988543,-0.008810178652068077,-0.00882295605960419,0.6388515412337695,0.6490257162575246,0.6490257162575247,0.6490257162575266,0.6344573659587063
1210,5,9,0.014391747083188161,0.01784482536112308,0.01586206698766496,0.017844825361123112,0.016295392458745697,0.016295392458745356,0.019280203310546654,0.02231417171567903,0.019834819302825803,0.02231417171567903,0.019834819302825737,0.022314171715679038,-0.0048884562273584925,-0.00446934635455595,-0.003972752315160841,-0.004469346354555967,-0.0035394268440800403,0.7464520395029024,0.79970816701139,0.7997081670113901,0.7997081670113861,0.8215548732740005
1210,6,3,0.10107901696694216,0.1516185254504132,0.10107901696694213,0.15161852545041318,0.10107901696694199,0.101079016966942,0.017576898932831174,0.026365348399246705,0.017576898932831136,0.026365348399246726,0.017576898932831025,0.02636534839924669,0.08350211803411098,0.1252531770511665,0.08350211803411099,0.12525317705116643,0.08350211803411096,5.7506740724406615,5.750674072440672,5.750674072440672,5.750674072440657,5.750674072440701
1210,7,2,-0.006908431694905542,-0.013816863389811133,-0.006908431694905567,-0.013816863389810984,-0.006908431694905515,-0.006908431694905494,0.01948051948051946,0.03896103896103896,0.01948051948051948,0.038961038961038905,0.01948051948051943,0.03896103896103896,-0.026388951175425,-0.052777902350850094,-0.026388951175425047,-0.05277790235084999,-0.026388951175424946,-0.3546328270051516,-0.3546328270051524,-0.3546328270051524,-0.3546328270051491,-0.35463282700515064
1210,8,1,NA,NA,NA,NA,NA,NA,NA,NA,NA,NA,NA,NA,NA,NA,NA,NA,NA,NA,NA,NA,NA,NA
1220,1,73,0.024731592399771744,0.024009543151706066,0.02368064530031283,0.024009543151706066,0.024403134089028364,0.02440313408902774,0.03498314521999476,0.0350063819459854,0.034526842467273264,0.0350063819459855,0.03452684246727322,0.035006381945985536,-0.010251552820223015,-0.010996838794279332,-0.010846197166960433,-0.010996838794279349,-0.010123708378244858,0.7069573717355837,0.6858618862341336,0.6858618862341337,0.6858618862341319,0.7067873093857115
1220,2,121,0.03596732636953021,0.03570700669574032,0.035411907466849905,0.03570700669574031,0.03546674213301165,0.03546674213301154,0.03713191949309457,0.037428848787825465,0.03711951945900046,0.03742884878782541,0.037119519459000445,0.03742884878782529,-0.0011645931235643586,-0.0017218420920851463,-0.001707611992150554,-0.0017218420920851235,-0.0016527773259887926,0.968636333928793,0.9539969262253876,0.9539969262253877,0.9539969262253859,0.9554741723471304
1220,3,91,0.027803407002434517,0.02854816745990722,0.028234451333974175,0.028548167459907216,0.027981942847807865,0.02798194284780725,0.02898196189676003,0.02943484909725813,0.029111389217068483,0.02943484909725813,0.02911138921706846,0.02943484909725804,-0.0011785548943255147,-8.866816373509119e-4,-8.769378830943073e-4,-8.866816373509171e-4,-0.0011294463692605936,0.9593348822097075,0.9698764673662449,0.969876467366245,0.9698764673662458,0.9612025945983237
1220,4,60,0.026150164348650317,0.02648340659906852,0.026042016489084045,0.02648340659906852,0.025933081387291425,0.02593308138729122,0.0256893669129936,0.026208208894608783,0.025771405413031967,0.026208208894608773,0.025771405413032036,0.026208208894608856,4.6079743565671794e-4,2.751977044597384e-4,2.706110760520783e-4,2.751977044597221e-4,1.6167597425938846e-4,1.0179372826592954,1.0105004392160637,1.0105004392160637,1.0105004392160633,1.006273463618621
1220,5,50,0.03395098460305461,0.033155694542716906,0.032492580651862564,0.033155694542716906,0.0338709999407358,0.03387099994073594,0.025599029691787196,0.025953971838008755,0.02543489240124858,0.02595397183800876,0.025434892401248563,0.025953971838008773,0.008351954911267414,0.00720172270470815,0.007057688250613984,0.0072017227047081476,0.008436107539487238,1.3262606048676497,1.27748056249955,1.27748056249955,1.277480562499549,1.3316745912034258
1220,6,38,0.010167361547251405,0.00974799718404802,0.009491470942362546,0.009747997184048026,0.010625098662005877,0.010625098662006149,0.026959311443925785,0.027751638107999726,0.027021331841999733,0.02775163810799973,0.027021331841999757,0.02775163810799969,-0.01679194989667438,-0.018003640923951708,-0.017529860899637185,-0.01800364092395169,-0.01639623317999388,0.3771372858835465,0.3512584426948854,0.35125844269488543,0.3512584426948862,0.39321150874921307
1220,7,44,0.05696994938147629,0.0591346812731463,0.05779071124421116,0.059134681273146306,0.05741326934068492,0.0574132693406853,0.04949262653064683,0.0507751653282314,0.049621184298044324,0.05077516532823137,0.049621184298044275,0.05077516532823134,0.007477322850829457,0.008359515944914901,0.008169526946166836,0.008359515944914905,0.007792085042640645,1.1510795319419822,1.1646378872599543,1.1646378872599543,1.1646378872599543,1.1570314202063041
1220,8,24,-0.013921591214717295,-0.014745416100972441,-0.014131023763431923,-0.014745416100972344,-0.01564710138749244,-0.015647101387492306,0.05303404408569675,0.05561326385167723,0.053296044524524015,0.055613263851677266,0.05329604452452408,0.055613263851677155,-0.06695563530041404,-0.07035867995264967,-0.06742706828795594,-0.07035867995264966,-0.06894314591201652,-0.26250291590476577,-0.26514207366607806,-0.26514207366607806,-0.265142073666073,-0.2935884178101145
1220,9,3,-0.08738993063069699,-0.1310848959460455,-0.087389930630697,-0.13108489594604564,-0.08738993063069704,-0.08738993063069697,0.012698412698412693,0.019047619047619046,0.012698412698412697,0.019047619047618893,0.012698412698412653,0.01904761904761904,-0.10008834332910968,-0.15013251499366453,-0.1000883433291097,-0.15013251499366462,-0.1000883433291097,-6.881957037167391,-6.881957037167389,-6.88195703716739,-6.881957037167568,-6.881957037167417
1220,10,4,0.1732557094495218,0.2310076125993624,0.1732557094495218,0.2310076125993624,0.17325570944952196,0.1732557094495218,0.08908045977011494,0.11877394636015326,0.08908045977011494,0.11877394636015322,0.08908045977011492,0.11877394636015326,0.08417524967940684,0.11223366623920913,0.08417524967940684,0.11223366623920916,0.08417524967940704,1.9449350609172122,1.9449350609172125,1.9449350609172122,1.944935060917213,1.9449350609172147
1230,1,2,-0.06775963501704499,-0.13551927003409,-0.067759635017045,-0.13551927003408987,-0.06775963501704507,-0.06775963501704498,0.09915611814345993,0.19831223628691982,0.09915611814345991,0.19831223628691982,0.09915611814345993,0.19831223628691985,-0.16691575316050491,-0.33383150632100983,-0.16691575316050491,-0.3338315063210097,-0.166915753160505,-0.683363127618709,-0.6833631276187092,-0.6833631276187092,-0.6833631276187085,-0.6833631276187098
1230,2,9,0.05391776202312142,0.06305633326255261,0.05605007401115787,0.06305633326255262,0.054380752593605704,0.0543807525936057,0.04127131135384793,0.0459058592792351,0.04080520824820898,0.04590585927923511,0.04080520824820905,0.045905859279235135,0.012646450669273494,0.01715047398331751,0.015244865762948895,0.01715047398331752,0.01357554434539665,1.306422312604671,1.3736009793215067,1.3736009793215067,1.3736009793215063,1.332691460923802
1230,3,7,0.020172729052646433,0.027893991273518513,0.02390913537730158,0.027893991273518375,0.025296419943093746,0.025296419943093573,0.022723318835731022,0.028633879781420762,0.02454332552693208,0.02863387978142074,0.024543325526932187,0.028633879781420752,-0.002550589783084589,-7.398885079022491e-4,-6.341901496304987e-4,-7.398885079022704e-4,7.530944161615594e-4,0.8877545220606621,0.9741603822621925,0.9741603822621925,0.9741603822621886,1.0306842858493306
1230,4,10,0.04846954249284037,0.05385504721426707,0.04846954249284036,0.05385504721426705,0.04846954249284039,0.04846954249284037,0.01976600985221674,0.02196223316912972,0.019766009852216746,0.021962233169129774,0.019766009852216725,0.021962233169129722,0.02870353264062363,0.03189281404513736,0.028703532640623617,0.031892814045137344,0.028703532640623666,2.452166261943078,2.4521662619430766,2.4521662619430766,2.452166261943068,2.4521662619430806
1230,5,7,0.045072558676600975,0.04652481080757303,0.03987840926363402,0.04652481080757301,0.041064420145347516,0.041064420145347454,0.02563913652103441,0.028564190259041108,0.02448359165060666,0.02856419025904108,0.024483591650606634,0.02856419025904109,0.019433422155566565,0.01796062054853192,0.01539481761302736,0.017960620548531918,0.016580828494740883,1.7579593072342097,1.6287810151680056,1.6287810151680056,1.6287810151680011,1.6772220649387468
1230,6,8,0.016824305546017274,0.01922777776687688,0.01682430554601727,0.01922777776687687,0.016824305546017326,0.016824305546017188,0.025462837594506377,0.029100385822292987,0.025462837594506363,0.029100385822292952,0.025462837594506293,0.029100385822292983,-0.008638532048489102,-0.009872608055416107,-0.008638532048489092,-0.009872608055416142,-0.008638532048488967,0.6607396164537109,0.660739616453711,0.6607396164537112,0.6607396164537077,0.6607396164537152
1230,7,15,0.003454580591100498,0.0034252878208615102,0.003196935299470743,0.003425287820861488,0.0038292946365373836,0.00382929463653718,0.03875083367057109,0.040664814753485254,0.0379538271032529,0.04066481475348526,0.03795382710325299,0.040664814753485254,-0.03529625307947059,-0.037239526932623744,-0.03475689180378216,-0.037239526932623716,-0.03412453246671561,0.08914854891816283,0.08423222487612438,0.08423222487612439,0.08423222487612309,0.1008935047872729
1230,8,10,0.11597506171965237,0.12459481060339021,0.1121353295430512,0.12459481060339021,0.10815515972774144,0.10815515972774185,0.03526025731302392,0.038523136652380656,0.034670822987142594,0.03852313665238067,0.034670822987142635,0.03852313665238065,0.08071480440662845,0.08607167395100956,0.0774645065559086,0.08607167395100956,0.0734843367405988,3.289115581037328,3.234285196651828,3.2342851966518276,3.2342851966518285,3.1194863695000783
1230,9,14,0.02411425171826345,0.026811738081395375,0.024896613932724278,0.02681173808139539,0.02777781399886717,0.02777781399886726,0.050178305377588155,0.05265677126918832,0.048895573321389156,0.05265677126918835,0.04889557332138913,0.05265677126918828,-0.026064053659324706,-0.025845033187792948,-0.02399895938866488,-0.02584503318779295,-0.021117759322521957,0.48057126554604485,0.5091793027781794,0.5091793027781794,0.5091793027781787,0.5681048837751516
1230,10,34,0.1891397972995469,0.194747243318979,0.18901938322136197,0.19474724331897897,0.18868687635715298,0.18868687635715262,0.19640829175674787,0.20249342612704982,0.19653773712331307,0.20249342612704985,0.1965377371233131,0.20249342612704985,-0.007268494457200958,-0.007746182808070823,-0.0075183539019511025,-0.007746182808070827,-0.007850860766160123,0.96299293480846,0.961746003530946,0.9617460035309459,0.9617460035309455,0.9600541815476674
1240,6,1,NA,NA,NA,NA,NA,NA,NA,NA,NA,NA,NA,NA,NA,NA,NA,NA,NA,NA,NA,NA,NA,NA
1240,8,1,NA,NA,NA,NA,NA,NA,NA,NA,NA,NA,NA,NA,NA,NA,NA,NA,NA,NA,NA,NA,NA,NA
1240,9,1,NA,NA,NA,NA,NA,NA,NA,NA,NA,NA,NA,NA,NA,NA,NA,NA,NA,NA,NA,NA,NA,NA
1250,8,3,-0.012350806957283371,-0.01852621043592505,-0.012350806957283366,-0.01852621043592523,-0.012350806957283153,-0.012350806957283456,0.030942334739803092,0.04641350210970465,0.0309423347398031,0.0464135021097045,0.03094233473980316,0.04641350210970462,-0.043293141697086465,-0.0649397125456297,-0.043293141697086465,-0.0649397125456297,-0.04329314169708631,-0.399155624846749,-0.39915562484674877,-0.3991556248467487,-0.3991556248467536,-0.399155624846741
1250,9,8,0.017634331055739656,0.020153521206559586,0.017634331055739638,0.020153521206559586,0.017634331055739416,0.01763433105573965,0.06776935186026095,0.07745068784029822,0.06776935186026095,0.0774506878402982,0.0677693518602609,0.07745068784029822,-0.0501350208045213,-0.05729716663373864,-0.05013502080452131,-0.05729716663373867,-0.05013502080452148,0.260211003524149,0.2602110035241488,0.2602110035241487,0.260211003524148,0.26021100352414567
1250,10,19,0.13782371363353121,0.1475533096654841,0.13978734599887968,0.14755330966548416,0.13951240711275514,0.139512407112755,0.1530751759857665,0.16343663508430448,0.15483470692197265,0.16343663508430448,0.15483470692197274,0.16343663508430434,-0.01525146235223529,-0.01588332541882037,-0.015047360923092973,-0.0158833254188203,-0.015322299809217593,0.9003661942309089,0.9028166150714778,0.9028166150714779,0.9028166150714781,0.9010409221949243
1270,1,121,0.056249194392279066,0.05622440308630144,0.0557597385979849,0.0562244030863015,0.055659009009230584,0.05565900900923009,0.07572557701777946,0.07563257049616724,0.07500750793008322,0.07563257049616731,0.07500750793008325,0.0756325704961669,-0.019476382625500395,-0.019408167409865805,-0.01924776933209832,-0.019408167409865798,-0.019348498920852664,0.7428031136569937,0.7433887638282857,0.7433887638282857,0.7433887638282864,0.742045837079563
1270,2,152,0.03565035768257188,0.03558816114148648,0.03535402850239776,0.03558816114148649,0.035575484835016546,0.03557548483501653,0.03697361719667911,0.037135399556021666,0.036891087716837315,0.037135399556021714,0.03689108771683741,0.03713539955602157,-0.0013232595141072293,-0.0015472384145351833,-0.0015370592144395567,-0.0015472384145351807,-0.0013156028818208654,0.9642107098402566,0.9583352156423939,0.9583352156423939,0.9583352156423931,0.9643381921422606
1270,3,144,0.020818611298253024,0.021044629685252742,0.0208984864235496,0.021044629685252766,0.020575352415662194,0.020575352415662114,0.027116868082750663,0.02746092325990593,0.02727022240393436,0.02746092325990592,0.02727022240393436,0.027460923259905772,-0.006298256784497639,-0.006416293574653186,-0.006371735980384759,-0.006416293574653165,-0.006694869988272165,0.7677365702677136,0.7663482209273992,0.7663482209273992,0.7663482209274013,0.7544988856670903
1270,4,114,0.014394805586831915,0.014590721725699592,0.014462732938632051,0.014590721725699585,0.014240619566202178,0.014240619566201995,0.025315495543014058,0.025451680195184453,0.025228419842595114,0.025451680195184467,0.025228419842595155,0.025451680195184585,-0.010920689956182143,-0.010860958469484861,-0.010765686903963062,-0.010860958469484856,-0.010987800276392977,0.5686163860538861,0.5732714545289709,0.5732714545289709,0.5732714545289692,0.5644673608197451
1270,5,118,0.01614564984898063,0.015781211975946917,0.015647472891404994,0.015781211975946896,0.0158204421976556,0.01582044219765561,0.02651145597606028,0.02671936707035405,0.026492931756198507,0.026719367070354005,0.026492931756198542,0.026719367070353994,-0.01036580612707965,-0.010938155094407133,-0.010845458864793513,-0.010938155094407133,-0.010672489558542941,0.6090065314994422,0.5906282111546217,0.5906282111546217,0.5906282111546219,0.5971570962112979
1270,6,126,0.021546629904305212,0.02123665437500831,0.02106810949901618,0.021236654375008296,0.019855175156240173,0.01985517515624007,0.03032152140067254,0.030390875628498557,0.030149678202875552,0.030390875628498522,0.03014967820287563,0.030390875628498397,-0.008774891496367329,-0.009154221253490247,-0.009081568703859372,-0.009154221253490226,-0.010294503046635456,0.7106051711451161,0.6987838927251565,0.6987838927251565,0.6987838927251543,0.658553468552325
1270,7,141,0.04741599265315866,0.04712562093227173,0.046791396670340726,0.04712562093227169,0.04694408130684443,0.04694408130684442,0.047197127355503785,0.04716880462966853,0.046834274100380095,0.04716880462966849,0.04683427410038009,0.047168804629668507,2.1886529765487855e-4,-4.3183697396795284e-5,-4.287743003936889e-5,-4.318369739675629e-5,1.0980720646434211e-4,1.0046372588739632,0.9990844860764262,0.9990844860764262,0.9990844860764265,1.0023445907633584
1270,8,164,0.042617057472100726,0.042817624081236065,0.04255654100756999,0.04281762408123597,0.0426662067018287,0.04266620670182864,0.05223412727203043,0.052590242904466615,0.0522695706916345,0.052590242904466525,0.05226957069163449,0.0525902429044667,-0.009617069799929705,-0.00977261882323055,-0.009713029684064511,-0.009772618823230576,-0.00960336398980579,0.8158853167040601,0.8141742976737508,0.8141742976737508,0.8141742976737522,0.8162723767818746
1270,9,191,0.048287068976226574,0.04893659057718586,0.04868037806107494,0.0489365905771857,0.04896434015784981,0.04896434015784924,0.06630282855108564,0.06703690530215858,0.06668592674036718,0.06703690530215843,0.06668592674036716,0.06703690530215801,-0.01801575957485907,-0.018100314724972727,-0.018005548679292237,-0.01810031472497273,-0.01772158658251735,0.7282806786896261,0.7299947746187219,0.729994774618722,0.7299947746187221,0.7342529758712958
1270,10,248,0.31391755356457607,0.31707985498586605,0.3158013071835037,0.3170798549858657,0.3157730195251598,0.3157730195251602,0.2986847710918241,0.3016610447596316,0.3004446695791492,0.3016610447596311,0.3004446695791491,0.3016610447596311,0.015232782472751949,0.015418810226234425,0.015356637604354462,0.01541881022623427,0.015328349946010678,1.0509995284227898,1.0511130306484233,1.0511130306484233,1.0511130306484215,1.051018878009991
1271,1,172,0.06434692093931643,0.06399608803014671,0.06362401775090167,0.06399608803014666,0.06365683913538664,0.06365683913538694,0.07375321470040394,0.07369502762489955,0.07326656816196409,0.07369502762489957,0.07326656816196402,0.0736950276248998,-0.009406293761087509,-0.009698939594752834,-0.00964255041106242,-0.009698939594752834,-0.009609729026577377,0.8724625929961533,0.8683908547518364,0.8683908547518363,0.8683908547518377,0.8688388269348991
1271,2,95,0.03036143502631976,0.031087573799870826,0.030760336180924816,0.031087573799870823,0.031021321839406077,0.03102132183940558,0.0376215439942564,0.0380866343485922,0.0376857224080807,0.03808663434859216,0.03768572240808061,0.038086634348592247,-0.007260108967936638,-0.006999060548721372,-0.006925386227155883,-0.006999060548721344,-0.006664400568674532,0.8070225674670602,0.81623315715792355,0.81623315715792355,0.8162331571579253,0.8231584763983311
1271,3,126,0.027737118372636198,0.026979004944289366,0.026764885857429928,0.026979004944289363,0.02656427421821255,0.026564274218212745,0.03167220411819944,0.031651428498886205,0.03140022668540298,0.03165142849888623,0.03140022668540294,0.03165142849888605,-0.003935085745563241,-0.004672423554596839,-0.004635340827973053,-0.004672423554596824,-0.004835952467190388,0.8757558605369663,0.8523787463570164,0.8523787463570165,0.8523787463570153,0.8459898867724263
1271,4,129,0.015080326513380364,0.015077476743677905,0.01496059707899823,0.015077476743677931,0.01464928284281659,0.014649282842815987,0.02553158312544721,0.025706798230641214,0.025507520724977327,0.02570679823064117,0.025507520724977265,0.02570679823064129,-0.010451256612066848,-0.010629321486963309,-0.010546923645979096,-0.010629321486963295,-0.010858237882160674,0.5906537968791239,0.5865170998116097,0.5865170998116097,0.5865170998116097,0.5743122979597088
1271,5,106,0.02390475240309195,0.02428496879281678,0.024055865313639263,0.024284968792816754,0.023652869433654994,0.02365286943365425,0.02715747506418964,0.02783917506886523,0.027576541341800462,0.027839175068865227,0.027576541341800494,0.02783917506886523,-0.00325272266109769,-0.0035542062760484487,-0.0035206760281611994,-0.0035542062760484483,-0.0039236719081455,0.8802273534851996,0.8723307616961897,0.8723307616961897,0.8723307616961901,0.8577170407444098
1271,6,118,0.022557272894437503,0.021957242790778233,0.021771164462042823,0.021957242790778226,0.022041693104457288,0.02204169310445704,0.030720433112705278,0.03050686576962075,0.030248333008861254,0.03050686576962075,0.030248333008861258,0.030506865769620656,-0.008163160218267775,-0.008549622978842517,-0.008477168546818431,-0.008549622978842522,-0.00820663990440397,0.7342758746818685,0.7197475793348664,0.7197475793348664,0.719747579334867,0.7286911678075009
1271,7,136,0.028167161657484167,0.02837938170193906,0.028170709777660098,0.028379381701939054,0.027754767852107797,0.027754767852107627,0.04721694857329414,0.04745824628576212,0.047109288592484456,0.04745824628576213,0.047109288592484394,0.04745824628576181,-0.019049786915809976,-0.019078864583823057,-0.01893857881482436,-0.019078864583823057,-0.019354520740376597,0.5965476912122077,0.5979863126643413,0.5979863126643413,0.5979863126643389,0.5891570151313147
1271,8,138,0.040821517187511876,0.03976525587231741,0.03947710184425714,0.03976525587231747,0.03956223002975601,0.03956223002975597,0.05352949587190632,0.05341010570332524,0.053023075951851864,0.053410105703325314,0.053023075951851836,0.05341010570332533,-0.012707978684394446,-0.013644849831007826,-0.013545974107594727,-0.01364484983100788,-0.01346084592209583,0.7625985734144766,0.7445268147043133,0.7445268147043131,0.7445268147043123,0.7461323078593348
1271,9,197,0.05955590744844821,0.05958401000555983,0.05928155310197831,0.0595840100055598,0.05920710953539263,0.05920710953539393,0.06409311502063991,0.06456021441019832,0.06423249758578108,0.06456021441019824,0.064232497585781,0.06456021441019846,-0.004537207572191705,-0.004976204404638494,-0.0049509444838027675,-0.0049762044046384344,-0.00502538805038838,0.9292091268971623,0.922921501266693,0.922921501266693,0.9229215012666937,0.9217625308174092
1271,10,222,0.2706745680011745,0.27304471333745367,0.27181478219629396,0.2730447133374536,0.27174155940414807,0.2717415594041473,0.257235312311371,0.25947294991345526,0.25830415284177305,0.25947294991345476,0.2583041528417731,0.25947294991345277,0.013439255689803531,0.013571763423998406,0.013510629354520909,0.013571763423998313,0.013437406562374965,1.0522449875526263,1.0523051186203616,1.0523051186203614,1.0523051186203614,1.0520216435335679
1272,2,4,0.030500663917738542,0.04066755189031806,0.030500663917738542,0.04066755189031805,0.030500663917738757,0.030500663917738622,0.02681159420289854,0.0357487922705314,0.026811594202898546,0.035748792270531335,0.02681159420289858,0.0357487922705314,0.003689069714840003,0.004918759619786661,0.003689069714839996,0.004918759619786677,0.0036890697148401763,1.1375923299048434,1.1375923299048432,1.1375923299048432,1.1375923299048503,1.1375923299048496
1272,3,8,0.0038394214324944777,0.0020725281725818396,0.0018134621510091096,0.002072528172581862,0.0015826945221995015,0.0015826945221996498,0.02942251461988302,0.03458646616541353,0.030263157894736843,0.03458646616541353,0.03026315789473677,0.03458646616541353,-0.025583093187388543,-0.03251393799283169,-0.028449695743727733,-0.032513937992831664,-0.028680463372537268,0.1304926340286323,0.059923097163779276,0.05992309716377927,0.05992309716378099,0.05229773203789669
1272,4,4,-0.0011491778318266123,0.0011456758113710982,8.592568585283236e-4,0.0011456758113710835,0.009655963639631393,0.00965596363963113,0.002669902912621369,0.004530744336569579,0.0033980582524271844,0.0045307443365695445,0.0033980582524271163,0.004530744336569579,-0.0038190807444479814,-0.003385068525198481,-0.002538801393898861,-0.003385068525198491,0.006257905387204277,-0.43041933337505683,0.25286701836690667,0.25286701836690667,0.2528670183668544,2.841612156805867
1272,5,6,-0.009713000147752998,-0.011655600177303629,-0.009713000147753025,-0.011655600177303663,-0.009713000147753004,-0.00971300014775304,0.023039126171062446,0.027646951405274903,0.02303912617106242,0.027646951405274865,0.023039126171062446,0.027646951405274896,-0.032752126318815446,-0.03930255158257853,-0.032752126318815446,-0.039302551582578525,-0.03275212631881545,-0.42158717633799414,-0.4215871763379957,-0.4215871763379957,-0.42158717633799364,-0.42158717633799436
1272,6,7,0.0386853003797251,0.04513285044301265,0.038685300379725125,0.04513285044301257,0.03868530037972511,0.03868530037972512,0.024948024948024942,0.029106029106029104,0.024948024948024946,0.029106029106029073,0.024948024948025043,0.02910602910602909,0.013737275431700155,0.016026821336983545,0.01373727543170018,0.016026821336983573,0.013737275431700068,1.550635790220648,1.550635790220649,1.550635790220649,1.5506357902206551,1.5506357902206422
1272,7,5,0.057129194312266485,0.07141149289033318,0.05712919431226654,0.07141149289033322,0.057129194312266485,0.05712919431226663,0.0468481637127718,0.05856020464096474,0.04684816371277179,0.058560204640964696,0.046848163712771826,0.058560204640964744,0.010281030599494687,0.012851288249368438,0.010281030599494749,0.012851288249368433,0.010281030599494659,1.2194542920087146,1.219454292008716,1.219454292008716,1.2194542920087141,1.219454292008714
1272,8,5,0.08894311788595433,0.1111788973574429,0.08894311788595433,0.1111788973574429,0.08894311788595441,0.08894311788595426,0.05147969717825188,0.06434962147281487,0.0514796971782519,0.06434962147281485,0.05147969717825181,0.06434962147281487,0.03746342070770244,0.04682927588462803,0.03746342070770243,0.04682927588462804,0.0374634207077026,1.7277319557258244,1.7277319557258237,1.727731955725824,1.7277319557258248,1.7277319557258286
1272,9,7,0.08575465886191659,0.10004710200556936,0.08575465886191659,0.10004710200556936,0.08575465886191631,0.08575465886191665,0.07422435548517987,0.08659508139937654,0.07422435548517989,0.08659508139937652,0.07422435548517978,0.08659508139937647,0.011530303376736717,0.013452020606192827,0.011530303376736703,0.013452020606192883,0.011530303376736536,1.1553439339603149,1.1553439339603147,1.1553439339603147,1.1553439339603149,1.1553439339603127
1272,10,15,0.21033962898864958,0.2250338664582908,0.21003160869440474,0.22503386645829068,0.20825559227913834,0.20825559227913795,0.2594641874216824,0.28077835187026456,0.2620597950789136,0.28077835187026445,0.2620597950789135,0.28077835187026445,-0.049124558433032844,-0.05574448541197377,-0.052028186384508845,-0.05574448541197369,-0.053804202799775186,0.8106692144253597,0.8014644468113024,0.8014644468113024,0.8014644468113024,0.7946873049199583
1280,1,50,0.027336911276591234,0.02475066460832386,0.02425565131615738,0.024750664608323873,0.02679903433846647,0.02679903433846632,0.06954603420743222,0.07029421076225792,0.06888832654701275,0.07029421076225789,0.06888832654701275,0.07029421076225803,-0.04220912293084098,-0.045543546153934064,-0.04463267523085537,-0.045543546153934085,-0.042089292208546285,0.39307649369415526,0.35210103847716695,0.35210103847716695,0.3521010384771667,0.38902141598950735
1280,2,57,0.04896283248916797,0.05120599583041916,0.05030764502637672,0.051205995830419154,0.0506545427766181,0.05065454277661786,0.03176977158153912,0.03339478457613641,0.03280891116251998,0.03339478457613643,0.03280891116251994,0.0333947845761365,0.01719306090762885,0.017811211254282748,0.01749873386385674,0.017811211254282755,0.017845631614098162,1.54117672402843,1.5333530813374512,1.5333530813374514,1.53335308133745,1.5439263596923192
1280,3,52,0.00643345499352331,0.006988268318750582,0.0068538785433899935,0.006988268318750577,0.006694491523319767,0.006694491523319377,0.025532900469833933,0.02589111132785554,0.025393205340781395,0.025891111327855532,0.025393205340781384,0.02589111132785558,-0.019099445476310623,-0.018902843009104955,-0.0185393267973914,-0.01890284300910495,-0.018698713817461618,0.25196726087285587,0.2699099405297483,0.2699099405297483,0.2699099405297475,0.2636331819271528
1280,4,57,0.016360592053457645,0.016657347489769343,0.01636511332328216,0.016657347489769332,0.01608426281638075,0.016084262816380885,0.027025977496560466,0.02705962107085387,0.026584890876628364,0.027059621070853863,0.026584890876628294,0.02705962107085396,-0.010665385443102821,-0.010402273581084528,-0.010219777553346205,-0.010402273581084505,-0.010500628060247544,0.6053654139074088,0.6155794808121353,0.6155794808121352,0.6155794808121329,0.6050151904336378
1280,5,89,0.024195845962064352,0.024967991615540454,0.024687452383905167,0.024967991615540516,0.024152879276843654,0.02415287927684371,0.023093913843926814,0.023441125803242247,0.023177742367250762,0.023441125803242268,0.023177742367250807,0.023441125803242317,0.0011019321181375379,0.0015268658122982066,0.0015097100166544045,0.0015268658122982682,9.751369095928469e-4,1.047715260634668,1.0651361980271024,1.0651361980271024,1.0651361980271112,1.042072126531645
1280,6,74,0.035820902089002064,0.036052185068333846,0.03556499337822123,0.03605218506833386,0.03496318391015935,0.03496318391015973,0.031126678751616413,0.031808548154890974,0.031378702909554614,0.03180854815489098,0.031378702909554544,0.03180854815489086,0.0046942233373856515,0.004243636913442872,0.004186290468666615,0.004243636913442852,0.0035844810006048083,1.1508102864055767,1.1334118392571262,1.1334118392571262,1.1334118392571275,1.1142329245073213
1280,7,88,0.026000731518516427,0.0268575970265536,0.026552397060342764,0.026857597026553597,0.02670233587041954,0.02670233587042041,0.046833747422968953,0.047190792997251416,0.04665453398591901,0.04719079299725141,0.04665453398591895,0.04719079299725135,-0.020833015904452527,-0.020333195970697816,-0.020102136925576247,-0.020333195970697812,-0.01995219811549941,0.5551708532673328,0.5691279023032713,0.5691279023032713,0.5691279023032725,0.5723417123505876
1280,8,93,0.045926345332366024,0.04686426449132673,0.04636034766883935,0.04686426449132678,0.04668861633437901,0.04668861633437945,0.05168181608014566,0.052697516235769376,0.05213087627624498,0.05269751623576948,0.052130876276245,0.05269751623576934,-0.0057554707477796355,-0.005833251744442644,-0.00577052860740563,-0.005833251744442669,-0.005442259941865986,0.8886364453823695,0.8893068941172749,0.8893068941172748,0.8893068941172746,0.895603904430321
1280,9,102,0.07509670310987879,0.07615338193166904,0.07540678014802522,0.07615338193166912,0.07518147187348685,0.07518147187348714,0.06458987524970898,0.06519440562892308,0.06455524478942383,0.06519440562892308,0.06455524478942382,0.06519440562892291,0.010506827860169807,0.010958976302745962,0.010851535358601394,0.010958976302745966,0.010626227084063036,1.1626698893526217,1.1680968818877318,1.1680968818877318,1.1680968818877309,1.1646067196976062
1280,10,98,0.18753551249268197,0.19064537663701714,0.18870001565092512,0.19064537663701725,0.18847504794775852,0.1884750479477592,0.20957009941212523,0.21295420281872623,0.21078120074914738,0.21295420281872632,0.21078120074914738,0.2129542028187267,-0.022034586919443266,-0.022308826181709096,-0.022081185098222267,-0.0223088261817091,-0.022306152801388868,0.8948581549502839,0.8952412026321964,0.8952412026321964,0.8952412026321965,0.894173898231391
1281,1,29,0.027441843865575393,0.02651232113676065,0.025598103166527525,0.026512321136760643,0.02543908041384913,0.02543908041384942,0.06842582511116527,0.07002675044291803,0.06761203491040363,0.07002675044291802,0.06761203491040366,0.07002675044291798,-0.04098398124558987,-0.043514429306157384,-0.042013931743876104,-0.04351442930615737,-0.042172954496554525,0.4010451291013752,0.37860276207407395,0.3786027620740739,0.3786027620740738,0.37625077321751704
1281,2,40,0.030843752799476765,0.03324594945370197,0.032414800717359415,0.033245949453701976,0.0336984978674133,0.03369849786741291,0.03916633087985101,0.04195762450745527,0.040908683894768885,0.041957624507455285,0.04090868389476885,0.041957624507455306,-0.008322578080374246,-0.008711675053753302,-0.00849388317740947,-0.008711675053753273,-0.007210186027355549,0.7875068229928127,0.7923696787885272,0.7923696787885272,0.7923696787885274,0.8237492546594113
1281,3,39,0.03074601848371943,0.03295502867555815,0.032110027940287424,0.03295502867555817,0.032897584053019506,0.03289758405301901,0.027186825304917416,0.028460356047148992,0.027730603327991325,0.028460356047149,0.027730603327991404,0.028460356047149013,0.0035591931788020136,0.004494672628409156,0.004379424612296099,0.004494672628409162,0.005166980725028102,1.1309161014161608,1.15792749117274,1.1579274911727397,1.1579274911727413,1.1863277428159136
1281,4,45,0.0317828443290026,0.0321692564805732,0.031454384114338235,0.03216925648057316,0.031176373898222524,0.03117637389822279,0.02305902195655626,0.023427143512076844,0.02290654032291958,0.02342714351207689,0.02290654032291965,0.023427143512076854,0.00872382237244634,0.008742112968496356,0.008547843791418656,0.008742112968496342,0.008269833575302876,1.3783257758669134,1.3731617114988748,1.3731617114988748,1.3731617114988766,1.3610249936795698
1281,5,77,0.00477585050841972,0.003815283140009072,0.0037657340083206425,0.0038152831400090604,0.0029890117606998145,0.0029890117607000197,0.021810016831424514,0.022064969783543355,0.02177841173440643,0.022064969783543338,0.021778411734406485,0.022064969783543362,-0.017034166323004793,-0.018249686643534282,-0.018012677726085786,-0.0182496866435343,-0.01878939997370667,0.21897509503699852,0.1729113240324767,0.1729113240324767,0.1729113240324762,0.137246544750444
1281,6,72,0.022338727595756228,0.022935908392850264,0.022617354109616235,0.022935908392850257,0.02312638901345802,0.023126389013457625,0.029640774067043425,0.03012006718265257,0.029701732916226842,0.030120067182652536,0.029701732916226773,0.030120067182652466,-0.007302046471287196,-0.007184158789802306,-0.007084378806610607,-0.007184158789802311,-0.006575343902768753,0.7536485904595152,0.7614826439052577,0.7614826439052577,0.7614826439052564,0.7786208662870144
1281,7,90,0.028516945285978184,0.02796541857581095,0.027654691702746384,0.02796541857581094,0.02749328544107167,0.02749328544107159,0.04979585547476129,0.04927304000499398,0.048725561782716274,0.04927304000499394,0.04872556178271626,0.04927304000499385,-0.02127891018878311,-0.02130762142918303,-0.02107087007996989,-0.021307621429183014,-0.02123227634164459,0.5726770835462766,0.5675602433496404,0.5675602433496404,0.5675602433496385,0.5642476850995278
1281,8,109,0.04290984029348455,0.042994285584319725,0.04259984259730762,0.042994285584319676,0.04282334348069832,0.04282334348069824,0.049300603788788325,0.04954698688497813,0.04909242737227191,0.04954698688497809,0.04909242737227194,0.04954698688497782,-0.006390763495303778,-0.006552701300658402,-0.00649258477496429,-0.006552701300658408,-0.006269083891573622,0.8703714964083842,0.8677477337649148,0.8677477337649148,0.8677477337649142,0.8723003887333857
1281,9,100,0.0606040128217252,0.061498904396787714,0.06088391535281984,0.06149890439678766,0.060769060637795747,0.060769060637796093,0.06856573457495854,0.0694884284381247,0.06879354415374345,0.06948842843812476,0.06879354415374352,0.06948842843812485,-0.007961721753233342,-0.00798952404133698,-0.007909628800923607,-0.007989524041337029,-0.00802448351594777,0.8838819156158927,0.885023676302434,0.885023676302434,0.8850236763024334,0.883354119711957
1281,10,113,0.23984204817605312,0.2429874834480655,0.2408371517361357,0.24298748344806556,0.2407194833184239,0.240719483318424,0.247277553121126,0.2503972078415001,0.24818130334732752,0.2503972078415004,0.2481813033473277,0.2503972078415008,-0.0074355049450728905,-0.007409724393434597,-0.007344151611191813,-0.007409724393434684,-0.007461820028903776,0.9699305300815934,0.9704081189350765,0.9704081189350765,0.9704081189350756,0.9699339961219359
1282,1,19,0.075546898826161335,0.07928128244490273,0.07510858336885522,0.07928128244490276,0.07689193808212605,0.0768919380821262,0.07105070970768017,0.07517772640667478,0.07122100396421821,0.07517772640667479,0.07122100396421815,0.07517772640667472,0.004496189118481167,0.004103556038227957,0.0038875794046370066,0.004103556038227972,0.005670934117907894,1.063281410375485,1.0545847318663206,1.0545847318663206,1.0545847318663193,1.0796244619179618
1282,2,18,-0.005635146804363307,-0.005637381274718165,-0.005324193426122711,-0.005637381274718162,-0.006520339427315768,-0.0065203394273158355,0.031857485646359936,0.03226123802764446,0.030468947026108657,0.03226123802764446,0.030468947026108733,0.032261238027644475,-0.03749263245072324,-0.03789861930236263,-0.035793140452231365,-0.03789861930236264,-0.0369892864534245,-0.17688611295057377,-0.17474162863457152,-0.17474162863457152,-0.174741628634572,-0.2139994999409895
1282,3,25,0.03395785212949014,0.038266387366679463,0.03673573187201228,0.03826638736667952,0.0365919114197078,0.036591911419707926,0.02973917820422407,0.032577360404835255,0.031274265988641844,0.03257736040483531,0.0312742659886419,0.032577360404835276,0.004218673925266068,0.005689026961844208,0.005461465883370438,0.005689026961844242,0.005317645431065901,1.1418557667026206,1.1746313050273962,1.1746313050273962,1.1746313050273984,1.1700326214849341
1282,4,38,0.016832325057659043,0.01650810808378049,0.0160736841868389,0.01650810808378048,0.016972830134811732,0.016972830134811285,0.02602952075594389,0.026985258160379978,0.026275119787738402,0.02698525816037994,0.02627511978773842,0.02698525816037994,-0.009197195698284848,-0.010477150076599488,-0.010201435600899502,-0.010477150076599481,-0.009302289652926687,0.646662887706657,0.6117454198758735,0.6117454198758735,0.6117454198758762,0.6459658517991722
1282,5,38,0.010843774737782598,0.010989513023827974,0.010700315312674607,0.010989513023827951,0.011781812126849601,0.011781812126849776,0.02429455805549903,0.024763606283185854,0.02411193243362833,0.024763606283185836,0.024111932433628244,0.0247636062831858,-0.013450783317716432,-0.01377409325935788,-0.013411617120953723,-0.013774093259357894,-0.012330120306778642,0.4463458323880944,0.4437767624859107,0.44377676248591075,0.443776762485909,0.4886299411828906
1282,6,34,0.040750517737914306,0.043082187405909723,0.04181506424691238,0.04308218740590976,0.04143754505752848,0.04143754505752894,0.030437579829548617,0.03205722483646736,0.031114365282453618,0.03205722483646742,0.0311143652824536,0.032057224836467356,0.01031293790836569,0.01102496256944236,0.010700698964458761,0.011024962569442373,0.010323179775074881,1.3388225333984654,1.3439150651899439,1.3439150651899439,1.3439150651899423,1.3317817889377437
1282,7,43,0.03844335099489071,0.039092529294969806,0.03818340070671469,0.039092529294969786,0.038409240022235044,0.03840924002223523,0.04834161614917277,0.04932800892271841,0.04818084592451565,0.049328008922718436,0.04818084592451564,0.04932800892271847,-0.009898265154282056,-0.010235479627748602,-0.009997445217800958,-0.010235479627748605,-0.009771605902280593,0.7952433960060842,0.7925016668768365,0.7925016668768367,0.792501666876836,0.797188992538868
1282,8,49,0.05327222975619451,0.05378281378964691,0.05268520534496023,0.053782813789646854,0.051983862191463004,0.05198386219146326,0.04937130924142149,0.051231089464899314,0.05018555702684014,0.051231089464899286,0.050185557026840195,0.051231089464899376,0.003900920514773018,0.002551724324747595,0.002499648318120093,0.002551724324747589,0.0017983051646228085,1.079011891211915,1.0498081214239234,1.0498081214239234,1.0498081214239245,1.0358331215425394
1282,9,45,0.0710019716987541,0.071206359750107,0.06962399620010462,0.07120635975010699,0.06987979395154234,0.06987979395154209,0.06940812270597321,0.07049796180612193,0.06893134043265255,0.07049796180612192,0.06893134043265248,0.07049796180612201,0.0015938489927808802,7.083979439850702e-4,6.926557674520745e-4,7.083979439850715e-4,9.484535188898635e-4,1.0229634361317155,1.0100484882943601,1.0100484882943603,1.0100484882943617,1.013759394680806
1282,10,17,0.07672597364958954,0.08020868658652605,0.07549052855202452,0.08020868658652604,0.07545729603219212,0.07545729603219219,0.04214765869248195,0.04458942602903679,0.04196651861556404,0.044589426029036774,0.041966518615563955,0.04458942602903679,0.034578314957107587,0.03561926055748926,0.033524009936460486,0.035619260557489256,0.03349077741662816,1.8204089154607173,1.798827518755094,1.7988275187550942,1.7988275187550942,1.7980356370139212
1290,1,7,0.050658679729938746,0.05910179301826187,0.050658679729938746,0.05910179301826185,0.050658679729938934,0.0506586797299387,0.08573303272339775,0.10002187151063069,0.08573303272339773,0.10002187151063072,0.08573303272339773,0.10002187151063066,-0.035074352993459,-0.04092007849236882,-0.035074352993458985,-0.040920078492368846,-0.0350743529934588,0.5908886938991169,0.590888693899117,0.590888693899117,0.5908886938991169,0.5908886938991192
1290,2,9,-0.008098484003966573,-0.006635525982947882,-0.005898245318175894,-0.006635525982947955,-0.011594851539266513,-0.011594851539266576,0.03406285072951741,0.0389520202020202,0.03462401795735129,0.03895202020202017,0.03462401795735125,0.038952020202020224,-0.042161334733483984,-0.04558754618496808,-0.04052226327552718,-0.04558754618496808,-0.04621886949661776,-0.2377512107919016,-0.17035126672592293,-0.17035126672592293,-0.17035126672592402,-0.3348788564501289
1290,3,3,0.032217582581352176,0.048326373872028254,0.03221758258135217,0.048326373872028205,0.03221758258135221,0.03221758258135206,0.03750000000000002,0.05625,0.0375,0.05624999999999994,0.03749999999999994,0.05624999999999998,-0.005282417418647843,-0.007923626127971747,-0.005282417418647829,-0.007923626127971784,-0.005282417418647732,0.8591355355027243,0.8591355355027245,0.8591355355027246,0.8591355355027281,0.8591355355027269
1290,4,6,-0.0065127604903364835,-0.014477633027230073,-0.012064694189358394,-0.014477633027230182,-0.024690232661463234,-0.0246902326614634,0.020115455573409522,0.023567220139260842,0.019639350116050704,0.02356722013926071,0.019639350116050707,0.023567220139260842,-0.026628216063746005,-0.038044853166490915,-0.0317040443054091,-0.03804485316649092,-0.04432958277751394,-0.32376897786723036,-0.6143122923145125,-0.6143122923145125,-0.614312292314525,-1.2571817557895961
1290,5,5,0.04852903036969594,0.0606612879621199,0.04852903036969592,0.060661287962119906,0.048529030369696004,0.04852903036969596,0.021274766319601048,0.02659345789950132,0.021274766319601058,0.026593457899501276,0.021274766319601034,0.026593457899501325,0.027254264050094894,0.03406783006261858,0.027254264050094863,0.03406783006261856,0.02725426405009497,2.281060559757348,2.281060559757346,2.281060559757346,2.281060559757342,2.2810605597573526
1290,6,1,NA,NA,NA,NA,NA,NA,NA,NA,NA,NA,NA,NA,NA,NA,NA,NA,NA,NA,NA,NA,NA,NA
1290,7,1,NA,NA,NA,NA,NA,NA,NA,NA,NA,NA,NA,NA,NA,NA,NA,NA,NA,NA,NA,NA,NA,NA
1290,8,5,0.10694362957022052,0.13367953696277562,0.10694362957022051,0.13367953696277562,0.10694362957022072,0.10694362957022062,0.05078909612625537,0.06348637015781923,0.05078909612625539,0.06348637015781923,0.05078909612625537,0.06348637015781923,0.05615453344396515,0.0701931668049564,0.05615453344396512,0.07019316680495645,0.05615453344396534,2.1056415200690313,2.1056415200690304,2.105641520069031,2.1056415200690313,2.1056415200690353
1291,1,71,0.0639886542881303,0.06402887832520517,0.06312706313752622,0.06402887832520524,0.0629733890236751,0.06297338902367453,0.06691099921757068,0.06690178148281281,0.06595950287037883,0.06690178148281287,0.06595950287037876,0.0669017814828127,-0.002922344929440379,-0.0028729031576076453,-0.002832439732852604,-0.0028729031576076396,-0.002986113846703664,0.9563248948063389,0.9570578975038848,0.9570578975038849,0.9570578975038849,0.9547280722753192
1291,2,34,0.04396812745546946,0.04612455397739395,0.044767949448647065,0.04612455397739394,0.04407416234685466,0.04407416234685419,0.032078224108007015,0.033548139263279916,0.03256142928494815,0.03354813926327988,0.032561429284948214,0.03354813926327993,0.011889903347462448,0.012576414714114033,0.012206520163698914,0.012576414714114042,0.01151273306190645,1.3706534160815536,1.374876669475363,1.374876669475363,1.3748766694753642,1.3535696471170664
1291,3,42,0.014192971134099295,0.015177152734567658,0.014815791955173189,0.015177152734567647,0.013532083889551638,0.01353208388955127,0.025126774965921434,0.025773588721618796,0.025159931847294537,0.025773588721618772,0.025159931847294474,0.025773588721618824,-0.01093380383182214,-0.010596435987051138,-0.010344139892121348,-0.010596435987051149,-0.011627847957742837,0.5648544691210362,0.5888645503929034,0.5888645503929034,0.5888645503929024,0.5378426289738454
1291,4,37,0.015166075121079998,0.015323088955254797,0.014908951415923587,0.01532308895525479,0.01566942353203986,0.01566942353203955,0.023548996229283137,0.02447971904830699,0.023818105019974372,0.02447971904830695,0.023818105019974365,0.024479719048306935,-0.008382921108203139,-0.009156630093052193,-0.008909153604050785,-0.009156630093052212,-0.008148681487934507,0.6440221474162456,0.6259503601743557,0.6259503601743557,0.6259503601743597,0.6578786817380791
1291,5,12,0.017730481656460673,0.019878693567043818,0.018222135769790166,0.01987869356704392,0.017204267144434866,0.01720426714443474,0.02974154891738734,0.0321893337790691,0.029506889297480007,0.03218933377906914,0.029506889297479983,0.0321893337790691,-0.012011067260926666,-0.012310640212025284,-0.011284753527689841,-0.012310640212025293,-0.012302622153045117,0.5961519255675073,0.6175552965302378,0.6175552965302378,0.6175552965302382,0.5830593313644954
1291,6,18,0.01677878030345077,0.017987895840160768,0.01698856829348517,0.01798789584016073,0.016938441089774554,0.01693844108977445,0.03437962332784595,0.036262345365348905,0.03424777062282952,0.03626234536534885,0.03424777062282954,0.03626234536534892,-0.01760084302439518,-0.018274449525188138,-0.01725920232934435,-0.018274449525188134,-0.017309329533054987,0.4880443320581908,0.49604888097914934,0.49604888097914934,0.49604888097914784,0.49458521771584746
1291,7,9,0.06260457536761364,0.07043014728856535,0.06260457536761364,0.07043014728856538,0.06260457536761382,0.06260457536761369,0.05173160448678837,0.05819805504763689,0.051731604486788346,0.058198055047636935,0.051731604486788325,0.05819805504763692,0.010872970880825276,0.012232092240928458,0.010872970880825297,0.01223209224092842,0.010872970880825499,1.2101804301005608,1.2101804301005612,1.2101804301005612,1.2101804301005599,1.2101804301005652
1291,8,11,-0.023754399934830518,-0.0286909361283195,-0.02608266920756318,-0.028690936128319522,-0.02580219034767627,-0.025802190347676224,0.03553793392148947,0.04113455672783639,0.037395051570760354,0.04113455672783634,0.03739505157076033,0.041134556727836405,-0.05929233385631999,-0.06982549285615589,-0.06347772077832353,-0.06982549285615593,-0.0631972419184366,-0.6684237746434225,-0.6974898579350413,-0.6974898579350413,-0.6974898579350417,-0.6899894307901244
2020,1,2,-0.022102933411694725,-0.044205866823389416,-0.022102933411694708,-0.04420586682338936,-0.02210293341169467,-0.022102933411694704,0.04257095158597665,0.08514190317195326,0.04257095158597663,0.08514190317195346,0.04257095158597668,0.08514190317195326,-0.06467388499767138,-0.12934776999534267,-0.06467388499767134,-0.12934776999534273,-0.06467388499767135,-0.5192022397492209,-0.5192022397492208,-0.5192022397492208,-0.5192022397492182,-0.5192022397492193
2020,2,1,NA,NA,NA,NA,NA,NA,NA,NA,NA,NA,NA,NA,NA,NA,NA,NA,NA,NA,NA,NA,NA,NA
2020,3,4,-0.01278181584828916,-0.01136161408736811,-0.008521210565526082,-0.01136161408736814,-1.7122929330937176e-4,-1.7122929330958477e-4,0.015410958904109595,0.0136986301369863,0.010273972602739725,0.013698630136986318,0.010273972602739656,0.013698630136986302,-0.028192774752398755,-0.025060244224354412,-0.018795183168265808,-0.02506024422435447,-0.010445201896049028,-0.829397828377874,-0.8293978283778721,-0.829397828377872,-0.8293978283778776,-0.016666317882112296
2020,4,1,NA,NA,NA,NA,NA,NA,NA,NA,NA,NA,NA,NA,NA,NA,NA,NA,NA,NA,NA,NA,NA,NA
2020,5,1,NA,NA,NA,NA,NA,NA,NA,NA,NA,NA,NA,NA,NA,NA,NA,NA,NA,NA,NA,NA,NA,NA
2020,7,2,-0.0021393117990673727,-0.00427862359813479,-0.002139311799067395,-0.00427862359813464,-0.002139311799067567,-0.00213931179906738,0.012903225806451618,0.025806451612903226,0.012903225806451613,0.025806451612903316,0.012903225806451646,0.025806451612903226,-0.01504253760551899,-0.030085075211038016,-0.015042537605519008,-0.03008507521103797,-0.015042537605519213,-0.1657966644277213,-0.1657966644277231,-0.1657966644277231,-0.16579666442771634,-0.16579666442773602
2030,1,26,0.05273559887989192,0.05204301602271093,0.05004136156029897,0.0520430160227109,0.05090197641399395,0.05090197641399404,0.0819699370432241,0.08198456393434236,0.0788313114753292,0.08198456393434242,0.07883131147532925,0.08198456393434231,-0.02923433816333218,-0.029941547911631436,-0.02878994991503022,-0.029941547911631436,-0.027929335061335298,0.6433529264769786,0.6347904230409736,0.6347904230409736,0.6347904230409733,0.6457075933580535
2030,2,14,0.022826938083228603,0.023805920328558713,0.022105497447947375,0.023805920328558754,0.017895858886981437,0.017895858886981364,0.02929732204165714,0.03241368382132859,0.03009842069123369,0.032413683821328594,0.030098420691233713,0.03241368382132856,-0.006470383958428538,-0.008607763492769874,-0.007992923243286314,-0.008607763492769866,-0.012202561804252277,0.779147597543951,0.73444044372686,0.73444044372686,0.7344404437268642,0.5945780036290634
2030,3,21,0.017402955294708717,0.019625577022268307,0.018691025735493624,0.01962557702226829,0.020517868275258234,0.020517868275258335,0.02356438422955311,0.02636453600292785,0.025109081907550332,0.026364536002927916,0.025109081907550273,0.026364536002927867,-0.006161428934844393,-0.006738958980659543,-0.0064180561720567075,-0.006738958980659552,-0.004591213632292038,0.7385279040257254,0.7443930369223579,0.7443930369223579,0.7443930369223587,0.8171492829090073
2030,4,15,0.024321693738858362,0.024078314685252462,0.022473093706235632,0.024078314685252466,0.024805665851201062,0.02480566585120075,0.020133968648574013,0.02210778655775548,0.02063393412057178,0.022107786557755513,0.020633934120571715,0.022107786557755475,0.004187725090284349,0.001970528127496981,0.0018391595856638507,0.001970528127496963,0.004171731730629347,1.2079930272753725,1.089132764257022,1.089132764257022,1.0891327642570212,1.2021782034512845
2030,5,14,0.0148045602446569,0.015495020937471937,0.014388233727652513,0.015495020937471932,0.014344700234407957,0.014344700234408052,0.015479470024924549,0.017447199265381078,0.016200970746425288,0.017447199265381078,0.016200970746425267,0.017447199265381075,-6.749097802676487e-4,-0.0019521783279091414,-0.001812737018772775,-0.0019521783279091575,-0.0018562705120173106,0.956399684279828,0.8881093579424707,0.8881093579424707,0.8881093579424668,0.8854222662906236
2030,6,2,-0.051290924068868815,-0.10258184813773764,-0.05129092406886882,-0.10258184813773777,-0.05129092406886859,-0.05129092406886887,0.005725190839694666,0.011450381679389313,0.0057251908396946565,0.011450381679389237,0.005725190839694694,0.011450381679389313,-0.05701611490856348,-0.11403222981712696,-0.05701611490856348,-0.114032229817127,-0.05701611490856329,-8.958814737362404,-8.95881473736242,-8.95881473736242,-8.958814737362516,-8.958814737362323
2030,7,4,0.03062270903042969,0.04083027870723955,0.030622709030429664,0.04083027870723947,0.03062270903042985,0.030622709030429573,0.023692810457516346,0.03159041394335512,0.02369281045751634,0.03159041394335517,0.023692810457516256,0.03159041394335512,0.0069298985729133455,0.009239864763884428,0.006929898572913325,0.009239864763884461,0.006929898572913595,1.2924895121808941,1.2924895121808933,1.2924895121808935,1.2924895121808926,1.292489512180906
2030,9,1,NA,NA,NA,NA,NA,NA,NA,NA,NA,NA,NA,NA,NA,NA,NA,NA,NA,NA,NA,NA,NA,NA
2060,1,4,0.07857417834258608,0.10476557112344809,0.07857417834258607,0.10476557112344807,0.07857417834258618,0.07857417834258605,0.10050391937290035,0.1340052258305338,0.10050391937290035,0.13400522583053373,0.10050391937290026,0.1340052258305338,-0.021929741030314268,-0.0292396547070857,-0.02192974103031428,-0.029239654707085717,-0.021929741030314087,0.7818021310298536,0.7818021310298535,0.7818021310298535,0.7818021310298532,0.7818021310298552
2060,2,3,0.027495108067180297,0.04124266210077047,0.02749510806718031,0.04124266210077052,0.02749510806718014,0.027495108067180293,0.0163690476190476,0.024553571428571428,0.016369047619047616,0.024553571428571376,0.016369047619047745,0.024553571428571428,0.011126060448132698,0.01668909067219904,0.011126060448132694,0.01668909067219898,0.011126060448132396,1.6797011473768346,1.6797011473768337,1.6797011473768337,1.6797011473768426,1.6797011473768102
2060,3,5,0.029943876143029624,0.037429845178787044,0.029943876143029638,0.03742984517878701,0.029943876143029513,0.02994387614302961,0.022510822510822495,0.02813852813852814,0.022510822510822513,0.02813852813852812,0.022510822510822592,0.02813852813852814,0.007433053632207129,0.009291317040258904,0.007433053632207125,0.009291317040258897,0.007433053632206921,1.3301991132768938,1.3301991132768933,1.3301991132768933,1.3301991132768927,1.3301991132768831
2060,4,7,0.033613119626391866,0.041446839569008465,0.03552586248772154,0.04144683956900833,0.03776733227484819,0.037767332274848,0.019083279304377494,0.02271782950959584,0.01947242529393929,0.022717829509595788,0.019472425293939364,0.02271782950959583,0.014529840322014372,0.018729010059412625,0.01605343719378225,0.018729010059412635,0.018294906980908823,1.7613911681668564,1.824418990005257,1.824418990005257,1.8244189900052623,1.9395289341078106
2060,5,1,NA,NA,NA,NA,NA,NA,NA,NA,NA,NA,NA,NA,NA,NA,NA,NA,NA,NA,NA,NA,NA,NA
2060,6,2,0.0038610339809978245,0.007722067961995681,0.0038610339809978405,0.007722067961995685,0.0038610339809976857,0.0038610339809979125,0.005514705882352922,0.011029411764705883,0.0055147058823529415,0.011029411764705985,0.005514705882353033,0.011029411764705883,-0.0016536719013550971,-0.003307343802710202,-0.001653671901355101,-0.0033073438027101934,-0.001653671901355347,0.700134161887608,0.7001341618876084,0.7001341618876084,0.7001341618875951,0.7001341618875687
2080,7,1,NA,NA,NA,NA,NA,NA,NA,NA,NA,NA,NA,NA,NA,NA,NA,NA,NA,NA,NA,NA,NA,NA
2080,9,1,NA,NA,NA,NA,NA,NA,NA,NA,NA,NA,NA,NA,NA,NA,NA,NA,NA,NA,NA,NA,NA,NA
2100,4,1,NA,NA,NA,NA,NA,NA,NA,NA,NA,NA,NA,NA,NA,NA,NA,NA,NA,NA,NA,NA,NA,NA
2100,5,2,-0.025635855778451733,-0.051271711556903465,-0.025635855778451733,-0.05127171155690333,-0.025635855778451733,-0.025635855778451663,0.0052631578947368585,0.010526315789473684,0.005263157894736842,0.010526315789473842,0.0052631578947368585,0.010526315789473684,-0.03089901367318859,-0.06179802734637715,-0.030899013673188574,-0.06179802734637716,-0.03089901367318859,-4.870812597905814,-4.87081259790583,-4.87081259790583,-4.870812597905713,-4.870812597905814
2100,6,3,-0.00206762024542543,-0.0031014303681381546,-0.002067620245425436,-0.0031014303681381797,-0.0020676202454255055,-0.0020676202454254396,0.009546539379474955,0.014319809069212411,0.00954653937947494,0.014319809069212375,0.009546539379474991,0.014319809069212408,-0.011614159624900384,-0.017421239437350567,-0.011614159624900377,-0.01742123943735064,-0.011614159624900497,-0.21658322070831348,-0.21658322070831446,-0.21658322070831443,-0.2165832207083524,-0.21658322070832056
2100,7,2,0.002247297649215635,0.004494595298431291,0.0022472976492156453,0.004494595298431428,0.002247297649215607,0.002247297649215672,0.008512049524651788,0.01702409904930356,0.00851204952465178,0.017024099049303625,0.008512049524651788,0.01702409904930356,-0.006264751875436153,-0.012529503750872268,-0.006264751875436134,-0.012529503750872303,-0.006264751875436181,0.26401369525720275,0.26401369525720425,0.26401369525720425,0.26401369525721197,0.26401369525719953
2140,1,1,NA,NA,NA,NA,NA,NA,NA,NA,NA,NA,NA,NA,NA,NA,NA,NA,NA,NA,NA,NA,NA,NA
2140,3,9,0.011231793897270028,0.014449063157824184,0.012843611695843719,0.014449063157824169,0.006584165642379168,0.006584165642379364,0.018867047725266026,0.025564617314930992,0.022724104279938658,0.025564617314931024,0.022724104279938748,0.025564617314931006,-0.007635253827995998,-0.011115554157106808,-0.009880492584094938,-0.011115554157106803,-0.01613993863755958,0.5953127410723004,0.5651977097809018,0.5651977097809019,0.5651977097809036,0.28974368191893
2140,4,6,-0.00467970938829114,-0.004571008341392047,-0.003809173617826706,-0.004571008341391965,-0.0028035375568424095,-0.002803537556842036,0.01576057971302405,0.01814007140723059,0.01511672617269216,0.018140071407230653,0.015116726172692108,0.018140071407230594,-0.02044028910131519,-0.022711079748622638,-0.018925899790518865,-0.02271107974862262,-0.01792026372953452,-0.2969249528571576,-0.25198403240959977,-0.25198403240959977,-0.2519840324095899,-0.18545930678475292
2140,5,2,0.0031228266435011087,0.006245653287002222,0.003122826643501111,0.00624565328700226,0.0031228266435012753,0.00312282664350112,0.02577319587628868,0.05154639175257732,0.02577319587628866,0.05154639175257753,0.025773195876288568,0.051546391752577324,-0.02265036923278757,-0.04530073846557509,-0.022650369232787546,-0.04530073846557513,-0.022650369232787293,0.12116567376784293,0.12116567376784311,0.12116567376784311,0.12116567376784321,0.12116567376784991
2140,6,2,-0.026473335122610298,-0.05294667024522064,-0.02647333512261032,-0.052946670245220546,-0.026473335122610075,-0.02647333512261028,0.013761467889908258,0.027522935779816515,0.013761467889908258,0.027522935779816484,0.013761467889908285,0.027522935779816512,-0.040234803012518555,-0.08046960602503715,-0.040234803012518576,-0.0804696060250371,-0.04023480301251836,-1.9237290189096816,-1.923729018909683,-1.923729018909683,-1.9237290189096818,-1.9237290189096614
2140,7,1,NA,NA,NA,NA,NA,NA,NA,NA,NA,NA,NA,NA,NA,NA,NA,NA,NA,NA,NA,NA,NA,NA
2140,8,1,NA,NA,NA,NA,NA,NA,NA,NA,NA,NA,NA,NA,NA,NA,NA,NA,NA,NA,NA,NA,NA,NA
2140,9,4,0.021082034982245625,0.028109379976327516,0.02108203498224564,0.02810937997632747,0.021082034982245812,0.021082034982245562,0.008936340660485868,0.011915120880647822,0.008936340660485867,0.011915120880647787,0.008936340660485875,0.011915120880647822,0.012145694321759756,0.016194259095679696,0.012145694321759772,0.01619425909567967,0.012145694321759937,2.3591351072217734,2.3591351072217757,2.3591351072217757,2.359135107221775,2.359135107221793
2150,1,1,NA,NA,NA,NA,NA,NA,NA,NA,NA,NA,NA,NA,NA,NA,NA,NA,NA,NA,NA,NA,NA,NA
2150,2,1,NA,NA,NA,NA,NA,NA,NA,NA,NA,NA,NA,NA,NA,NA,NA,NA,NA,NA,NA,NA,NA,NA
2150,3,3,-0.05746088298596708,-0.06464349335921292,-0.04309566223947528,-0.0646434933592129,-0.043163430891800005,-0.04316343089180006,0.007662835249042155,0.008620689655172415,0.00574712643678161,0.008620689655172459,0.005747126436781731,0.008620689655172412,-0.06512371823500923,-0.07326418301438534,-0.04884278867625689,-0.07326418301438532,-0.04891055732858174,-7.4986452296686945,-7.498645229668697,-7.498645229668698,-7.498645229668645,-7.510436975173041
2150,4,5,0.003706705913932743,-7.913576565139941e-4,-6.330861252111953e-4,-7.913576565140405e-4,0.003545165158370267,0.0035451651583702395,0.012644376899696053,0.014805373075791745,0.011844298460633396,0.014805373075791682,0.011844298460633418,0.014805373075791746,-0.00893767098576331,-0.015596730732305738,-0.012477384585844591,-0.015596730732305709,-0.008299133302263152,0.2931505398278539,-0.05345070687937898,-0.05345070687937898,-0.053450706879374504,0.299314068296509
2150,5,6,-0.007003895120981907,-0.005553804071621329,-0.0046281700596844414,-0.005553804071621311,0.0034482876765434454,0.003448287676543415,0.0111111111111111,0.00912280701754386,0.0076023391812865505,0.009122807017543895,0.007602339181286499,0.00912280701754386,-0.018115006232093007,-0.01467661108916519,-0.012230509240970992,-0.014676611089165214,-0.0041540515047430535,-0.6303505608883723,-0.608782369389261,-0.6087823693892611,-0.608782369389282,0.4535824559145639
2150,6,2,0.010833578704665586,0.021667157409331138,0.010833578704665569,0.021667157409331058,0.010833578704665614,0.010833578704665564,0.017890772128060256,0.035781544256120526,0.017890772128060263,0.035781544256120415,0.01789077212806034,0.035781544256120526,-0.00705719342339467,-0.014114386846789388,-0.007057193423394694,-0.014114386846789345,-0.007057193423394725,0.6055400307555188,0.6055400307555177,0.6055400307555177,0.6055400307555183,0.6055400307555175
2150,7,1,NA,NA,NA,NA,NA,NA,NA,NA,NA,NA,NA,NA,NA,NA,NA,NA,NA,NA,NA,NA,NA,NA
2150,8,2,-0.03733138493086909,-0.07466276986173818,-0.03733138493086909,-0.07466276986173837,-0.03733138493086874,-0.03733138493086909,0.0037037037037036813,0.007407407407407408,0.003703703703703704,0.007407407407407297,0.0037037037037037646,0.007407407407407408,-0.041035088634572774,-0.08207017726914559,-0.041035088634572794,-0.08207017726914559,-0.0410350886345725,-10.079473931334716,-10.079473931334654,-10.079473931334654,-10.079473931335025,-10.079473931334395
2160,1,1,NA,NA,NA,NA,NA,NA,NA,NA,NA,NA,NA,NA,NA,NA,NA,NA,NA,NA,NA,NA,NA,NA
2180,1,5,0.03963825690241649,0.04954782112802063,0.039638256902416506,0.04954782112802071,0.039638256902416555,0.039638256902416485,0.0823529411764706,0.10294117647058823,0.08235294117647059,0.10294117647058837,0.08235294117647066,0.10294117647058824,-0.04271468427405411,-0.0533933553425676,-0.04271468427405408,-0.05339335534256762,-0.0427146842740541,0.4813216909579145,0.4813216909579147,0.4813216909579147,0.48132169095791505,0.4813216909579149
2180,2,15,-3.28765615604144e-4,-6.640557549599257e-4,-6.197853712959307e-4,-6.640557549599379e-4,-0.002773837714073461,-0.0027738377140735047,0.033076493579006064,0.025723857382148843,0.024008933556672253,0.025723857382148854,0.02400893355667222,0.025723857382148833,-0.03340525919461021,-0.026387913137108768,-0.024628718927968182,-0.026387913137108768,-0.02678277127074568,-0.009939554651367713,-0.025814781395139808,-0.025814781395139808,-0.02581478139514018,-0.11553356618385058
2180,3,10,0.010684938556869781,0.018147976521919663,0.016333178869727696,0.01814797652191968,0.01609218823656704,0.01609218823656698,0.013485714285714271,0.023619047619047616,0.021257142857142856,0.023619047619047612,0.021257142857142773,0.02361904761904762,-0.00280077572884449,-0.0054710710971279525,-0.00492396398741516,-0.005471071097127972,-0.0051649546205757325,0.792315359089921,0.7683619091941793,0.7683619091941792,0.7683619091941808,0.7570249842471084
2180,5,3,0,0,0,NA,0.008304154189729296,0.008304154189729051,0,0,0,NA,0,0,0,0,0,NA,0.008304154189729296,NA,NA,NA,NA,Inf
2180,6,19,-6.833201390916266e-4,0.0025690750722490636,0.0024338605947622706,0.0025690750722491018,0.004155610800514496,0.0041556108005146464,0.007682363804247457,0.009411764705882356,0.008916408668730651,0.009411764705882385,0.00891640866873058,0.009411764705882345,-0.008365683943339084,-0.006842689633633292,-0.006482548073968381,-0.006842689633633285,-0.004760797868216084,-0.08894659983608558,0.27296422642646295,0.27296422642646295,0.2729642264264955,0.4660632946410392
2180,7,2,0.047210452251251034,0.09442090450250205,0.04721045225125103,0.09442090450250214,0.04721045225125109,0.04721045225125105,0.011811023622047223,0.023622047244094488,0.011811023622047244,0.023622047244094516,0.011811023622047223,0.023622047244094488,0.03539942862920381,0.07079885725840757,0.03539942862920378,0.07079885725840761,0.035399428629203866,3.9971516239392613,3.9971516239392537,3.9971516239392537,3.997151623939234,3.997151623939266
2180,8,1,NA,NA,NA,NA,NA,NA,NA,NA,NA,NA,NA,NA,NA,NA,NA,NA,NA,NA,NA,NA,NA,NA
2190,1,7,0.04426542580900258,0.03455550520846625,0.02961900446439964,0.034555505208466314,0.03455387331220727,0.034553873312207606,0.04995085853038096,0.053824362606232294,0.04613516794819911,0.05382436260623232,0.0461351679481992,0.05382436260623227,-0.005685432721378385,-0.019268857397766043,-0.016516163483799466,-0.019268857397766032,-0.011581294635991925,0.8861794794193496,0.6420049125572941,0.642004912557294,0.6420049125572935,0.7489703592496842
2190,2,7,0.024682020820691628,0.026094017679879795,0.022366300868468393,0.02609401767987976,0.01946162324926754,0.019461623249267406,0.016101853585470834,0.01681957186544342,0.014416775884665788,0.01681957186544331,0.014416775884665865,0.016819571865443417,0.008580167235220794,0.009274445814436375,0.007949524983802605,0.009274445814436356,0.005044847364601677,1.5328682930617954,1.5514079602401265,1.5514079602401263,1.5514079602401267,1.3499289581082783
2190,3,9,0.01726753297846981,0.020831875496004293,0.018517222663114927,0.02083187549600431,0.017214488785534873,0.017214488785534977,0.02789899668046697,0.03323262839879154,0.029540114132259147,0.033232628398791535,0.029540114132259196,0.033232628398791556,-0.010631463701997159,-0.012400752902787249,-0.01102289146914422,-0.012400752902787268,-0.012325625346724323,0.6189302495798852,0.6268500717434019,0.6268500717434019,0.6268500717434022,0.5827495692285034
2190,4,22,0.03835452606909489,0.03597820411628166,0.03434283120190522,0.03597820411628164,0.03259421203879385,0.03259421203879384,0.026269021105777193,0.026819022502571354,0.02559997602518175,0.02681902250257132,0.025599976025181673,0.026819022502571337,0.012085504963317697,0.009159181613710304,0.00874285517672347,0.009159181613710318,0.006994236013612175,1.46006681842666,1.3415181001780412,1.341518100178041,1.3415181001780432,1.27321260014979
2190,5,5,0.02536845973455154,0.031710574668189447,0.025368459734551558,0.031710574668189495,0.025368459734551506,0.025368459734551554,0.02305052800892202,0.028813160011152552,0.023050528008922044,0.02881316001115259,0.023050528008922024,0.028813160011152562,0.0023179317256295205,0.0028974146570368946,0.0023179317256295136,0.0028974146570369098,0.0023179317256294824,1.1005587258015233,1.100558725801523,1.1005587258015228,1.1005587258015206,1.1005587258015215
2190,6,9,0.022825637106974012,0.02729053692959909,0.02425825504853252,0.02729053692959907,0.024399602499327797,0.024399602499327825,0.020812142244560128,0.02504038772213247,0.022258122419673305,0.025040387722132455,0.0222581224196734,0.02504038772213249,0.0020134948624138845,0.00225014920746662,0.0020001326288592164,0.0022501492074666254,0.002141480079654399,1.0967461609071105,1.089860797382054,1.089860797382054,1.0898607973820573,1.0962111735786662
2190,7,10,0.028684401847771428,0.027890874898965724,0.025101787409069154,0.02789087489896574,0.024263054457824042,0.024263054457824017,0.020815270139113554,0.021855566339552105,0.019670009705596896,0.021855566339552074,0.019670009705596847,0.021855566339552105,0.007869131708657873,0.006035308559413619,0.005431777703472258,0.006035308559413607,0.004593044752227195,1.3780461005822426,1.2761451460761966,1.2761451460761966,1.2761451460761937,1.2335049560712876
2190,8,6,1.8080233497340392e-4,0.004161678897445929,0.0034680657478716073,0.004161678897445891,0.004385998170147361,0.004385998170147426,0.022128060263653493,0.02730696798493409,0.022755806654111744,0.02730696798493405,0.022755806654111737,0.027306967984934087,-0.02194725792868009,-0.023145289087488162,-0.019287740906240136,-0.023145289087488162,-0.018369808483964377,0.008170726797521484,0.15240355134784744,0.15240355134784742,0.1524035513478462,0.19274193338054474
2190,9,1,NA,NA,NA,NA,NA,NA,NA,NA,NA,NA,NA,NA,NA,NA,NA,NA,NA,NA,NA,NA,NA,NA
2190,10,1,NA,NA,NA,NA,NA,NA,NA,NA,NA,NA,NA,NA,NA,NA,NA,NA,NA,NA,NA,NA,NA,NA
2200,1,7,0.041444430250264744,0.051907053877324534,0.04449176046627817,0.05190705387732469,0.037158488229827924,0.037158488229827834,0.0637250947809954,0.06926406926406928,0.05936920222634509,0.06926406926406939,0.059369202226345105,0.06926406926406922,-0.02228066453073066,-0.017357015386744744,-0.014877441760066924,-0.01735701538674476,-0.02221071399651718,0.6503627871044709,0.7494080903538728,0.7494080903538728,0.7494080903538715,0.6258882861211639
2200,2,1,NA,NA,NA,NA,NA,NA,NA,NA,NA,NA,NA,NA,NA,NA,NA,NA,NA,NA,NA,NA,NA,NA
2200,3,3,0.053819382851341725,0.08072907427701259,0.053819382851341725,0.08072907427701251,0.05381938285134158,0.053819382851341586,0.0123456790123457,0.018518518518518517,0.012345679012345678,0.018518518518518403,0.012345679012345734,0.018518518518518514,0.041473703838996026,0.062210555758494074,0.04147370383899605,0.06221055575849416,0.041473703838995846,4.359370010958672,4.35937001095868,4.35937001095868,4.3593700109587346,4.359370010958648
2200,4,3,0.006055823160742303,0.009083734741113413,0.0060558231607422755,0.009083734741113531,0.006055823160742453,0.00605582316074234,0.026246719160104983,0.03937007874015749,0.02624671916010499,0.03937007874015756,0.02624671916010494,0.03937007874015747,-0.02019089599936268,-0.030286343999044073,-0.020190895999362714,-0.03028634399904405,-0.02019089599936249,0.23072686242428178,0.23072686242428067,0.23072686242428067,0.23072686242427065,0.23072686242428786
2200,5,2,0.0061738274347716005,0.012347654869543194,0.006173827434771597,0.012347654869543189,0.006173827434771351,0.006173827434771556,0.008510638297872353,0.01702127659574468,0.00851063829787234,0.017021276595744653,0.008510638297872353,0.01702127659574468,-0.0023368108631007523,-0.004673621726201487,-0.0023368108631007436,-0.004673621726201506,-0.002336810863101002,0.725424723585662,0.7254247235856627,0.7254247235856627,0.7254247235856649,0.7254247235856327
2200,6,20,0.0065832829561845024,0.005967649700285303,0.0056692672152710375,0.0059676497002852935,0.007257783063318435,0.007257783063318461,0.014350354880631072,0.01527285319818262,0.01450921053827349,0.015272853198182623,0.014509210538273542,0.015272853198182628,-0.00776707192444657,-0.009305203497897319,-0.008839943323002452,-0.009305203497897324,-0.007251427474955107,0.4587540176494224,0.3907357468082924,0.3907357468082924,0.3907357468083084,0.5002190190964064
2200,7,10,0.029687800265671728,0.031219523561481086,0.028097571205332978,0.031219523561481066,0.03057988698673082,0.03057988698673094,0.020511650643636952,0.023192656564010646,0.020873390907609583,0.023192656564010653,0.020873390907609667,0.023192656564010646,0.009176149622034776,0.00802686699747044,0.007224180297723395,0.008026866997470405,0.009706496079121153,1.4473628076773708,1.346095195059551,1.346095195059551,1.3460951950595523,1.465017692721048
2200,8,11,0.008466882284264777,0.009313570512691242,0.008466882284264765,0.009313570512691223,0.008466882284264864,0.00846688228426477,0.030131200598467987,0.03314432065831478,0.030131200598467984,0.03314432065831478,0.030131200598467925,0.033144320658314796,-0.02166431831420321,-0.02383075014562354,-0.02166431831420322,-0.02383075014562353,-0.02166431831420306,0.2810004950381988,0.28100049503819846,0.28100049503819846,0.28100049503819785,0.2810004950382023
2200,9,16,0.02631324647049418,0.028517112652595072,0.026734793111807882,0.028517112652595062,0.026786716872004623,0.02678671687200467,0.04442557297357366,0.047853437612963276,0.044862597762153074,0.04785343761296329,0.04486259776215307,0.047853437612963276,-0.018112326503079482,-0.019336324960368204,-0.018127804650345192,-0.019336324960368193,-0.018075880890148444,0.5922995407655516,0.5959261042694646,0.5959261042694646,0.5959261042694651,0.5970834995784039
2200,10,4,0.006638989517285879,0.008851986023047851,0.006638989517285888,0.008851986023047884,0.006638989517286031,0.006638989517285882,0.031318681318681325,0.041758241758241756,0.03131868131868132,0.04175824175824177,0.03131868131868143,0.041758241758241756,-0.024679691801395447,-0.0329062557351939,-0.02467969180139543,-0.03290625573519393,-0.024679691801395398,0.21198177055193504,0.2119817705519354,0.21198177055193537,0.21198177055193518,0.2119817705519392
2210,1,2,0.05137595003830881,0.10275190007661762,0.05137595003830881,0.10275190007661779,0.05137595003830886,0.051375950038308825,0.028301886792452824,0.05660377358490566,0.02830188679245283,0.05660377358490581,0.028301886792452935,0.05660377358490566,0.023074063245855987,0.04614812649171196,0.02307406324585598,0.04614812649171195,0.023074063245855925,1.815283568020245,1.8152835680202446,1.8152835680202446,1.8152835680202408,1.8152835680202397
2210,2,1,NA,NA,NA,NA,NA,NA,NA,NA,NA,NA,NA,NA,NA,NA,NA,NA,NA,NA,NA,NA,NA,NA
2210,3,3,0.03914504733716488,0.05871757100574734,0.039145047337164895,0.0587175710057473,0.03914504733716484,0.039145047337164854,0.024691358024691357,0.037037037037037035,0.024691358024691357,0.03703703703703704,0.024691358024691468,0.03703703703703703,0.014453689312473525,0.021680533968710308,0.014453689312473539,0.02168053396871027,0.014453689312473372,1.5853744171551778,1.5853744171551785,1.5853744171551785,1.5853744171551765,1.585374417155169
2210,4,6,0.02716892232773996,0.02929450546060312,0.024412087883835934,0.0292945054606031,0.02922913589712402,0.02922913589712389,0.030098117210289016,0.0345266507557677,0.02877220896313975,0.03452665075576768,0.0287722089631397,0.0345266507557677,-0.0029291948825490577,-0.005232145295164577,-0.004360121079303815,-0.00523214529516461,4.569269339843203e-4,0.9026784678229735,0.8484606765893578,0.8484606765893578,0.848460676589356,1.0158808430235473
2210,5,5,0.018804933561669835,0.021502427114339015,0.017201941691471212,0.021502427114339022,0.01671632319027303,0.01671632319027316,0.021265822784810116,0.02531645569620253,0.020253164556962026,0.025316455696202528,0.020253164556961956,0.025316455696202535,-0.0024608892231402814,-0.0038140285818635163,-0.0030512228654908137,-0.0038140285818635184,-0.0035368413666889247,0.8842796139118557,0.8493458710163911,0.849345871016391,0.8493458710163899,0.8253684575197338
2210,7,1,NA,NA,NA,NA,NA,NA,NA,NA,NA,NA,NA,NA,NA,NA,NA,NA,NA,NA,NA,NA,NA,NA
2250,1,3,0.04746931140721411,0.07120396711082119,0.047469311407214124,0.0712039671108211,0.04746931140721392,0.047469311407214006,0.048309178743961345,0.07246376811594203,0.04830917874396135,0.0724637681159419,0.04830917874396127,0.072463768115942,-8.398673367472353e-4,-0.0012598010051208391,-8.398673367472284e-4,-0.0012598010051207893,-8.398673367473464e-4,0.9826147461293322,0.9826147461293324,0.9826147461293324,0.9826147461293341,0.9826147461293299
2250,3,3,-0.005879774004938887,-0.008819661007408337,-0.005879774004938891,-0.00881966100740829,-0.00587977400493885,-0.005879774004938888,0.012012012012012003,0.018018018018018018,0.012012012012012012,0.01801801801801803,0.012012012012011889,0.01801801801801801,-0.017891786016950892,-0.026837679025426355,-0.017891786016950902,-0.026837679025426303,-0.01789178601695074,-0.4894911859111627,-0.48949118591116275,-0.4894911859111627,-0.4894911859111645,-0.48949118591116425
2250,4,2,-0.013519847138331847,-0.027039694276663653,-0.013519847138331827,-0.027039694276663754,-0.013519847138331764,-0.013519847138331865,0.01807228915662651,0.03614457831325301,0.018072289156626505,0.036144578313253004,0.01807228915662651,0.03614457831325302,-0.031592136294958356,-0.06318427258991666,-0.03159213629495833,-0.06318427258991674,-0.03159213629495827,-0.7480982083210288,-0.7480982083210278,-0.7480982083210278,-0.7480982083210324,-0.7480982083210241
2280,1,5,0.08737482843703759,0.10651832743311973,0.0852146619464958,0.10651832743311969,0.09501408061458747,0.0950140806145874,0.11446640316205534,0.1442687747035573,0.11541501976284585,0.14426877470355728,0.11541501976284589,0.1442687747035573,-0.027091574725017747,-0.03775044727043758,-0.030200357816350054,-0.037750447270437595,-0.020400939148258426,0.7633229141771585,0.7383325161802545,0.7383325161802546,0.7383325161802545,0.8232384382017336
2280,2,1,NA,NA,NA,NA,NA,NA,NA,NA,NA,NA,NA,NA,NA,NA,NA,NA,NA,NA,NA,NA,NA,NA
2290,1,18,0.010827924635037683,0.01202494855021839,0.011356895852984035,0.012024948550218453,0.011307013667756315,0.01130701366775635,0.06732741331606189,0.06889364121166183,0.06506621669990284,0.06889364121166192,0.06506621669990291,0.06889364121166189,-0.0564994886810242,-0.05686869266144344,-0.053709320846918804,-0.056868692661443454,-0.053759203032146596,0.16082490180050527,0.17454366380888708,0.17454366380888706,0.17454366380888744,0.1737770265621297
2290,2,22,0.009670801895320293,0.00788263889839252,0.007524337130283769,0.007882638898392516,0.0085216737631521,0.00852167376315248,0.023343564654371884,0.024707562069281933,0.023584491066132755,0.02470756206928192,0.023584491066132817,0.02470756206928191,-0.01367276275905159,-0.016824923170889412,-0.016060153935848986,-0.01682492317088942,-0.015062817302980718,0.4142812821652371,0.3190375026191975,0.3190375026191975,0.31903750261919783,0.3613253192217139
2290,3,6,0.014134989667420198,0.016961987600904237,0.014134989667420198,0.016961987600904362,0.014134989667420328,0.014134989667420288,0.023052005575441698,0.02766240669053006,0.02305200557544172,0.027662406690530106,0.023052005575441736,0.027662406690530057,-0.0089170159080215,-0.010700419089625823,-0.008917015908021521,-0.010700419089625806,-0.008917015908021408,0.6131783033437583,0.6131783033437578,0.6131783033437578,0.6131783033437632,0.613178303343763
2290,4,3,0.005014102842096541,0.007521154263144867,0.005014102842096578,0.007521154263144883,0.005014102842096395,0.005014102842096575,0.004850444624090566,0.007275666936135813,0.004850444624090542,0.007275666936135804,0.004850444624090677,0.007275666936135811,1.6365821800597494e-4,2.4548732700905435e-4,1.6365821800603565e-4,2.4548732700911056e-4,1.6365821800571733e-4,1.0337408692788983,1.0337408692789112,1.033740869278911,1.0337408692790235,1.0337408692788443
2290,5,11,0.03387985818497674,0.03582545384181286,0.032568594401648054,0.03582545384181287,0.031673554978821954,0.03167355497882207,0.01917580638348798,0.020745788377815634,0.01885980761619603,0.02074578837781565,0.01885980761619602,0.02074578837781564,0.01470405180148876,0.015079665463997229,0.013708786785452023,0.015079665463997225,0.012813747362625933,1.7668022667432757,1.7268784000574577,1.7268784000574575,1.7268784000574593,1.6794208946024465
2290,6,5,0.03813916120083828,0.04767395150104784,0.038139161200838274,0.04767395150104787,0.03813916120083825,0.038139161200838316,0.013248159658487801,0.016560199573109745,0.013248159658487796,0.01656019957310977,0.013248159658487779,0.016560199573109752,0.02489100154235048,0.031113751927938096,0.02489100154235048,0.031113751927938114,0.024891001542350466,2.8788271113870043,2.878827111387005,2.878827111387005,2.8788271113870163,2.878827111387007
2290,7,2,0.018179822171893345,0.03635964434378668,0.01817982217189334,0.03635964434378659,0.0181798221718934,0.01817982217189327,0.01696284329563813,0.033925686591276254,0.016962843295638127,0.03392568659127618,0.01696284329563813,0.033925686591276254,0.0012169788762552147,0.0024339577525104295,0.0012169788762552147,0.0024339577525104303,0.0012169788762552702,1.0717438023239978,1.0717438023239978,1.0717438023239978,1.0717438023240011,1.0717438023240011
2300,1,26,0.06027359595524381,0.062309505250145496,0.05991298581744759,0.06230950525014554,0.05954884732260965,0.05954884732260984,0.09424129437862626,0.09742163839188747,0.0936746522998918,0.09742163839188746,0.09367465229989182,0.09742163839188742,-0.03396769842338245,-0.035112133141741976,-0.03376166648244421,-0.035112133141741976,-0.03412580497728217,0.6395667244667401,0.6395858895279486,0.6395858895279486,0.6395858895279486,0.6356986213513645
2300,2,53,0.008651578935447404,0.009402159017854378,0.009224759791102408,0.009402159017854359,0.009198251190953955,0.009198251190953993,0.02501614248536848,0.02540539762901959,0.02492605050394375,0.02540539762901957,0.0249260505039437,0.02540539762901958,-0.016364563549921076,-0.01600323861116521,-0.01570129071284134,-0.01600323861116522,-0.015727799312989746,0.3458398488299132,0.37008509589767885,0.37008509589767885,0.370085095897679,0.3690216061103882
2300,3,46,0.03625917384517667,0.03085729364984225,0.030186482918323942,0.03085729364984225,0.028735538940261523,0.028735538940261495,0.024899435461029327,0.023669743912339475,0.023155184262071225,0.02366974391233945,0.023155184262071183,0.023669743912339437,0.011359738384147344,0.0071875497375027755,0.007031298656252717,0.00718754973750279,0.00558035467819034,1.4562247365779328,1.3036598014799718,1.3036598014799718,1.3036598014799727,1.2409980682957082
2300,4,59,0.005458317646474917,0.005177241018921215,0.00508949117114289,0.005177241018921232,0.003725307605151811,0.003725307605151737,0.02197098025636573,0.021417288128071775,0.021054283244545134,0.02141728812807177,0.02105428324454514,0.021417288128071733,-0.016512662609890812,-0.01624004710915056,-0.015964792073402245,-0.016240047109150575,-0.01732897563939333,0.24843305045042127,0.24173186576947492,0.24173186576947495,0.24173186576947436,0.17693822971233106
2300,5,77,0.024709966889866625,0.023354114470425687,0.02305081428249808,0.023354114470425666,0.022190951987225503,0.02219095198722589,0.02318809493137522,0.022716371136737402,0.022421353329766785,0.022716371136737513,0.022421353329766826,0.022716371136737412,0.0015218719584914053,6.37743333688285e-4,6.29460952731295e-4,6.377433336882638e-4,-2.304013425413233e-4,1.0656316080728219,1.0280741730203955,1.0280741730203955,1.028074173020399,0.9897240215988461
2300,6,69,0.033521193670420064,0.03291170357687467,0.03243472236561561,0.03291170357687473,0.0325553098399189,0.03255530983991822,0.019890766465514315,0.0199445105339701,0.019655459656666187,0.019944510533970065,0.019655459656666114,0.019944510533970037,0.013630427204905749,0.012967193042904567,0.012779262708949427,0.012967193042904576,0.012899850183252789,1.6852640509624177,1.6501635134549153,1.650163513454915,1.650163513454915,1.656298575997831
2300,7,99,0.02093609958109137,0.020058653515331967,0.01985604085356094,0.020058653515331974,0.020739985442780048,0.02073998544277995,0.0221679084556402,0.02099872885455286,0.020786620482284652,0.020998728854552853,0.020786620482284673,0.020998728854552808,-0.00123180887454883,-9.40075339220893e-4,-9.305796287237128e-4,-9.400753392208858e-4,-4.6635039504625e-5,0.9444327877384653,0.9552317978039385,0.9552317978039385,0.9552317978039389,0.9977564876626112
2300,8,116,0.015036602659524055,0.014868405931275898,0.014740230018075244,0.014868405931275879,0.01430559804465881,0.014305598044658658,0.02518356291555436,0.02500646139054349,0.024790888447521565,0.025006461390543456,0.024790888447521628,0.025006461390543383,-0.010146960256030306,-0.010138055459267593,-0.010050658429446321,-0.0101380554592676,-0.010485290402862817,0.5970800362897363,0.5945825640447702,0.5945825640447702,0.5945825640447696,0.5770506399938626
2300,9,114,0.05088970465864986,0.05082973924394909,0.05038386433830041,0.05082973924394906,0.050254042609662576,0.05025404260966263,0.04812627458363497,0.04834563908833928,0.0479215545349328,0.04834563908833925,0.04792155453493276,0.04834563908833948,0.0027634300750148874,0.002484100155609806,0.0024623098033676113,0.002484100155609823,0.0023324880747298132,1.0574204028656433,1.0513820936583493,1.0513820936583493,1.0513820936583491,1.0486730469694912
2300,10,133,0.06619156793439808,0.067312143519512,0.06680603717726002,0.06731214351951201,0.06662256954743898,0.0666225695474389,0.11284849168637238,0.11453555340786918,0.11367438383337392,0.11453555340786917,0.11367438383337387,0.11453555340787003,-0.046656923751974305,-0.04722340988835719,-0.04686834665611389,-0.04722340988835722,-0.0470518142859349,0.5865525267130477,0.5876964969978248,0.5876964969978249,0.5876964969978239,0.5860825218555452
2310,1,12,0.09684699388906566,0.09993270020607704,0.09160497518890395,0.09993270020607696,0.09195638845689598,0.09195638845689612,0.12327568072506088,0.1291315352668852,0.11837057399464476,0.1291315352668852,0.11837057399464479,0.1291315352668852,-0.026428686835995224,-0.029198835060808156,-0.02676559880574081,-0.029198835060808153,-0.02641418553774881,0.7856131340703073,0.7738830023165072,0.7738830023165072,0.7738830023165073,0.7768517576087465
2310,2,8,-0.013342815758330386,-0.003339747472414132,-0.0029222790383623652,-0.003339747472414209,-0.0068767932735296355,-0.006876793273529823,0.03279268845261439,0.030786108807717674,0.026937845206752964,0.030786108807717618,0.02693784520675302,0.030786108807717677,-0.046135504210944776,-0.0341258562801318,-0.02986012424511533,-0.03412585628013182,-0.033814638480282655,-0.40688386307852814,-0.10848228638680381,-0.10848228638680381,-0.10848228638680672,-0.25528371778622067
2310,3,7,0.027535433719277653,0.03366952391840905,0.028859591930064897,0.0336695239184091,0.0365764435552978,0.03657644355529777,0.01984762263507909,0.022381266283705306,0.01918394252889026,0.02238126628370529,0.019183942528890188,0.0223812662837053,0.007687811084198564,0.011288257634703744,0.009675649401174637,0.011288257634703761,0.017392501026407613,1.3873416592781733,1.5043618842479063,1.5043618842479063,1.5043618842478916,1.906617656939665
2310,4,2,-0.0013462262017908122,-0.002692452403581676,-0.001346226201790838,-0.002692452403581563,-0.0013462262017907012,-0.0013462262017907988,0.014563106796116498,0.02912621359223301,0.014563106796116505,0.029126213592233056,0.014563106796116498,0.029126213592233007,-0.01590933299790731,-0.031818665995814684,-0.015909332997907342,-0.031818665995814614,-0.0159093329979072,-0.09244086585630248,-0.0924408658563042,-0.0924408658563042,-0.09244086585630018,-0.09244086585629485
2310,5,2,0.01544900980139316,0.030898019602786285,0.015449009801393142,0.030898019602786257,0.015449009801393077,0.015449009801393142,0.005494505494505475,0.01098901098901099,0.005494505494505495,0.01098901098901086,0.005494505494505475,0.01098901098901099,0.009954504306887685,0.019909008613775293,0.009954504306887647,0.019909008613775377,0.009954504306887602,2.8117197838535652,2.811719783853552,2.811719783853552,2.811719783853591,2.8117197838535497
2310,6,3,0.006378552240093861,0.014351742540211198,0.009567828360140798,0.014351742540211185,-0.039534278851509765,-0.03953427885150963,0.002677376171352051,0.006024096385542168,0.004016064257028112,0.006024096385542121,0.004016064257028162,0.006024096385542167,0.0037011760687418096,0.008327646154669029,0.005551764103112686,0.008327646154669079,-0.04355034310853793,2.3823892616750784,2.382389261675059,2.382389261675059,2.382389261675293,-9.844035434025809
2310,7,2,-0.016750300733484574,-0.033500601466969114,-0.016750300733484557,-0.033500601466969294,-0.016750300733484602,-0.016750300733484585,0.01239669421487602,0.024793388429752067,0.012396694214876033,0.02479338842975195,0.012396694214876103,0.024793388429752063,-0.029146994948360594,-0.05829398989672118,-0.02914699494836059,-0.05829398989672121,-0.029146994948360705,-1.351190925834424,-1.3511909258344208,-1.3511909258344208,-1.3511909258344363,-1.351190925834417
2340,2,1,NA,NA,NA,NA,NA,NA,NA,NA,NA,NA,NA,NA,NA,NA,NA,NA,NA,NA,NA,NA,NA,NA
2340,4,1,NA,NA,NA,NA,NA,NA,NA,NA,NA,NA,NA,NA,NA,NA,NA,NA,NA,NA,NA,NA,NA,NA
2340,5,2,0,0,0,NA,0.02153511338010894,0.021535113380109164,0,0,0,NA,0,0,0,0,0,NA,0.02153511338010894,NA,NA,NA,NA,Inf
2340,6,1,NA,NA,NA,NA,NA,NA,NA,NA,NA,NA,NA,NA,NA,NA,NA,NA,NA,NA,NA,NA,NA,NA
2340,7,2,0.03074989149777632,0.06149978299555267,0.030749891497776335,0.0614997829955526,0.030749891497776405,0.030749891497776318,0.016129032258064502,0.03225806451612903,0.016129032258064516,0.03225806451612897,0.016129032258064502,0.03225806451612903,0.01462085923971182,0.02924171847942364,0.01462085923971182,0.029241718479423653,0.014620859239711903,1.9064932728621335,1.9064932728621329,1.9064932728621329,1.9064932728621362,1.9064932728621389
2340,8,2,0.08273782999567944,0.16547565999135885,0.08273782999567943,0.16547565999135888,0.08273782999567958,0.08273782999567945,0.025136535499229784,0.0502730709984596,0.0251365354992298,0.050273070998459665,0.025136535499229895,0.050273070998459596,0.057601294496449656,0.11520258899289926,0.05760129449644963,0.11520258899289929,0.057601294496449684,3.291536735371294,3.291536735371291,3.291536735371291,3.291536735371287,3.291536735371285
2340,9,2,0.0063225972880298085,0.01264519457605965,0.006322597288029825,0.012645194576059497,0.006322597288029641,0.006322597288029794,0.015151515151515138,0.030303030303030304,0.015151515151515152,0.030303030303030176,0.015151515151515138,0.030303030303030304,-0.00882891786348533,-0.017657835726970654,-0.008828917863485327,-0.017657835726970668,-0.008828917863485497,0.41729142100996774,0.4172914210099684,0.4172914210099684,0.4172914210099655,0.4172914210099567
2340,10,1,NA,NA,NA,NA,NA,NA,NA,NA,NA,NA,NA,NA,NA,NA,NA,NA,NA,NA,NA,NA,NA,NA
2360,1,3,-0.004281325151291464,-0.006421987726937221,-0.00428132515129148,-0.006421987726937098,-0.004281325151291426,-0.0042813251512914,0.03341687552213868,0.05012531328320802,0.03341687552213868,0.0501253132832082,0.033416875522138824,0.050125313283208,-0.03769820067343014,-0.05654730101014524,-0.03769820067343016,-0.056547301010145205,-0.03769820067343025,-0.12811865515239707,-0.12811865515239756,-0.12811865515239754,-0.1281186551523958,-0.12811865515239537
2360,2,1,NA,NA,NA,NA,NA,NA,NA,NA,NA,NA,NA,NA,NA,NA,NA,NA,NA,NA,NA,NA,NA,NA
2360,3,1,NA,NA,NA,NA,NA,NA,NA,NA,NA,NA,NA,NA,NA,NA,NA,NA,NA,NA,NA,NA,NA,NA
2360,4,1,NA,NA,NA,NA,NA,NA,NA,NA,NA,NA,NA,NA,NA,NA,NA,NA,NA,NA,NA,NA,NA,NA
2370,1,4,0.02218601225299542,0.029581349670660586,0.02218601225299544,0.029581349670660534,0.022186012252995324,0.022186012252995414,0.053191489361702135,0.07092198581560284,0.053191489361702135,0.07092198581560283,0.05319148936170204,0.07092198581560284,-0.031005477108706714,-0.04134063614494225,-0.031005477108706696,-0.04134063614494228,-0.031005477108706714,0.41709703035631385,0.41709703035631424,0.4170970303563142,0.417097030356314,0.4170970303563128
2370,3,2,-0.006057595000322158,-0.012115190000644335,-0.0060575950003221675,-0.012115190000644241,-0.006057595000322102,-0.006057595000322141,0.013514901391625367,0.027029802783250765,0.013514901391625382,0.027029802783250838,0.013514901391625367,0.027029802783250765,-0.019572496391947525,-0.0391449927838951,-0.01957249639194755,-0.03914499278389504,-0.01957249639194747,-0.4482159969051496,-0.44821599690514985,-0.44821599690514985,-0.4482159969051441,-0.4482159969051455
2380,1,12,0.0010264111126938762,-0.0015174982617417066,-0.001391040073263231,-0.0015174982617417875,-0.0038437972187905047,-0.0038437972187904744,0.07193486590038314,0.07586206896551724,0.06954022988505747,0.07586206896551723,0.06954022988505744,0.07586206896551725,-0.07090845478768927,-0.07737956722725894,-0.07093126995832069,-0.07737956722725899,-0.07338402710384795,0.014268617864878918,-0.020003386177504315,-0.020003386177504315,-0.02000338617750518,-0.05527443934459075
2380,2,10,0.059806039497409536,0.0603589727847885,0.05432307550630965,0.06035897278478845,0.05690999001382302,0.05690999001382298,0.027876069227457074,0.028547721516366076,0.02569294936472947,0.028547721516366163,0.0256929493647295,0.028547721516366076,0.031929970269952465,0.03181125126842242,0.028630126141580184,0.03181125126842242,0.03121704064909352,2.145425849298093,2.1143183966603223,2.1143183966603223,2.1143183966603227,2.215004171220114
2380,3,7,0.028620409576100753,0.04297555050374152,0.03683618614606416,0.042975550503741376,0.042353765076338847,0.04235376507633898,0.01771024711587797,0.0259529602595296,0.022245394508168228,0.025952960259529555,0.022245394508168204,0.025952960259529596,0.010910162460222785,0.017022590244211922,0.014590791637895933,0.017022590244211953,0.020108370568170643,1.6160367152890471,1.6559016803472908,1.6559016803472908,1.6559016803472977,1.903934095697297
2380,4,5,-0.00298201850312847,-0.003727523128910583,-0.0029820185031284667,-0.0037275231289105653,-0.002982018503128536,-0.0029820185031283974,0.021313816663954967,0.026642270829943707,0.021313816663954967,0.026642270829943682,0.02131381666395491,0.026642270829943707,-0.024295835167083436,-0.03036979395885429,-0.024295835167083432,-0.030369793958854287,-0.024295835167083446,-0.13991011324459474,-0.1399101132445946,-0.1399101132445946,-0.13991011324459376,-0.1399101132445982
2380,5,6,0.030779882840936714,0.03693585940912406,0.03077988284093672,0.03693585940912404,0.03077988284093654,0.030779882840936707,0.024966714978225096,0.029960057973870132,0.02496671497822511,0.02996005797387011,0.024966714978225113,0.02996005797387013,0.0058131678627116184,0.00697580143525393,0.0058131678627116115,0.006975801435253914,0.005813167862711428,1.232836713511634,1.2328367135116334,1.2328367135116336,1.232836713511632,1.2328367135116263
2380,6,2,-0.04407451349242866,-0.08814902698485735,-0.04407451349242868,-0.0881490269848574,-0.044074513492428746,-0.044074513492428746,0.018181818181818188,0.03636363636363636,0.01818181818181818,0.036363636363636404,0.018181818181818077,0.03636363636363636,-0.06225633167424685,-0.12451266334849372,-0.06225633167424686,-0.12451266334849374,-0.06225633167424682,-2.4240982420835757,-2.4240982420835775,-2.4240982420835775,-2.4240982420835757,-2.4240982420835953
3010,1,4,0.07196481441399073,0.09595308588532099,0.07196481441399075,0.09595308588532091,0.07196481441399083,0.0719648144139908,0.04341317365269461,0.05788423153692615,0.04341317365269461,0.05788423153692605,0.04341317365269459,0.05788423153692615,0.02855164076129612,0.03806885434839484,0.028551640761296133,0.038068854348394805,0.028551640761296238,1.6576722768464072,1.6576722768464074,1.6576722768464074,1.657672276846408,1.6576722768464103
3010,2,10,-0.012289340169333527,-0.013251074222066202,-0.011925966799859583,-0.013251074222066167,-0.011787155073718658,-0.011787155073718757,0.021400806747341405,0.022776351709245,0.0204987165383205,0.022776351709244993,0.020498716538320493,0.022776351709245003,-0.033690146916674935,-0.036027425931311204,-0.032424683338180084,-0.03602742593131119,-0.03228587161203915,-0.5742465839919898,-0.5817909027409137,-0.5817909027409138,-0.5817909027409159,-0.5750191750631627
3010,3,14,0.012898091178745548,0.013771474242101713,0.01278779751052302,0.01377147424210169,0.012255543859924651,0.012255543859924656,0.032426375843545956,0.03422175417611585,0.03177734316353615,0.0342217541761158,0.031777343163536136,0.03422175417611581,-0.01952828466480041,-0.02045027993401414,-0.01898954565301313,-0.020450279934014128,-0.019521799303611483,0.39776542531233083,0.40241871212180996,0.40241871212180996,0.40241871212180946,0.3856692422917106
3010,4,7,0.009134647608838706,0.009102451253271757,0.0078021010742329346,0.009102451253271802,0.008754150073438842,0.008754150073438693,0.03360227812055055,0.03669250645994832,0.03145071982281285,0.03669250645994841,0.03145071982281295,0.0366925064599483,-0.024467630511711844,-0.027590055206676567,-0.023648618748579913,-0.027590055206676543,-0.02269656974937411,0.2718460806754683,0.24807384753634998,0.24807384753634998,0.24807384753634867,0.27834498296884674
3010,5,4,0.04070387526780857,0.054271833690411414,0.04070387526780856,0.05427183369041134,0.04070387526780861,0.04070387526780853,0.020238788584740812,0.026985051446321105,0.02023878858474083,0.02698505144632108,0.02023878858474082,0.0269850514463211,0.020465086683067756,0.02728678224409031,0.02046508668306773,0.027286782244090327,0.02046508668306779,2.011181405318773,2.011181405318771,2.011181405318771,2.011181405318775,2.011181405318774
3010,6,1,NA,NA,NA,NA,NA,NA,NA,NA,NA,NA,NA,NA,NA,NA,NA,NA,NA,NA,NA,NA,NA,NA
3010,7,1,NA,NA,NA,NA,NA,NA,NA,NA,NA,NA,NA,NA,NA,NA,NA,NA,NA,NA,NA,NA,NA,NA
3020,1,46,0.06896968049828428,0.06804274888292436,0.06656355868981731,0.06804274888292434,0.06635806151458375,0.06635806151458416,0.05965877355304139,0.05965495137611996,0.05835810460707387,0.05965495137611995,0.05835810460707382,0.05965495137611989,0.009310906945242892,0.0083877975068044,0.008205454082743438,0.008387797506804387,0.007999956907509924,1.156069365672842,1.1406052190692433,1.1406052190692433,1.1406052190692426,1.1370839056781192
3020,2,37,0.03554148715659833,0.03660444735621055,0.03561513796820486,0.036604447356210545,0.034211597706450214,0.03421159770645042,0.03219183249827407,0.033031322806109244,0.03213858435189008,0.03303132280610926,0.03213858435189014,0.03303132280610919,0.0033496546583242567,0.0035731245501013087,0.003476553616314784,0.0035731245501013234,0.0020730133545600743,1.1040529351196098,1.1081738255254026,1.1081738255254023,1.1081738255254043,1.0645023231845667
3020,3,72,0.009003190108902262,0.009494416006688124,0.009362549117706346,0.009494416006688133,0.008862963517140048,0.008862963517139827,0.02628625994596479,0.026670679563763636,0.026300253458711363,0.026670679563763604,0.026300253458711294,0.026670679563763556,-0.01728306983706253,-0.01717626355707551,-0.016937704341005017,-0.017176263557075497,-0.017437289941571246,0.3425055571773855,0.355987030026329,0.35598703002632903,0.3559870300263304,0.3369915628780534
3020,4,81,0.01147548483301687,0.011763959800143565,0.011618725728536854,0.01176395980014357,0.011619628246291947,0.01161962824629224,0.02622547887537446,0.02714996076531176,0.02681477606450544,0.02714996076531176,0.026814776064505434,0.027149960765311894,-0.01474999404235759,-0.015386000965168194,-0.015196050335968587,-0.01538600096516818,-0.015195147818213487,0.43757007784488045,0.43329564642221613,0.43329564642221613,0.4332956464222169,0.4333293039009482
3020,5,63,0.025215749835922868,0.02536481647852172,0.02496220034394201,0.02536481647852167,0.025233497815081916,0.025233497815081968,0.027287158397906606,0.02771975076466454,0.027279754720780976,0.02771975076466451,0.02727975472078105,0.027719750764664455,-0.0020714085619837376,-0.0023549342861428207,-0.0023175543768389657,-0.0023549342861428502,-0.0020462569056991335,0.9240885206228491,0.9150448968269675,0.9150448968269675,0.9150448968269654,0.9249899082068965
3020,6,48,0.02342824965369926,0.023919845984522625,0.02342151585984507,0.02391984598452262,0.02360953843892884,0.023609538438928976,0.030346505759660025,0.030850314276842025,0.03020759939607448,0.03085031427684203,0.030207599396074425,0.030850314276842063,-0.006918256105960766,-0.0069304682923194,-0.00678608353622941,-0.00693046829231939,-0.006598060957145584,0.7720246225133015,0.775351776642295,0.7753517766422952,0.7753517766422942,0.7815761235895156
3020,7,29,0.01361328774072661,0.014107994690165255,0.013621512114642315,0.014107994690165254,0.014259742609796728,0.0142597426097964,0.027608000623984018,0.028381586573540948,0.02740291117445333,0.028381586573540937,0.027402911174453287,0.02838158657354094,-0.013994712883257408,-0.014273591883375692,-0.013781399059811014,-0.014273591883375705,-0.01314316856465656,0.4930921266678138,0.49708266497397263,0.49708266497397263,0.4970826649739715,0.5203732741757217
3020,8,13,0.06845520692397586,0.07279903729082009,0.06719911134537239,0.07279903729082016,0.06687076918375372,0.06687076918375398,0.025048414669411774,0.027179097993142103,0.02508839814751579,0.02717909799314216,0.025088398147515727,0.027179097993142092,0.043406792254564085,0.045619939297677985,0.0421107131978566,0.04561993929767795,0.04178237103623799,2.7329157484593587,2.678493499276132,2.678493499276132,2.6784934992761267,2.665406088924626
3020,9,3,0.061969765895219596,0.09295464884282939,0.06196976589521959,0.09295464884282935,0.06196976589521933,0.0619697658952195,0.02127262548983022,0.03190893823474529,0.021272625489830194,0.03190893823474521,0.021272625489830332,0.031908938234745284,0.040697140405389375,0.0610457106080841,0.040697140405389395,0.06104571060808405,0.040697140405389,2.9131225915129946,2.913122591512998,2.9131225915129977,2.91312259151301,2.9131225915129666
3040,1,1,NA,NA,NA,NA,NA,NA,NA,NA,NA,NA,NA,NA,NA,NA,NA,NA,NA,NA,NA,NA,NA,NA
3040,2,4,0.03639578285305148,0.048527710470735314,0.036395782853051485,0.04852771047073532,0.03639578285305167,0.03639578285305142,0.02628361858190708,0.03504482477587612,0.026283618581907094,0.035044824775876116,0.026283618581907087,0.03504482477587612,0.010112164271144398,0.013482885694859191,0.010112164271144392,0.013482885694859205,0.010112164271144586,1.384732575525401,1.3847325755254005,1.3847325755254005,1.3847325755254025,1.384732575525408
3040,3,3,0.004920438925302251,0.0073806583879533535,0.004920438925302235,0.007380658387953201,0.004920438925302288,0.004920438925302162,0.019007391763463593,0.028511087645195353,0.01900739176346357,0.028511087645195245,0.019007391763463666,0.028511087645195346,-0.014086952838161342,-0.021130429257241998,-0.014086952838161334,-0.021130429257241966,-0.014086952838161377,0.25886975901451253,0.2588697590145121,0.25886975901451204,0.25886975901451403,0.2588697590145135
3040,4,4,0.0135176128658058,0.018023483821074417,0.013517612865805812,0.018023483821074424,0.013517612865805884,0.013517612865805804,0.017558528428093634,0.023411371237458192,0.017558528428093644,0.023411371237458203,0.01755852842809369,0.023411371237458192,-0.0040409155622878334,-0.005387887416383776,-0.004040915562287832,-0.005387887416383777,-0.004040915562287806,0.7698602375001785,0.7698602375001787,0.7698602375001787,0.7698602375001776,0.7698602375001807
3040,5,2,0.015161739075656155,0.03032347815131227,0.015161739075656135,0.030323478151312384,0.015161739075656211,0.01516173907565606,0.005494505494505475,0.01098901098901099,0.005494505494505495,0.01098901098901086,0.005494505494505475,0.01098901098901099,0.00966723358115068,0.019334467162301278,0.009667233581150639,0.019334467162301368,0.009667233581150736,2.75943651176943,2.759436511769416,2.759436511769416,2.7594365117694677,2.75943651176944
3040,6,1,NA,NA,NA,NA,NA,NA,NA,NA,NA,NA,NA,NA,NA,NA,NA,NA,NA,NA,NA,NA,NA,NA
3060,5,1,NA,NA,NA,NA,NA,NA,NA,NA,NA,NA,NA,NA,NA,NA,NA,NA,NA,NA,NA,NA,NA,NA
3060,6,1,NA,NA,NA,NA,NA,NA,NA,NA,NA,NA,NA,NA,NA,NA,NA,NA,NA,NA,NA,NA,NA,NA
3060,7,3,0.01107526229388557,0.024919340161242524,0.01661289344082835,0.024919340161242455,0.013304505742445313,0.013304505742445152,0.019863438857852266,0.044692737430167606,0.029795158286778402,0.0446927374301675,0.029795158286778367,0.044692737430167585,-0.008788176563966696,-0.01977339726892508,-0.013182264845950052,-0.019773397268925085,-0.016490652544333052,0.5575702361078017,0.5575702361078014,0.5575702361078014,0.5575702361078019,0.4465324739808213
3060,8,6,0.055709903622284264,0.06045632067452617,0.05038026722877181,0.060456320674526165,0.04700891646610961,0.04700891646610975,0.03934929404542664,0.04353591160220994,0.03627992633517495,0.04353591160220991,0.036279926335174885,0.04353591160220994,0.016360609576857622,0.016920409072316234,0.014100340893596866,0.016920409072316234,0.010728990130934722,1.4157789859703755,1.3886540662549796,1.3886540662549798,1.3886540662549791,1.2957280020861708
3060,9,5,0.03017659842145871,0.03772074802682341,0.030176598421458728,0.037720748026823486,0.030176598421458856,0.030176598421458773,0.049169636576741234,0.06146204572092656,0.049169636576741255,0.061462045720926596,0.049169636576741206,0.061462045720926554,-0.018993038155282523,-0.02374129769410315,-0.018993038155282527,-0.02374129769410316,-0.01899303815528235,0.6137242518431218,0.613724251843122,0.6137242518431218,0.6137242518431207,0.6137242518431251
3060,10,8,0.07929529592793605,0.09062319534621263,0.07929529592793605,0.09062319534621262,0.07929529592793605,0.0792952959279361,0.07180895323681145,0.08206737512778452,0.07180895323681145,0.08206737512778452,0.07180895323681136,0.08206737512778452,0.007486342691124595,0.008555820218428115,0.007486342691124595,0.008555820218428104,0.007486342691124692,1.1042536111957537,1.1042536111957537,1.1042536111957537,1.104253611195753,1.104253611195755
3070,2,2,0.023661546937403716,0.04732309387480738,0.02366154693740369,0.04732309387480738,0.02366154693740352,0.023661546937403664,0.008928571428571425,0.017857142857142856,0.008928571428571428,0.01785714285714286,0.008928571428571397,0.017857142857142856,0.014732975508832291,0.029465951017664527,0.014732975508832263,0.029465951017664593,0.014732975508832125,2.6500932569892175,2.6500932569892135,2.6500932569892135,2.650093256989213,2.6500932569892037
3070,4,2,0.03384674012030537,0.06769348024061073,0.03384674012030536,0.06769348024061071,0.033846740120305085,0.033846740120305294,0.016339869281045777,0.032679738562091505,0.016339869281045753,0.03267973856209159,0.016339869281045694,0.032679738562091505,0.017506870839259593,0.03501374167851922,0.01750687083925961,0.035013741678519186,0.017506870839259392,2.0714204953626854,2.071420495362688,2.071420495362688,2.07142049536268,2.0714204953626787
3070,5,6,0.004713988497088552,0.008040278172768,0.00670023181064,0.008040278172768034,0.004060943602599861,0.004060943602599531,0.02935010482180293,0.03245283018867925,0.02704402515723271,0.03245283018867931,0.02704402515723266,0.03245283018867925,-0.024636116324714376,-0.02441255201591125,-0.02034379334659271,-0.02441255201591124,-0.0229830815546328,0.16061232236508857,0.24775275764924648,0.24775275764924645,0.24775275764924712,0.1501604727472974
3070,6,5,0.04729859991790433,0.05912324989738041,0.04729859991790433,0.059123249897380395,0.047298599917904305,0.0472985999179043,0.033892948844558554,0.0423661860556982,0.03389294884455856,0.042366186055698155,0.033892948844558644,0.0423661860556982,0.013405651073345778,0.016757063841682206,0.013405651073345771,0.01675706384168225,0.01340565107334566,1.3955292038715017,1.3955292038715013,1.3955292038715015,1.3955292038715015,1.3955292038714973
3070,7,5,0.018536792443823353,0.023170990554779225,0.01853679244382338,0.02317099055477919,0.018536792443823204,0.018536792443823346,0.019607843137254888,0.024509803921568627,0.0196078431372549,0.024509803921568582,0.019607843137254832,0.024509803921568634,-0.0010710506934315349,-0.0013388133667894021,-0.001071050693431521,-0.0013388133667894043,-0.0010710506934316286,0.9453764146349917,0.9453764146349924,0.9453764146349924,0.9453764146349953,0.9453764146349868
3070,8,6,0.05374586804014817,0.060572291748246514,0.05047690979020543,0.06057229174824653,0.04828021389270676,0.0482802138927069,0.023765043781056577,0.02838842502573487,0.02365702085477906,0.028388425025734867,0.023657020854779127,0.02838842502573487,0.029980824259091595,0.03218386672251164,0.02681988893542637,0.03218386672251167,0.02462319303792763,2.2615514002540866,2.133696804008539,2.1336968040085385,2.1336968040085393,2.040840822226917
3070,9,2,0.01868571381173273,0.03737142762346539,0.018685713811732695,0.03737142762346544,0.018685713811732896,0.018685713811732636,0.012195121951219523,0.024390243902439025,0.012195121951219513,0.024390243902439032,0.012195121951219523,0.024390243902439022,0.006490591860513206,0.012981183721026364,0.006490591860513182,0.012981183721026418,0.006490591860513373,1.5322285325620824,1.5322285325620808,1.5322285325620808,1.5322285325620875,1.5322285325620961
3080,1,17,0.05217111010651176,0.05176219009935187,0.04871735538762528,0.05176219009935186,0.04613683912055928,0.04613683912055953,0.06589104759149611,0.06701476706536019,0.06307272194386841,0.06701476706536019,0.06307272194386847,0.06701476706536019,-0.013719937484984353,-0.015252576966008326,-0.01435536655624313,-0.01525257696600833,-0.01693588282330919,0.791778428383114,0.7723997615162591,0.7723997615162591,0.7723997615162592,0.7314864128048688
3080,2,21,0.038579709161422955,0.03781137727064927,0.036010835495856444,0.03781137727064929,0.03556804205270902,0.035568042052709,0.026614443510725658,0.027612810621691932,0.02629791487780184,0.027612810621691936,0.02629791487780187,0.027612810621691943,0.011965265650697297,0.010198566648957335,0.009712920618054604,0.010198566648957378,0.009270127174907147,1.4495779010323955,1.3693418532681203,1.3693418532681203,1.3693418532681192,1.3525042657557647
3080,3,20,0.01953003565142254,0.02067279827049357,0.019639158356968892,0.02067279827049357,0.020263904358747274,0.02026390435874742,0.024750321262250463,0.02592449674453749,0.024628271907310612,0.025924496744537517,0.024628271907310584,0.0259244967445375,-0.0052202856108279246,-0.005251698474043918,-0.00498911355034172,-0.0052516984740439195,-0.00436436754856331,0.7890821070355164,0.7974233202752337,0.7974233202752338,0.7974233202752312,0.8227903457867946
3080,4,18,0.028029202623275032,0.028051941265403287,0.026493500083991994,0.02805194126540331,0.026456598178253386,0.026456598178253504,0.02419699434547589,0.026613470159133033,0.025134944039181196,0.026613470159133075,0.02513494403918119,0.026613470159133047,0.0038322082777991415,0.0014384711062702532,0.0013585560448107978,0.001438471106270267,0.0013216541390721967,1.1583753842764215,1.054050490134095,1.0540504901340952,1.054050490134095,1.052582338636281
3080,5,20,0.030040788520937695,0.03413833093066179,0.0324314143841287,0.03413833093066179,0.03479670303768519,0.03479670303768545,0.02211543047937036,0.0264475880854055,0.025125208681135224,0.02644758808540552,0.025125208681135193,0.026447588085405517,0.007925358041567333,0.0076907428452562925,0.007306205702993476,0.007690742845256293,0.009671494356549994,1.3583632726010122,1.29079184160087,1.29079184160087,1.2907918416008672,1.3849319016327877
3080,6,13,0.017909325039934608,0.021119808868376836,0.019495208186194005,0.02111980886837684,0.01873657935186042,0.01873657935186051,0.027173253581344883,0.029830116606353027,0.02753549225201818,0.029830116606353062,0.027535492252018193,0.02983011660635303,-0.009263928541410275,-0.008710307737976191,-0.008040284065824174,-0.008710307737976205,-0.008798912900157774,0.6590791561386601,0.7080028934207677,0.7080028934207678,0.7080028934207669,0.680451948357202
3080,7,16,0.017780389112652388,0.021227456076135482,0.019900740071377016,0.02122745607613547,0.018387305069055282,0.018387305069055178,0.03062319065343258,0.033595257788806177,0.031495554177005794,0.03359525778880616,0.03149555417700589,0.033595257788806183,-0.012842801540780192,-0.012367801712670694,-0.011594814105628778,-0.012367801712670684,-0.01310824910795061,0.5806184376368818,0.6318587048678161,0.631858704867816,0.6318587048678161,0.5838063672643483
3080,8,9,0.065347322400830965,0.0767428919816966,0.06821590398373031,0.07674289198169659,0.06933051861555543,0.06933051861555559,0.029922101296436927,0.03663629460895976,0.032565595207964225,0.03663629460895972,0.03256559520796425,0.03663629460895978,0.03542522110439404,0.04010659737273685,0.03565030877576609,0.04010659737273686,0.03676492340759118,2.1839148846345364,2.0947230826921124,2.094723082692113,2.094723082692114,2.1289498371766267
3090,1,1,NA,NA,NA,NA,NA,NA,NA,NA,NA,NA,NA,NA,NA,NA,NA,NA,NA,NA,NA,NA,NA,NA
3090,2,2,-0.09686148785120104,-0.19372297570240204,-0.09686148785120102,-0.1937229757024021,-0.09686148785120108,-0.09686148785120109,0.008388408744280623,0.01677681748856126,0.00838840874428063,0.016776817488561184,0.008388408744280706,0.01677681748856126,-0.10524989659548166,-0.2104997931909633,-0.10524989659548165,-0.21049979319096337,-0.10524989659548178,-11.547063430503794,-11.547063430503783,-11.547063430503783,-11.54706343050394,-11.547063430503684
3090,3,2,-0.05151551714288252,-0.10303103428576507,-0.051515517142882536,-0.10303103428576524,-0.051515517142882494,-0.05151551714288262,0.001326773009991622,0.002653546019983196,0.001326773009991598,0.0026535460199830514,0.001326773009991511,0.002653546019983196,-0.052842290152874144,-0.10568458030574827,-0.05284229015287414,-0.10568458030574834,-0.052842290152874005,-38.827679456041864,-38.82767945604257,-38.82767945604257,-38.827679456045225,-38.82767945604509
3090,4,27,0.009433185578095436,0.008239586138069781,0.007934416281104233,0.008239586138069781,0.006980257799339047,0.006980257799338792,0.024442689135283874,0.025589941910882975,0.024642166284553974,0.025589941910882985,0.024642166284553915,0.025589941910882947,-0.015009503557188438,-0.017350355772813193,-0.01670775000344974,-0.017350355772813183,-0.01766190848521487,0.3859307593319715,0.321985339660565,0.321985339660565,0.32198533966056575,0.2832647795139009
3090,5,17,0.03428884586987929,0.032940841076696294,0.031003144542772983,0.0329408410766963,0.0323296921152265,0.03232969211522634,0.025503786286773293,0.02674096905953388,0.0251679708795613,0.02674096905953388,0.025167970879561352,0.026740969059533888,0.008785059583105999,0.0061998720171624125,0.0058351736632116825,0.006199872017162418,0.00716172123566515,1.3444609943136985,1.2318491900334476,1.2318491900334476,1.2318491900334478,1.284556958124944
3090,6,26,0.003987473572157926,0.004680354817329328,0.0045003411705089695,0.004680354817329318,0.004137442557082867,0.004137442557083307,0.028195497771631748,0.029476749242974415,0.028343028118244632,0.029476749242974432,0.028343028118244663,0.029476749242974398,-0.02420802419947382,-0.024796394425645088,-0.023842686947735663,-0.024796394425645078,-0.024205585561161796,0.14142235063393102,0.15878124072466568,0.1587812407246657,0.15878124072466568,0.14597743543215685
3090,7,51,0.03473045576662699,0.03568066574853938,0.03498104485150919,0.03568066574853937,0.03448434208260121,0.034484342082601385,0.02872917609856269,0.029271981021914844,0.028698020609720435,0.02927198102191486,0.028698020609720418,0.029271981021914893,0.0060012796680643,0.006408684726624533,0.006283024241788757,0.006408684726624531,0.005786321472880794,1.2088914644637003,1.218935804919612,1.218935804919612,1.2189358049196126,1.2016278945357257
3090,8,35,0.019187136589098618,0.019428099580234403,0.018873011020799135,0.019428099580234386,0.019703164366833295,0.019703164366833077,0.03434766281982328,0.03573765445974309,0.03471657861803615,0.03573765445974309,0.034716578618036106,0.03573765445974309,-0.015160526230724662,-0.01630955487950869,-0.015843567597237013,-0.0163095548795087,-0.015013414251202811,0.5586154926973671,0.5436310769113096,0.5436310769113096,0.5436310769113101,0.5675433798824007
3090,9,46,0.06647072656740054,0.06760323430931968,0.06613359878085621,0.0676032343093197,0.06569680937478603,0.06569680937478575,0.06836386529553982,0.06939226248942085,0.06788373504399865,0.06939226248942086,0.06788373504399868,0.06939226248942082,-0.0018931387281392875,-0.0017890281801011682,-0.0017501362631424378,-0.0017890281801011673,-0.00218692566921265,0.9723079038911102,0.9742186215592277,0.9742186215592278,0.9742186215592281,0.9677842465828493
3090,10,78,0.16508269389781619,0.16775258523492292,0.16560191106524444,0.16775258523492279,0.16568087317931493,0.16568087317931426,0.16638620949616711,0.1694253232142471,0.16725320368585933,0.16942532321424716,0.16725320368585947,0.16942532321424655,-0.0013035155983509294,-0.0016727379793241848,-0.0016512926206148915,-0.0016727379793243704,-0.0015723305065445392,0.992165723335497,0.9901269895928785,0.9901269895928786,0.9901269895928775,0.9905991008130538
3140,4,1,NA,NA,NA,NA,NA,NA,NA,NA,NA,NA,NA,NA,NA,NA,NA,NA,NA,NA,NA,NA,NA,NA
3140,7,3,0.025590918341980757,0.038386377512971165,0.025590918341980774,0.03838637751297127,0.025590918341980757,0.025590918341980816,0.03491363469312755,0.0523704520396913,0.03491363469312753,0.0523704520396913,0.034913634693127506,0.052370452039691276,-0.00932271635114679,-0.013984074526720132,-0.009322716351146752,-0.013984074526720083,-0.009322716351146749,0.7329777769318905,0.7329777769318914,0.7329777769318915,0.7329777769318907,0.7329777769318914
3140,8,2,0.055298409948915245,0.11059681989783053,0.055298409948915266,0.11059681989783039,0.05529840994891533,0.05529840994891527,0.01791530944625408,0.035830618892508145,0.017915309446254073,0.03583061889250812,0.01791530944625408,0.035830618892508145,0.037383100502661165,0.07476620100532239,0.03738310050266119,0.07476620100532236,0.03738310050266125,3.086656700784904,3.0866567007849066,3.0866567007849066,3.086656700784908,3.086656700784909
3140,9,10,0.034970866040654615,0.03885651782294958,0.03497086604065462,0.03885651782294956,0.03497086604065451,0.03497086604065468,0.04919028340080972,0.05465587044534413,0.04919028340080972,0.05465587044534412,0.049190283400809776,0.054655870445344125,-0.014219417360155105,-0.015799352622394555,-0.014219417360155098,-0.015799352622394573,-0.014219417360155265,0.7109303631310032,0.7109303631310033,0.7109303631310033,0.7109303631310024,0.7109303631310003
3140,10,13,0.12807834064264745,0.1417968090590347,0.13088936220833972,0.14179680905903475,0.13118583635364883,0.1311858363536488,0.13654686227357768,0.1513983017839059,0.1397522785697593,0.1513983017839059,0.13975227856975933,0.15139830178390581,-0.008468521630930231,-0.009601492724871208,-0.008862916361419587,-0.009601492724871239,-0.008566442216110498,0.9379808404973585,0.9365812389456282,0.9365812389456281,0.9365812389456285,0.938702665145925
3150,1,1,NA,NA,NA,NA,NA,NA,NA,NA,NA,NA,NA,NA,NA,NA,NA,NA,NA,NA,NA,NA,NA,NA
3150,2,1,NA,NA,NA,NA,NA,NA,NA,NA,NA,NA,NA,NA,NA,NA,NA,NA,NA,NA,NA,NA,NA,NA
3150,3,1,NA,NA,NA,NA,NA,NA,NA,NA,NA,NA,NA,NA,NA,NA,NA,NA,NA,NA,NA,NA,NA,NA
3150,4,5,0.03802129400831537,0.05806892869151806,0.04645514295321445,0.05806892869151808,0.04612013671949118,0.04612013671949114,0.01726775956284155,0.025956284153005466,0.020765027322404372,0.025956284153005445,0.02076502732240435,0.02595628415300547,0.02075353444547382,0.03211264453851259,0.025690115630810077,0.03211264453851258,0.02535510939708683,2.2018660770638308,2.2371818843258535,2.2371818843258535,2.2371818843258637,2.221048689386025
3150,5,11,0.0144499799322253,0.015716037685095354,0.014287306986450322,0.01571603768509532,0.012771658988163055,0.01277165898816316,0.030265797165077504,0.032687992485518964,0.02971635680501724,0.03268799248551898,0.029716356805017243,0.03268799248551898,-0.015815817232852206,-0.01697195480042361,-0.015429049818566918,-0.016971954800423582,-0.01694469781685419,0.4774359602494976,0.48078932017797305,0.48078932017797305,0.4807893201779718,0.42978549059576227
3150,6,14,0.03779341904952432,0.039793745817929965,0.03695133540236354,0.039793745817930014,0.0375683565539748,0.03756835655397483,0.02753276648635693,0.029464595216336306,0.027359981272312286,0.0294645952163363,0.027359981272312237,0.029464595216336285,0.010260652563167386,0.010329150601593659,0.009591354130051254,0.01032915060159368,0.010208375281662563,1.372670598439563,1.3505614289201835,1.3505614289201835,1.3505614289201906,1.37311338703266
3150,7,29,0.014610397880096593,0.015481483060062098,0.014947638816611682,0.015481483060062086,0.014213810071462836,0.014213810071462614,0.027870303569545726,0.02856988090724075,0.02758471260009452,0.02856988090724075,0.027584712600094572,0.028569880907240715,-0.013259905689449132,-0.013088397847178652,-0.012637073783482838,-0.013088397847178636,-0.013370902528631736,0.5242281571723382,0.5418812598598712,0.5418812598598712,0.5418812598598711,0.515278526824822
3150,8,71,-0.0012806024518671228,-0.0012446731928447826,-0.0012271425844948562,-0.0012446731928447503,-0.0011912276910083434,-0.0011912276910084462,0.03393907637490221,0.03430566154494609,0.033822483213327134,0.034305661544946006,0.03382248321332721,0.03430566154494601,-0.03521967882676934,-0.03555033473779087,-0.03504962579782199,-0.03555033473779087,-0.035013710904335554,-0.0377323895830625,-0.036281859517970666,-0.036281859517970666,-0.03628185951797157,-0.03521999503983667
3150,9,60,0.03805421988576562,0.03868246755857479,0.03803775976593187,0.03868246755857483,0.037866743945082604,0.03786674394508266,0.06136331782827988,0.06225550896130255,0.06121791714528084,0.062255508961302546,0.06121791714528087,0.06225550896130271,-0.023309097942514262,-0.023573041402727764,-0.02318015737934897,-0.023573041402727778,-0.023351173200198264,0.6201460617279068,0.6213501134914735,0.6213501134914735,0.6213501134914728,0.6185565551865833
3150,10,17,0.06582604751696132,0.07102457158202016,0.06684665560660721,0.07102457158202016,0.06710530879028637,0.06710530879028631,0.07358780029302274,0.0799187033398194,0.07521760314335944,0.0799187033398194,0.07521760314335946,0.07991870333981943,-0.00776175277606142,-0.00889413175779924,-0.00837094753675223,-0.008894131757799248,-0.00811229435307309,0.8945239191122097,0.8887102594747962,0.8887102594747962,0.8887102594747961,0.8921489915384351
3160,3,1,NA,NA,NA,NA,NA,NA,NA,NA,NA,NA,NA,NA,NA,NA,NA,NA,NA,NA,NA,NA,NA,NA
3160,5,2,-0.036306214130697234,-0.07261242826139441,-0.036306214130697206,-0.07261242826139433,-0.036306214130697345,-0.03630621413069722,0.02062430323299891,0.04124860646599777,0.020624303232998884,0.04124860646599791,0.02062430323299891,0.041248606465997775,-0.05693051736369614,-0.11386103472739217,-0.05693051736369609,-0.11386103472739226,-0.056930517363696254,-1.760360760823534,-1.760360760823535,-1.760360760823535,-1.7603607608235223,-1.7603607608235396
3160,6,1,NA,NA,NA,NA,NA,NA,NA,NA,NA,NA,NA,NA,NA,NA,NA,NA,NA,NA,NA,NA,NA,NA
3160,7,1,NA,NA,NA,NA,NA,NA,NA,NA,NA,NA,NA,NA,NA,NA,NA,NA,NA,NA,NA,NA,NA,NA
3160,8,3,0.03690205004725555,0.055353075070883356,0.036902050047255566,0.055353075070883495,0.03690205004725566,0.03690205004725559,0.023937761819269918,0.03590664272890485,0.023937761819269897,0.03590664272890491,0.023937761819269987,0.035906642728904835,0.012964288227985635,0.019446432341978508,0.01296428822798567,0.01944643234197855,0.012964288227985676,1.5415831407240994,1.5415831407241014,1.5415831407241014,1.5415831407241005,1.5415831407240996
3160,9,4,0.0610090691925734,0.08134542559009786,0.061009069192573394,0.08134542559009783,0.06100906919257332,0.0610090691925734,0.06868131868131867,0.09157509157509157,0.06868131868131867,0.09157509157509158,0.06868131868131866,0.09157509157509158,-0.0076722494887452725,-0.01022966598499371,-0.007672249488745279,-0.010229665984993704,-0.007672249488745342,0.8882920474438688,0.8882920474438687,0.8882920474438687,0.8882920474438689,0.8882920474438678
3160,10,12,0.10028616819776576,0.10940309257938083,0.10028616819776576,0.1094030925793808,0.10028616819776574,0.1002861681977657,0.10078458162547098,0.1099468163186956,0.10078458162547096,0.1099468163186956,0.10078458162547103,0.1099468163186956,-4.984134277052216e-4,-5.43723739314772e-4,-4.984134277052077e-4,-5.437237393148067e-4,-4.98413427705291e-4,0.9950546659055708,0.995054665905571,0.995054665905571,0.9950546659055706,0.9950546659055701
3170,2,1,NA,NA,NA,NA,NA,NA,NA,NA,NA,NA,NA,NA,NA,NA,NA,NA,NA,NA,NA,NA,NA,NA
3170,3,16,0.033700057683587824,0.026244109495239334,0.024603852651786877,0.02624410949523932,0.029022718790799873,0.029022718790799536,0.025387991234829547,0.02356642907596481,0.02209352725871701,0.02356642907596482,0.02209352725871705,0.02356642907596481,0.008312066448758277,0.002677680419274523,0.0025103253930698656,0.002677680419274498,0.0069291915320828235,1.327401501437224,1.1136226625868177,1.1136226625868177,1.1136226625868195,1.3136299356341525
3170,4,17,0.030848419733029157,0.034904530864533004,0.032851323166619296,0.03490453086453304,0.03383934772646041,0.033839347726460425,0.02633998835132606,0.030251375996056852,0.02847188329040645,0.030251375996056835,0.028471883290406366,0.030251375996056845,0.0045084313817030965,0.004653154868476152,0.004379439876212848,0.00465315486847614,0.005367464436054046,1.1711629983115055,1.1538163047222272,1.1538163047222272,1.1538163047222272,1.1885180682045933
3170,5,25,0.02004131141332087,0.020273323919065712,0.019462390962303084,0.020273323919065805,0.0204566401606381,0.020456640160638754,0.01960499680860762,0.020576882161636424,0.019753806875170966,0.020576882161636445,0.01975380687517102,0.020576882161636435,4.3631460471324837e-4,-3.0355824257071243e-4,-2.914159128678817e-4,-3.0355824257070343e-4,7.028332854670805e-4,1.022255275477611,0.9852476074758951,0.9852476074758952,0.9852476074758962,1.035579637378681
3170,6,24,-6.226481311314095e-4,-7.977271928987585e-4,-7.644885598613103e-4,-7.977271928987339e-4,-0.0010145151240187704,-0.0010145151240184896,0.019655474986571785,0.02288787261645057,0.021934211257431797,0.022887872616450568,0.02193421125743174,0.022887872616450537,-0.020278123117703196,-0.02368559980934933,-0.022698699817293107,-0.023685599809349336,-0.022948726381450513,-0.0316781014733447,-0.03485370642640658,-0.03485370642640659,-0.03485370642640669,-0.046252637585727306
3170,7,6,-8.929785910991618e-4,-0.002831165781557979,-0.0023593048179649826,-0.0028311657815579382,-0.0025855368887519603,-0.0025855368887517435,0.01416795466254509,0.01669242658423493,0.013910355486862444,0.016692426584235007,0.013910355486862406,0.01669242658423493,-0.015060933253644252,-0.01952359236579291,-0.016269660304827425,-0.01952359236579285,-0.016495892375614364,-0.06302805255721716,-0.16960780191370484,-0.16960780191370484,-0.16960780191369595,-0.18587137411361362
3180,1,3,-0.014809734531467835,-0.022214601797201763,-0.014809734531467842,-0.022214601797201652,-0.014809734531467722,-0.014809734531467774,0.06489675516224189,0.09734513274336284,0.06489675516224189,0.09734513274336293,0.06489675516224185,0.0973451327433628,-0.07970648969370972,-0.11955973454056461,-0.07970648969370973,-0.11955973454056454,-0.07970648969370957,-0.22820454573489074,-0.22820454573489082,-0.22820454573489082,-0.22820454573488955,-0.22820454573488913
3180,2,1,NA,NA,NA,NA,NA,NA,NA,NA,NA,NA,NA,NA,NA,NA,NA,NA,NA,NA,NA,NA,NA,NA
3180,3,1,NA,NA,NA,NA,NA,NA,NA,NA,NA,NA,NA,NA,NA,NA,NA,NA,NA,NA,NA,NA,NA,NA
3180,4,3,0.02517975001990158,0.0566544375447786,0.0377696250298524,0.05665443754477843,0.050694484095275584,0.05069448409527545,0.005462881670080969,0.012291483757682178,0.008194322505121452,0.012291483757682057,0.008194322505121457,0.012291483757682175,0.019716868349820612,0.04436295378709642,0.029575302524730947,0.04436295378709639,0.04250016159015413,4.609243168821625,4.60924316882163,4.60924316882163,4.609243168821648,6.186537576912734
3180,5,2,0.045025055320477736,0.09005011064095543,0.045025055320477715,0.0900501106409555,0.045025055320477625,0.04502505532047778,0.01042844998191464,0.020856899963829303,0.010428449981914651,0.02085689996382937,0.010428449981914722,0.020856899963829303,0.0345966053385631,0.06919321067712612,0.03459660533856306,0.06919321067712618,0.0345966053385629,4.317521338124234,4.317521338124227,4.317521338124227,4.317521338124194,4.317521338124188
3180,6,2,0.05697049503533291,0.11394099007066578,0.05697049503533289,0.11394099007066588,0.05697049503533291,0.056970495035332976,0.03201970443349755,0.06403940886699508,0.03201970443349754,0.06403940886699522,0.03201970443349755,0.06403940886699507,0.02495079060183536,0.049901581203670706,0.024950790601835353,0.049901581203670706,0.02495079060183536,1.7792323834111654,1.7792323834111656,1.7792323834111656,1.7792323834111614,1.7792323834111654
3180,7,6,0.007093286978699681,0.006149687799837097,0.005124739833197581,0.00614968779983703,0.014499853469165528,0.014499853469165163,0.009284379333212746,0.012696690179055886,0.010580575149213239,0.012696690179055885,0.010580575149213178,0.012696690179055886,-0.002191092354513065,-0.00654700237921879,-0.005455835316015658,-0.006547002379218808,0.003919278319952349,0.7640022799720243,0.4843536160299047,0.48435361602990473,0.4843536160298871,1.3704220483934473
3180,8,7,0.07370322343725473,0.10060500307909595,0.08623285978208224,0.10060500307909591,0.09000869227506517,0.09000869227506499,0.01844275906801549,0.023868785500031908,0.02045895900002735,0.0238687855000319,0.020458959000027477,0.0238687855000319,0.055260464369239246,0.07673621757906404,0.06577390078205489,0.07673621757906403,0.06954973327503769,3.9963230645394687,4.214919233279023,4.214919233279023,4.214919233279027,4.399475666134542
3180,9,5,0.013576082128422243,0.020044130301997035,0.016035304241597628,0.02004413030199702,0.015158639631794734,0.01515863963179483,0.03943887775551101,0.04959919839679359,0.03967935871743487,0.04959919839679361,0.03967935871743489,0.04959919839679359,-0.02586279562708877,-0.029555068094796553,-0.023644054475837246,-0.029555068094796556,-0.02452071908564015,0.34423094421151934,0.40412206144228363,0.40412206144228363,0.4041220614422824,0.3820283422356348
3190,3,1,NA,NA,NA,NA,NA,NA,NA,NA,NA,NA,NA,NA,NA,NA,NA,NA,NA,NA,NA,NA,NA,NA
3200,3,3,0.05987116533792621,0.0898067480068893,0.0598711653379262,0.08980674800688933,0.0598711653379258,0.059871165337926205,0.02880224798033019,0.043203371970495265,0.028802247980330174,0.04320337197049538,0.028802247980330264,0.04320337197049525,0.03106891735759602,0.046603376036394036,0.031068917357596024,0.046603376036394,0.031068917357595538,2.0786976550862906,2.078697655086291,2.078697655086291,2.0786976550862892,2.078697655086271
3200,4,3,-0.023241080356259713,-0.034861620534389556,-0.023241080356259703,-0.034861620534389626,-0.02324108035625964,-0.023241080356259693,0.010462074978204025,0.015693112467306015,0.01046207497820401,0.01569311246730605,0.010462074978203914,0.01569311246730601,-0.03370315533446374,-0.05055473300169557,-0.03370315533446371,-0.05055473300169565,-0.03370315533446355,-2.2214599307191545,-2.2214599307191567,-2.2214599307191567,-2.221459930719171,-2.2214599307191714
3200,5,7,-0.009399842985620651,-0.010966483483224109,-0.009399842985620665,-0.010966483483223965,-0.009399842985620641,-0.009399842985620644,0.020866498493791488,0.02434424824275673,0.02086649849379148,0.02434424824275679,0.0208664984937916,0.024344248242756713,-0.030266341479412137,-0.03531073172598084,-0.030266341479412144,-0.03531073172598081,-0.03026634147941224,-0.45047533913835297,-0.4504753391383537,-0.45047533913835375,-0.45047533913834703,-0.45047533913835003
3200,6,6,-0.0018772265249735473,-0.0022526718299682416,-0.0018772265249735348,-0.0022526718299683162,-0.0018772265249733522,-0.001877226524973624,0.03308966051946612,0.03970759262335937,0.033089660519466144,0.03970759262335937,0.03308966051946616,0.03970759262335937,-0.03496688704443967,-0.041960264453327616,-0.034966887044439676,-0.04196026445332761,-0.03496688704443951,-0.05673151357564411,-0.0567315135756437,-0.0567315135756437,-0.05673151357564483,-0.05673151357563815
3200,7,10,0.06071870736725497,0.06980969068448017,0.06282872161603216,0.06980969068448019,0.058783495167823926,0.05878349516782369,0.034030087094220104,0.03914841207002727,0.035233570863024546,0.03914841207002734,0.03523357086302461,0.03914841207002727,0.02668862027303487,0.030661278614452905,0.027595150753007613,0.0306612786144529,0.023549924304799318,1.7842654119321322,1.7832061887876094,1.7832061887876094,1.7832061887876098,1.668394480830595
3200,8,7,0.014180208176641205,0.016543576206081413,0.01418020817664121,0.016543576206081465,0.014180208176641023,0.014180208176641243,0.02280806926068951,0.02660941413747113,0.02280806926068954,0.026609414137471157,0.02280806926068963,0.02660941413747112,-0.008627861084048304,-0.010065837931389716,-0.00862786108404833,-0.010065837931389727,-0.008627861084048607,0.6217189195001824,0.6217189195001818,0.6217189195001818,0.6217189195001797,0.6217189195001711
3200,9,7,-0.04054259785416309,-0.04686475676483568,-0.040169791512716296,-0.04686475676483572,-0.04061339266077647,-0.04061339266077655,0.03902666006478594,0.0473545746857644,0.04058963544494091,0.04735457468576438,0.040589635444941,0.047354574685764365,-0.07956925791894903,-0.09421933145060007,-0.0807594269576572,-0.0942193314506001,-0.08120302810571747,-1.0388436465447115,-0.9896563758796473,-0.9896563758796473,-0.9896563758796493,-1.0005853025181195
3201,2,5,-0.010410707465454517,-0.010758197208504136,-0.00860655776680331,-0.010758197208504183,-0.007499587794333529,-0.007499587794333698,0.0251851851851852,0.027777777777777776,0.022222222222222223,0.027777777777777794,0.022222222222222143,0.02777777777777778,-0.03559589265063971,-0.03853597498628191,-0.030828779989025532,-0.03853597498628189,-0.02972181001655567,-0.4133663258342232,-0.38729509950614893,-0.3872950995061489,-0.3872950995061478,-0.33748145074501
3201,3,11,0.016717363835147322,0.01805645699856068,0.016414960907782435,0.018056456998560705,0.019134773081319004,0.019134773081318956,0.028932317130342774,0.0322381022543097,0.02930736568573609,0.0322381022543097,0.02930736568573603,0.032238102254309724,-0.012214953295195452,-0.014181645255749022,-0.012892404777953656,-0.014181645255749015,-0.010172592604417025,0.5778093665928673,0.5600967717058106,0.5600967717058106,0.560096771705809,0.6528997961298155
3201,4,7,0.00533789671448359,0.009107324063047264,0.007806277768326226,0.009107324063047281,0.005217369272408996,0.0052173692724089915,0.023929034701128764,0.02881958152388472,0.024702498449044045,0.02881958152388472,0.024702498449044135,0.028819581523884717,-0.018591137986645176,-0.019712257460837455,-0.01689622068071782,-0.01971225746083745,-0.01948512917663514,0.22307196178840405,0.3160116692013523,0.3160116692013523,0.31601166920135243,0.21120816111662918
3201,5,4,0.02937296645117614,0.03916395526823486,0.029372966451176145,0.03916395526823486,0.02937296645117593,0.029372966451176208,0.017369020501138935,0.0231586940015186,0.017369020501138952,0.0231586940015186,0.017369020501138976,0.0231586940015186,0.012003945950037204,0.016005261266716257,0.012003945950037193,0.01600526126671627,0.012003945950036954,1.691112429123454,1.6911124291234527,1.6911124291234527,1.6911124291234514,1.691112429123438
3201,6,11,0.013665909521166374,0.009078846934948032,0.008253497213589119,0.00907884693494804,0.008619853644588364,0.008619853644588478,0.03012978647087675,0.03206377325066431,0.02914888477333119,0.0320637732506643,0.02914888477333122,0.03206377325066431,-0.016463876949710375,-0.022984926315716282,-0.020895387559742074,-0.02298492631571629,-0.020529031128742853,0.45356808400802145,0.2831496737446499,0.2831496737446499,0.28314967374464556,0.29571812821033916
3201,7,14,0.014394497957060671,0.014665410025237451,0.013617880737720491,0.014665410025237427,0.013374966908224881,0.013374966908224763,0.0163811200980901,0.017892406199509308,0.016614377185258645,0.017892406199509315,0.016614377185258582,0.01789240619950929,-0.00198662214102943,-0.0032269961742718567,-0.0029964964475381536,-0.0032269961742718693,-0.0032394102770337014,0.8787248900482054,0.819644371009174,0.8196443710091739,0.8196443710091827,0.80502367070925
3201,8,9,0.014384738576625367,0.013999432194337679,0.012443939728300157,0.013999432194337696,0.0126293159623998,0.012629315962399646,0.021019987414430282,0.02238805970149254,0.01990049751243781,0.022388059701492546,0.01990049751243777,0.022388059701492557,-0.0066352488378049156,-0.00838862750715486,-0.007456557784137653,-0.008388627507154838,-0.007271181550037968,0.6843362126254272,0.6253079713470829,0.6253079713470829,0.6253079713470812,0.6346231271105913
3201,9,14,0.04178458954989837,0.04450210404149661,0.04132338232424686,0.04450210404149658,0.040317073058941943,0.04031707305894172,0.04475376049469802,0.04920717373504372,0.04569237561111203,0.049207173735043734,0.04569237561111196,0.04920717373504368,-0.0029691709447996553,-0.004705069693547108,-0.004368993286865172,-0.004705069693547135,-0.0053753025521700165,0.9336553864529125,0.9043824439322287,0.9043824439322287,0.9043824439322287,0.8823588732194788
3202,7,1,NA,NA,NA,NA,NA,NA,NA,NA,NA,NA,NA,NA,NA,NA,NA,NA,NA,NA,NA,NA,NA,NA
3202,10,4,0.01030191484050872,0.013735886454011633,0.010301914840508724,0.013735886454011605,0.010301914840508797,0.010301914840508743,0.05403821885703983,0.07205095847605313,0.05403821885703984,0.07205095847605313,0.054038218857039855,0.07205095847605313,-0.043736304016531106,-0.05831507202204149,-0.04373630401653111,-0.05831507202204148,-0.04373630401653106,0.19064127312861348,0.19064127312861348,0.19064127312861348,0.1906412731286134,0.19064127312861479
3210,5,1,NA,NA,NA,NA,NA,NA,NA,NA,NA,NA,NA,NA,NA,NA,NA,NA,NA,NA,NA,NA,NA,NA
3230,1,6,0.04262836316877383,0.051154035802528586,0.042628363168773824,0.05115403580252853,0.042628363168773685,0.04262836316877385,0.047215496368038755,0.0566585956416465,0.04721549636803875,0.05665859564164643,0.04721549636803868,0.056658595641646506,-0.004587133199264924,-0.005504559839117913,-0.004587133199264924,-0.005504559839117898,-0.004587133199264994,0.9028468712155685,0.9028468712155685,0.9028468712155685,0.9028468712155688,0.902846871215567
3230,2,8,0.03882818900075778,0.044381695393181285,0.03883398346903363,0.044381695393181236,0.038738008777891686,0.0387380087778916,0.032882462686567165,0.03518123667377399,0.030783582089552244,0.035181236673773986,0.03078358208955234,0.03518123667377399,0.005945726314190616,0.009200458719407292,0.008050401379481383,0.009200458719407278,0.007954426688339344,1.1808175491861657,1.2615160690546678,1.2615160690546678,1.2615160690546663,1.2583983457545378
3230,3,7,0.02572566644556859,0.04210978202798788,0.03609409888113247,0.04210978202798788,0.03534287684289313,0.035342876842893146,0.017457006354119613,0.022452504317789293,0.01924500370096225,0.022452504317789217,0.01924500370096232,0.022452504317789286,0.008268660091448977,0.019657277710198588,0.01684909518017022,0.019657277710198654,0.016097873141930813,1.4736585370777326,1.875504907246537,1.8755049072465373,1.8755049072465475,1.836470254413402
3230,4,11,0.03361973694420168,0.03960425796788079,0.03600387087989163,0.039604257967880786,0.03611348878741325,0.036113488787413266,0.02601722358998456,0.029023485784919655,0.026384987077199686,0.029023485784919652,0.026384987077199638,0.029023485784919673,0.007602513354217119,0.010580772182961138,0.009618883802691946,0.010580772182961128,0.009728501710213614,1.2922107859788596,1.3645589734248535,1.3645589734248535,1.3645589734248518,1.368713529468446
3230,5,20,0.005401522425847616,0.0056254854762696335,0.005344211202456151,0.00562548547626965,0.005738083710526354,0.0057380837105265306,0.023982126862783403,0.02518866692830394,0.02392923358188874,0.025188666928304012,0.02392923358188881,0.025188666928303967,-0.018580604436935787,-0.019563181452034305,-0.01858502237943259,-0.019563181452034298,-0.018191149871362455,0.2252311672252036,0.2233339895390971,0.22333398953909714,0.22333398953909794,0.23979387768061683
3230,6,48,0.026559190826126195,0.027356067967202063,0.026786149884552017,0.027356067967202028,0.02687918255818955,0.026879182558189458,0.028973983348697243,0.02993449853920952,0.02931086315297599,0.029934498539209486,0.02931086315297593,0.029934498539209552,-0.002414792522571048,-0.0025784305720074584,-0.002524713268423972,-0.002578430572007467,-0.0024316805947863784,0.9166565227325009,0.9138642470115169,0.9138642470115168,0.913864247011518,0.9170382468064748
3230,7,24,0.021273119790090857,0.02068069273370063,0.01981899720312977,0.02068069273370063,0.018350940073327344,0.018350940073327115,0.027183161855529506,0.028243901880773817,0.027067072635741575,0.028243901880773806,0.027067072635741596,0.0282439018807738,-0.005910042065438648,-0.007563209147073188,-0.007248075432611804,-0.007563209147073188,-0.008716132562414252,0.7825844507401758,0.7322179782736884,0.7322179782736884,0.7322179782736887,0.6779802278690178
3230,8,28,0.025056347800025667,0.02564169326778052,0.02472591850821693,0.025641693267780534,0.0247474971398276,0.02474749713982761,0.029575174567620797,0.0305727370865875,0.029480853619209376,0.030572737086587504,0.029480853619209362,0.030572737086587486,-0.00451882676759513,-0.00493104381880698,-0.004754935110992446,-0.0049310438188069705,-0.004733356479381761,0.8472087879899655,0.8387110776231328,0.8387110776231328,0.8387110776231312,0.8394430317208467
3230,9,15,0.07357997348213738,0.07883568587371861,0.07357997348213738,0.07883568587371859,0.07357997348213748,0.07357997348213735,0.04789036726228906,0.05131110778102401,0.047890367262289076,0.05131110778102398,0.047890367262289145,0.05131110778102401,0.025689606219848317,0.027524578092694603,0.025689606219848303,0.02752457809269459,0.02568960621984833,1.536425333285707,1.5364253332857063,1.5364253332857065,1.5364253332857052,1.5364253332857063
3230,10,1,NA,NA,NA,NA,NA,NA,NA,NA,NA,NA,NA,NA,NA,NA,NA,NA,NA,NA,NA,NA,NA,NA
3231,1,19,0.05274703162353464,0.05242069478489964,0.04966171084885229,0.05242069478489957,0.050525401734537845,0.05052540173453813,0.060930887418106074,0.062179434433198934,0.058906832620925303,0.06217943443319886,0.05890683262092535,0.06217943443319889,-0.008183855794571433,-0.009758739648299292,-0.009245121772073012,-0.009758739648299304,-0.008381430886387507,0.8656862530424998,0.8430551879852917,0.8430551879852917,0.8430551879852913,0.8577171694101545
3231,2,28,0.028971287959684868,0.030145711247380202,0.02906907870283091,0.030145711247380233,0.029375315310627443,0.02937531531062764,0.02871892006459122,0.03005988272468397,0.028986315484516686,0.030059882724683986,0.02898631548451672,0.030059882724683937,2.523678950936484e-4,8.582852269623312e-5,8.276321831422392e-5,8.582852269621218e-5,3.889998261107225e-4,1.0087875134067037,1.0028552514153941,1.0028552514153941,1.0028552514153957,1.0134201197913033
3231,3,17,0.0329198949060764,0.036221410839356656,0.034090739613512146,0.036221410839356656,0.033099221776224146,0.03309922177622403,0.02088487148833643,0.022519954389965787,0.021195251190556035,0.02251995438996568,0.021195251190556142,0.022519954389965794,0.01203502341773997,0.013701456449390869,0.012895488422956111,0.013701456449390834,0.011903970585668004,1.5762555649174652,1.6084140408159897,1.6084140408159895,1.6084140408159884,1.5616338527269729
3231,4,7,0.0021144990105313967,0.0014630551260209148,0.0012540472508750697,0.0014630551260209038,-0.0019658686901855254,-0.0019658686901855263,0.024209667407806994,0.030587663782585733,0.026217997527930626,0.03058766378258571,0.026217997527930543,0.03058766378258572,-0.022095168397275596,-0.02912460865656482,-0.024963950277055558,-0.029124608656564795,-0.02818386621811607,0.08734110117719028,0.04783154203669082,0.04783154203669082,0.04783154203668787,-0.07498164907870052
3231,5,8,0.05324381828080035,0.06085007803520038,0.05324381828080033,0.06085007803520038,0.0532438182808006,0.053243818280800354,0.028515763655260186,0.032589444177440224,0.028515763655260196,0.032589444177440204,0.028515763655260207,0.032589444177440224,0.02472805462554016,0.028260633857760155,0.024728054625540136,0.028260633857760193,0.024728054625540397,1.8671713977043949,1.8671713977043938,1.8671713977043938,1.8671713977043964,1.8671713977044027
3231,6,5,-0.035447457056696524,-0.044309321320870655,-0.035447457056696524,-0.044309321320870676,-0.03544745705669676,-0.035447457056696545,0.009948650310406114,0.012435812888007639,0.009948650310406112,0.012435812888007644,0.009948650310406038,0.01243581288800764,-0.04539610736710264,-0.05674513420887829,-0.04539610736710264,-0.056745134208878265,-0.0453961073671028,-3.563041814789601,-3.5630418147896017,-3.5630418147896012,-3.5630418147895893,-3.563041814789652
3231,7,3,0.04596872159631182,0.0517148117958508,0.03447654119723387,0.05171481179585071,0.01398986515846327,0.013989865158463143,0.011544011544011523,0.01298701298701299,0.00865800865800866,0.012987012987012886,0.008658008658008734,0.012987012987012983,0.0344247100523003,0.03872779880883781,0.025818532539225208,0.038727798808837845,0.005331856500454535,3.982040508280519,3.982040508280511,3.982040508280511,3.982040508280573,1.6158294258024934
3231,8,2,0.026277953725866054,0.05255590745173208,0.02627795372586604,0.05255590745173202,0.026277953725865943,0.026277953725866037,0.029489728296885342,0.058979456593770706,0.029489728296885353,0.05897945659377063,0.029489728296885342,0.05897945659377071,-0.003211774571019288,-0.0064235491420386245,-0.0032117745710193123,-0.006423549142038579,-0.003211774571019399,0.8910883634231886,0.8910883634231878,0.8910883634231878,0.8910883634231884,0.8910883634231849
3232,1,2,0.12991148636947678,0.25982297273895355,0.12991148636947678,0.2598229727389535,0.12991148636947702,0.1299114863694768,0.004524886877828038,0.00904977375565611,0.004524886877828055,0.009049773755656108,0.004524886877828038,0.00904977375565611,0.12538659949164874,0.2507731989832974,0.1253865994916487,0.2507731989832974,0.125386599491649,28.710438487654468,28.710438487654365,28.710438487654365,28.710438487654365,28.710438487654525
3232,2,4,-0.025234501891566757,-0.033646002522089005,-0.025234501891566754,-0.033646002522089005,-0.02523450189156695,-0.025234501891566737,0.026676109537299368,0.03556814604973245,0.026676109537299337,0.035568146049732415,0.026676109537299375,0.035568146049732456,-0.051910611428866126,-0.06921414857182145,-0.05191061142886609,-0.06921414857182151,-0.05191061142886633,-0.945958849669705,-0.945958849669706,-0.945958849669706,-0.9459588496697022,-0.9459588496697121
3232,3,1,NA,NA,NA,NA,NA,NA,NA,NA,NA,NA,NA,NA,NA,NA,NA,NA,NA,NA,NA,NA,NA,NA
3232,4,2,0.040043650730010594,0.08008730146002123,0.040043650730010615,0.08008730146002126,0.04004365073001037,0.0400436507300107,0.0019404915912031306,0.0038809831824062097,0.0019404915912031048,0.0038809831824063853,0.0019404915912031306,0.0038809831824062097,0.03810315913880746,0.07620631827761502,0.03810315913880751,0.07620631827761491,0.03810315913880724,20.635828009531853,20.635828009532137,20.635828009532137,20.635828009530865,20.635828009531735
3232,5,6,-0.01420147199887631,-0.013568069272906744,-0.011306724394088955,-0.013568069272906715,-0.006440985333788045,-0.006440985333788008,0.024255136065397434,0.03000968054211036,0.025008067118425303,0.030009680542110378,0.02500806711842533,0.030009680542110354,-0.03845660806427374,-0.04357774981501711,-0.03631479151251426,-0.043577749815017115,-0.031449052452213376,-0.5855037036521201,-0.4521230825455699,-0.4521230825455699,-0.45212308254556827,-0.25755630386334355
3232,6,4,0.004982294455135899,0.006643059273514506,0.0049822944551358795,0.006643059273514563,0.004982294455135872,0.004982294455135921,0.018765133171912807,0.02502017756255044,0.01876513317191283,0.02502017756255052,0.01876513317191275,0.025020177562550445,-0.013782838716776907,-0.018377118289035935,-0.013782838716776952,-0.01837711828903594,-0.01378283871677688,0.26550807870595217,0.2655080787059508,0.2655080787059508,0.2655080787059461,0.2655080787059515
3232,7,3,0.0020274015107677804,0.003041102266151661,0.002027401510767774,0.0030411022661517516,0.0020274015107674495,0.002027401510767859,0.00928294022923178,0.013924410343847685,0.00928294022923179,0.013924410343847712,0.009282940229231743,0.013924410343847681,-0.007255538718463999,-0.010883308077696024,-0.007255538718464016,-0.010883308077696115,-0.007255538718464294,0.21840079335893348,0.21840079335893253,0.21840079335893253,0.21840079335888238,0.21840079335889867
3232,8,5,0.0015001315659195007,0.0018751644573993926,0.0015001315659195142,0.0018751644573994617,0.0015001315659192826,0.0015001315659195428,0.00906967335686657,0.011337091696083235,0.009069673356866589,0.011337091696083223,0.009069673356866658,0.011337091696083237,-0.007569541790947069,-0.009461927238683842,-0.007569541790947074,-0.009461927238683812,-0.007569541790947375,0.16540083715184345,0.1654008371518446,0.1654008371518446,0.16540083715186152,0.16540083715181778
3232,9,1,NA,NA,NA,NA,NA,NA,NA,NA,NA,NA,NA,NA,NA,NA,NA,NA,NA,NA,NA,NA,NA,NA
3232,10,4,0.013025109825580278,0.017366813100773686,0.013025109825580264,0.017366813100773704,0.013025109825580472,0.01302510982558027,0.03563516177751363,0.04751354903668482,0.035635161777513615,0.0475135490366848,0.03563516177751369,0.04751354903668482,-0.02261005195193335,-0.03014673593591113,-0.02261005195193335,-0.03014673593591114,-0.02261005195193322,0.36551285797162664,0.36551285797162647,0.3655128579716264,0.36551285797162086,0.36551285797163147
3233,1,3,0.11160597600734529,0.16740896401101796,0.1116059760073453,0.1674089640110178,0.11160597600734512,0.11160597600734512,0.06734006734006732,0.10101010101010101,0.06734006734006734,0.10101010101010102,0.06734006734006748,0.10101010101010098,0.04426590866727796,0.06639886300091695,0.04426590866727796,0.06639886300091692,0.04426590866727764,1.657348743709078,1.657348743709078,1.6573487437090777,1.6573487437090793,1.6573487437090717
3233,2,6,0.009490134868999084,0.015739976707013312,0.013116647255844428,0.015739976707013305,0.02268398276047397,0.022683982760474095,0.027349328763210487,0.03650385604113111,0.030419880034275922,0.03650385604113117,0.03041988003427587,0.03650385604113111,-0.017859193894211402,-0.020763879334117795,-0.017303232778431495,-0.020763879334117847,-0.0077358972738019,0.3469969940090425,0.4311866858470548,0.43118668584705483,0.4311866858470547,0.745695996661216
3233,3,2,-0.08372057684622344,-0.1674411536924469,-0.08372057684622344,-0.16744115369244694,-0.08372057684622347,-0.08372057684622357,0.025000000000000022,0.05,0.025,0.04999999999999993,0.02499999999999991,0.05,-0.10872057684622347,-0.21744115369244688,-0.10872057684622344,-0.217441153692447,-0.10872057684622338,-3.348823073848935,-3.3488230738489375,-3.3488230738489375,-3.3488230738489477,-3.348823073848951
3233,4,2,-4.5144786322701136e-4,-9.02895726454003e-4,-4.514478632270015e-4,-9.028957264538431e-4,-4.5144786322670605e-4,-4.5144786322697536e-4,0.013888888888888867,0.027777777777777776,0.013888888888888888,0.027777777777777707,0.01388888888888884,0.02777777777777778,-0.014340336752115879,-0.028680673504231778,-0.014340336752115889,-0.02868067350423175,-0.014340336752115546,-0.032504246152344866,-0.03250424615234411,-0.03250424615234411,-0.032504246152338434,-0.03250424615232295
3233,5,3,0.019994777570609898,0.029992166355914854,0.0199947775706099,0.029992166355914705,0.019994777570609894,0.019994777570609846,0.02020202020202022,0.0303030303030303,0.0202020202020202,0.030303030303030155,0.020202020202020183,0.030303030303030297,-2.0724263141032317e-4,-3.108639471154466e-4,-2.072426314102989e-4,-3.1086394711541526e-4,-2.0724263141028848e-4,0.989741489745189,0.9897414897451903,0.9897414897451902,0.989741489745202,0.9897414897451907
3233,6,4,0.004178511803040852,0.005571349070721145,0.004178511803040859,0.005571349070721154,0.004178511803040852,0.0041785118030408675,0.026155717761557187,0.034874290348742905,0.02615571776155718,0.03487429034874293,0.02615571776155723,0.034874290348742905,-0.021977205958516335,-0.02930294127802176,-0.02197720595851632,-0.029302941278021785,-0.021977205958516377,0.15975519544649205,0.15975519544649236,0.15975519544649236,0.1597551954464921,0.1597551954464918
3233,7,2,0.0017286035822641488,0.003457207164528284,0.001728603582264142,0.0034572071645283314,0.001728603582264121,0.0017286035822641685,0.02941176470588236,0.058823529411764705,0.029411764705882353,0.05882352941176484,0.02941176470588225,0.058823529411764705,-0.02768316112361821,-0.05536632224723642,-0.02768316112361821,-0.05536632224723641,-0.027683161123618127,0.058772521796981045,0.05877252179698083,0.05877252179698083,0.058772521796981385,0.05877252179698032
3240,1,17,0.06652174964042501,0.0673087830035399,0.06334944282686109,0.06730878300353989,0.06231670803729122,0.06231670803729097,0.07679998705077935,0.07724361711583742,0.07269987493255287,0.07724361711583745,0.07269987493255294,0.07724361711583745,-0.010278237410354343,-0.009934834112297522,-0.00935043210569178,-0.00993483411229752,-0.010383166895261718,0.866168761154107,0.8713831060319344,0.8713831060319345,0.8713831060319348,0.8571776512009867
3240,2,15,0.005539124695930861,0.007383100427368118,0.006890893732210244,0.007383100427368138,0.007578543100428211,0.007578543100428249,0.02724430424114966,0.03201442091031997,0.029880126182965303,0.03201442091031997,0.029880126182965226,0.032014420910319946,-0.0217051795452188,-0.02463132048295185,-0.022989232450755057,-0.02463132048295185,-0.022301583082537015,0.20331312728348536,0.23061795957671527,0.2306179595767153,0.23061795957671535,0.25363156279938226
3240,3,7,-0.0026521429986079413,-0.0029685045162508392,-0.0025444324425007193,-0.0029685045162508583,-0.0030665958221482675,-0.003066595822148134,0.019933191191795707,0.02124891009009922,0.01821335150579933,0.02124891009009931,0.01821335150579933,0.021248910090099202,-0.02258533419040365,-0.02421741460635006,-0.020757783948300048,-0.02421741460635007,-0.021279947327947597,-0.13305160087460233,-0.1397014954491239,-0.1397014954491239,-0.13970149544912416,-0.16837075928457373
3240,4,3,-0.01776527089762298,-0.019985929759825844,-0.013323953173217228,-0.019985929759826004,-0.017445587351426244,-0.017445587351426296,0.017036428892726524,0.0191659825043173,0.012777321669544867,0.019165982504317246,0.012777321669544742,0.019165982504317294,-0.0348016997903495,-0.03915191226414315,-0.026101274842762097,-0.03915191226414319,-0.030222909020970988,-1.0427813839089026,-1.0427813839089044,-1.0427813839089044,-1.0427813839089242,-1.3653555731486748
3250,4,4,0.0030784388925651773,0.0041045851900869184,0.0030784388925651886,0.004104585190086895,0.003078438892565094,0.0030784388925651756,0.028416779431664402,0.037889039242219216,0.028416779431664412,0.037889039242219216,0.02841677943166432,0.037889039242219216,-0.025338340539099224,-0.0337844540521323,-0.025338340539099224,-0.0337844540521323,-0.025338340539099224,0.1083317305526508,0.10833173055265116,0.10833173055265116,0.10833173055264844,0.10833173055264819
3250,5,7,0.053965300256877416,0.051083628240735895,0.04378596706348791,0.051083628240735854,0.037694860639913993,0.03769486063991422,0.02361264088221298,0.026251426707973258,0.022501222892548505,0.026251426707973292,0.02250122289254846,0.02625142670797325,0.030352659374664435,0.024832201532762638,0.021284744170939406,0.024832201532762662,0.015193637747365533,2.2854411129222147,1.9459372173939955,1.9459372173939957,1.9459372173939993,1.6752360891637175
3250,6,21,0.017090983721946354,0.018792296587192912,0.017897425321136105,0.01879229658719291,0.01970576049058758,0.019705760490587348,0.026754392493686014,0.028163749088256744,0.026822618179292136,0.028163749088256706,0.02682261817929222,0.028163749088256772,-0.00966340877173966,-0.009371452501063832,-0.00892519285815603,-0.009371452501063825,-0.007116857688704639,0.6388103832288397,0.667251243018232,0.667251243018232,0.6672512430182329,0.734669537435423
3250,7,22,0.013803455292579637,0.014428114090785217,0.013772290723022253,0.014428114090785154,0.013165377477954139,0.013165377477954047,0.028938892757955803,0.03017624768230618,0.028804600060383174,0.030176247682306118,0.028804600060383254,0.03017624768230617,-0.015135437465376166,-0.01574813359152096,-0.015032309337360921,-0.015748133591520955,-0.015639222582429113,0.4769862968853509,0.4781281702974996,0.4781281702974996,0.4781281702974998,0.45705815912581604
3250,8,6,0.0791343746805961,0.09496124961671536,0.07913437468059613,0.09496124961671529,0.07913437468059599,0.07913437468059609,0.03127911428005086,0.03753493713606103,0.03127911428005086,0.03753493713606102,0.03127911428005081,0.03753493713606103,0.04785526040054524,0.05742631248065433,0.04785526040054527,0.05742631248065432,0.04785526040054518,2.5299429508164266,2.529942950816428,2.5299429508164275,2.529942950816431,2.529942950816427
3250,9,21,0.013996211657190994,0.014559909330288789,0.01386658031456075,0.014559909330288764,0.013943798351456104,0.013943798351456094,0.04083834699566548,0.04320389432936643,0.041146566027968026,0.043203894329366443,0.041146566027968,0.04320389432936647,-0.026842135338474484,-0.02864398499907764,-0.027279985713407277,-0.028643984999077634,-0.027202767676511894,0.34272228644995184,0.3370045584152854,0.3370045584152854,0.337004558415285,0.33888121652675157
3250,10,10,0.08983952890323212,0.10252788776133824,0.09227509898520442,0.10252788776133824,0.09234272967970156,0.09234272967970165,0.08399866055633533,0.09662125206841955,0.0869591268615776,0.09662125206841952,0.08695912686157765,0.09662125206841955,0.005840868346896788,0.005906635692918688,0.005315972123626819,0.005906635692918715,0.005383602818123903,1.0695352557792215,1.0611318479782903,1.0611318479782903,1.0611318479782912,1.0619095776650744
3270,8,2,0,0,0,-1.2537167179050222e-16,0,-3.421801783233996e-17,0.0032397408207343326,0.0064794816414686825,0.0032397408207343412,0.006479481641468642,0.003239740820734305,0.0064794816414686825,-0.0032397408207343326,-0.0064794816414686825,-0.0032397408207343412,-0.006479481641468668,-0.003239740820734305,0,0,0,-1.9349028013001064e-14,0
3270,9,1,NA,NA,NA,NA,NA,NA,NA,NA,NA,NA,NA,NA,NA,NA,NA,NA,NA,NA,NA,NA,NA,NA
3280,2,8,-0.003231865283996319,-0.004426416163589803,-0.0038731141431410775,-0.004426416163589843,-0.00404979560135299,-0.0040497956013530855,0.027413074242410268,0.029508101722282735,0.025819589006997393,0.029508101722282715,0.025819589006997434,0.029508101722282732,-0.030644939526406588,-0.03393451788587254,-0.029692703150138472,-0.033934517885872546,-0.029869384608350424,-0.11789503269196853,-0.15000680847752537,-0.15000680847752537,-0.15000680847752398,-0.15684973142893346
3280,3,15,0.0026057979360544392,0.0036068537960066544,0.0033663968762728774,0.0036068537960066063,0.0034913953194250762,0.0034913953194253464,0.01549588427513879,0.018361322580189538,0.017137234408176903,0.018361322580189555,0.017137234408176976,0.01836132258018954,-0.012890086339084351,-0.014754468784182883,-0.013770837531904025,-0.014754468784182894,-0.0136458390887519,0.16816064767824296,0.19643758123928248,0.19643758123928248,0.19643758123928076,0.20373154945929714
3280,4,11,0.027903301578137196,0.034179226944578485,0.03107202449507135,0.03417922694457846,0.03247887316743685,0.0324788731674369,0.020415677931429524,0.024257425742574258,0.022052205220522054,0.02425742574257427,0.022052205220522033,0.024257425742574272,0.007487623646707672,0.009921801202004227,0.009019819274549295,0.00992180120200425,0.010426667946914814,1.3667585113683944,1.4090211924091538,1.4090211924091538,1.4090211924091494,1.4728174730213213
3280,5,6,0.011871663718208136,0.016567948923299238,0.013806624102749366,0.016567948923299217,0.01253781446102146,0.012537814461021427,0.02466189339697693,0.03261734287987271,0.027181119066560594,0.03261734287987265,0.027181119066560584,0.03261734287987271,-0.012790229678768795,-0.016049393956573472,-0.013374494963811228,-0.016049393956573507,-0.014643304605539123,0.48137681592863313,0.5079490682094425,0.5079490682094425,0.5079490682094409,0.46126925202450675
3280,6,3,0.005378967205965756,0.008068450808948649,0.005378967205965765,0.0080684508089488155,0.005378967205965719,0.005378967205965803,0.01515151515151514,0.02272727272727273,0.015151515151515154,0.02272727272727287,0.015151515151515286,0.02272727272727272,-0.009772547945549385,-0.014658821918324082,-0.009772547945549388,-0.01465882191832406,-0.009772547945549565,0.35501183559374017,0.3550118355937405,0.35501183559374044,0.35501183559374333,0.35501183559373434
3280,7,1,NA,NA,NA,NA,NA,NA,NA,NA,NA,NA,NA,NA,NA,NA,NA,NA,NA,NA,NA,NA,NA,NA
3290,1,1,NA,NA,NA,NA,NA,NA,NA,NA,NA,NA,NA,NA,NA,NA,NA,NA,NA,NA,NA,NA,NA,NA
3290,6,2,-0.0070809945175847044,-0.014161989035169395,-0.0070809945175846975,-0.014161989035169471,-0.0070809945175847044,-0.007080994517584713,0.021819870009285064,0.0436397400185701,0.02181987000928505,0.04363974001857003,0.02181987000928509,0.0436397400185701,-0.02890086452686977,-0.057801729053739495,-0.028900864526869748,-0.05780172905373956,-0.028900864526869796,-0.3245204721463286,-0.3245204721463285,-0.3245204721463285,-0.324520472146331,-0.3245204721463282
3290,8,2,0,0,0,NA,-0.022045193233723337,-0.022045193233723653,0,0,0,NA,0,0,0,0,0,NA,-0.022045193233723337,NA,NA,NA,NA,-Inf
3290,9,4,-0.0013838087206792665,-0.0018450782942390374,-0.001383808720679278,-0.0018450782942389667,-0.0013838087206790028,-0.001383808720679263,0.04777185759263744,0.06369581012351659,0.04777185759263744,0.06369581012351652,0.04777185759263736,0.06369581012351659,-0.04915566631331671,-0.06554088841775563,-0.04915566631331672,-0.06554088841775564,-0.04915566631331636,-0.028967027668870427,-0.028967027668870667,-0.028967027668870667,-0.028967027668869716,-0.02896702766886496
3320,1,3,0.0015846986275623136,0.002377047941343508,0.0015846986275623387,0.0023770479413434574,0.0015846986275622754,0.0015846986275623268,0.1157684630738523,0.17365269461077845,0.1157684630738523,0.17365269461077845,0.11576846307385225,0.1736526946107784,-0.11418376444628998,-0.17127564666943496,-0.11418376444628996,-0.17127564666943484,-0.11418376444628997,0.013688517455322742,0.01368851745532296,0.01368851745532296,0.01368851745532316,0.01368851745532242
3320,2,3,0.04731932956010617,0.07097899434015927,0.04731932956010618,0.0709789943401592,0.047319329560106205,0.04731932956010608,0.031198686371100164,0.046798029556650245,0.03119868637110016,0.04679802955665024,0.031198686371100237,0.04679802955665023,0.016120643189006006,0.02418096478350902,0.016120643189006016,0.02418096478350899,0.016120643189005968,1.5167090369528766,1.516709036952877,1.516709036952877,1.5167090369528617,1.5167090369528742
3320,3,9,0.0013196909414905584,0.0026081200807105374,0.0023183289606315887,0.0026081200807105773,0.0036020116093483288,0.0036020116093483023,0.026825954177933833,0.02905920813657828,0.025830407232514025,0.029059208136578286,0.0258304072325141,0.02905920813657829,-0.025506263236443276,-0.026451088055867742,-0.023512078271882435,-0.02645108805586774,-0.022228395623165774,0.04919455735804148,0.08975193227745136,0.08975193227745136,0.08975193227745261,0.13944850257003638
3320,4,7,-0.011907838067022586,-0.013892477744859669,-0.011907838067022572,-0.013892477744859686,-0.0119078380670224,-0.01190783806702257,0.021204295229033582,0.0247383444338725,0.02120429522903357,0.024738344433872517,0.021204295229033474,0.0247383444338725,-0.03311213329605617,-0.03863082217873217,-0.03311213329605614,-0.038630822178732156,-0.033112133296055876,-0.561576696532597,-0.5615766965325967,-0.5615766965325966,-0.561576696532592,-0.5615766965325911
3320,5,12,0.035707503315661276,0.04508007363236531,0.0413234008296682,0.045080073632365276,0.03995805883628408,0.03995805883628394,0.026374445787988716,0.030959657029790037,0.028379685610640866,0.03095965702979002,0.02837968561064086,0.030959657029790047,0.00933305752767256,0.014120416602575275,0.012943715219027332,0.014120416602575297,0.011578373225643222,1.3538674367869736,1.4560908600824716,1.4560908600824716,1.4560908600824702,1.4079810250365126
3320,6,13,0.01000332880718462,0.01128708618548239,0.01041884878659913,0.011287086185482425,0.009800221626333675,0.009800221626333618,0.02645542056089056,0.028191024647150748,0.026022484289677614,0.028191024647150762,0.02602248428967763,0.028191024647150745,-0.01645209175370594,-0.016903938461668357,-0.015603635503078485,-0.016903938461668357,-0.016222262663343957,0.3781201959787662,0.40037871367769423,0.40037871367769423,0.4003787136776929,0.3766059196054983
3320,7,8,0.048977656167734515,0.055063183227376175,0.04818028532395415,0.05506318322737618,0.04686203143992751,0.04686203143992745,0.03019556539013038,0.03504809270421393,0.03066708111618719,0.035048092704213885,0.0306670811161871,0.03504809270421393,0.018782090777604135,0.020015090523162242,0.01751320420776696,0.020015090523162225,0.01619495032374041,1.6220148732086066,1.5710750280215895,1.5710750280215895,1.571075028021593,1.5280890692656164
3320,8,11,0.030837702969478555,0.03392147326642641,0.030837702969478555,0.03392147326642637,0.03083770296947835,0.030837702969478572,0.03849118046132972,0.04234029850746269,0.03849118046132972,0.04234029850746265,0.03849118046132977,0.042340298507462695,-0.007653477491851163,-0.008418825241036279,-0.007653477491851163,-0.00841882524103626,-0.007653477491851423,0.8011628274289937,0.8011628274289937,0.8011628274289937,0.8011628274289927,0.8011628274289873
3320,9,7,0.007643121812005174,0.008146724865923131,0.006982907027934112,0.008146724865923133,0.007704609130691915,0.007704609130692067,0.028345949428249303,0.03505663821334622,0.03004854704001104,0.03505663821334624,0.030048547040010982,0.035056638213346196,-0.02070282761624413,-0.026909913347423084,-0.023065640012076928,-0.026909913347423042,-0.022343937909319066,0.269637178015569,0.23238751007281802,0.23238751007281802,0.2323875100728187,0.2564053802812124
3320,10,1,NA,NA,NA,NA,NA,NA,NA,NA,NA,NA,NA,NA,NA,NA,NA,NA,NA,NA,NA,NA,NA,NA
3330,1,33,0.05121962924567662,0.051489925666837896,0.04992962488905493,0.051489925666837875,0.05033890791678132,0.05033890791678142,0.0756548274808498,0.0775032153124527,0.07515463303025717,0.07750321531245272,0.0751546330302571,0.07750321531245259,-0.024435198235173178,-0.026013289645614807,-0.025225008141202238,-0.026013289645614845,-0.02481572511347578,0.6770173292463278,0.6643585747927653,0.6643585747927653,0.66435857479276506,0.6698044536590975
3330,2,22,0.01487815039538398,0.016192863977494403,0.015456824705790113,0.016192863977494438,0.016152817564548047,0.016152817564548148,0.02797719472869298,0.027794326534081096,0.02653094805525923,0.027794326534081114,0.02653094805525927,0.027794326534081083,-0.013099044333309,-0.011601462556586693,-0.011074123349469117,-0.01160146255658669,-0.010378130490711224,0.5317956478361706,0.582596018566555,0.5825960185665551,0.5825960185665566,0.6088292635040627
3330,3,15,0.016907752352019818,0.01776349416304829,0.016579261218845072,0.01776349416304828,0.017815374761534504,0.017815374761534383,0.02779003851203976,0.029601002495075187,0.02762760232873684,0.029601002495075267,0.027627602328736837,0.02960100249507518,-0.010882286160019943,-0.011837508332026896,-0.011048341109891769,-0.01183750833202692,-0.009812227567202333,0.6084105405141739,0.6000977218931575,0.6000977218931576,0.600097721893157,0.6448396987024766
3330,4,12,0.022918857734824317,0.025431199885435563,0.023311933228315932,0.02543119988543557,0.024488639764034037,0.024488639764034106,0.026664069380842887,0.028857571409791703,0.02645277379230906,0.028857571409791682,0.02645277379230911,0.02885757140979169,-0.0037452116460185703,-0.0034263715243561393,-0.003140840563993129,-0.0034263715243561636,-0.0019641340282750726,0.8595408828065321,0.8812661164136102,0.8812661164136101,0.8812661164136076,0.9257494112452538
3330,5,10,-0.006671038406286497,-0.010566221097543268,-0.00950959898778894,-0.010566221097543292,-0.0029768115028998565,-0.002976811502899948,0.011485088122678393,0.013179127581115673,0.011861214823004106,0.013179127581115689,0.01186121482300404,0.013179127581115673,-0.01815612652896489,-0.02374534867865894,-0.021370813810793046,-0.02374534867865893,-0.014838026325903897,-0.5808434672010832,-0.8017390401989559,-0.8017390401989559,-0.8017390401989549,-0.2509702039226646
3330,6,6,0.025612265714410876,0.03390622921996596,0.0282551910166383,0.033906229219965944,0.029986107780882804,0.029986107780882662,0.0237624848231833,0.03199495038513955,0.02666245865428296,0.03199495038513955,0.02666245865428296,0.03199495038513955,0.0018497808912275766,0.0019112788348264048,0.0015927323623553397,0.0019112788348263883,0.003323649126599843,1.0778445901172289,1.0597368900973236,1.0597368900973236,1.0597368900973245,1.124656513103151
3330,7,1,NA,NA,NA,NA,NA,NA,NA,NA,NA,NA,NA,NA,NA,NA,NA,NA,NA,NA,NA,NA,NA,NA
3340,4,2,0,0,0,-1.2537167179050222e-16,2.220446049250313e-16,-8.127872949296721e-17,0.03424657534246578,0.0684931506849315,0.03424657534246575,0.06849315068493157,0.03424657534246567,0.06849315068493152,-0.03424657534246578,-0.0684931506849315,-0.03424657534246575,-0.06849315068493159,-0.034246575342465446,0,0,0,-1.8304264081413328e-15,6.4837024638109306e-15
3340,5,1,NA,NA,NA,NA,NA,NA,NA,NA,NA,NA,NA,NA,NA,NA,NA,NA,NA,NA,NA,NA,NA,NA
3340,7,1,NA,NA,NA,NA,NA,NA,NA,NA,NA,NA,NA,NA,NA,NA,NA,NA,NA,NA,NA,NA,NA,NA
3350,1,32,0.04832668564989756,0.04950082901232499,0.04795392810568984,0.04950082901232503,0.048750040204985856,0.04875004020498558,0.0612174656885047,0.06267672468617609,0.06071807703973309,0.06267672468617605,0.06071807703973309,0.06267672468617609,-0.012890780038607143,-0.0131758956738511,-0.012764148934043248,-0.013175895673851109,-0.011968036834747231,0.7894264342107885,0.7897800859916798,0.7897800859916798,0.7897800859916798,0.8028917018087461
3350,2,16,0.0013416262568162946,0.0012369733573818454,0.00115966252254548,0.0012369733573818359,0.0012681511059473571,0.0012681511059473498,0.02554776758869513,0.028037682902385248,0.02628532772098617,0.028037682902385258,0.02628532772098624,0.028037682902385248,-0.024206141331878834,-0.026800709545003402,-0.02512566519844069,-0.02680070954500341,-0.025017176615038883,0.0525144223329307,0.044118244781083976,0.044118244781083976,0.04411824478108355,0.04824558854310436
3350,3,5,0.0403086622194128,0.050385827774266034,0.04030866221941283,0.05038582777426599,0.040308662219412913,0.04030866221941283,0.019225634178905205,0.02403204272363151,0.01922563417890521,0.02403204272363147,0.01922563417890526,0.024032042723631512,0.021083028040507597,0.026353785050634525,0.021083028040507622,0.026353785050634532,0.021083028040507653,2.0966102779402913,2.096610277940292,2.096610277940292,2.096610277940295,2.096610277940291
3350,4,1,NA,NA,NA,NA,NA,NA,NA,NA,NA,NA,NA,NA,NA,NA,NA,NA,NA,NA,NA,NA,NA,NA
3360,1,34,0.05659980163767726,0.05805556812557885,0.056348051416003,0.05805556812557888,0.055715749719339916,0.05571574971934003,0.06877008968966435,0.07237959484215724,0.07025078322915261,0.07237959484215722,0.07025078322915256,0.07237959484215725,-0.012170288051987083,-0.01432402671657839,-0.013902731813149612,-0.014324026716578375,-0.01453503350981264,0.8230293415799312,0.8020985507335914,0.8020985507335914,0.8020985507335913,0.7930979151876428
3360,2,11,-0.0181824300540929,-0.01582351571858978,-0.014385014289627074,-0.015823515718589753,-0.011441410441634532,-0.01144141044163452,0.02233326254873663,0.02422653382275826,0.02202412165705296,0.024226533822758252,0.02202412165705296,0.024226533822758266,-0.04051569260282953,-0.04005004954134804,-0.036409135946680035,-0.04005004954134804,-0.033465532098687495,-0.814141239526218,-0.653148148817115,-0.653148148817115,-0.6531481488171159,-0.5194945169570727
3360,3,25,0.006443112824701396,0.006973191394438733,0.006694263738661183,0.006973191394438749,0.009064238948080429,0.009064238948080571,0.02622181560466462,0.027731245838970853,0.026621996005412017,0.02773124583897084,0.026621996005412,0.02773124583897087,-0.019778702779963225,-0.02075805444453212,-0.019927732266750833,-0.02075805444453212,-0.01755775705733157,0.2457157399716908,0.25145611686292413,0.25145611686292413,0.25145611686292396,0.34047931440744544
3360,4,15,-0.006259146260298299,-0.006455993035605216,-0.006025593499898202,-0.006455993035605237,-0.003374492978187741,-0.00337449297818764,0.0191890562273885,0.02039864976392635,0.019038739779664596,0.020398649763926358,0.0190387397796646,0.020398649763926344,-0.025448202487686797,-0.026854642799531567,-0.025064333279562798,-0.026854642799531574,-0.02241323275785234,-0.32618312157346396,-0.31649119477614684,-0.3164911947761468,-0.31649119477614973,-0.1772435054652125
3360,5,16,0.0041796594552001255,0.0032815751475414423,0.0030764767008201023,0.0032815751475414384,0.003039237415244367,0.0030392374152444506,0.024907289701209406,0.02578453113034421,0.024172997934697696,0.025784531130344204,0.024172997934697626,0.02578453113034421,-0.02072763024600928,-0.022502955982802768,-0.021096521233877594,-0.02250295598280278,-0.02113376051945326,0.1678086819296592,0.12726914175606477,0.1272691417560648,0.12726914175606335,0.12572860939527417
3360,6,8,0.028812966699781964,0.03251104823716516,0.028447167207519518,0.03251104823716516,0.028204759822315406,0.02820475982231544,0.03678249226264162,0.039353484895334565,0.03443429928341774,0.03935348489533459,0.03443429928341768,0.039353484895334565,-0.007969525562859653,-0.006842436658169401,-0.005987132075898224,-0.006842436658169432,-0.006229539461102274,0.7833337255682928,0.8261288250235601,0.8261288250235601,0.8261288250235593,0.8190891178057979
3360,7,7,0.014136366858611955,0.019415654222617255,0.016641989333671933,0.019415654222617262,0.008473032738959623,0.008473032738959413,0.025027100909647937,0.028868360277136264,0.02474430880897394,0.028868360277136344,0.02474430880897392,0.028868360277136244,-0.010890734051035982,-0.009452706054519009,-0.008102319475302006,-0.009452706054519018,-0.016271276070014294,0.5648423646688695,0.6725582622714615,0.6725582622714616,0.6725582622714631,0.3424234964238218
3360,8,2,0.04941004821520045,0.09882009643040092,0.04941004821520046,0.098820096430401,0.04941004821520045,0.049410048215200474,0.007936507936507936,0.015873015873015872,0.007936507936507936,0.015873015873015997,0.007936507936507908,0.015873015873015876,0.04147354027869252,0.08294708055738505,0.041473540278692524,0.08294708055738502,0.041473540278692544,6.2256660751152575,6.225666075115258,6.225666075115258,6.225666075115233,6.225666075115279
3400,1,27,0.07183712288737415,0.07368424896049713,0.07095520270270093,0.07368424896049708,0.06912072773069076,0.0691207277306904,0.0772879135126715,0.07979903944279118,0.07684351946342854,0.07979903944279114,0.0768435194634286,0.07979903944279107,-0.005450790625297353,-0.006114790482294047,-0.0058883167607276105,-0.006114790482294008,-0.007722791732737835,0.9294742168915754,0.9233726304853856,0.9233726304853855,0.923372630485387,0.8994997654107544
3400,2,47,0.01835217119512769,0.017878262887225223,0.0174978743151566,0.017878262887225233,0.01804376952532734,0.01804376952532718,0.029354686077750217,0.029558653844475372,0.028929746315869514,0.02955865384447538,0.028929746315869496,0.029558653844475397,-0.011002514882622529,-0.01168039095725015,-0.011431872000712915,-0.011680390957250146,-0.010885976790542158,0.625187104591044,0.6048402265303682,0.6048402265303681,0.6048402265303686,0.6237099118781203
3400,3,35,0.005214351966206008,0.005600743544567194,0.005440722300436703,0.005600743544567201,0.0061545509979339386,0.0061545509979338015,0.024980181024015075,0.026126856775837003,0.02538037515367023,0.026126856775836992,0.025380375153670188,0.026126856775837023,-0.01976582905780907,-0.020526113231269807,-0.019939652853233528,-0.0205261132312698,-0.01922582415573625,0.20873955882037493,0.21436729234673765,0.21436729234673765,0.21436729234673596,0.2424925148139091
3400,4,30,0.024073261275370086,0.02468289142576939,0.023860128378243743,0.024682891425769404,0.02455158981743383,0.024551589817433883,0.028238927111256338,0.02813543216592187,0.027197584427057806,0.028135432165921875,0.02719758442705782,0.02813543216592187,-0.0041656658358862515,-0.003452540740152478,-0.003337456048814063,-0.003452540740152463,-0.002645994609623989,0.8524849821852555,0.8772885122292787,0.8772885122292787,0.8772885122292804,0.9027121464878479
3400,5,40,0.018045519622607132,0.01793514968221497,0.017486770940159595,0.017935149682214928,0.01828437837037722,0.018284378370377257,0.029922843015522265,0.031132959209299746,0.030354635229067253,0.031132959209299708,0.030354635229067208,0.031132959209299784,-0.011877323392915133,-0.013197809527084776,-0.012867864288907658,-0.013197809527084775,-0.012070256858689989,0.603068351935882,0.5760823942767879,0.5760823942767879,0.5760823942767879,0.6023586919228842
3400,6,28,0.03113872996787741,0.032608013413849245,0.03144344150621177,0.03260801341384926,0.03129257943040553,0.03129257943040563,0.028262716818767998,0.029803371072196657,0.028738964962475348,0.029803371072196636,0.028738964962475348,0.029803371072196626,0.0028760131491094125,0.0028046423416525877,0.0027044765437364213,0.0028046423416526033,0.0025536144679301834,1.1017599676475398,1.0941048693739555,1.0941048693739552,1.0941048693739586,1.0888554779639579
3400,7,15,0.04399445385765953,0.048011622816049156,0.04481084796164588,0.04801162281604916,0.04603923751772949,0.046039237517729766,0.026243290259538237,0.028016263165720222,0.026148512288005542,0.02801626316572024,0.02614851228800556,0.028016263165720215,0.017751163598121292,0.019995359650328934,0.01866233567364034,0.019995359650328955,0.01989072522972393,1.6764076997422057,1.7137054478698144,1.7137054478698144,1.7137054478698117,1.7606828645026928
3400,8,16,0.022645050271513173,0.02419759288449537,0.02268524332921441,0.02419759288449538,0.02345085710993078,0.02345085710993044,0.0286875251114234,0.03113230568391944,0.029186536578674475,0.031132305683919448,0.029186536578674538,0.03113230568391944,-0.006042474839910227,-0.006934712799424071,-0.0065012932494600655,-0.006934712799424066,-0.0057356794687437596,0.7893692531356039,0.7772502663364889,0.7772502663364889,0.7772502663364904,0.8034820111909202
3400,9,2,0.05829081546769935,0.11658163093539871,0.058290815467699354,0.11658163093539864,0.05829081546769932,0.05829081546769932,0.014008004574042304,0.02801600914808462,0.01400800457404231,0.028016009148084546,0.014008004574042277,0.02801600914808462,0.04428281089365704,0.08856562178731409,0.04428281089365704,0.08856562178731411,0.04428281089365704,4.161250459306375,4.161250459306374,4.161250459306374,4.1612504593063875,4.161250459306382
3401,1,22,0.030547607301176945,0.029870947938702257,0.028513177577852156,0.029870947938702267,0.0288228714581642,0.028822871458163774,0.053621663716561206,0.05364990171560302,0.05121126981943925,0.05364990171560301,0.051211269819439215,0.053649901715603,-0.02307405641538426,-0.023778953776900764,-0.022698092241587094,-0.023778953776900768,-0.022388398361275014,0.5696877937739598,0.5567754456857631,0.5567754456857631,0.5567754456857648,0.5628228231752099
3401,2,19,0.0246320458475964,0.027291409735230834,0.025855019749166052,0.027291409735230893,0.026278634247613075,0.02627863424761275,0.030331293003306222,0.03293010752688172,0.03119694397283531,0.03293010752688171,0.031196943972835362,0.0329301075268817,-0.005699247155709821,-0.005638697791650885,-0.005341924223669258,-0.0056386977916508645,-0.004918309725222288,0.8121000923010904,0.8287677078780302,0.8287677078780303,0.8287677078780319,0.8423464256785892
3401,3,23,0.033418806505791425,0.03508087834442351,0.033555622764231186,0.0350808783444235,0.03366012565446721,0.03366012565446677,0.02536949294248558,0.026913917826860003,0.025743747486561743,0.026913917826860017,0.025743747486561674,0.026913917826859986,0.008049313563305845,0.00816696051756351,0.007811875277669442,0.008166960517563495,0.007916378167905535,1.3172831866034613,1.3034474791110833,1.303447479111083,1.3034474791110826,1.3075068294558867
3401,4,20,0.02921466590896247,0.031288485110720986,0.029724060855184933,0.031288485110720986,0.030717072531106383,0.03071707253110675,0.02573816155988859,0.027649904706054832,0.02626740947075209,0.027649904706054832,0.026267409470752057,0.027649904706054843,0.0034765043490738792,0.0036385804046661537,0.0034566513844328448,0.003638580404666159,0.004449663060354325,1.1350719763330652,1.1315946815494582,1.1315946815494582,1.1315946815494577,1.1693986255214428
3401,5,4,-0.0335094225126685,-0.05865657588048653,-0.0439924319103649,-0.05865657588048655,-0.045650293673815234,-0.04565029367381547,0.0037528868360277336,0.006158583525789068,0.004618937644341801,0.006158583525789079,0.004618937644341736,0.006158583525789068,-0.03726230934869623,-0.06481515940627561,-0.0486113695547067,-0.06481515940627562,-0.05026923131815697,-8.928972275683313,-9.524361508594001,-9.524361508594001,-9.524361508593897,-9.883288580381137
3401,6,6,0.0533598897111234,0.05633562205359608,0.04694635171133007,0.05633562205359602,0.049711556052623194,0.04971155605262317,0.013427989653844036,0.014099389136536238,0.011749490947113531,0.014099389136536192,0.011749490947113491,0.014099389136536241,0.03993190005727936,0.04223623291705984,0.035196860764216534,0.04223623291705987,0.0379620651055097,3.9737809669705877,3.9956072924898303,3.9956072924898303,3.995607292489862,4.230954028253954
3401,7,1,NA,NA,NA,NA,NA,NA,NA,NA,NA,NA,NA,NA,NA,NA,NA,NA,NA,NA,NA,NA,NA,NA
3410,1,11,0.012824422039988822,0.015919076000137974,0.014471887272852703,0.015919076000137925,0.014490517528709678,0.014490517528709862,0.05912804246741226,0.0650730411686587,0.059157310153326086,0.06507304116865871,0.05915731015332604,0.06507304116865874,-0.04630362042742344,-0.04915396516852072,-0.044685422880473384,-0.04915396516852073,-0.044666792624616355,0.2168923831201896,0.244633963838855,0.244633963838855,0.24463396383885413,0.2449488912046987
3410,2,7,0.0032291318746334977,0.0035272651048247746,0.0030233700898498065,0.003527265104824719,0.003714664688584993,0.003714664688584687,0.025732509248992768,0.027434104357181282,0.02351494659186967,0.027434104357181233,0.02351494659186975,0.027434104357181265,-0.02250337737435927,-0.023906839252356506,-0.020491576502019864,-0.023906839252356513,-0.019800281903284755,0.1254884179147781,0.12857227117390696,0.12857227117390696,0.12857227117390535,0.1579703646815567
3410,3,5,0.003651419319692619,0.005683575064876285,0.0045468600519010275,0.00568357506487627,0.00587991150790419,0.005879911507904191,0.009068825910931184,0.01349527665317139,0.010796221322537113,0.013495276653171354,0.010796221322537037,0.013495276653171392,-0.005417406591238565,-0.007811701588295106,-0.006249361270636086,-0.007811701588295135,-0.004916309814632847,0.4026341839125339,0.42115291230733265,0.42115291230733265,0.42115291230732943,0.5446268034196293
3420,1,6,-0.07309536795665682,-0.08288036709166957,-0.06906697257639131,-0.08288036709166954,-0.07016745364268706,-0.07016745364268717,0.019122716496956748,0.022693349549449942,0.018911124624541618,0.02269334954944993,0.018911124624541625,0.02269334954944994,-0.09221808445361357,-0.10557371664111952,-0.08797809720093293,-0.10557371664111945,-0.08907857826722869,-3.822436418397431,-3.652187479467018,-3.652187479467018,-3.6521874794670253,-3.7103797386871595
3420,2,6,-0.044147564924577685,-0.05297707790949322,-0.044147564924577685,-0.05297707790949319,-0.044147564924577644,-0.04414756492457763,0.02391464311994115,0.02869757174392936,0.023914643119941136,0.02869757174392939,0.023914643119941143,0.028697571743929357,-0.06806220804451883,-0.08167464965342258,-0.06806220804451882,-0.08167464965342255,-0.06806220804451879,-1.846047407153878,-1.846047407153879,-1.846047407153879,-1.8460474071538653,-1.8460474071538766
3420,3,2,-0.014114803776709178,-0.028229607553418388,-0.014114803776709194,-0.028229607553418436,-0.014114803776709373,-0.014114803776709258,0.009652509652509633,0.019305019305019305,0.009652509652509652,0.01930501930501929,0.009652509652509744,0.019305019305019305,-0.02376731342921881,-0.04753462685843769,-0.023767313429218846,-0.04753462685843765,-0.023767313429219117,-1.4622936712670738,-1.4622936712670724,-1.4622936712670724,-1.4622936712670762,-1.462293671267077
3420,4,5,-0.015661190364078037,-0.019576487955097546,-0.015661190364078037,-0.019576487955097543,-0.01566119036407816,-0.01566119036407807,0.02549123738714818,0.03186404673393521,0.02549123738714817,0.031864046733935225,0.025491237387148223,0.03186404673393522,-0.04115242775122622,-0.05144053468903276,-0.04115242775122621,-0.05144053468903282,-0.04115242775122638,-0.614375446990811,-0.6143754469908113,-0.6143754469908113,-0.6143754469908077,-0.6143754469908148
3420,5,21,-0.0012439071270289703,0.0018840812595502059,0.0017943631043335292,0.0018840812595501857,0.0016564672858128762,0.001656467285812455,0.026623362271888433,0.025783820666819068,0.024556019682684824,0.025783820666819106,0.0245560196826849,0.02578382066681909,-0.027867269398917403,-0.02389973940726886,-0.022761656578351296,-0.023899739407268868,-0.022899552396872025,-0.046722390445117064,0.07307222943785095,0.07307222943785095,0.07307222943785953,0.06745666876056852
3420,6,13,0.05549814852995695,0.059426398899036816,0.054855137445264754,0.05942639889903684,0.05507933196511512,0.05507933196511473,0.03004190143922332,0.03169471183285571,0.029256657076482194,0.031694711832855715,0.02925665707648215,0.0316947118328557,0.02545624709073363,0.027731687066181107,0.02559848036878256,0.027731687066181097,0.025822674888632973,1.847358052293502,1.8749625872109552,1.8749625872109552,1.8749625872109568,1.8826256130742438
3420,7,34,0.03223988448065818,0.031841582871377096,0.030905065728101297,0.031841582871377144,0.030845915475419785,0.03084591547541989,0.03032313276688484,0.030128775451959553,0.029242634997490153,0.030128775451959567,0.029242634997490188,0.03012877545195955,0.0019167517137733438,0.0017128074194175426,0.001662430730611144,0.0017128074194175352,0.0016032804779295973,1.063210873642534,1.056849553084181,1.056849553084181,1.0568495530841797,1.0548268129074962
3420,8,66,0.021258543361875007,0.02247505422723205,0.02213452310257702,0.02247505422723203,0.022405938477876242,0.02240593847787647,0.03254935356846195,0.0334470928623002,0.03294031872802292,0.03344709286230019,0.032940318728022853,0.03344709286230011,-0.01129081020658694,-0.01097203863506815,-0.010805795625445903,-0.010972038635068126,-0.010534380250146611,0.6531172214268812,0.6719583767641805,0.6719583767641806,0.6719583767641812,0.6801979866337831
3420,9,101,0.058438629093640324,0.058013007876297165,0.057438621659700165,0.058013007876297186,0.057265470143917134,0.05726547014391766,0.06235154894813393,0.06200442160303191,0.06139051643864546,0.0620044216030319,0.061390516438645515,0.062004421603032,-0.003912919854493609,-0.003991413726734748,-0.003951894778945295,-0.003991413726734742,-0.004125046294728381,0.9372442237521877,0.9356269500860955,0.9356269500860955,0.9356269500860963,0.9328064571854351
3420,10,146,0.12363702191394627,0.12508000373989267,0.12422329138550985,0.12508000373989273,0.12420423905119257,0.12420423905119357,0.12118038310275235,0.12252168798261337,0.12168249833889684,0.1225216879826135,0.12168249833889694,0.12252168798261433,0.0024566388111939147,0.0025583157572793003,0.0025407930466130046,0.002558315757279221,0.0025217407122956337,1.0202725783521485,1.02088051347809,1.02088051347809,1.0208805134780905,1.020723939323405
3430,3,1,NA,NA,NA,NA,NA,NA,NA,NA,NA,NA,NA,NA,NA,NA,NA,NA,NA,NA,NA,NA,NA,NA
3430,4,1,NA,NA,NA,NA,NA,NA,NA,NA,NA,NA,NA,NA,NA,NA,NA,NA,NA,NA,NA,NA,NA,NA
3430,7,1,NA,NA,NA,NA,NA,NA,NA,NA,NA,NA,NA,NA,NA,NA,NA,NA,NA,NA,NA,NA,NA,NA
3430,8,3,0.01647567516827982,0.03707026912862964,0.02471351275241976,0.03707026912862957,0.02547602469320361,0.025476024693203442,0.006807682956479446,0.015317286652078778,0.010211524434719184,0.0153172866520787,0.010211524434719324,0.015317286652078769,0.009667992211800373,0.02175298247655086,0.014501988317700575,0.02175298247655088,0.015264500258484285,2.4201589988262495,2.4201589988262486,2.420158998826249,2.420158998826269,2.4948307038844044
3430,9,6,0.02701047924567844,0.03241257509481414,0.027010479245678454,0.03241257509481422,0.027010479245678454,0.02701047924567848,0.0635369272717982,0.07624431272615784,0.0635369272717982,0.07624431272615789,0.0635369272717982,0.07624431272615781,-0.03652644802611976,-0.043831737631343695,-0.03652644802611975,-0.04383173763134368,-0.03652644802611975,0.42511466017443744,0.42511466017443766,0.42511466017443766,0.4251146601744385,0.42511466017443766
3430,10,4,0.044115115255947926,0.058820153674597225,0.04411511525594792,0.058820153674597184,0.0441151152559478,0.044115115255947884,0.08152316720679688,0.10869755627572918,0.08152316720679688,0.10869755627572912,0.08152316720679686,0.10869755627572918,-0.03740805195084895,-0.04987740260113195,-0.03740805195084896,-0.04987740260113193,-0.037408051950849064,0.5411359343294735,0.5411359343294734,0.5411359343294735,0.541135934329473,0.541135934329472
3440,4,4,-0.08725492087664394,-0.11633989450219188,-0.08725492087664391,-0.11633989450219187,-0.087254920876644,-0.08725492087664392,0.014119601328903629,0.018826135105204873,0.014119601328903655,0.018826135105204866,0.014119601328903553,0.018826135105204873,-0.10137452220554757,-0.13516602960739676,-0.10137452220554756,-0.1351660296073967,-0.10137452220554755,-6.179701455028205,-6.179701455028193,-6.179701455028192,-6.179701455028207,-6.179701455028242
3440,5,3,0.0018316887250256304,0.0027475330875384447,0.0018316887250256297,0.0027475330875385328,0.001831688725025593,0.0018316887250257009,0.024297646165527733,0.03644646924829157,0.024297646165527712,0.03644646924829175,0.02429764616552769,0.036446469248291556,-0.022465957440502102,-0.033698936160753125,-0.02246595744050208,-0.03369893616075314,-0.0224659574405021,0.07538543908933604,0.07538543908933608,0.07538543908933608,0.07538543908933906,0.07538543908933464
3440,6,20,0.022160956362535088,0.023187490183842127,0.02202811567465002,0.023187490183842124,0.021849816267582513,0.021849816267582277,0.029591469558125055,0.029991136744129673,0.02849157990692319,0.029991136744129662,0.028491579906923192,0.02999113674412969,-0.0074305131955899675,-0.0068036465602875455,-0.006463464232273168,-0.006803646560287544,-0.0066417636393406795,0.7488967832099525,0.7731447587888025,0.7731447587888025,0.7731447587888034,0.7668867903767319
3440,7,20,0.035153782035910144,0.0369796869688558,0.035130702620413005,0.03697968696885577,0.03532413817111681,0.03532413817111691,0.029236279865169724,0.03098865931774938,0.02943922635186191,0.03098865931774938,0.02943922635186187,0.030988659317749398,0.00591750217074042,0.005991027651106418,0.005691476268551095,0.005991027651106438,0.005884911819254945,1.2024027064329126,1.193329681987079,1.193329681987079,1.1933296819870787,1.1999003556994885
3440,8,23,0.03644464031812876,0.03779926611862866,0.03615581976564481,0.037799266118628674,0.036566018221266275,0.03656601822126594,0.030784523685073072,0.03211125212376904,0.03071511072708343,0.03211125212376907,0.030715110727083484,0.032111252123769016,0.0056601166330556875,0.005688013994859624,0.005440709038561382,0.005688013994859606,0.005850907494182791,1.1838624073238524,1.177134606054471,1.1771346060544712,1.1771346060544687,1.1904895458841263
3440,9,29,0.024567273221636845,0.025336307712084682,0.02446264192890935,0.025336307712084685,0.024177097260518306,0.024177097260518473,0.05062834287014218,0.052089181539071154,0.050293002865310084,0.052089181539071154,0.050293002865310056,0.052089181539071085,-0.026061069648505335,-0.026752873826986472,-0.025830360936400735,-0.02675287382698645,-0.02611590560479175,0.48524742918507163,0.48640249210059816,0.48640249210059816,0.48640249210059855,0.48072486992409486
3440,10,56,0.12482112204560239,0.1284298143694648,0.12613642482715293,0.1284298143694647,0.12611611830519465,0.12611611830519454,0.11869531561212436,0.12211670899163868,0.11993605347393084,0.1221167089916386,0.11993605347393073,0.12211670899163886,0.006125806433478029,0.006313105377826117,0.006200371353222087,0.006313105377826171,0.006180064831263918,1.0516095045696336,1.051697310138438,1.051697310138438,1.051697310138438,1.0515279988982398
3480,1,68,0.05955718173299539,0.05910586392057657,0.058236660039391624,0.059105863920576526,0.0578121248400169,0.057812124840016306,0.06787746858226161,0.0673000386054116,0.06631033215533202,0.06730003860541153,0.06631033215533201,0.06730003860541135,-0.008320286849266223,-0.008194174684835034,-0.0080736721159404,-0.008194174684835062,-0.008498207315315108,0.8774219630895228,0.8782441309896049,0.8782441309896049,0.8782441309896045,0.8718418828696552
3480,2,75,0.020218701454418658,0.019793892469021537,0.01952997390276792,0.019793892469021527,0.01953421886252632,0.01953421886252641,0.029092516122039776,0.029218771283069774,0.028829187665962177,0.02921877128306978,0.028829187665962194,0.029218771283069683,-0.008873814667621119,-0.009424878814048236,-0.009299213763194258,-0.009424878814048219,-0.009294968803435874,0.6949794706516108,0.677437537576767,0.677437537576767,0.677437537576768,0.677584782785601
3480,3,43,0.014155093041116902,0.013588663468099057,0.01327264803860838,0.01358866346809905,0.012825109638788093,0.012825109638788294,0.03234901354332112,0.03211937047717583,0.03137240837305546,0.032119370477175835,0.031372408373055466,0.03211937047717586,-0.018193920502204218,-0.01853070700907677,-0.01809976033444708,-0.01853070700907677,-0.018547298734267373,0.43757417895172285,0.4230675528885357,0.4230675528885357,0.4230675528885353,0.408802202441145
3480,4,40,0.022543394852159136,0.025015484386346036,0.024390097276687384,0.025015484386346046,0.025030190216810234,0.025030190216810123,0.023581868374938315,0.025986476054665943,0.025336814153299293,0.025986476054665912,0.025336814153299338,0.02598647605466596,-0.0010384735227791791,-9.709916683199073e-4,-9.467168766119083e-4,-9.709916683199051e-4,-3.0662393648910394e-4,0.9559630515161887,0.9626347309932559,0.9626347309932559,0.9626347309932558,0.987898086372111
3480,5,12,0.0035115351689508595,0.0036837355162035383,0.0033767575565199098,0.0036837355162035123,0.004479580468912836,0.004479580468912429,0.024772642102192505,0.0283934639491627,0.02602734195339914,0.028393463949162694,0.0260273419533991,0.02839346394916271,-0.021261106933241646,-0.024709728432959162,-0.02265058439687923,-0.024709728432959193,-0.021547761484486266,0.14175053086647027,0.12973885549150013,0.12973885549150013,0.12973885549150083,0.17211056268954944
3480,6,2,-0.06873090500823316,-0.1374618100164663,-0.06873090500823315,-0.13746181001646615,-0.06873090500823342,-0.06873090500823315,0.04146341463414635,0.08292682926829269,0.041463414634146344,0.08292682926829277,0.04146341463414638,0.08292682926829267,-0.11019431964237951,-0.220388639284759,-0.1101943196423795,-0.22038863928475896,-0.1101943196423798,-1.6576277090220934,-1.6576277090220934,-1.6576277090220934,-1.6576277090220888,-1.6576277090220988
3480,7,2,-0.10271838231979258,-0.20543676463958513,-0.10271838231979256,-0.2054367646395853,-0.10271838231979258,-0.10271838231979262,0.008620689655172403,0.017241379310344827,0.008620689655172414,0.017241379310344765,0.008620689655172376,0.017241379310344827,-0.11133907197496498,-0.22267814394992996,-0.11133907197496498,-0.22267814394993002,-0.11133907197496495,-11.915332349095953,-11.915332349095937,-11.915332349095937,-11.915332349096014,-11.915332349095992
3500,1,2,0.2061969845562401,0.4123939691124803,0.20619698455624014,0.41239396911248016,0.20619698455624036,0.2061969845562402,0.04079207173669716,0.0815841434733943,0.04079207173669715,0.08158414347339438,0.04079207173669719,0.08158414347339428,0.16540491281954295,0.330809825639086,0.165404912819543,0.33080982563908584,0.16540491281954317,5.054829916146235,5.054829916146237,5.054829916146237,5.054829916146231,5.054829916146238
3500,3,2,0.05825829988192491,0.11651659976384982,0.05825829988192491,0.1165165997638499,0.05825829988192477,0.05825829988192493,0.00567260940032413,0.011345218800648298,0.005672609400324149,0.011345218800648248,0.005672609400324102,0.011345218800648298,0.05258569048160078,0.10517138096320151,0.05258569048160076,0.10517138096320153,0.052585690481600667,10.27010600775651,10.270106007756477,10.270106007756477,10.27010600775653,10.270106007756537
3500,4,5,0.015460411856866071,0.0193255148210826,0.01546041185686608,0.01932551482108258,0.015460411856866151,0.015460411856866089,0.02076271186440678,0.025953389830508475,0.020762711864406782,0.025953389830508475,0.020762711864406747,0.025953389830508485,-0.005302300007540707,-0.006627875009425875,-0.005302300007540702,-0.0066278750094258985,-0.005302300007540596,0.7446239180041618,0.7446239180041622,0.7446239180041622,0.7446239180041613,0.7446239180041668
3500,5,9,0.022991375810323938,0.02608505970264889,0.0231867197356879,0.026085059702648947,0.02232650166203065,0.022326501662030686,0.021448483814075228,0.02310547875064004,0.020538203333902254,0.02310547875064003,0.020538203333902178,0.023105478750640052,0.0015428919962487096,0.0029795809520088527,0.0026485164017856465,0.0029795809520088657,0.001788298328128473,1.0719347814802747,1.1289556033079953,1.1289556033079953,1.1289556033079986,1.0870717997604273
3500,6,12,0.028737791085483674,0.03074731020819477,0.028185034357511872,0.030747310208194708,0.027958269063284174,0.02795826906328413,0.033451522382190776,0.03599657802183339,0.03299686318668061,0.035996578021833286,0.0329968631866806,0.035996578021833384,-0.004713731296707102,-0.00524926781363862,-0.004811828829168738,-0.005249267813638632,-0.005038594123396429,0.8590876898560336,0.8541731436122977,0.8541731436122976,0.854173143612296,0.8473008147807731
3500,7,17,0.0025307236826614433,0.0027944665050825806,0.002630086122430664,0.002794466505082611,0.0035220533834164182,0.003522053383416482,0.026679347997785197,0.027618933205189808,0.02599429007547276,0.02761893320518988,0.02599429007547267,0.02761893320518982,-0.024148624315123754,-0.024824466700107226,-0.023364203953042097,-0.024824466700107215,-0.022472236692056252,0.094857028847614,0.1011793788095146,0.1011793788095146,0.10117937880951658,0.13549334770022084
3500,8,5,-8.486781118616175e-4,-0.006040275260519808,-0.004832220208415847,-0.006040275260519806,-0.012429284267566842,-0.012429284267566752,0.023806970509383373,0.029222520107238605,0.023378016085790886,0.02922252010723856,0.023378016085790952,0.02922252010723861,-0.024655648621244988,-0.035262795367758414,-0.028210236294206735,-0.0352627953677584,-0.035807300353357795,-0.035648303572565695,-0.2066993277223751,-0.2066993277223751,-0.2066993277223782,-0.5316654852984425
3512,6,2,0.014017521869287702,0.028035043738575453,0.014017521869287727,0.02803504373857529,0.014017521869287952,0.01401752186928771,0.013052208835341389,0.02610441767068273,0.013052208835341365,0.026104417670682733,0.013052208835341306,0.026104417670682733,9.653130339463134e-4,0.001930626067892724,9.65313033946362e-4,0.0019306260678926277,9.653130339466465e-4,1.0739578293700405,1.0739578293700442,1.0739578293700442,1.0739578293700394,1.0739578293700665
3512,8,1,NA,NA,NA,NA,NA,NA,NA,NA,NA,NA,NA,NA,NA,NA,NA,NA,NA,NA,NA,NA,NA,NA
3512,9,1,NA,NA,NA,NA,NA,NA,NA,NA,NA,NA,NA,NA,NA,NA,NA,NA,NA,NA,NA,NA,NA,NA
3513,5,9,0.0025449988067491164,0.0028017168012490776,0.0024904149344436243,0.0028017168012490507,0.0024789701060961753,0.0024789701060964125,0.020581441656710484,0.024516129032258065,0.021792114695340502,0.024516129032258034,0.02179211469534042,0.02451612903225808,-0.01803644284996137,-0.02171441223100899,-0.01930169976089688,-0.021714412231008985,-0.019313144589244245,0.12365503103225674,0.11428055373515975,0.11428055373515973,0.1142805537351578,0.11375537164487427
3513,6,1,NA,NA,NA,NA,NA,NA,NA,NA,NA,NA,NA,NA,NA,NA,NA,NA,NA,NA,NA,NA,NA,NA
3513,7,1,NA,NA,NA,NA,NA,NA,NA,NA,NA,NA,NA,NA,NA,NA,NA,NA,NA,NA,NA,NA,NA,NA
3520,4,2,0.016074728216093598,0.032149456432187196,0.016074728216093598,0.03214945643218736,0.01607472821609357,0.016074728216093646,0.023809523809523836,0.047619047619047616,0.023809523809523808,0.04761904761904778,0.023809523809523725,0.04761904761904762,-0.007734795593430238,-0.01546959118686042,-0.00773479559343021,-0.015469591186860473,-0.007734795593430155,0.6751385850759304,0.6751385850759312,0.6751385850759312,0.675138585075933,0.6751385850759324
3520,5,7,0.01349439294754558,0.014179105166778653,0.012153518714381702,0.01417910516677866,0.013557723713695171,0.013557723713695234,0.013690423588345843,0.015715317034153103,0.013470271743559803,0.015715317034153173,0.013470271743559843,0.015715317034153096,-1.9603064080026336e-4,-0.001536211867374451,-0.0013167530291781013,-0.0015362118673744108,8.745197013532852e-5,0.9856811851338817,0.9022474784291085,0.9022474784291084,0.9022474784291165,1.006492220186808
3520,6,8,-0.0027368001629097527,-0.0031277716147539857,-0.0027368001629097375,-0.003127771614754058,-0.0027368001629097805,-0.00273680016290973,0.027058154840253684,0.03092360553171849,0.027058154840253677,0.030923605531718478,0.027058154840253756,0.030923605531718492,-0.029794955003163436,-0.034051377146472474,-0.029794955003163415,-0.0340513771464725,-0.029794955003163537,-0.1011451142573214,-0.10114511425732085,-0.10114511425732085,-0.10114511425732214,-0.10114511425732214
3520,7,21,0.05354431915041654,0.05581213494709471,0.05315441423532829,0.05581213494709468,0.05434136741346424,0.054341367413464146,0.029711947062544188,0.030200978628817418,0.02876283678934992,0.030200978628817404,0.028762836789349915,0.030200978628817446,0.023832372087872353,0.02561115631827729,0.02439157744597837,0.02561115631827729,0.02557853062411432,1.802114113817744,1.8480240535596228,1.848024053559623,1.848024053559627,1.8892909559458109
3520,8,19,0.020642472304032457,0.022154922220946702,0.02098887368300214,0.022154922220946685,0.02052856592928153,0.020528565929281616,0.03390078350134016,0.03593571392253158,0.03404436055818781,0.03593571392253158,0.03404436055818787,0.03593571392253156,-0.013258311197307703,-0.013780791701584878,-0.013055486875185672,-0.013780791701584893,-0.013515794628906338,0.6089084136718086,0.6165154327727336,0.6165154327727336,0.6165154327727304,0.6029946103465377
3520,9,15,0.044104941453464094,0.047837113693038176,0.044647972780168965,0.0478371136930381,0.044203525096852776,0.04420352509685262,0.037300228369085295,0.04077090060923061,0.038052840568615236,0.04077090060923064,0.038052840568615194,0.040770900609230595,0.0068047130843787995,0.007066213083807567,0.0065951322115537295,0.0070662130838075625,0.006150684528237582,1.1824308692441838,1.1733151090169385,1.1733151090169385,1.1733151090169358,1.1616353585259145
3520,10,4,0.11938316541140367,0.15917755388187158,0.11938316541140367,0.1591775538818716,0.11938316541140392,0.11938316541140365,0.03636363636363637,0.04848484848484849,0.03636363636363637,0.048484848484848506,0.036363636363636376,0.04848484848484849,0.0830195290477673,0.11069270539702308,0.0830195290477673,0.11069270539702308,0.08301952904776755,3.2830370488136005,3.283037048813601,3.2830370488136005,3.283037048813605,3.2830370488136067
4040,1,1,NA,NA,NA,NA,NA,NA,NA,NA,NA,NA,NA,NA,NA,NA,NA,NA,NA,NA,NA,NA,NA,NA
4040,2,1,NA,NA,NA,NA,NA,NA,NA,NA,NA,NA,NA,NA,NA,NA,NA,NA,NA,NA,NA,NA,NA,NA
4040,4,3,0.03746993970471254,0.0562049095570688,0.03746993970471253,0.05620490955706894,0.03746993970471232,0.037469939704712615,0.015238095238095236,0.022857142857142854,0.015238095238095235,0.022857142857143083,0.015238095238095125,0.022857142857142854,0.0222318444666173,0.033347766699925945,0.022231844466617297,0.03334776669992597,0.02223184446661719,2.4589647931217606,2.45896479312176,2.4589647931217606,2.4589647931217544,2.458964793121764
4040,5,3,-0.04729312201187046,-0.07093968301780566,-0.04729312201187044,-0.07093968301780569,-0.04729312201187049,-0.04729312201187047,0.010695187165775373,0.0160427807486631,0.010695187165775399,0.01604278074866289,0.010695187165775444,0.0160427807486631,-0.05798830917764584,-0.08698246376646876,-0.057988309177645844,-0.08698246376646876,-0.057988309177645934,-4.4219069081099,-4.421906908109887,-4.421906908109888,-4.421906908109929,-4.421906908109873
4040,6,7,3.227923930554941e-5,-9.770040174444917e-4,-8.374320149524214e-4,-9.770040174444982e-4,-7.447667736647036e-5,-7.447667736650648e-5,0.01207583625166041,0.013806706114398423,0.011834319526627219,0.013806706114398425,0.011834319526627215,0.013806706114398416,-0.012043557012354862,-0.014783710131842915,-0.01267175154157964,-0.014783710131842894,-0.011908796203993686,0.00267304380689255,-0.0707630052634796,-0.0707630052634796,-0.07076300526348125,-0.006293279237466748
4040,7,14,0.018163938753298615,0.01842665309042042,0.01711046358396182,0.018426653090420422,0.02025535884274505,0.020255358842745055,0.015115243291392908,0.017207266622699204,0.015978176149649262,0.017207266622699172,0.015978176149649265,0.01720726662269919,0.003048695461905707,0.0012193864677212153,0.0011322874343125573,0.0012193864677212127,0.004277182693095783,1.20169675096409,1.0708646233279517,1.0708646233279517,1.0708646233279486,1.267689043670336
4040,8,13,5.165711012640012e-4,-5.345802723195712e-4,-4.934587129103734e-4,-5.345802723196018e-4,3.3691012212203693e-4,3.3691012212208355e-4,0.013969549611799954,0.014929980180004548,0.013781520166158046,0.014929980180004613,0.013781520166158035,0.014929980180004541,-0.013452978510535953,-0.01546456045232412,-0.01427497887906842,-0.015464560452324106,-0.013444610044035998,0.03697836477331081,-0.03580582598733285,-0.03580582598733285,-0.035805825987327504,0.024446513741593977
4040,9,44,0.0070618834307374775,0.007788417553970296,0.007611408064107334,0.007788417553970287,0.007184098598255095,0.0071840985982551155,0.025269158652392164,0.025026801325366985,0.0244580103861541,0.02502680132536702,0.02445801038615417,0.02502680132536696,-0.018207275221654686,-0.01723838377139669,-0.016846602322046766,-0.017238383771396682,-0.017273911787899075,0.279466504123949,0.31120307596304814,0.3112030759630481,0.31120307596304775,0.2937319301459638
4040,10,41,0.054836907554697195,0.05677608469168795,0.055391302138232144,0.056776084691687954,0.05576727404172085,0.055767274041720764,0.060713228081287526,0.06258640696280428,0.061059909232004175,0.06258640696280424,0.06105990923200409,0.06258640696280435,-0.005876320526590331,-0.0058103222711163305,-0.005668607093772031,-0.00581032227111634,-0.005292635190283244,0.9032118582342111,0.9071631916085315,0.9071631916085315,0.9071631916085311,0.9133206181133798
4050,1,15,-0.0017364172803273027,-0.004073526725515054,-0.0038019582771473843,-0.0040735267255150205,-0.0030895962123688985,-0.0030895962123685863,0.04173985774145575,0.044505900794165346,0.04153884074122099,0.04450590079416541,0.0415388407412209,0.04450590079416534,-0.04347627502178305,-0.0485794275196804,-0.04534079901836837,-0.04857942751968045,-0.0446284369535898,-0.04160093910916003,-0.09152778963748302,-0.09152778963748304,-0.09152778963748419,-0.07437848907764415
4050,2,34,0.01323765748609141,0.013576763741095272,0.013177447160474823,0.013576763741095258,0.013150628795034102,0.013150628795033937,0.023989348267646374,0.02494064344681871,0.02420709511014757,0.024940643446818685,0.024207095110147535,0.024940643446818705,-0.010751690781554964,-0.011363879705723437,-0.011029647949672747,-0.011363879705723447,-0.011056466315113433,0.5518139692000134,0.5443630101222208,0.5443630101222208,0.5443630101222263,0.5432551380161844
4050,3,42,0.011191086202530929,0.011466175169566882,0.011193170998862908,0.011466175169566878,0.011276035229863217,0.011276035229863033,0.018530528183820137,0.019243443208471753,0.018785265989222425,0.019243443208471767,0.018785265989222415,0.01924344320847179,-0.007339441981289208,-0.007777268038904871,-0.007592094990359517,-0.00777726803890489,-0.0075092307593591975,0.6039269950385108,0.5958484168009497,0.5958484168009497,0.5958484168009447,0.6002595457702098
4050,4,31,0.002513605604945274,0.004691724259794968,0.004540378315930614,0.004691724259794958,0.003101438547839927,0.0031014385478399468,0.01234944908290314,0.01460693372836694,0.01413574231777446,0.014606933728366885,0.014135742317774527,0.014606933728366923,-0.009835843477957865,-0.009915209468571972,-0.009595364001843845,-0.00991520946857197,-0.011034303769934601,0.20353989785869617,0.32119843541725335,0.32119843541725335,0.32119843541726095,0.2194040099287976
4050,5,36,0.016011394534061262,0.015951871363072998,0.015508763825209859,0.015951871363072995,0.013395083811062136,0.013395083811061987,0.013587252866657538,0.013737352106643822,0.013355758992570382,0.013737352106643848,0.013355758992570403,0.013737352106643829,0.0024241416674037237,0.0022145192564291764,0.0021530048326394765,0.0022145192564291603,3.932481849173303e-5,1.1784129353588797,1.1612042291147333,1.1612042291147333,1.1612042291147349,1.002944409113223
4050,6,32,0.010998472882432168,0.009980921745430225,0.00966901794088553,0.00998092174543022,0.01008108040795297,0.0100810804079531,0.010883528220033257,0.012484167866626083,0.012094037620794017,0.01248416786662605,0.012094037620794085,0.012484167866626084,1.1494466239891053e-4,-0.002503246121195858,-0.0024250196799084876,-0.0025032461211958556,-0.0020129572128411155,1.0105613418805983,0.7994863455907395,0.7994863455907394,0.7994863455906916,0.8335578839791185
4050,7,34,0.009467703740891625,0.009525669465195456,0.009245502716219118,0.009525669465195464,0.009527187450106441,0.009527187450106075,0.014443055935136551,0.015013587829712776,0.014572011717074165,0.0150135878297128,0.014572011717074255,0.015013587829712788,-0.004975352194244926,-0.0054879183645173205,-0.005326509000855047,-0.00548791836451733,-0.005044824266967814,0.6555194263188397,0.6344698930886855,0.6344698930886855,0.6344698930886746,0.6538004247514628
4050,8,37,0.01037638077667338,0.011105678277004693,0.01080552481005862,0.011105678277004658,0.011413786850405658,0.011413786850405679,0.01916656838215462,0.019927863244198717,0.01938927234570686,0.01992786324419874,0.01938927234570696,0.019927863244198686,-0.00879018760548124,-0.008822184967194025,-0.008583747535648242,-0.00882218496719401,-0.007975485495301301,0.5413791644796727,0.5572939828477452,0.5572939828477452,0.5572939828477477,0.5886650435818351
4050,9,48,0.029958407214649662,0.03072475011643007,0.03008465115567111,0.0307247501164301,0.029944042013966943,0.029944042013966967,0.02411729696219214,0.024808483164095133,0.02429163976484315,0.02480848316409518,0.024291639764843165,0.02480848316409516,0.005841110252457524,0.0059162669523349365,0.0057930113908279575,0.005916266952334932,0.005652402249123778,1.2421958920858516,1.2384775769321295,1.2384775769321295,1.2384775769321266,1.2326892010519765
4050,10,28,0.04571400045454461,0.048639889922923375,0.046902750997104684,0.048639889922923375,0.047042797082701045,0.047042797082700975,0.06893193209250383,0.0745476415027192,0.07188522573476494,0.07454764150271914,0.07188522573476495,0.07454764150271916,-0.023217931637959217,-0.025907751579795822,-0.024982474737660257,-0.025907751579795836,-0.02484242865206391,0.6631759631109468,0.6524671866533723,0.6524671866533723,0.6524671866533712,0.6544153767601
4060,3,3,0.00845712438076555,0.01268568657114832,0.008457124380765546,0.012685686571148314,0.008457124380765771,0.00845712438076554,0.013400335008375194,0.020100502512562818,0.013400335008375211,0.020100502512562807,0.013400335008375267,0.02010050251256281,-0.004943210627609645,-0.007414815941414498,-0.004943210627609666,-0.007414815941414541,-0.004943210627609496,0.6311129069146298,0.6311129069146287,0.6311129069146287,0.6311129069146311,0.631112906914643
4060,4,3,0.049990331296578976,0.07498549694486845,0.04999033129657896,0.07498549694486828,0.049990331296579114,0.04999033129657885,0.012694748990190447,0.019042123485285632,0.012694748990190421,0.019042123485285594,0.012694748990190519,0.019042123485285625,0.037295582306388526,0.055943373459582814,0.03729558230638854,0.0559433734595828,0.037295582306388596,3.93787473349869,3.937874733498697,3.937874733498697,3.9378747334987465,3.937874733498679
4060,5,16,0.015015957618116532,0.010678014306216196,0.010010638412077683,0.010678014306216186,0.008147552951208059,0.008147552951207913,0.01785714285714285,0.012698412698412698,0.011904761904761904,0.01269841269841274,0.011904761904761862,0.012698412698412698,-0.0028411852390263174,-0.0020203983921965023,-0.0018941234926842208,-0.0020203983921964984,-0.0037572089535538034,0.8408936266145262,0.8408936266145255,0.8408936266145255,0.8408936266145263,0.6843944479014794
4060,6,12,-0.013742938964054494,-0.01910926367661701,-0.017516825036898925,-0.019109263676616917,-0.014840273057426264,-0.014840273057426316,0.010786273529901719,0.013720412521012222,0.01257704481092787,0.013720412521012242,0.012577044810927843,0.01372041252101222,-0.02452921249395621,-0.032829676197629235,-0.030093869847826797,-0.032829676197629235,-0.027417317868354107,-1.274113708126936,-1.3927615986291952,-1.3927615986291952,-1.3927615986291684,-1.1799491279964245
4060,7,18,0.023392821782208143,0.020305018089516094,0.019176961528987423,0.020305018089516094,0.015781107083045143,0.01578110708304517,0.015303398720447827,0.01558368144747273,0.014717921367057577,0.015583681447472783,0.014717921367057506,0.015583681447472741,0.008089423061760316,0.004721336642043364,0.0044590401619298455,0.004721336642043351,0.0010631857159876367,1.5286030384186182,1.3029667064202626,1.3029667064202628,1.3029667064202677,1.07223749125113
4060,8,44,0.02655055381412269,0.02450643203171671,0.023949467667359513,0.024506432031716693,0.02351738918168939,0.02351738918168904,0.021217730263274785,0.020052858566631634,0.01959711178102637,0.020052858566631634,0.0195971117810263,0.02005285856663163,0.005332823550847906,0.004453573465085077,0.0043523558863331445,0.004453573465085062,0.003920277400663089,1.2513380783277441,1.2220917008059846,1.2220917008059846,1.2220917008059806,1.2000436311466396
4060,9,37,0.0049746058262997465,0.004706203495614778,0.004579008806544109,0.004706203495614773,0.004144707241124479,0.004144707241124207,0.02674531939068851,0.027805774545775125,0.027054267125619043,0.02780577454577513,0.027054267125618946,0.027805774545775073,-0.021770713564388762,-0.023099571050160347,-0.022475258319074935,-0.023099571050160347,-0.022909559884494467,0.1859991183366341,0.16925273877435829,0.16925273877435829,0.16925273877435829,0.15319976038824806
4060,10,20,0.07073763272718882,0.0744606660286198,0.0707376327271888,0.07446066602861981,0.07073763272718861,0.07073763272718891,0.07774391442840853,0.08183569939832475,0.0777439144284085,0.08183569939832473,0.07774391442840844,0.08183569939832479,-0.00700628170121971,-0.00737503336970495,-0.0070062817012196965,-0.007375033369704937,-0.007006281701219835,0.9098799982901359,0.9098799982901359,0.909879998290136,0.9098799982901358,0.9098799982901341
4070,2,2,0.050206464390974065,0.10041292878194813,0.050206464390974065,0.10041292878194807,0.05020646439097409,0.05020646439097403,0.028089887640449424,0.056179775280898875,0.028089887640449437,0.056179775280898826,0.028089887640449396,0.056179775280898875,0.02211657675052464,0.044233153501049255,0.022116576750524627,0.044233153501049303,0.022116576750524697,1.7873501323186776,1.7873501323186767,1.7873501323186767,1.7873501323186773,1.7873501323186805
4070,3,1,NA,NA,NA,NA,NA,NA,NA,NA,NA,NA,NA,NA,NA,NA,NA,NA,NA,NA,NA,NA,NA,NA
4070,4,4,0.023533809140468112,0.03137841218729081,0.023533809140468105,0.03137841218729085,0.023533809140467987,0.023533809140468126,0.017919580419580403,0.023892773892773892,0.01791958041958042,0.02389277389277391,0.017919580419580416,0.023892773892773892,0.0056142287208877095,0.007485638294516917,0.005614228720887685,0.007485638294516931,0.005614228720887571,1.3133013491070997,1.3133013491070984,1.3133013491070982,1.3133013491070922,1.3133013491070917
4070,6,1,NA,NA,NA,NA,NA,NA,NA,NA,NA,NA,NA,NA,NA,NA,NA,NA,NA,NA,NA,NA,NA,NA
4070,7,2,1.4657178113916536e-4,2.931435622783553e-4,1.4657178113917764e-4,2.9314356227832887e-4,1.4657178113930414e-4,1.4657178113919485e-4,0.010489510489510495,0.02097902097902098,0.01048951048951049,0.02097902097902099,0.010489510489510412,0.020979020979020976,-0.01034293870837133,-0.020685877416742625,-0.010342938708371312,-0.020685877416742667,-0.010342938708371108,0.013973176468600423,0.0139731764686016,0.0139731764686016,0.013973176468600357,0.013973176468613764
4070,8,1,NA,NA,NA,NA,NA,NA,NA,NA,NA,NA,NA,NA,NA,NA,NA,NA,NA,NA,NA,NA,NA,NA
4070,10,1,NA,NA,NA,NA,NA,NA,NA,NA,NA,NA,NA,NA,NA,NA,NA,NA,NA,NA,NA,NA,NA,NA
4100,1,26,0.03455947583463493,0.03686830678187099,0.035450294982568256,0.036868306781871,0.03548334950981058,0.035483349509810726,0.058616066433417706,0.06215194072763463,0.059761481468879454,0.06215194072763466,0.05976148146887949,0.06215194072763457,-0.024056590598782776,-0.02528363394576364,-0.024311186486311198,-0.02528363394576364,-0.02427813195906891,0.589590498603164,0.5931963885639089,0.5931963885639089,0.593196388563909,0.593749496124663
4100,2,32,0.016192603369479742,0.013995317229777959,0.013557963566347397,0.01399531722977793,0.01485529685797804,0.014855296857977962,0.01987449064696742,0.019704972960043,0.019089192555041656,0.01970497296004291,0.0190891925550416,0.019704972960043,-0.003681887277487677,-0.005709655730265042,-0.005531228988694259,-0.005709655730265011,-0.004233895697063561,0.8147430622052453,0.710242904578308,0.710242904578308,0.7102429045783063,0.77820456863979
4100,3,16,0.024654595040290717,0.02253262935440883,0.02112434001975828,0.022532629354408817,0.022085863536023487,0.02208586353602336,0.024987584276426666,0.0235813468175616,0.022107512641464003,0.023581346817561608,0.022107512641464044,0.0235813468175616,-3.329892361359499e-4,-0.0010487174631527707,-9.831726217057225e-4,-0.001048717463152789,-2.1649105440557648e-5,0.986673812384093,0.9555276689127966,0.9555276689127966,0.9555276689127938,0.9990207353585335
4100,4,15,0.006551783925002563,0.006174897719269775,0.005763237871318457,0.006174897719269845,0.006073535468694757,0.006073535468694963,0.012449981415259999,0.013166784766738623,0.012288999115622715,0.013166784766738639,0.012288999115622801,0.013166784766738621,-0.005898197490257436,-0.006991887047468848,-0.006525761244304258,-0.006991887047468863,-0.006215463646928044,0.5262484903770227,0.4689753670819122,0.4689753670819122,0.46897536708191195,0.49422539716628117
4100,5,11,-0.007591875098934373,-0.011458508380755456,-0.010416825800686778,-0.011458508380755458,-0.012902355505724827,-0.012902355505724645,0.011039560656144603,0.01657588694244075,0.01506898812949159,0.016575886942440762,0.015068988129491666,0.016575886942440752,-0.018631435755078977,-0.028034395323196203,-0.025485813930178368,-0.02803439532319618,-0.027971343635216493,-0.6876972132680613,-0.6912757320645809,-0.6912757320645809,-0.6912757320645857,-0.8562191034229764
4100,6,10,-0.00804965112691878,-0.015861913342557505,-0.014275722008301754,-0.015861913342557474,-0.01974221493799071,-0.019742214937990776,0.011044776119402988,0.012935323383084577,0.011641791044776119,0.012935323383084566,0.011641791044776185,0.012935323383084577,-0.01909442724632177,-0.02879723672564208,-0.02591751305307787,-0.0287972367256421,-0.031384005982766895,-0.7288197641939975,-1.2262479160977149,-1.2262479160977149,-1.2262479160977113,-1.695805642109449
4100,7,5,0.014735051884681974,0.02284920340682898,0.018279362725463183,0.02284920340682899,0.01073621630504249,0.010736216305042368,0.011619939452480136,0.016759506569556746,0.013407605255645397,0.016759506569556763,0.013407605255645372,0.016759506569556742,0.0031151124322018383,0.006089696837272233,0.004871757469817786,0.006089696837272238,-0.002671388950602883,1.2680833617886842,1.3633577642634196,1.3633577642634196,1.3633577642634174,0.8007556980037076
4100,8,3,0.004732899230849272,0.010649023269410881,0.007099348846273921,0.010649023269410928,0.008239814335994447,0.008239814335994546,0.005625879043600558,0.012658227848101266,0.008438818565400843,0.012658227848101392,0.008438818565400888,0.012658227848101259,-8.929798127512868e-4,-0.0020092045786903844,-0.0013394697191269223,-0.0020092045786903783,-1.990042294064409e-4,0.8412728382834587,0.8412728382834597,0.8412728382834597,0.8412728382834459,0.9764179988153369
4100,9,3,0.001991098956317067,0.0029866484344756032,0.0019910989563170687,0.00298664843447562,0.0019910989563169204,0.001991098956317071,0.019323671497584516,0.02898550724637681,0.019323671497584537,0.028985507246376822,0.019323671497584627,0.02898550724637681,-0.01733257254126745,-0.025998858811901206,-0.01733257254126747,-0.025998858811901195,-0.017332572541267705,0.10303937098940835,0.10303937098940832,0.10303937098940832,0.10303937098941372,0.10303937098940016
4100,10,1,NA,NA,NA,NA,NA,NA,NA,NA,NA,NA,NA,NA,NA,NA,NA,NA,NA,NA,NA,NA,NA,NA
4140,1,39,0.07604390384018951,0.07619378172491777,0.07424009501402244,0.07619378172491774,0.07407983874612092,0.07407983874612074,0.09098503306648104,0.09135508454393901,0.0890126464787098,0.09135508454393901,0.08901264647870988,0.09135508454393916,-0.014941129226291525,-0.015161302819021241,-0.014772551464687353,-0.015161302819021278,-0.014932807732588954,0.8357847579681119,0.8340398578282842,0.8340398578282843,0.8340398578282837,0.8322394814296349
4140,2,30,0.0025622841286265293,9.716079906684983e-4,9.39221057646215e-4,9.716079906685047e-4,0.002136185436775288,0.002136185436775182,0.023310181715218446,0.024899332675140468,0.02406935491930245,0.024899332675140478,0.024069354919302437,0.024899332675140468,-0.020747897586591915,-0.02392772468447197,-0.023130133861656237,-0.02392772468447196,-0.02193316948252715,0.10992124213916783,0.03902144701406208,0.03902144701406208,0.03902144701406096,0.0887512541959391
4140,3,12,-0.009340687553326798,-0.009930932150231945,-0.00910335447104595,-0.009930932150231988,-0.007714084857779913,-0.0077140848577801294,0.02025296189561321,0.020987977760312058,0.019238979613619384,0.02098797776031202,0.01923897961361935,0.02098797776031206,-0.029593649448940006,-0.030918909910544003,-0.028342334084665334,-0.030918909910544,-0.026953064471399262,-0.46120106290971646,-0.47317241630640494,-0.473172416306405,-0.4731724163064148,-0.40096122625542374
4140,4,4,0.08180595915792384,0.10907461221056514,0.08180595915792385,0.10907461221056514,0.0818059591579241,0.08180595915792385,0.011061946902654884,0.014749262536873158,0.011061946902654869,0.01474926253687313,0.01106194690265494,0.014749262536873156,0.07074401225526895,0.09432534967369198,0.07074401225526898,0.09432534967369192,0.07074401225526916,7.3952587078763035,7.395258707876316,7.395258707876315,7.395258707876326,7.39525870787629
4140,5,6,-0.004093523007846805,-0.0021810633598680585,-0.0018175527998900488,-0.0021810633598680104,0.00651693842620249,0.006516938426202453,0.01332457650685459,0.014494914532190211,0.012079095443491844,0.014494914532190277,0.012079095443491875,0.01449491453219021,-0.017418099514701395,-0.01667597789205827,-0.013896648243381892,-0.016675977892058266,-0.005562157017289385,-0.30721599337442096,-0.15047093620485774,-0.1504709362048577,-0.15047093620489244,0.5395220574826873
4140,6,1,NA,NA,NA,NA,NA,NA,NA,NA,NA,NA,NA,NA,NA,NA,NA,NA,NA,NA,NA,NA,NA,NA
4140,7,10,0.025085089690906164,0.026359097187433584,0.023723187468690225,0.026359097187433546,0.028263344438253492,0.02826334443825346,0.014874591057797149,0.016054767963164907,0.014449291166848417,0.016054767963164844,0.014449291166848432,0.01605476796316491,0.010210498633109015,0.010304329224268678,0.009273896301841809,0.010304329224268683,0.01381405327140506,1.6864389476950863,1.641823615757656,1.6418236157576558,1.641823615757661,1.9560367433870511
4140,8,2,0.008945884040056752,0.01789176808011356,0.00894588404005678,0.017891768080113477,0.008945884040056695,0.008945884040056763,0.02795031055900621,0.055900621118012424,0.027950310559006212,0.05590062111801237,0.02795031055900621,0.055900621118012424,-0.019004426518949458,-0.03800885303789886,-0.01900442651894943,-0.038008853037898936,-0.019004426518949513,0.3200638512109194,0.32006385121092035,0.32006385121092035,0.3200638512109192,0.32006385121091735
4150,1,4,0.038920566670020335,0.05189408889336046,0.03892056667002035,0.05189408889336051,0.03892056667002053,0.03892056667002037,0.040229885057471285,0.05363984674329502,0.040229885057471264,0.05363984674329494,0.04022988505747116,0.05363984674329502,-0.00130931838745095,-0.0017457578499345608,-0.0013093183874509154,-0.0017457578499345825,-0.001309318387450631,0.9674540857976478,0.9674540857976486,0.9674540857976487,0.967454085797647,0.9674540857976557
4150,2,6,0.01723963787520467,0.01917457352832031,0.01597881127360026,0.019174573528320398,0.024311810935655338,0.024311810935655046,0.02262626262626262,0.02545454545454546,0.021212121212121217,0.02545454545454553,0.021212121212121165,0.025454545454545455,-0.005386624751057948,-0.0062799719262251474,-0.005233309938520957,-0.006279971926225136,0.0030996897235341728,0.7619304239487781,0.7532868171840121,0.753286817184012,0.7532868171840076,1.1461282298237543
4150,3,8,-0.008931318036568816,-0.00983432542208824,-0.00860503474432721,-0.009834325422088199,-0.008474991372254825,-0.008474991372254732,0.0155029296875,0.017647879464285716,0.015441894531250002,0.017647879464285712,0.01544189453125,0.017647879464285716,-0.024434247724068818,-0.027482204886373957,-0.024046929275577212,-0.027482204886373953,-0.023916885903504825,-0.5761051760281239,-0.5572525266840198,-0.5572525266840197,-0.5572525266840108,-0.5488310618301306
4150,4,3,0.02397024425974348,0.03595536638961522,0.02397024425974348,0.03595536638961518,0.023970244259743662,0.02397024425974345,0.018735362997658066,0.028103044496487116,0.018735362997658076,0.028103044496487116,0.0187353629976581,0.028103044496487116,0.005234881262085413,0.007852321893128102,0.005234881262085402,0.007852321893128079,0.005234881262085562,1.2794117873638091,1.2794117873638082,1.2794117873638085,1.2794117873637985,1.2794117873638164
4150,5,2,-2.573679710378418e-4,-5.147359420757269e-4,-2.5736797103786344e-4,-5.14735942075682e-4,-2.5736797103781406e-4,-2.573679710378563e-4,0.003937007874015741,0.007874015748031496,0.003937007874015748,0.007874015748031515,0.003937007874015741,0.007874015748031496,-0.004194375845053583,-0.008388751690107223,-0.0041943758450536115,-0.008388751690107164,-0.004194375845053555,-0.06537146464361193,-0.06537146464361732,-0.06537146464361732,-0.06537146464361146,-0.06537146464360488
4150,6,7,0.011777690298487837,0.019137571305701283,0.016403632547743956,0.019137571305701304,0.017270094000899152,0.01727009400089909,0.009220555692156343,0.011761331038439472,0.010081140890090975,0.011761331038439482,0.01008114089009103,0.011761331038439468,0.0025571346063314945,0.007376240267261811,0.00632249165765298,0.007376240267261786,0.007188953110808123,1.277329771838673,1.6271603310164555,1.6271603310164555,1.6271603310164646,1.7131090805282068
4150,7,4,-0.02647741077060012,-0.03530321436080014,-0.026477410770600104,-0.035303214360800195,-0.026477410770600285,-0.026477410770600028,0.011077027948193575,0.014769370597591458,0.011077027948193593,0.014769370597591536,0.01107702794819354,0.014769370597591458,-0.037554438718793694,-0.0500725849583916,-0.0375544387187937,-0.0500725849583916,-0.037554438718793826,-2.390299175413565,-2.39029917541356,-2.3902991754135603,-2.390299175413575,-2.390299175413588
4150,8,2,-0.004382626103102277,-0.008765252206204593,-0.004382626103102296,-0.008765252206204626,-0.0043826261031023606,-0.004382626103102322,0.009316770186335394,0.018633540372670808,0.009316770186335404,0.018633540372670804,0.009316770186335477,0.018633540372670808,-0.01369939628943767,-0.0273987925788754,-0.0136993962894377,-0.027398792578875352,-0.013699396289437837,-0.47040186839964493,-0.4704018683996465,-0.4704018683996465,-0.47040186839965026,-0.4704018683996497
4150,9,6,0.0030878814807230454,0.003705457776867649,0.003087881480723041,0.003705457776867674,0.0030878814807230683,0.0030878814807230853,0.024469067405355486,0.029362880886426593,0.024469067405355496,0.029362880886426614,0.02446906740535552,0.02936288088642659,-0.02138118592463244,-0.025657423109558944,-0.021381185924632454,-0.025657423109558975,-0.02138118592463245,0.12619530730653053,0.1261953073065303,0.1261953073065303,0.126195307306531,0.1261953073065313
4150,10,2,0.07996267041198535,0.1599253408239707,0.07996267041198535,0.15992534082397072,0.07996267041198535,0.07996267041198532,0.10824068018312624,0.21648136036625246,0.10824068018312623,0.21648136036625243,0.10824068018312616,0.21648136036625246,-0.028278009771140894,-0.05655601954228176,-0.02827800977114088,-0.0565560195422818,-0.02827800977114081,0.7387487798182815,0.7387487798182816,0.7387487798182816,0.7387487798182821,0.738748779818282
4160,1,3,0.0065201813032982345,0.009780271954947363,0.0065201813032982415,0.009780271954947307,0.006520181303298085,0.006520181303298232,0.07734806629834254,0.11602209944751381,0.07734806629834254,0.11602209944751381,0.07734806629834257,0.1160220994475138,-0.0708278849950443,-0.10624182749256644,-0.07082788499504429,-0.10624182749256644,-0.07082788499504448,0.08429662970692718,0.08429662970692728,0.08429662970692726,0.08429662970692732,0.08429662970692522
4160,2,2,-0.0145151835121409,-0.029030367024281807,-0.014515183512140904,-0.029030367024281845,-0.014515183512141094,-0.014515183512140985,0.004484304932735439,0.008968609865470852,0.004484304932735426,0.008968609865470805,0.004484304932735439,0.008968609865470852,-0.01899948844487634,-0.03799897688975266,-0.01899948844487633,-0.037998976889752685,-0.018999488444876533,-3.2368859232074114,-3.2368859232074216,-3.2368859232074216,-3.2368859232074545,-3.2368859232074545
4170,1,13,-0.020377966585325778,-0.021594719491019668,-0.019933587222479694,-0.021594719491019664,-0.02662158330783913,-0.026621583307838703,0.0538863071133536,0.05437084395527321,0.05018847134332912,0.0543708439552732,0.050188471343329155,0.05437084395527318,-0.07426427369867938,-0.07596556344629288,-0.07012205856580882,-0.07596556344629284,-0.07681005465116829,-0.37816595118420915,-0.397174623752098,-0.39717462375209794,-0.39717462375209706,-0.5304322406180949
4170,2,21,0.004688189359836359,0.006163618355292709,0.0058701127193263895,0.006163618355292694,0.005235688426223716,0.005235688426223526,0.01950168306872454,0.020868806752986812,0.01987505405046363,0.02086880675298678,0.019875054050463654,0.02086880675298684,-0.01481349370888818,-0.014705188397694103,-0.014004941331137239,-0.014705188397694123,-0.014639365624239939,0.2403992180221078,0.2953507801499265,0.2953507801499265,0.29535078014992455,0.26343014780891
4170,3,19,-0.009781157940428274,-0.009241073639706419,-0.008754701342879765,-0.00924107363970641,-0.00673073065395613,-0.006730730653956088,0.022291915210914764,0.021526470036135597,0.020393497928970564,0.02152647003613561,0.020393497928970522,0.02152647003613559,-0.032073073151343036,-0.030767543675842016,-0.029148199271850327,-0.03076754367584201,-0.02712422858292665,-0.4387760247553399,-0.4292888534067039,-0.4292888534067039,-0.429288853406709,-0.33004297141171707
4170,4,34,7.895720604370013e-4,0.0018342248283202815,0.0017802770392520378,0.0018342248283202665,0.001766344998747622,0.0017663449987475974,0.01453194145740462,0.015146414168640251,0.014700931398974361,0.015146414168640182,0.014700931398974274,0.015146414168640245,-0.01374236939696762,-0.01331218934031997,-0.012920654359722323,-0.013312189340319969,-0.012934586400226652,0.054333556376576365,0.12109960865311176,0.12109960865311176,0.12109960865310906,0.12015191084225213
4170,5,30,0.007945891531924524,0.00959302415273346,0.009273256680975677,0.009593024152733455,0.008844030292102545,0.008844030292102388,0.012940439244703957,0.013975546173122402,0.013509694634018321,0.013975546173122348,0.01350969463401827,0.01397554617312239,-0.004994547712779433,-0.004382522020388942,-0.004236437953042644,-0.004382522020388934,-0.004665664341915725,0.6140356893353897,0.686414973261127,0.686414973261127,0.6864149732611192,0.6546432418859205
4170,6,21,0.024970502704950766,0.024213866302822167,0.023060825050306825,0.024213866302822188,0.022196420959849222,0.02219642095984927,0.012810176001293264,0.012838617264093645,0.012227254537232042,0.012838617264093594,0.012227254537232094,0.01283861726409365,0.012160326703657503,0.011375249038728523,0.010833570513074783,0.01137524903872851,0.009969166422617129,1.949270853298959,1.886018237379987,1.886018237379987,1.8860182373799947,1.8153233738825778
4170,7,10,0.004003763642653162,0.006033441808186774,0.005430097627368097,0.006033441808186762,0.004039632951982774,0.004039632951982761,0.013823265169366435,0.015304264540769058,0.013773838086692152,0.015304264540769075,0.01377383808669208,0.015304264540769056,-0.009819501526713273,-0.009270822732582285,-0.008343740459324055,-0.009270822732582304,-0.009734205134709305,0.2896395022158623,0.39423271808418353,0.39423271808418353,0.3942327180841802,0.2932830287794483
4170,8,16,0.004788623140138095,0.004679069238956804,0.004386627411522004,0.004679069238956785,0.004485270498998384,0.004485270498998048,0.020014315289181617,0.020402164146733615,0.019127028887562764,0.02040216414673363,0.01912702888756268,0.020402164146733615,-0.015225692149043523,-0.015723094907776812,-0.014740401476040759,-0.01572309490777679,-0.014641758388564297,0.23925990327165977,0.22934180929555567,0.22934180929555567,0.22934180929555656,0.2344990706797606
4170,9,16,0.023358425795005938,0.02428196431250144,0.0227643415429701,0.02428196431250141,0.021491565569962567,0.021491565569962314,0.030317602454419584,0.03208687766158434,0.03008144780773532,0.03208687766158433,0.030081447807735362,0.03208687766158434,-0.006959176659413646,-0.007804913349082902,-0.0073171062647652205,-0.007804913349082898,-0.008589882237772795,0.770457552839929,0.756756845231244,0.756756845231244,0.7567568452312465,0.7144458507225198
4170,10,7,0.0422426626934891,0.04928310647573727,0.042242662693489086,0.049283106475737255,0.04224266269348905,0.04224266269348911,0.05376145938035529,0.06272170261041454,0.05376145938035532,0.06272170261041457,0.053761459380355196,0.06272170261041451,-0.011518796686866194,-0.013438596134677273,-0.011518796686866235,-0.013438596134677305,-0.011518796686866145,0.7857424850510063,0.7857424850510056,0.7857424850510056,0.7857424850510056,0.7857424850510067
4180,1,4,0.18654979131627464,0.24873305508836624,0.1865497913162747,0.24873305508836616,0.18654979131627458,0.18654979131627464,0.18282149712092133,0.2437619961612284,0.1828214971209213,0.24376199616122837,0.18282149712092122,0.2437619961612284,0.00372829419535331,0.004971058927137839,0.0037282941953533932,0.004971058927137781,0.0037282941953533655,1.0203930842601479,1.020393084260148,1.0203930842601483,1.0203930842601485,1.020393084260148
4180,2,1,NA,NA,NA,NA,NA,NA,NA,NA,NA,NA,NA,NA,NA,NA,NA,NA,NA,NA,NA,NA,NA,NA
4180,3,1,NA,NA,NA,NA,NA,NA,NA,NA,NA,NA,NA,NA,NA,NA,NA,NA,NA,NA,NA,NA,NA,NA
4180,5,1,NA,NA,NA,NA,NA,NA,NA,NA,NA,NA,NA,NA,NA,NA,NA,NA,NA,NA,NA,NA,NA,NA
4180,7,1,NA,NA,NA,NA,NA,NA,NA,NA,NA,NA,NA,NA,NA,NA,NA,NA,NA,NA,NA,NA,NA,NA
4190,1,1,NA,NA,NA,NA,NA,NA,NA,NA,NA,NA,NA,NA,NA,NA,NA,NA,NA,NA,NA,NA,NA,NA
4190,2,2,-0.05679773491781581,-0.11359546983563162,-0.05679773491781581,-0.11359546983563142,-0.05679773491781592,-0.05679773491781578,0.0111111111111111,0.022222222222222223,0.011111111111111112,0.022222222222222303,0.011111111111111072,0.02222222222222222,-0.06790884602892691,-0.13581769205785385,-0.06790884602892693,-0.1358176920578538,-0.067908846028927,-5.111796142603429,-5.111796142603423,-5.111796142603423,-5.111796142603381,-5.111796142603451
4190,3,7,-0.0026782567722535597,-0.0019765849018187893,-0.0016942156301303908,-0.00197658490181875,-0.002821228269461708,-0.0028212282694618862,0.00984783013763059,0.010898540529053287,0.00934160616775996,0.01089854052905332,0.009341606167759966,0.01089854052905328,-0.01252608690988415,-0.012875125430872077,-0.01103582179789035,-0.012875125430872065,-0.012162834437221675,-0.271964151983023,-0.18136234815566515,-0.18136234815566515,-0.18136234815565927,-0.3020067661595943
4190,4,1,NA,NA,NA,NA,NA,NA,NA,NA,NA,NA,NA,NA,NA,NA,NA,NA,NA,NA,NA,NA,NA,NA
4190,5,4,0.004418123405006927,0.005890831206675894,0.004418123405006921,0.005890831206675909,0.004418123405007135,0.004418123405006937,0.010162601626016267,0.013550135501355014,0.01016260162601626,0.013550135501355002,0.010162601626016343,0.013550135501355013,-0.00574447822100934,-0.00765930429467912,-0.005744478221009339,-0.007659304294679116,-0.005744478221009208,0.4347433430526813,0.434743343052681,0.43474334305268103,0.43474334305267376,0.4347433430526985
4190,6,7,-0.014887468200854653,-0.018953541988314653,-0.01624589313284113,-0.018953541988314643,-0.016950912152503456,-0.01695091215250331,0.0065438744972123,0.007268063274903805,0.006229768521346118,0.007268063274903808,0.006229768521345999,0.007268063274903801,-0.021431342698066954,-0.02622160526321846,-0.02247566165418725,-0.026221605263218477,-0.023180680673849454,-2.275023490624207,-2.607784394745175,-2.607784394745175,-2.6077843947451838,-2.720953771303377
4190,7,4,-0.017314698776299733,-0.02308626503506631,-0.017314698776299733,-0.023086265035066323,-0.017314698776299764,-0.017314698776299722,0.014462809917355351,0.01928374655647383,0.014462809917355372,0.019283746556473785,0.01446280991735538,0.01928374655647383,-0.03177750869365509,-0.042370011591540135,-0.0317775086936551,-0.042370011591540094,-0.03177750869365514,-1.1971877439612975,-1.1971877439612957,-1.1971877439612957,-1.1971877439613128,-1.1971877439612975
4190,8,5,0.0036897992094599963,0.0034995351263560942,0.0027996281010848755,0.0034995351263560955,0.0027996281010848278,0.0027996281010848785,0.006094069529652385,0.0066462167689161555,0.005316973415132925,0.006646216768916115,0.005316973415132864,0.006646216768916157,-0.0024042703201923887,-0.0031466816425600613,-0.002517345314048049,-0.003146681642560023,-0.002517345314048036,0.6054737628946069,0.5265454390117323,0.5265454390117323,0.5265454390117209,0.5265454390117293
4210,1,23,0.014641563911105483,0.015160682381447084,0.014501522277905908,0.01516068238144706,0.015986722755314212,0.01598672275531418,0.03355948995473902,0.034073077785249935,0.03259163962067385,0.034073077785249935,0.03259163962067384,0.03407307778524991,-0.01891792604363354,-0.01891239540380285,-0.018090117342767942,-0.018912395403802865,-0.016604916865359625,0.43628684258468325,0.44494607962918065,0.4449460796291807,0.4449460796291788,0.4905160630572683
4210,2,58,0.01158738055029742,0.01174495265047813,0.011542453466849196,0.011744952650478134,0.011775220385576914,0.011775220385576893,0.023270306860768704,0.023803760512733623,0.023393350848720972,0.023803760512733623,0.023393350848720938,0.023803760512733665,-0.011682926310471284,-0.012058807862255494,-0.011850897381871776,-0.012058807862255508,-0.011618130463144024,0.4979470455472389,0.49340744476887444,0.4934074447688745,0.4934074447688726,0.5033575763354458
4210,3,54,0.022818067812556745,0.024087082555777482,0.023641025471411233,0.02408708255577748,0.02409583550265137,0.024095835502651305,0.021267034389379467,0.02155928352602543,0.021160037534802736,0.021559283526025416,0.021160037534802792,0.02155928352602538,0.0015510334231772782,0.0025277990297520522,0.002480987936608496,0.0025277990297520483,0.0029357979678485795,1.0729313450469544,1.117248749324188,1.117248749324188,1.1172487493241867,1.1387425690063144
4210,4,75,0.01481700866231533,0.015614711836858999,0.015406515679034212,0.015614711836858973,0.016157290398549358,0.01615729039854972,0.015520562567947965,0.016040830951854032,0.015826953205829313,0.01604083095185405,0.01582695320582938,0.016040830951854004,-7.03553905632634e-4,-4.2611911499503344e-4,-4.2043752679510153e-4,-4.261191149950601e-4,3.3033719271997886e-4,0.9546695615862812,0.9734353465681413,0.9734353465681412,0.9734353465681405,1.0208718120552924
4210,5,83,0.0028027150809852085,0.002681156144534199,0.0026488530584554736,0.0026811561445342115,0.003037212688010742,0.0030372126880100665,0.013038222882324075,0.012909415439498204,0.012753880313721117,0.01290941543949822,0.01275388031372107,0.012909415439498225,-0.010235507801338866,-0.010228259294964005,-0.010105027255265644,-0.010228259294964029,-0.009716667625710329,0.21496143349296862,0.20768997303555806,0.20768997303555806,0.20768997303555461,0.23814028462719716
4210,6,80,0.014690017626048097,0.015392725844169564,0.015200316771117444,0.01539272584416953,0.015597841363912401,0.015597841363912731,0.013209987736968529,0.013909678701215443,0.013735807717450251,0.013909678701215391,0.013735807717450222,0.013909678701215396,0.0014800298890795677,0.0014830471429541203,0.0014645090536671932,0.001483047142954125,0.0018620336464621797,1.1120387027262457,1.1066197986891335,1.1066197986891335,1.106619798689132,1.135560549824574
4210,7,92,0.011210476834041453,0.0121429587989083,0.01201097011631147,0.012142958798908312,0.012438004842391036,0.012438004842391062,0.013458974473381907,0.014988007831690334,0.014825094703085004,0.014988007831690324,0.014825094703085037,0.014988007831690384,-0.002248497639340454,-0.0028450490327820346,-0.0028141245867735337,-0.002845049032782025,-0.0023870898606940007,0.8329369266739189,0.8101783062345003,0.8101783062345003,0.810178306234511,0.838983162772157
4210,8,79,0.012803929783017882,0.012179316319993713,0.012025147758981135,0.012179316319993725,0.012572633855070034,0.012572633855070054,0.020285134810890122,0.02047373253939518,0.020214571368010432,0.020473732539395155,0.020214571368010442,0.02047373253939513,-0.00748120502787224,-0.008294416219401466,-0.008189423609029297,-0.008294416219401485,-0.007641937512940409,0.631197667769211,0.5948752283716952,0.5948752283716952,0.5948752283716969,0.621958963471579
4210,9,53,0.020753878237150882,0.020847447616009557,0.02045409954778296,0.02084744761600955,0.020387583921000332,0.020387583921000235,0.023326429253913525,0.024349606181999526,0.023890179650263688,0.024349606181999522,0.023890179650263684,0.024349606181999515,-0.0025725510167626427,-0.0035021585659899684,-0.0034360801024807264,-0.0035021585659899576,-0.003502595729263352,0.8897151814896384,0.8561718600369421,0.856171860036942,0.8561718600369417,0.8533876353991883
4210,10,17,0.006917115299688065,0.00738595999412103,0.006951491759172734,0.007385959994121033,0.007176582927923689,0.007176582927923759,0.03879115553197071,0.04239842498106886,0.03990439998218246,0.04239842498106885,0.03990439998218253,0.04239842498106887,-0.031874040232282644,-0.03501246498694783,-0.032952908223009725,-0.03501246498694781,-0.03272781705425884,0.1783168148725848,0.17420364075832778,0.17420364075832775,0.17420364075832936,0.17984440139754165
4211,1,11,0.023207179572590383,0.0197379202291284,0.01794356384466218,0.01973792022912841,0.011653574017358247,0.011653574017358278,0.02634029636729907,0.025176803394625184,0.022888003086022894,0.025176803394625115,0.022888003086022932,0.025176803394625188,-0.003133116794708686,-0.005438883165496785,-0.0049444392413607145,-0.005438883165496794,-0.011234429068664686,0.8810523332380427,0.7839724495502121,0.783972449550212,0.7839724495502117,0.5091564333314321
4211,2,16,0.01961825888466355,0.02298773054510476,0.021550997386035713,0.022987730545104754,0.022615495734375823,0.022615495734375914,0.02282614643756154,0.023049140855860784,0.021608569552369485,0.023049140855860795,0.02160856955236956,0.023049140855860788,-0.003207887552897991,-6.141031075602293e-5,-5.7572166333771935e-5,-6.141031075599153e-5,0.0010069261820062625,0.8594643400859264,0.9973356789678168,0.9973356789678168,0.9973356789678218,1.0465984654637097
4211,3,21,0.02401682573552555,0.02602176396196904,0.024782632344732415,0.02602176396196906,0.02764136669473636,0.02764136669473638,0.01935099067974468,0.019536636940332808,0.018606320895555053,0.019536636940332783,0.01860632089555499,0.019536636940332818,0.00466583505578087,0.006485127021636231,0.006176311449177362,0.006485127021636247,0.009035045799181369,1.2411160820135556,1.331946948773352,1.331946948773352,1.3319469487733462,1.4855901308968513
4211,4,20,-9.198497225876396e-4,-0.0035566968442662444,-0.003378862002052932,-0.0035566968442662396,-0.002289287695813158,-0.0022892876958134295,0.01605508036469594,0.0175373918498767,0.016660522257382866,0.017537391849876682,0.016660522257382838,0.01753739184987671,-0.01697493008728358,-0.021094088694142945,-0.020039384259435796,-0.021094088694142935,-0.018949809953195996,-0.057293373916104985,-0.20280648768712153,-0.2028064876871215,-0.2028064876871189,-0.13740791917844578
4211,5,11,0.028648448582907684,0.03745427191695824,0.034049338106325676,0.03745427191695823,0.035547784151010765,0.03554778415101059,0.013918755977943275,0.01703396139817816,0.015485419452889237,0.017033961398178157,0.0154854194528892,0.01703396139817817,0.01472969260496441,0.020420310518780082,0.01856391865343644,0.02042031051878009,0.020062364698121567,2.058262148449632,2.198799858790575,2.198799858790575,2.1987998587905753,2.295564822067407
4211,6,14,0.008533898850293225,0.007792057683124,0.007235482134329428,0.0077920576831240155,0.007696098988606792,0.007696098988606624,0.008896509721655281,0.009289352213729153,0.008625827055605642,0.009289352213729155,0.008625827055605662,0.00928935221372915,-3.626108713620565e-4,-0.0014972945306051533,-0.0013903449212762141,-0.0014972945306051522,-9.297280669988695e-4,0.9592412212533851,0.8388160448483981,0.8388160448483981,0.8388160448484299,0.8922157769909533
4211,7,18,-0.013233961305815839,-0.013465080150215135,-0.012717020141869848,-0.013465080150215096,-0.011358526052764143,-0.011358526052764148,0.014658728679368203,0.016390207142793062,0.015479640079304559,0.016390207142793014,0.015479640079304642,0.016390207142793073,-0.027892689985184044,-0.029855287293008195,-0.028196660221174407,-0.0298552872930082,-0.026838166132068783,-0.9028041650325591,-0.8215320302486759,-0.8215320302486758,-0.8215320302486715,-0.7337719736746215
4211,8,26,0.014101894142148342,0.012723563673196834,0.01223419583961234,0.012723563673196816,0.012280901095250894,0.012280901095251056,0.01890615127755247,0.019158279285118582,0.018421422389537097,0.019158279285118575,0.01842142238953711,0.01915827928511857,-0.004804257135404128,-0.006434715611921748,-0.006187226549924757,-0.0064347156119217595,-0.006140521294286216,0.7458892047950401,0.6641287290910312,0.6641287290910313,0.6641287290910263,0.6666641063627164
4211,9,6,-3.4277549845103785e-4,3.096853549783562e-4,2.580711291486302e-4,3.0968535497845134e-4,-6.775167977011165e-4,-6.775167977013083e-4,0.005240691433160045,0.006009889691898061,0.005008241409915051,0.006009889691898205,0.005008241409914997,0.006009889691898061,-0.005583466931611082,-0.005700204336919704,-0.00475017028076642,-0.005700204336919727,-0.0056857582076161135,-0.06540654087782273,0.05152929102772775,0.05152929102772774,0.05152929102772771,-0.1352803793283231
4220,1,50,0.04493607850412295,0.045448025619932296,0.04453906510753365,0.04544802561993231,0.04425519007645178,0.04425519007645154,0.06286430634006927,0.06388031025836768,0.06260270405320033,0.06388031025836766,0.06260270405320029,0.06388031025836771,-0.017928227835946324,-0.018432284638435388,-0.018063638945666677,-0.018432284638435357,-0.018347513976748504,0.7148106949759024,0.7114559311956231,0.7114559311956231,0.7114559311956232,0.7069213821633545
4220,2,35,-0.00644036071868301,-0.007403042629168585,-0.007191527125478054,-0.007403042629168607,-0.005647407677344063,-0.005647407677343977,0.0215752381770727,0.022679002153465536,0.02203103066336652,0.022679002153465556,0.022031030663366584,0.022679002153465543,-0.02801559889575571,-0.03008204478263412,-0.029222557788844576,-0.03008204478263414,-0.027678438340710647,-0.29850705080637163,-0.3264271760756167,-0.32642717607561667,-0.32642717607561644,-0.2563387870334468
4220,3,53,0.03123096326481055,0.030682728245120135,0.030103808844268814,0.030682728245120208,0.02996534650962755,0.02996534650962714,0.01797119225959633,0.018236063451044525,0.017891986782156893,0.018236063451044577,0.01789198678215691,0.018236063451044508,0.013259771005214218,0.01244666479407561,0.01221182206211192,0.012446664794075621,0.012073359727470638,1.7378347976959465,1.6825302416549055,1.6825302416549055,1.6825302416549062,1.6747914513055087
4220,4,75,0.0029963133740909067,0.0039025260469218153,0.0038504923662961914,0.0039025260469218157,0.0046463190603964226,0.004646319060396565,0.017442108529116793,0.0181422360413967,0.017900339560844747,0.01814223604139665,0.017900339560844712,0.018142236041396642,-0.014445795155025887,-0.014239709994474886,-0.014049847194548555,-0.014239709994474874,-0.013254020500448289,0.17178619024695574,0.21510722482152067,0.21510722482152067,0.21510722482152175,0.25956597329359066
4220,5,68,0.012586718522229232,0.011641001346427574,0.01146981015015658,0.011641001346427576,0.010749739625228974,0.010749739625229125,0.012725586267564332,0.01218034981046302,0.012001227019132681,0.012180349810463032,0.01200122701913261,0.01218034981046297,-1.3886774533510005e-4,-5.393484640354457e-4,-5.31416868976101e-4,-5.39348464035447e-4,-0.0012514873939036362,0.9890875168801414,0.9557197886408697,0.9557197886408697,0.9557197886408715,0.8957200466328578
4220,6,77,0.015756741347361016,0.014954080829200264,0.014759871987262597,0.014954080829200255,0.015311007475153298,0.015311007475153656,0.012025105120549556,0.012726285108345232,0.012561008678366722,0.012726285108345201,0.012561008678366684,0.012726285108345241,0.0037316362268114602,0.0022277957208550313,0.0021988633088958747,0.0022277957208550287,0.002749998796786614,1.3103204661749286,1.1750546763559586,1.1750546763559586,1.1750546763559409,1.218931366676215
4220,7,60,0.004225642285012033,0.004902467813526302,0.004820760016634196,0.0049024678135263355,0.0031237880183181705,0.0031237880183182624,0.017054844566994312,0.016951371890222333,0.016668849025385294,0.01695137189022236,0.016668849025385294,0.016951371890222378,-0.01282920228198228,-0.01204890407669603,-0.011848089008751098,-0.012048904076696036,-0.013545061007067124,0.24776785671736826,0.28920773169716596,0.28920773169716596,0.2892077316971525,0.18740274229857723
4220,8,79,0.02251083511304835,0.022431485346359012,0.022147542493873455,0.02243148534635899,0.02293173896163629,0.022931738961636163,0.0203755037180023,0.020811642978813636,0.020548204460094477,0.020811642978813633,0.02054820446009446,0.020811642978813605,0.0021353313950460487,0.0016198423675453759,0.0015993380337789784,0.0016198423675453635,0.002383534501541832,1.104798949984212,1.077833468947857,1.0778334689478568,1.077833468947861,1.1159972155314477
4220,9,109,0.02975752132963491,0.030060223524223082,0.029784441657028378,0.030060223524223117,0.029309237522967258,0.029309237522967102,0.0305937644466781,0.03099475479591295,0.030710399247326593,0.030994754795913036,0.030710399247326534,0.030994754795912752,-8.36243117043188e-4,-9.345312716898674e-4,-9.259575902982146e-4,-9.345312716898557e-4,-0.0014011617243592754,0.97266622358616,0.9698487283463492,0.9698487283463493,0.9698487283463499,0.9543750078572732
4220,10,147,0.13857130378248086,0.14030183995787174,0.13934740567244402,0.14030183995787165,0.13930765665091815,0.13930765665091852,0.13880143049823673,0.14076681073984118,0.13980921338786947,0.14076681073984113,0.13980921338786934,0.1407668107398414,-2.301267157558684e-4,-4.6497078196944264e-4,-4.6180771542544963e-4,-4.6497078196947397e-4,-5.015567369511809e-4,0.9983420436307477,0.9966968720856454,0.9966968720856453,0.996696872085647,0.9964125630579171
4230,1,2,0.052702172380078016,0.10540434476015607,0.05270217238007804,0.10540434476015612,0.052702172380078016,0.052702172380078106,0.020000000000000018,0.04,0.02,0.040000000000000056,0.020000000000000018,0.04,0.032702172380078,0.06540434476015608,0.03270217238007804,0.06540434476015598,0.032702172380078,2.6351086190038986,2.6351086190039017,2.6351086190039017,2.6351086190038995,2.6351086190038986
4230,2,5,8.254105235308998e-4,0.0010317631544136366,8.254105235309093e-4,0.0010317631544136238,8.254105235309339e-4,8.254105235309069e-4,0.02486678507992894,0.03108348134991119,0.024866785079928955,0.03108348134991114,0.02486678507992899,0.03108348134991119,-0.02404137455639804,-0.030051718195497554,-0.024041374556398046,-0.03005171819549759,-0.024041374556398057,0.03319329462484977,0.033193294624850135,0.033193294624850135,0.033193294624846416,0.03319329462485108
4230,3,3,0.03134866095776401,0.04702299143664599,0.031348660957763994,0.04702299143664614,0.03134866095776415,0.031348660957764056,0.01754385964912279,0.02631578947368421,0.017543859649122806,0.026315789473684306,0.017543859649122712,0.026315789473684206,0.013804801308641219,0.02070720196296178,0.013804801308641187,0.020707201962961757,0.01380480130864144,1.7868736745925502,1.7868736745925478,1.7868736745925478,1.786873674592544,1.7868736745925664
4230,4,2,0.00657684033980821,0.013153680679616418,0.006576840339808209,0.01315368067961642,0.006576840339808099,0.006576840339808257,0.016014234875444844,0.03202846975088968,0.01601423487544484,0.0320284697508897,0.016014234875444844,0.03202846975088968,-0.009437394535636634,-0.01887478907127326,-0.00943739453563663,-0.018874789071273265,-0.009437394535636745,0.4106871412191348,0.4106871412191348,0.4106871412191348,0.41068714121913463,0.41068714121912786
4240,1,6,0.030208379694998302,0.04285709570047479,0.03571424641706233,0.042857095700474794,0.0410420009462058,0.04104200094620587,0.02380264045485206,0.03278404163052906,0.027320034692107552,0.03278404163052909,0.02732003469210757,0.03278404163052906,0.006405739240146244,0.010073054069945728,0.008394211724954775,0.010073054069945707,0.013721966254098234,1.269118850587035,1.307254797424535,1.307254797424535,1.3072547974245268,1.502267526697627
4240,2,27,0.008489850134655388,0.006404792144517484,0.006167577620646466,0.006404792144517486,0.005036047526999183,0.005036047526999129,0.024269403552976982,0.024143146421339468,0.02324895581314171,0.02414314642133946,0.023248955813141764,0.024143146421339436,-0.015779553418321594,-0.017738354276821983,-0.017081378192495243,-0.017738354276821956,-0.01821290828614258,0.34981700790969744,0.26528406996929216,0.26528406996929216,0.26528406996929277,0.21661392311445204
4240,3,31,0.036787728024297764,0.036714297714553194,0.03552996553021277,0.036714297714553194,0.035331994189143935,0.035331994189144005,0.017200453424116743,0.018737572449972498,0.018133134629005645,0.01873757244997253,0.018133134629005742,0.018737572449972473,0.01958727460018102,0.017976725264580697,0.01739683090120713,0.017976725264580697,0.017198859560138193,2.1387650149220905,1.9593945700584647,1.9593945700584647,1.959394570058464,1.9484769132319195
4240,4,9,0.00980927289957738,0.016651031213666446,0.014800916634370173,0.016651031213666408,0.012780533049063396,0.012780533049063427,0.01335558468285857,0.015422548830013542,0.013708932293345369,0.015422548830013517,0.013708932293345319,0.015422548830013543,-0.00354631178328119,0.001228482383652904,0.0010919843410248046,0.0012284823836529123,-9.283992442819227e-4,0.7344697467395225,1.0796549517977325,1.0796549517977325,1.0796549517977398,0.9322777861604443
4240,5,19,0.018909230571208524,0.022783078072998966,0.02158396870073586,0.02278307807299903,0.022849157654967388,0.02284915765496709,0.013425710832915435,0.015993091971881833,0.015151350289151209,0.015993091971881864,0.015151350289151261,0.01599309197188182,0.005483519738293089,0.006789986101117133,0.006432618411584651,0.006789986101117138,0.007697807365816127,1.4084342204696751,1.4245574347383803,1.42455743473838,1.424557434738377,1.5080608143109162
4240,6,20,0.005159849255889054,0.007746432854802102,0.007359111212061996,0.007746432854802096,0.006828984285694695,0.006828984285694563,0.010849009485949513,0.011007442489489918,0.010457070365015421,0.011007442489489884,0.010457070365015397,0.011007442489489922,-0.005689160230060459,-0.0032610096346878167,-0.003097959152953425,-0.0032610096346878266,-0.003628086079320702,0.47560556220100497,0.7037450218067021,0.7037450218067022,0.7037450218067123,0.6530494724929242
4240,7,20,0.04137508613454641,0.04283771439554749,0.04069582867577011,0.04283771439554752,0.04158875906885449,0.04158875906885429,0.015049334312558282,0.015591440654505382,0.014811868621780112,0.015591440654505394,0.0148118686217801,0.015591440654505392,0.026325751821988125,0.027246273741042108,0.025883960053989997,0.02724627374104208,0.02677689044707439,2.7492967645764876,2.7475148284753845,2.747514828475384,2.7475148284753814,2.8077996187260483
4240,8,19,0.04977541843002487,0.05293817442496426,0.050151954718387196,0.05293817442496427,0.052736645513020916,0.052736645513020645,0.018290889167832208,0.01984158208094002,0.018797288287206334,0.019841582080940022,0.01879728828720635,0.01984158208094,0.03148452926219267,0.03309659234402425,0.03135466643118086,0.03309659234402425,0.033939357225814565,2.7213230572499354,2.6680420043630035,2.6680420043630035,2.6680420043630035,2.8055453907633092
4240,9,20,0.01894261161611235,0.012092830869127024,0.011488189325670672,0.012092830869127007,0.00360276225662961,0.003602762256629315,0.0302212743268462,0.03193253728830207,0.03033591042388696,0.031932537288302074,0.030335910423887037,0.03193253728830208,-0.011278662710733849,-0.01983970641917504,-0.018847721098216287,-0.01983970641917502,-0.02673314816725743,0.6267972492240417,0.37869934230240526,0.37869934230240526,0.3786993423024047,0.11876229215763806
4240,10,60,0.12549859626436738,0.12761066458961245,0.12548382017978557,0.12761066458961243,0.1253398296093465,0.1253398296093469,0.14152806237048596,0.14516802815867785,0.1427485610226999,0.14516802815867777,0.14274856102269998,0.14516802815867824,-0.01602946610611858,-0.0175573635690654,-0.017264740842914322,-0.017557363569065367,-0.017408731413353473,0.8867400158128546,0.8790548870039476,0.8790548870039476,0.8790548870039484,0.8780461863248826
4250,1,8,0.029743170803997448,0.04290875628486299,0.03754516174925511,0.04290875628486303,0.03627026583871129,0.03627026583871121,0.02919661190965092,0.040774420651217363,0.03567761806981519,0.04077442065121734,0.03567761806981529,0.04077442065121736,5.465588943465265e-4,0.002134335633645623,0.0018675436794399203,0.002134335633645615,5.926477688960041e-4,1.0187199424384534,1.0523449652884742,1.0523449652884742,1.052344965288472,1.0166111921411427
4250,2,5,-0.04716625614200679,-0.049191929912221884,-0.03935354392977751,-0.0491919299122219,-0.048009827006208636,-0.048009827006208705,0.027826086956521723,0.030434782608695653,0.024347826086956525,0.030434782608695633,0.02434782608695656,0.030434782608695653,-0.07499234309852851,-0.07962671252091753,-0.06370137001673404,-0.07962671252091748,-0.07235765309316519,-1.69503733010337,-1.6163062685444332,-1.6163062685444332,-1.6163062685444372,-1.9718321806121373
4250,3,6,0.02099343389287434,0.01800233014084896,0.015001941784040802,0.018002330140848934,0.010925298275006767,0.01092529827500705,0.008741130860946522,0.011191573403554969,0.009326311169629141,0.011191573403554905,0.009326311169629195,0.01119157340355497,0.012252303031927817,0.006810756737293993,0.005675630614411661,0.006810756737294028,0.0015989871053775726,2.4016839727990402,1.608561146114681,1.608561146114681,1.6085611461146851,1.1714490409224838
4250,4,7,0.033319417832643264,0.045587507582136755,0.03907500649897436,0.04558750758213676,0.042494523855724865,0.04249452385572476,0.017658127080619482,0.02178318135764944,0.01867129830655666,0.02178318135764942,0.018671298306556543,0.02178318135764943,0.01566129075202378,0.023804326224487315,0.020403708192417696,0.023804326224487322,0.023823225549168322,1.8869168672601009,2.092784650398557,2.092784650398557,2.0927846503985514,2.275927638133372
4250,5,12,-0.0012950053028126316,-5.472907409741712e-4,-5.016831792263236e-4,-5.472907409741518e-4,0.002226675607329328,0.0022266756073293127,0.01362147120865311,0.01616950438816603,0.014822045689152193,0.01616950438816603,0.01482204568915213,0.016169504388166025,-0.014916476511465741,-0.016716795129140198,-0.015323728868378517,-0.016716795129140205,-0.012595370081822802,-0.09507088353202059,-0.033847094371965834,-0.033847094371965834,-0.03384709437197651,0.1502272799603481
4250,6,7,-0.036596712734002126,-0.05031972911490567,-0.04313119638420486,-0.050319729114905634,-0.047813320711673005,-0.047813320711672776,0.009123649459783901,0.01105169340463458,0.009472880061115354,0.011051693404634603,0.009472880061115367,0.011051693404634577,-0.04572036219378603,-0.06137142251954025,-0.05260407644532021,-0.06137142251954026,-0.05728620077278837,-4.011192329924186,-4.553123876364852,-4.553123876364852,-4.553123876364846,-5.04739006544999
4250,7,2,0.02181206933743424,0.04362413867486852,0.02181206933743426,0.04362413867486854,0.02181206933743418,0.021812069337434285,0.004143646408839796,0.008287292817679558,0.004143646408839779,0.008287292817679719,0.004143646408839796,0.008287292817679558,0.017668422928594444,0.035336845857188964,0.017668422928594482,0.035336845857188874,0.017668422928594385,5.263979400100775,5.263979400100802,5.263979400100802,5.26397940010066,5.2639794001007605
4250,8,7,0.06006756679432544,0.06243605364676966,0.053516617411516844,0.06243605364676967,0.05266970096309288,0.052669700963092723,0.021710811984368195,0.023049645390070924,0.019756838905775075,0.023049645390070875,0.019756838905775048,0.023049645390070907,0.03835675480995725,0.03938640825669873,0.03375977850574177,0.039386408256698716,0.03291286205731783,2.7667121265466323,2.708764173598314,2.7087641735983143,2.708764173598318,2.6658971718242435
4250,9,5,0.03502539244432232,0.04378174055540291,0.03502539244432233,0.04378174055540285,0.035025392444322456,0.035025392444322394,0.03193386991516206,0.039917337393952576,0.03193386991516206,0.03991733739395257,0.031933869915162026,0.039917337393952576,0.0030915225291602566,0.0038644031614503346,0.0030915225291602705,0.003864403161450358,0.00309152252916043,1.096810143505107,1.0968101435051072,1.0968101435051074,1.0968101435051083,1.0968101435051125
4250,10,3,0.008224770941824649,0.012337156412736985,0.008224770941824656,0.012337156412737164,0.008224770941824389,0.008224770941824742,0.016311166875784187,0.024466750313676285,0.01631116687578419,0.024466750313676393,0.016311166875784266,0.024466750313676282,-0.008086395933959538,-0.0121295939009393,-0.008086395933959534,-0.012129593900939331,-0.008086395933959878,0.5042417262026344,0.5042417262026347,0.5042417262026346,0.5042417262026384,0.504241726202616
4270,1,2,7.866085694072933e-4,0.001573217138814611,7.866085694073055e-4,0.0015732171388145846,7.866085694072655e-4,7.866085694072651e-4,0.014138817480719768,0.028277634961439587,0.014138817480719794,0.0282776349614395,0.014138817480719768,0.028277634961439587,-0.013352208911312474,-0.026704417822624976,-0.013352208911312488,-0.02670441782262496,-0.013352208911312502,0.055634678818079576,0.05563467881808034,0.05563467881808034,0.05563467881807963,0.05563467881807761
4270,2,7,0.005035041243410516,0.004877494197398491,0.004180709312055849,0.004877494197398453,0.011594056402972746,0.011594056402972822,0.011110082399777788,0.01793043853964139,0.01536894731969262,0.017930438539641297,0.015368947319692643,0.01793043853964138,-0.006075041156367271,-0.0130529443422429,-0.011188238007636771,-0.01305294434224289,-0.0037748909167198974,0.4531956705839753,0.2720231402380436,0.2720231402380436,0.272023140238034,0.7543819470392075
4270,3,6,0.002788121684414675,-8.195448384279581e-5,-6.829540320232984e-5,-8.195448384285193e-5,-0.0018607054388715127,-0.0018607054388717274,0.016791711325473385,0.019935691318327974,0.016613076098606645,0.019935691318327887,0.016613076098606665,0.01993569131832797,-0.01400358964105871,-0.020017645802170768,-0.016681371501808973,-0.02001764580217075,-0.018473781537478178,0.16604154456758882,-0.004110942657275725,-0.004110942657275725,-0.0041109426572823295,-0.11200246286884641
4270,4,6,-0.028333307166721288,-0.03520505419616933,-0.029337545163474442,-0.03520505419616932,-0.0276908718120031,-0.02769087181200332,0.01018369405629512,0.013251382452291039,0.011042818710242533,0.013251382452291051,0.011042818710242486,0.013251382452291035,-0.038517001223016406,-0.04845643664846037,-0.040380363873716976,-0.04845643664846037,-0.03873369052224558,-2.7822229350268888,-2.6567080320048198,-2.6567080320048198,-2.656708032004815,-2.507590909404239
4270,5,5,0.0023098161695439432,0.002887270211929939,0.002309816169543951,0.0028872702119299844,0.0023098161695441987,0.0023098161695439836,0.011201563008791915,0.014001953760989906,0.011201563008791925,0.014001953760989904,0.011201563008791915,0.014001953760989906,-0.008891746839247972,-0.011114683549059968,-0.008891746839247974,-0.011114683549059938,-0.008891746839247715,0.20620480978690278,0.2062048097869033,0.20620480978690328,0.2062048097869079,0.2062048097869256
4270,6,1,NA,NA,NA,NA,NA,NA,NA,NA,NA,NA,NA,NA,NA,NA,NA,NA,NA,NA,NA,NA,NA,NA
4270,8,1,NA,NA,NA,NA,NA,NA,NA,NA,NA,NA,NA,NA,NA,NA,NA,NA,NA,NA,NA,NA,NA,NA
4280,1,4,0.06613461096287421,0.0881794812838323,0.06613461096287422,0.0881794812838323,0.06613461096287421,0.06613461096287426,0.084983498349835,0.11331133113311331,0.08498349834983498,0.11331133113311335,0.08498349834983498,0.11331133113311331,-0.01884888738696079,-0.02513184984928102,-0.018848887386960764,-0.025131849849281053,-0.018848887386960778,0.7782053251165391,0.7782053251165394,0.7782053251165394,0.7782053251165385,0.7782053251165392
4280,3,2,0.006364971347695425,0.012729942695390826,0.006364971347695413,0.012729942695390765,0.006364971347695425,0.006364971347695362,0.007389162561576373,0.014778325123152709,0.007389162561576354,0.014778325123152716,0.00738916256157629,0.014778325123152709,-0.0010241912138809484,-0.002048382427761883,-0.0010241912138809414,-0.0020483824277618976,-0.001024191213880865,0.8613927890547787,0.8613927890547792,0.8613927890547792,0.8613927890547748,0.8613927890547883
4290,1,4,0.0484643643441159,0.07745741524526135,0.05809306143394602,0.07745741524526145,0.05841394032891123,0.05841394032891123,0.03280141843971632,0.054373522458628844,0.040780141843971635,0.054373522458628816,0.04078014184397172,0.054373522458628844,0.01566294590439958,0.02308389278663251,0.017312919589974385,0.023083892786632525,0.01763379848493951,1.4775081886530466,1.4245428977715457,1.4245428977715457,1.4245428977715446,1.4324114063263418
4290,2,2,0.0471642146971158,0.09432842939423162,0.04716421469711581,0.09432842939423156,0.047164214697115625,0.0471642146971158,0.005617977528089901,0.011235955056179775,0.0056179775280898875,0.011235955056179612,0.00561797752808979,0.011235955056179775,0.0415462371690259,0.08309247433805185,0.041546237169025925,0.08309247433805181,0.041546237169025835,8.395230216086592,8.395230216086615,8.395230216086615,8.395230216086754,8.395230216086727
4290,3,3,0.022560305633459458,0.033840458450189195,0.02256030563345946,0.03384045845018947,0.02256030563345905,0.022560305633459503,0.013605442176870763,0.020408163265306124,0.01360544217687075,0.020408163265306326,0.013605442176870616,0.02040816326530612,0.008954863456588694,0.013432295184883071,0.008954863456588712,0.013432295184883022,0.008954863456588432,1.6581824640592684,1.6581824640592704,1.6581824640592702,1.658182464059273,1.6581824640592562
4290,4,4,0.05835249920143332,0.06855312838292922,0.05141484628719692,0.06855312838292918,0.045862137648774004,0.04586213764877406,0.004191745485812554,0.0060189165950128975,0.004514187446259673,0.006018916595012834,0.004514187446259754,0.006018916595012898,0.05416075371562076,0.06253421178791632,0.04690065884093725,0.06253421178791634,0.04134795020251425,13.920811604362452,11.389612615620955,11.389612615620957,11.389612615621004,10.159555444861564
4290,5,3,0.026655155121011655,0.03998273268151752,0.02665515512101168,0.03998273268151747,0.026655155121011614,0.02665515512101165,0.010939527310657136,0.0164092909659857,0.010939527310657133,0.016409290965985666,0.010939527310657246,0.016409290965985698,0.01571562781035452,0.023573441715531822,0.015715627810354547,0.023573441715531843,0.01571562781035437,2.4365911217246627,2.436591121724666,2.436591121724666,2.4365911217246556,2.4365911217246348
4290,6,4,-0.019412425804748973,-0.025883234406331942,-0.019412425804748955,-0.02588323440633189,-0.019412425804749,-0.019412425804748945,0.009785819793205336,0.013047759724273758,0.009785819793205319,0.013047759724273807,0.009785819793205253,0.013047759724273756,-0.02919824559795431,-0.0389309941306057,-0.029198245597954274,-0.03893099413060574,-0.029198245597954253,-1.9837301539343442,-1.983730153934346,-1.983730153934346,-1.9837301539343362,-1.983730153934364
4290,7,3,0.007227043329294727,0.01084056499394208,0.00722704332929472,0.010840564993942049,0.0072270433292948395,0.007227043329294714,0.015360983102918597,0.02304147465437788,0.015360983102918587,0.02304147465437787,0.015360983102918446,0.023041474654377874,-0.00813393977362387,-0.012200909660435801,-0.008133939773623866,-0.012200909660435763,-0.008133939773623606,0.4704805207370864,0.47048052073708624,0.47048052073708624,0.47048052073709096,0.47048052073709834
4300,1,27,0.026784497403975698,0.027720869718302704,0.026694170839847046,0.027720869718302683,0.026202336828164776,0.02620233682816478,0.04012003676219115,0.040030685542924896,0.0385480675598536,0.040030685542924854,0.03854806755985362,0.04003068554292483,-0.01333553935821545,-0.012309815824622192,-0.011853896720006554,-0.012309815824622188,-0.012345730731688844,0.6676089945465161,0.6924905067782969,0.6924905067782969,0.6924905067782967,0.6797315270728003
4300,2,20,0.012881654719161228,0.013172321749645055,0.012513705662162802,0.013172321749645062,0.014061605459659354,0.01406160545965933,0.024014356709000553,0.025092272370600716,0.023837658752070678,0.025092272370600726,0.023837658752070646,0.02509227237060073,-0.011132701989839325,-0.01191995062095566,-0.011323953089907876,-0.011919950620955673,-0.009776053292411293,0.5364147320395719,0.5249553151303413,0.5249553151303413,0.5249553151303421,0.5898903749697272
4300,3,12,0.007041888679257948,0.007708308349702949,0.007065949320561037,0.007708308349702937,0.007299613111397966,0.007299613111397956,0.018464212012599106,0.02159424153559051,0.019794721407624633,0.02159424153559051,0.01979472140762469,0.021594241535590513,-0.011422323333341158,-0.01388593318588756,-0.012728772087063595,-0.01388593318588754,-0.012495108296226722,0.38138040629369374,0.35696129160167606,0.3569612916016761,0.35696129160167495,0.3687656401461777
4300,4,1,NA,NA,NA,NA,NA,NA,NA,NA,NA,NA,NA,NA,NA,NA,NA,NA,NA,NA,NA,NA,NA,NA
4310,1,42,0.07898175266613378,0.07955321220012632,0.07765908810012331,0.07955321220012627,0.07752706200607899,0.0775270620060799,0.08542068837948837,0.08633125671725335,0.08427575060493779,0.08633125671725328,0.08427575060493775,0.08633125671725343,-0.0064389357133545905,-0.006778044517127033,-0.006616662504814477,-0.006778044517126993,-0.006748688598858757,0.9246208870999834,0.921487943360699,0.9214879433606991,0.9214879433606994,0.9199213468831051
4310,2,20,0.056232965284410616,0.0598084930576409,0.05681806840475886,0.05980849305764092,0.05830502912981199,0.05830502912981222,0.023308105736536144,0.025117911593726006,0.023862016014039703,0.025117911593726013,0.02386201601403979,0.025117911593726023,0.03292485954787447,0.0346905814639149,0.03295605239071915,0.034690581463914925,0.0344430131157722,2.4125926799904542,2.3811093065786557,2.3811093065786557,2.3811093065786504,2.443424272932632
4310,3,28,0.010221874377542146,0.009857101969673484,0.009505062613613717,0.009857101969673484,0.009596218314280591,0.009596218314280798,0.02026677997154336,0.019290483334567815,0.018601537501190393,0.01929048333456782,0.018601537501190406,0.019290483334567815,-0.010044905594001213,-0.009433381364894331,-0.009096474887576676,-0.009433381364894322,-0.009005319186909815,0.5043659817639856,0.5109826331831682,0.5109826331831682,0.5109826331831688,0.5158830722281145
4310,4,27,0.005392588527794583,0.005970787826669882,0.005749647536793219,0.005970787826669873,0.005986559205112222,0.005986559205112322,0.01581330275069889,0.01566380464053663,0.015083663727924163,0.01566380464053665,0.015083663727924143,0.015663804640536603,-0.010420714222904307,-0.009693016813866749,-0.009334016191130943,-0.009693016813866749,-0.00909710452281192,0.34101595427661374,0.38118375220398093,0.38118375220398093,0.3811837522039721,0.3968902590972909
4310,5,21,0.014896608589236795,0.01603660165802708,0.015272953960025789,0.01603660165802707,0.01683186101380348,0.016831861013803583,0.012044058715573222,0.013419713095788984,0.01278067913884665,0.013419713095788993,0.012780679138846687,0.013419713095788995,0.002852549873663573,0.002616888562238094,0.0024922748211791378,0.002616888562238073,0.004051181874956792,1.2368429066171163,1.1950033166550524,1.1950033166550524,1.1950033166550404,1.3169770425300236
4310,6,9,0.023561938173787093,0.02769021043234702,0.02461352038430846,0.02769021043234701,0.024657296879482853,0.024657296879482885,0.011129107727747172,0.012682215743440233,0.011273080660835762,0.012682215743440249,0.011273080660835828,0.01268221574344024,0.012432830446039921,0.015007994688906786,0.013340439723472697,0.015007994688906762,0.013384216218647025,2.117145304923439,2.183389006504604,2.183389006504604,2.1833890065045978,2.187272283533423
4310,7,6,0.01663395551376719,0.019960746616520628,0.01663395551376719,0.01996074661652063,0.016633955513767045,0.016633955513767198,0.01066769843024539,0.012801238116294494,0.010667698430245412,0.012801238116294522,0.010667698430245398,0.012801238116294493,0.0059662570835218014,0.007159508500226133,0.005966257083521779,0.007159508500226138,0.005966257083521647,1.5592825033941795,1.5592825033941762,1.5592825033941764,1.5592825033941617,1.5592825033941646
4320,1,34,0.029827140723896885,0.029925482223828966,0.029045320981951644,0.029925482223828972,0.026843710213212715,0.026843710213212336,0.040864545188546826,0.03974312441874177,0.03857420899466113,0.03974312441874177,0.038574208994661185,0.03974312441874176,-0.01103740446464994,-0.009817642194912803,-0.009528888012709485,-0.0098176421949128009,-0.01173049878144847,0.7299026720174189,0.7529725622104569,0.7529725622104569,0.7529725622104572,0.6958978787336374
4320,2,50,-0.007139710432472595,-0.005658867222871984,-0.005545689878414544,-0.0056588672228719775,-0.004420990609716,-0.004420990609715948,0.02477653915351205,0.022835587366812345,0.0223788756194761,0.022835587366812342,0.02237887561947602,0.02283558736681235,-0.031916249585984643,-0.028494454589684328,-0.027924565497890644,-0.028494454589684293,-0.026799866229192018,-0.2881641535258788,-0.247809138077884,-0.24780913807788396,-0.247809138077885,-0.1975519541235787
4320,3,30,0.0011620305012731112,-7.622466420429481e-4,-7.368384206415165e-4,-7.622466420429327e-4,-0.002675436584249269,-0.002675436584249258,0.01957134755599645,0.020932182752724043,0.02023444332763324,0.020932182752724047,0.020234443327633283,0.020932182752724043,-0.01840931705472334,-0.02169442939476699,-0.020971281748274756,-0.021694429394766988,-0.022909879911882553,0.059374067010376994,-0.03641505766730189,-0.036415057667301895,-0.036415057667300396,-0.13222190207701656
4320,4,51,0.01665600433957969,0.019180533417235954,0.018804444526701915,0.01918053341723591,0.017435295317053554,0.017435295317053623,0.01378934642861237,0.014963305861320993,0.014669907707177444,0.014963305861321007,0.014669907707177483,0.014963305861321021,0.002866657910967319,0.00421722755591496,0.00413453681952447,0.00421722755591497,0.002765387609876071,1.2078893242553623,1.2818379571332679,1.2818379571332676,1.281837957133268,1.1885074988251672
4320,5,59,0.007963300102559608,0.00851870027316609,0.008374315522773445,0.008518700273166053,0.009622019033379198,0.00962201903337916,0.013958488642298475,0.01410985875422353,0.013870708605846861,0.014109858754223518,0.013870708605846896,0.01410985875422349,-0.005995188539738867,-0.005591158481057441,-0.005496393083073417,-0.005591158481057429,-0.004248689572467698,0.570498734256113,0.6037410027663226,0.6037410027663226,0.603741002766321,0.6936934014548647
4320,6,59,0.016554707269123753,0.016421355779210844,0.016143027715156424,0.01642135577921086,0.015918685899308477,0.01591868589930851,0.01310375468885705,0.013141838611377195,0.012919095584065718,0.013141838611377235,0.012919095584065683,0.013141838611377164,0.003450952580266703,0.003279517167833649,0.0032239321310907065,0.0032795171678336537,0.0029995903152427936,1.2633560122429082,1.2495478193587384,1.2495478193587384,1.2495478193587366,1.23218268614271
4320,7,59,-1.1820950719827998e-4,3.1133281927190975e-4,3.060559918266232e-4,3.113328192719392e-4,2.4344638407834568e-4,2.4344638407809073e-4,0.014751742229892935,0.015338752073439477,0.015078773224737115,0.0153387520734395,0.01507877322473709,0.015338752073439448,-0.014869951737091214,-0.015027419254167567,-0.01477271723291049,-0.015027419254167569,-0.014835326840658745,-0.008013257373677545,0.02029714136986492,0.02029714136986492,0.02029714136986454,0.01614497283366302
4320,8,67,0.025952430646226436,0.02650857716068047,0.02611292675529718,0.026508577160680422,0.025525332379029157,0.02552533237902914,0.01771138118007404,0.018188082770737416,0.01791661884878611,0.01818808277073741,0.017916618848786075,0.01818808277073745,0.008241049466152395,0.008320494389943055,0.008196307906511071,0.008320494389943036,0.007608713530243082,1.4652968270720683,1.457469569213188,1.4574695692131883,1.4574695692131905,1.4246735164965907
4320,9,87,0.01345322870790875,0.013830741632573485,0.013671767590819768,0.013830741632573492,0.01415963619706499,0.014159636197064535,0.027484135005382423,0.028391710328778203,0.02806536883074627,0.02839171032877819,0.028065368830746184,0.028391710328778116,-0.014030906297473673,-0.014560968696204718,-0.014393601239926503,-0.01456096869620471,-0.013905732633681193,0.4894907081948951,0.4871401360612808,0.4871401360612808,0.487140136061281,0.5045234317944477
4320,10,127,0.1630261683567192,0.16540825734608003,0.16410583012288255,0.16540825734608017,0.16404955125631585,0.16404955125631576,0.15339216965073868,0.1556695300376456,0.15444378570664052,0.1556695300376457,0.15444378570664058,0.15566953003764508,0.009633998705980529,0.00973872730843442,0.009662044416242022,0.009738727308434393,0.009605765549675266,1.0628063266066081,1.0625602666499945,1.0625602666499945,1.062560266649994,1.0621958695568432
4330,1,80,0.09318978822817536,0.09475852020598206,0.09357403870340729,0.09475852020598205,0.09350943721117613,0.09350943721117577,0.10322526800784215,0.10492113182584623,0.10360961767802315,0.10492113182584628,0.1036096176780232,0.10492113182584593,-0.01003547977966679,-0.010162611619864162,-0.010035578974615864,-0.010162611619864216,-0.010100180466847061,0.9027807825221207,0.9031404690074005,0.9031404690074005,0.9031404690074002,0.9025169603633291
4330,2,16,0.005884340310508769,0.005143448808805652,0.004821983258255298,0.005143448808805622,0.007505234446394393,0.00750523444639429,0.020397936699324454,0.022439586174169964,0.02103711203828434,0.022439586174169978,0.0210371120382844,0.022439586174169964,-0.014513596388815685,-0.01729613736536431,-0.016215128780029044,-0.01729613736536429,-0.013531877591890007,0.28847723165567274,0.22921317571917776,0.22921317571917776,0.22921317571917757,0.3567616330956449
4330,3,6,-0.003781379701148682,-0.0018038343596544699,-0.0015031952997120583,-0.001803834359654467,-0.0017260221960701354,-0.0017260221960701766,0.00615645506156455,0.007299270072992701,0.006082725060827251,0.007299270072992691,0.006082725060827225,0.007299270072992702,-0.009937834762713232,-0.00910310443264717,-0.00758592036053931,-0.009103104432647193,-0.007808747256897361,-0.6142138070261027,-0.24712530727266235,-0.24712530727266235,-0.24712530727270704,-0.2837580490339315
4330,4,3,0.010698953748575366,0.01604843062286304,0.01069895374857536,0.016048430622863055,0.010698953748575176,0.010698953748575397,0.010864685213905231,0.016297027820857877,0.01086468521390525,0.01629702782085798,0.010864685213905231,0.016297027820857873,-1.6573146532986548e-4,-2.485971979948355e-4,-1.6573146532988976e-4,-2.485971979949183e-4,-1.6573146533005456e-4,0.9847458566845771,0.9847458566845749,0.984745856684575,0.984745856684581,0.9847458566845598
4330,5,3,-0.042025060788974326,-0.06303759118346151,-0.04202506078897434,-0.0630375911834617,-0.042025060788974354,-0.042025060788974396,0.013624161575676884,0.02043624236351536,0.013624161575676906,0.020436242363515312,0.013624161575676771,0.020436242363515354,-0.05564922236465121,-0.08347383354697688,-0.055649222364651245,-0.08347383354697686,-0.05564922236465113,-3.0845979442875486,-3.0845979442875446,-3.0845979442875446,-3.084597944287584,-3.084597944287576
4330,6,2,0.011072782047684582,0.022145564095369136,0.011072782047684568,0.022145564095369243,0.011072782047684582,0.011072782047684557,7.363770250368162e-4,0.0014727540500736377,7.363770250368188e-4,0.0014727540500737103,7.363770250368162e-4,0.0014727540500736377,0.010336405022647766,0.020672810045295496,0.010336405022647748,0.020672810045295524,0.010336405022647766,15.036838020755715,15.036838020755644,15.036838020755644,15.036838020753843,15.036838020755715
4330,7,2,-0.02352434698270961,-0.04704869396541922,-0.02352434698270961,-0.04704869396541917,-0.023524346982709554,-0.023524346982709537,0.006849315068493178,0.0136986301369863,0.00684931506849315,0.013698630136986469,0.006849315068493178,0.013698630136986302,-0.030373662051202788,-0.06074732410240552,-0.03037366205120276,-0.060747324102405555,-0.030373662051202732,-3.434554659475589,-3.4345546594756033,-3.4345546594756033,-3.4345546594755416,-3.434554659475581
4330,8,2,-0.021564430191274297,-0.043128860382548546,-0.021564430191274273,-0.04312886038254853,-0.021564430191274297,-0.021564430191274176,0.006329113924050639,0.012658227848101266,0.006329113924050633,0.012658227848101245,0.006329113924050667,0.012658227848101266,-0.027893544115324936,-0.05578708823064981,-0.027893544115324905,-0.05578708823064985,-0.027893544115324964,-3.407179970221336,-3.407179970221335,-3.407179970221335,-3.4071799702213394,-3.407179970221321
4330,9,1,NA,NA,NA,NA,NA,NA,NA,NA,NA,NA,NA,NA,NA,NA,NA,NA,NA,NA,NA,NA,NA,NA
4350,1,9,0.05110934722805073,0.05749801563155704,0.0511093472280507,0.05749801563155701,0.051109347228050654,0.05110934722805071,0.0556263269639066,0.06257961783439492,0.05562632696390659,0.0625796178343948,0.0556263269639066,0.06257961783439492,-0.004516979735855867,-0.005081602202837876,-0.0045169797358558875,-0.0050816022028378595,-0.004516979735855943,0.9187978070386217,0.9187978070386212,0.9187978070386212,0.9187978070386229,0.9187978070386202
4350,2,2,0.03890750752695871,0.07781501505391747,0.038907507526958734,0.07781501505391741,0.03890750752695871,0.038907507526958734,0.017316017316017313,0.03463203463203463,0.017316017316017316,0.03463203463203456,0.017316017316017396,0.03463203463203463,0.021591490210941394,0.04318298042188284,0.02159149021094142,0.04318298042188281,0.02159149021094131,2.2469085596818656,2.246908559681867,2.246908559681867,2.246908559681879,2.246908559681855
4350,3,4,-0.02304997567059175,-0.03073330089412234,-0.023049975670591756,-0.030733300894122347,-0.02304997567059175,-0.023049975670591756,0.020712909441233128,0.027617212588310857,0.020712909441233142,0.027617212588310864,0.02071290944123305,0.02761721258831085,-0.04376288511182488,-0.0583505134824332,-0.0437628851118249,-0.05835051348243317,-0.0437628851118248,-1.1128313835383372,-1.1128313835383368,-1.1128313835383368,-1.1128313835383354,-1.1128313835383412
4350,4,1,NA,NA,NA,NA,NA,NA,NA,NA,NA,NA,NA,NA,NA,NA,NA,NA,NA,NA,NA,NA,NA,NA
4350,8,1,NA,NA,NA,NA,NA,NA,NA,NA,NA,NA,NA,NA,NA,NA,NA,NA,NA,NA,NA,NA,NA,NA
4360,1,11,0.09231511649172609,0.10049319096234989,0.091357446329409,0.10049319096234992,0.08960671469721859,0.08960671469721859,0.09728213776589302,0.10405862457722663,0.09459874961566057,0.10405862457722666,0.09459874961566053,0.10405862457722663,-0.004967021274166927,-0.0035654336148767396,-0.003241303286251579,-0.0035654336148767157,-0.00499203491844194,0.9489421039850097,0.9657362988472842,0.9657362988472843,0.9657362988472844,0.947229377357272
4360,2,1,NA,NA,NA,NA,NA,NA,NA,NA,NA,NA,NA,NA,NA,NA,NA,NA,NA,NA,NA,NA,NA,NA
4360,3,3,0.012492979055954874,0.014054601437949206,0.009369734291966136,0.014054601437949194,0.015474733000411689,0.015474733000411656,0.011544011544011523,0.012987012987012988,0.008658008658008658,0.01298701298701304,0.008658008658008734,0.012987012987012988,9.489675119433508e-4,0.0010675884509362184,7.117256339574784e-4,0.0010675884509361985,0.006816724342402955,1.0822043107220929,1.082204310722089,1.0822043107220887,1.0822043107220753,1.7873316615475343
4360,4,1,NA,NA,NA,NA,NA,NA,NA,NA,NA,NA,NA,NA,NA,NA,NA,NA,NA,NA,NA,NA,NA,NA
4360,5,2,0.05671790500926113,0.1134358100185223,0.05671790500926115,0.11343581001852217,0.056717905009261216,0.05671790500926118,0.016129032258064502,0.03225806451612903,0.016129032258064516,0.03225806451612897,0.016129032258064502,0.03225806451612903,0.04058887275119663,0.08117774550239328,0.04058887275119664,0.08117774550239329,0.040588872751196714,3.516510110574193,3.516510110574192,3.516510110574192,3.516510110574198,3.5165101105741985
4370,1,40,0.07825951393159335,0.08058781975853176,0.07857312426456846,0.08058781975853177,0.0785328090995872,0.07853280909958762,0.06474106941017532,0.06657598070055555,0.06491158118304166,0.06657598070055551,0.06491158118304163,0.06657598070055563,0.013518444521418024,0.014011839057976205,0.013661543081526797,0.014011839057976178,0.013621227916545561,1.2088078656188113,1.210463877670814,1.210463877670814,1.2104638776708128,1.2098427995173249
4370,2,42,0.009524318299707537,0.00980947974529322,0.00957592070373862,0.009809479745293254,0.010758598684048201,0.010758598684048503,0.020907260539676124,0.020605602859284748,0.020114993267397015,0.020605602859284762,0.020114993267396995,0.02060560285928478,-0.011382942239968587,-0.010796123113991528,-0.010539072563658396,-0.01079612311399154,-0.009356394583348793,0.45555075384616023,0.4760588570148596,0.4760588570148596,0.4760588570148593,0.5348546997271966
4370,3,37,0.013711864812246049,0.013979608726600378,0.013601781463719287,0.013979608726600397,0.013841622959641059,0.013841622959640951,0.018615309743680555,0.019597209878698073,0.01906755555765218,0.019597209878698108,0.019067555557652216,0.01959720987869804,-0.004903444931434506,-0.005617601152097695,-0.005465774093932894,-0.005617601152097705,-0.005225932598011157,0.7365907417630209,0.7133468903548378,0.7133468903548377,0.71334689035483545,0.7259254033790462
4370,4,21,0.02164682697631299,0.023196967709440366,0.022092350199467016,0.023196967709440356,0.02119441348233882,0.02119441348233866,0.016799164224735205,0.01795741089876466,0.01710229609406158,0.01795741089876467,0.017102296094061536,0.01795741089876467,0.004847662751577785,0.0052395568106757065,0.004990054105405435,0.0052395568106756996,0.004092117388277285,1.288565709979789,1.2917768513631411,1.2917768513631411,1.2917768513631425,1.2392729821639679
4370,5,11,-5.252718790747319e-4,7.711886792613484e-4,7.010806175103166e-4,7.711886792613468e-4,-0.0027264892024694894,-0.0027264892024696443,0.013800152899118468,0.014906693904642847,0.01355153991331168,0.01490669390464285,0.013551539913311605,0.014906693904642852,-0.0143254247781932,-0.0141355052253815,-0.012850459295801362,-0.014135505225381503,-0.016278029115781092,-0.03806275792120284,0.05173438753050088,0.05173438753050087,0.05173438753050272,-0.20119405026371015
4370,6,21,0.01564610051227103,0.015729590883824172,0.01498056274649921,0.015729590883824182,0.014073774285079938,0.014073774285079787,0.014055414580159,0.014615438744634437,0.013919465471080415,0.014615438744634439,0.013919465471080425,0.014615438744634451,0.0015906859321120313,0.0011141521391897346,0.0010610972754187958,0.0011141521391897244,1.5430881399951246e-4,1.1131724662435418,1.076231179826795,1.0762311798267952,1.0762311798267852,1.0110858290011286
4370,7,16,0.011020224752475655,0.01367265981659939,0.012818118578061928,0.013672659816599365,0.0161171574076584,0.01611715740765817,0.011711143631902907,0.012953873082827586,0.012144256015150862,0.012953873082827604,0.01214425601515079,0.012953873082827588,-6.909188794272519e-4,7.187867337718045e-4,6.738625629110657e-4,7.187867337718033e-4,0.003972901392507611,0.941003295566704,1.0554881716978277,1.0554881716978275,1.0554881716978193,1.3271424274612742
4370,8,11,0.004108746820009509,0.008086649384529809,0.007351499440481644,0.008086649384529795,0.010634983706132544,0.010634983706132455,0.013266030008685451,0.01621590081025225,0.014741728009320226,0.01621590081025222,0.014741728009320195,0.016215900810252256,-0.009157283188675942,-0.00812925142572244,-0.007390228568838582,-0.008129251425722437,-0.004106744303187651,0.30971939738712007,0.4986864115138859,0.49868641151388593,0.49868641151388093,0.7214204263848013
4370,9,9,0.021692872966927297,0.023999701022736134,0.02133306757576545,0.023999701022736113,0.020724147934640454,0.02072414793464026,0.030088506095567583,0.033943187289359654,0.03017172203498636,0.033943187289359654,0.03017172203498634,0.03394318728935966,-0.008395633128640285,-0.00994348626662352,-0.00883865445922091,-0.009943486266623528,-0.009447574100345888,0.7209687612281599,0.7070550216201836,0.7070550216201836,0.7070550216201831,0.686873222238004
4370,10,2,0.0754326372399057,0.15086527447981143,0.07543263723990572,0.15086527447981135,0.07543263723990568,0.07543263723990573,0.06669515612887836,0.13339031225775674,0.06669515612887837,0.13339031225775677,0.06669515612887844,0.13339031225775674,0.008737481111027345,0.01747496222205469,0.008737481111027345,0.017474962222054687,0.008737481111027234,1.13100623220888,1.13100623220888,1.13100623220888,1.1310062322088792,1.131006232208878
4380,3,1,NA,NA,NA,NA,NA,NA,NA,NA,NA,NA,NA,NA,NA,NA,NA,NA,NA,NA,NA,NA,NA,NA
4390,1,19,0.05037660762556906,0.051896362479140264,0.04916497498023814,0.05189636247914029,0.04903640718122005,0.049036407181219835,0.04738298811781581,0.04925092402207012,0.046658770126171686,0.04925092402207015,0.04665877012617178,0.04925092402207007,0.002993619507753252,0.0026454384570701456,0.0025062048540664544,0.0026454384570701516,0.0023776370550482734,1.0631792047455881,1.0537134786726983,1.0537134786726983,1.053713478672698,1.0509579881471118
4390,2,18,0.00445594236568385,0.005872631008038267,0.005546373729813919,0.00587263100803827,0.004573982681299505,0.004573982681299521,0.022422850940180317,0.02401464413871254,0.022680497242117396,0.02401464413871254,0.022680497242117466,0.02401464413871255,-0.017966908574496468,-0.018142013130674272,-0.01713412351230348,-0.018142013130674272,-0.01810651456081796,0.19872327464386277,0.2445437448132474,0.24454374481324742,0.24454374481324895,0.20167029992647884
4390,3,21,0.012305142338266347,0.012162878291574928,0.01158369361102374,0.012162878291574907,0.01318840037618262,0.01318840037618218,0.02151847094397366,0.02106486096654797,0.020061772349093305,0.02106486096654798,0.020061772349093315,0.02106486096654799,-0.009213328605707314,-0.008901982674973044,-0.008478078738069566,-0.008901982674973068,-0.006873371972910696,0.5718409254219085,0.5774013087905101,0.57740130879051,0.5774013087905107,0.6573895938350962
4390,4,13,0.0781224967141949,0.08121022828973694,0.07496328765206486,0.081210228289737,0.07510276585775727,0.07510276585775731,0.017143466051549483,0.016949152542372878,0.015645371577574965,0.016949152542372888,0.015645371577574927,0.01694915254237288,0.060979030662645414,0.06426107574736406,0.0593179160744899,0.06426107574736405,0.059457394280182346,4.55698377908439,4.7914034690944804,4.79140346909448,4.791403469094459,4.800318451074998
4390,5,10,0.019658095379113588,0.022611162084592486,0.02035004587613324,0.022611162084592497,0.02042841863990308,0.020428418639902975,0.010572916666666652,0.01150173611111111,0.0103515625,0.011501736111111145,0.0103515625,0.01150173611111111,0.009085178712446936,0.011109425973481376,0.00999848337613324,0.011109425973481373,0.010076856139903079,1.8592878388127163,1.9658912242604185,1.9658912242604187,1.9658912242604245,1.9734623289868636
4390,6,15,-0.011187770457787832,-0.013197758819174815,-0.012317908231229828,-0.013197758819174836,-0.012979574279197692,-0.0129795742791978,0.011837670754811033,0.013745851316895288,0.012829461229102269,0.013745851316895296,0.012829461229102179,0.013745851316895288,-0.023025441212598863,-0.026943610136070103,-0.025147369460332095,-0.026943610136070106,-0.02580903550829987,-0.9450989717078362,-0.9601266967694608,-0.9601266967694608,-0.9601266967694656,-1.0117006511352946
4390,7,15,-1.6512142096503177e-6,0.0013630662307976022,0.0012721951487444287,0.0013630662307976354,0.0015649288730602488,0.0015649288730603243,0.014099396265643133,0.013673983447283194,0.012762384550797647,0.013673983447283163,0.012762384550797635,0.013673983447283196,-0.014101047479852783,-0.012310917216485591,-0.011490189402053218,-0.012310917216485608,-0.011197455677737386,-1.1711240527893617e-4,0.09968318566806676,0.09968318566806676,0.09968318566804735,0.12262041367202357
4390,8,29,0.007621889274084457,0.00819164417229916,0.00790917368359919,0.008191644172299175,0.007905015961850038,0.007905015961849862,0.014147023790538983,0.014804474461275604,0.014293975341921273,0.01480447446127561,0.014293975341921216,0.014804474461275592,-0.006525134516454526,-0.0066128302889764436,-0.006384801658322083,-0.006612830288976454,-0.006388959380071177,0.5387627381514478,0.5533221860543734,0.5533221860543734,0.5533221860543753,0.5530313137358153
4390,9,3,-0.008861385984642626,-0.013292078976963927,-0.008861385984642617,-0.013292078976963979,-0.008861385984642626,-0.008861385984642613,0.016260162601625994,0.024390243902439025,0.016260162601626015,0.024390243902438987,0.016260162601626032,0.02439024390243902,-0.025121548586268617,-0.03768232287940295,-0.02512154858626863,-0.03768232287940296,-0.02512154858626866,-0.5449752380555222,-0.544975238055521,-0.544975238055521,-0.5449752380555297,-0.544975238055521
4400,6,2,-0.010025779014022212,-0.020051558028044487,-0.010025779014022244,-0.020051558028044415,-0.01002577901402213,-0.010025779014022197,0.014925373134328374,0.029850746268656716,0.014925373134328358,0.02985074626865682,0.014925373134328401,0.029850746268656716,-0.024951152148350586,-0.0499023042967012,-0.0249511521483506,-0.04990230429670116,-0.02495115214835053,-0.6717271939394875,-0.6717271939394903,-0.6717271939394903,-0.6717271939394841,-0.6717271939394808
4400,7,1,NA,NA,NA,NA,NA,NA,NA,NA,NA,NA,NA,NA,NA,NA,NA,NA,NA,NA,NA,NA,NA,NA
4400,8,4,-6.425436194482381e-4,-8.567248259309573e-4,-6.42543619448218e-4,-8.567248259309686e-4,-6.425436194481549e-4,-6.425436194482212e-4,0.009391493325054318,0.012521991100072441,0.009391493325054331,0.012521991100072424,0.00939149332505429,0.01252199110007244,-0.010034036944502556,-0.013378715926003398,-0.010034036944502549,-0.013378715926003365,-0.010034036944502445,-0.06841761977662075,-0.06841761977661852,-0.0684176197766185,-0.06841761977662283,-0.06841761977661209
4400,10,1,NA,NA,NA,NA,NA,NA,NA,NA,NA,NA,NA,NA,NA,NA,NA,NA,NA,NA,NA,NA,NA,NA
4410,2,1,NA,NA,NA,NA,NA,NA,NA,NA,NA,NA,NA,NA,NA,NA,NA,NA,NA,NA,NA,NA,NA,NA
4410,3,3,0.057334633044801464,0.0860019495672022,0.057334633044801464,0.0860019495672022,0.057334633044801464,0.057334633044801325,0.004306632213608978,0.006459948320413437,0.004306632213608958,0.0064599483204133045,0.004306632213608867,0.0064599483204134354,0.05302800083119249,0.07954200124678876,0.05302800083119251,0.0795420012467888,0.0530280008311926,13.313101793002838,13.313101793002899,13.313101793002899,13.313101793003579,13.313101793003181
4410,4,1,NA,NA,NA,NA,NA,NA,NA,NA,NA,NA,NA,NA,NA,NA,NA,NA,NA,NA,NA,NA,NA,NA
4410,5,1,NA,NA,NA,NA,NA,NA,NA,NA,NA,NA,NA,NA,NA,NA,NA,NA,NA,NA,NA,NA,NA,NA
4410,6,2,0.0035236838674435056,0.007047367734887022,0.003523683867443511,0.007047367734887055,0.0035236838674435056,0.0035236838674435017,0.014705882352941152,0.029411764705882353,0.014705882352941176,0.029411764705882457,0.014705882352941124,0.029411764705882356,-0.011182198485497646,-0.02236439697099533,-0.011182198485497665,-0.02236439697099529,-0.011182198485497619,0.23961050298615877,0.23961050298615874,0.23961050298615874,0.2396105029861594,0.23961050298615924
4410,7,4,-0.002948749822741122,-0.003923043877092776,-0.002942282907819582,-0.003923043877092747,-0.0037349722924939766,-0.0037349722924940676,0.0051369863013698835,0.00684931506849315,0.005136986301369863,0.00684931506849318,0.005136986301369939,0.006849315068493151,-0.008085736124111006,-0.010772358945585927,-0.008079269209189445,-0.010772358945585956,-0.008871958593863916,-0.574023298826936,-0.5727644060555453,-0.5727644060555453,-0.5727644060555428,-0.72707460627215
4410,8,3,0.04818231992280059,0.07227347988420087,0.04818231992280057,0.0722734798842009,0.048182319922800275,0.04818231992280049,0.01920438957475997,0.028806584362139922,0.019204389574759947,0.028806584362139856,0.019204389574759933,0.028806584362139908,0.028977930348040616,0.04346689552206094,0.028977930348040627,0.04346689552206098,0.028977930348040342,2.5089222302658274,2.5089222302658296,2.5089222302658296,2.5089222302658594,2.508922230265816
4410,9,1,NA,NA,NA,NA,NA,NA,NA,NA,NA,NA,NA,NA,NA,NA,NA,NA,NA,NA,NA,NA,NA,NA
4420,1,1,NA,NA,NA,NA,NA,NA,NA,NA,NA,NA,NA,NA,NA,NA,NA,NA,NA,NA,NA,NA,NA,NA
4420,2,1,NA,NA,NA,NA,NA,NA,NA,NA,NA,NA,NA,NA,NA,NA,NA,NA,NA,NA,NA,NA,NA,NA
4420,4,1,NA,NA,NA,NA,NA,NA,NA,NA,NA,NA,NA,NA,NA,NA,NA,NA,NA,NA,NA,NA,NA,NA
4420,6,1,NA,NA,NA,NA,NA,NA,NA,NA,NA,NA,NA,NA,NA,NA,NA,NA,NA,NA,NA,NA,NA,NA
4420,7,4,0.003419000621458488,0.004558667495278005,0.0034190006214585037,0.004558667495278023,0.003419000621458279,0.0034190006214584972,0.009668508287292807,0.01289134438305709,0.009668508287292817,0.012891344383057108,0.00966850828729271,0.01289134438305709,-0.006249507665834319,-0.008332676887779085,-0.0062495076658343135,-0.008332676887779092,-0.006249507665834431,0.35362234999084974,0.35362234999085096,0.35362234999085096,0.35362234999085107,0.3536223499908317
4440,1,8,0.05510817008382858,0.05780200988627862,0.0505767586504938,0.05780200988627876,0.04846575223870708,0.0484657522387072,0.05852663230240552,0.06332842415316642,0.055412371134020616,0.06332842415316643,0.055412371134020644,0.06332842415316642,-0.0034184622185769384,-0.005526414266887797,-0.004835612483526819,-0.005526414266887815,-0.006946618895313561,0.9415913391203882,0.9127340630879811,0.9127340630879811,0.9127340630879808,0.8746377613310855
4440,2,45,0.005124598924316865,0.005139392055628919,0.005025183343281609,0.005139392055628922,0.005053984697082272,0.0050539846970825975,0.026181969896920305,0.026863096496988995,0.026266138797055905,0.02686309649698899,0.026266138797055937,0.026863096496989,-0.02105737097260344,-0.021723704441360077,-0.021240955453774295,-0.02172370444136006,-0.021212154099973665,0.19573007472289755,0.1913179315052149,0.19131793150521487,0.19131793150521562,0.19241445178264088
4440,3,45,0.012829224182099537,0.01177366380783725,0.011512026834329756,0.01177366380783728,0.009565243031022576,0.009565243031022342,0.020195181324470245,0.01963105820854037,0.019194812470572805,0.019631058208540348,0.01919481247057288,0.019631058208540383,-0.007365957142370708,-0.007857394400703118,-0.007682785636243049,-0.007857394400703096,-0.009629569439550305,0.6352616486069639,0.5997467728313898,0.5997467728313898,0.5997467728313899,0.4983243803859416
4440,4,45,0.023309793872810767,0.02662281303088871,0.026031194963535627,0.026622813030888717,0.024270466995340693,0.02427046699534059,0.01489659789682394,0.015675914074425618,0.01532756042832727,0.01567591407442562,0.015327560428327223,0.01567591407442562,0.008413195975986826,0.010946898956463093,0.010703634535208357,0.010946898956463082,0.00894290656701347,1.5647729793243985,1.6983260372881446,1.6983260372881446,1.6983260372881437,1.583452703307297
4440,5,54,0.017100136905146526,0.016223511895618485,0.01592307649014407,0.01622351189561848,0.015921771441094437,0.01592177144109475,0.014223295703022687,0.013690558357755333,0.013437029499278382,0.013690558357755326,0.013437029499278373,0.013690558357755301,0.0028768412021238383,0.0025329535378631526,0.002486046990865687,0.002532953537863135,0.002484741941816063,1.2022626304192257,1.1850146262609007,1.1850146262609007,1.1850146262609,1.1849175029309496
4440,6,67,0.005085540075439069,0.0054076783377775195,0.005326966720795765,0.005407678337777531,0.0052012063542528145,0.0052012063542531285,0.012092845019510329,0.012197011773312469,0.012014966821471983,0.01219701177331248,0.012014966821471995,0.012197011773312501,-0.007007304944071259,-0.006789333435534949,-0.006688000100676218,-0.00678933343553495,-0.00681376046721918,0.42054124296095513,0.4433609180905874,0.4433609180905874,0.4433609180905911,0.43289394232514383
4440,7,70,-7.617119662693179e-4,-5.331363518273553e-4,-5.255201182298217e-4,-5.331363518273625e-4,-9.159417627304021e-4,-9.159417627309903e-4,0.010337876134118813,0.010747016393519276,0.010593487587897573,0.01074701639351927,0.01059348758789765,0.01074701639351924,-0.01109958810038813,-0.011280152745346632,-0.011119007706127395,-0.011280152745346602,-0.01150942935062805,-0.07368166888316517,-0.04960784763935505,-0.04960784763935505,-0.04960784763935845,-0.08646272109449624
4440,8,23,-0.008103475406035699,-0.008666295727088609,-0.008289500260693453,-0.008666295727088583,-0.008271967216242985,-0.008271967216243117,0.020239376440427795,0.021599003735990042,0.020659916617033952,0.02159900373598998,0.020659916617033997,0.021599003735990014,-0.028342851846463492,-0.03026529946307865,-0.028949416877727403,-0.030265299463078654,-0.02893188383327698,-0.4003816733132722,-0.40123590111001795,-0.401235901110018,-0.40123590111001806,-0.40038725080926946
4440,9,14,0.02936780056509738,0.032831133888781665,0.030486052896725832,0.03283113388878169,0.029669999058693466,0.02966999905869361,0.019733059415599098,0.023205980470937738,0.02154841043729933,0.02320598047093773,0.02154841043729938,0.023205980470937717,0.009634741149498284,0.009625153417843927,0.008937642459426503,0.009625153417843934,0.008121588621394085,1.4882537951455195,1.4147703834318957,1.4147703834318957,1.414770383431897,1.3768996625076326
4440,10,5,0.07433151339191231,0.0929143917398904,0.07433151339191232,0.09291439173989038,0.07433151339191202,0.07433151339191223,0.044737756165335166,0.05592219520666898,0.04473775616533519,0.05592219520666894,0.04473775616533526,0.05592219520666899,0.029593757226577144,0.036992196533221416,0.029593757226577137,0.036992196533221416,0.029593757226576756,1.6614939988766741,1.6614939988766737,1.6614939988766737,1.6614939988766741,1.6614939988766642
4460,1,4,0.05480059462143223,0.07306745949524299,0.05480059462143224,0.07306745949524297,0.054800594621432275,0.05480059462143225,0.04420376859999172,0.05893835813332228,0.044203768599991713,0.05893835813332227,0.044203768599991644,0.05893835813332227,0.010596826021440513,0.014129101361920707,0.010596826021440527,0.01412910136192069,0.01059682602144063,1.2397267553663398,1.2397267553663402,1.2397267553663402,1.2397267553663414,1.239726755366343
4460,2,11,0.004747947481083179,0.0033472747669462863,0.00304297706086026,0.0033472747669463397,0.0025577556195014754,0.002557755619501458,0.012789140772888856,0.015323224261771747,0.013930203874337951,0.015323224261771668,0.013930203874337915,0.015323224261771759,-0.008041193291805677,-0.01197594949482546,-0.010887226813477691,-0.01197594949482547,-0.01137244825483644,0.37124835556960534,0.21844454598873422,0.2184445459887342,0.2184445459887297,0.18361221720619234
4460,3,17,0.010168757170279395,0.006159759298848048,0.005797420516562868,0.006159759298848054,0.004160902306396796,0.004160902306396783,0.014862123780103523,0.015349554063497327,0.014446639118585718,0.015349554063497339,0.014446639118585751,0.015349554063497322,-0.004693366609824128,-0.009189794764649279,-0.00864921860202285,-0.009189794764649276,-0.010285736812188955,0.6842061956106629,0.40129890896938375,0.40129890896938375,0.401298908969381,0.28801870609779073
4460,4,5,-0.004233933659429726,-0.0014976172775578295,-0.0011980938220462636,-0.001497617277557811,0.005175490532319848,0.005175490532319988,0.016,0.022105263157894735,0.01768421052631579,0.022105263157894763,0.0176842105263157,0.02210526315789474,-0.020233933659429725,-0.023602880435452566,-0.018882304348362054,-0.02360288043545254,-0.012508719993995852,-0.26462085371435784,-0.067749353032378,-0.067749353032378,-0.06774935303237715,0.29266166700618335
4460,5,6,0.008343893594959685,0.015019008470927422,0.012515840392439519,0.015019008470927388,0.016051952707672346,0.016051952707671974,0.002376708259061194,0.00427807486631016,0.0035650623885917997,0.004278074866310186,0.0035650623885918145,0.0042780748663101605,0.005967185335898491,0.010740933604617264,0.008950778003847719,0.010740933604617232,0.012486890319080532,3.5106932300792972,3.5106932300792857,3.5106932300792857,3.5106932300792706,4.502572734502075
4460,6,8,0.006134228549911407,0.006313434186827086,0.0055242549134737,0.006313434186827077,0.006284116657125471,0.0062841166571255686,0.010369955156950668,0.011531069827033953,0.01008968609865471,0.011531069827033944,0.010089686098654793,0.011531069827033951,-0.004235726607039261,-0.0052176356402068675,-0.00456543118518101,-0.00521763564020684,-0.0038055694415293218,0.59153858016443,0.5475150425353933,0.5475150425353933,0.5475150425353992,0.6228257842395415
4460,7,4,-0.002122572850618197,-0.002830097134157589,-0.002122572850618192,-0.0028300971341575763,-0.002122572850618454,-0.0021225728506182027,0.012483551492485617,0.01664473532331417,0.012483551492485628,0.016644735323314206,0.0124835514924857,0.01664473532331417,-0.014606124343103814,-0.01947483245747176,-0.01460612434310382,-0.019474832457471752,-0.014606124343104154,-0.17002956665784286,-0.17002956665784227,-0.1700295666578423,-0.17002956665784483,-0.17002956665786229
4470,1,40,0.04371732967147609,0.04255675435670899,0.041492835497791265,0.042556754356708984,0.04047115448396958,0.0404711544839694,0.03437201865564607,0.034638280577277886,0.033772323562845936,0.03463828057727787,0.03377232356284594,0.03463828057727793,0.00934531101583002,0.007918473779431105,0.007720511934945329,0.007918473779431095,0.0066988309211236385,1.2718871739671573,1.228604701141704,1.228604701141704,1.2286047011417045,1.198352680965465
4470,2,20,0.028632370696096716,0.031101974422218712,0.029546875701107776,0.031101974422218712,0.025634470324105506,0.025634470324105502,0.02119831036016007,0.02287566403781798,0.02173188083592708,0.02287566403781799,0.021731880835927163,0.022875664037817996,0.007434060335936646,0.008226310384400734,0.007814994865180697,0.008226310384400751,0.003902589488178343,1.3506911734771163,1.3596096869931742,1.3596096869931742,1.35960968699317,1.1795790027399091
4470,3,42,-1.9297534683202763e-4,-0.0010061510729684798,-9.821950950406589e-4,-0.0010061510729684827,-9.751610248075947e-4,-9.751610248071563e-4,0.021446599590613093,0.020775419463190815,0.02028076661882913,0.020775419463190833,0.02028076661882917,0.020775419463190864,-0.02163957493744512,-0.021781570536159294,-0.021262961713869787,-0.021781570536159277,-0.021255927643636766,-0.008997946085424681,-0.048429880068180775,-0.048429880068180775,-0.04842988006818162,-0.048083045534493295
4470,4,72,0.005865942997357703,0.005670483921779131,0.00559172720064331,0.005670483921779158,0.005862307482218141,0.005862307482217745,0.015919779203098564,0.01583552071603858,0.015615582928315825,0.015835520716038626,0.015615582928315774,0.015835520716038522,-0.010053836205740862,-0.01016503679425945,-0.010023855727672514,-0.010165036794259449,-0.009753275446097633,0.3684688664661868,0.3580863568342236,0.3580863568342235,0.35808635683422185,0.3754139380597829
4470,5,54,-2.314376611694391e-4,-5.9719492196527894e-5,-5.861357567436997e-5,-5.971949219651631e-5,-1.4183951701367219e-4,-1.4183951701352216e-4,0.01323867472203816,0.014068461436511455,0.013807934372872354,0.014068461436511552,0.013807934372872376,0.014068461436511434,-0.0134701123832076,-0.014128180928707983,-0.013866547948546724,-0.014128180928708,-0.013949773889886049,-0.017481935769912783,-0.004244919920066006,-0.004244919920066007,-0.004244919920064705,-0.010272319753513299
4470,6,36,0.0012025718599857505,4.97441915339264e-4,4.836240843576177e-4,4.974419153392217e-4,0.0024431474290395666,0.0024431474290397795,0.009874073132210746,0.011078104325107866,0.01077037920496598,0.0110781043251078,0.010770379204965942,0.011078104325107871,-0.008671501272224996,-0.010580662409768602,-0.010286755120608362,-0.010580662409768618,-0.008327231775926376,0.1217908601530179,0.04490316219642754,0.044903162196427544,0.04490316219641072,0.22683949957055316
4470,7,37,0.020597537829743034,0.022319548734363898,0.0217163176874892,0.022319548734363894,0.02323568317485728,0.023235683174857292,0.014338947561479756,0.01565817346468659,0.015234979587262628,0.015658173464686585,0.01523497958726258,0.015658173464686554,0.0062585902682632776,0.006661375269677309,0.0064813381002265715,0.006661375269677294,0.008000703587594702,1.4364748696812586,1.4254247971323417,1.4254247971323417,1.4254247971323397,1.5251535482386733
4470,8,33,0.028088540927055414,0.029224531293755542,0.02833893943636901,0.029224531293755563,0.029609943742073812,0.029609943742074023,0.02305558896069737,0.023219532143117068,0.022515909956962007,0.02321953214311703,0.022515909956961944,0.023219532143117023,0.005032951966358043,0.006004999150638474,0.005823029479407004,0.006004999150638505,0.0070940337851118675,1.2182963955046937,1.2586184387189958,1.2586184387189958,1.2586184387189856,1.3150676032490698
4470,9,46,0.037629422066721104,0.03884551738702659,0.0380010496177434,0.038845517387026574,0.037969844241709405,0.037969844241709606,0.030382621699637374,0.031072498578495016,0.030397009478962515,0.03107249857849501,0.03039700947896252,0.031072498578495002,0.007246800367083729,0.007773018808531571,0.0076040401387808855,0.0077730188085315555,0.0075728347627468835,1.2385179409046922,1.2501575078970701,1.2501575078970704,1.2501575078970686,1.2491309142758917
4470,10,43,0.03966935789031463,0.03995854796378367,0.03902927940648637,0.03995854796378365,0.03851113156590739,0.038511131565907734,0.042368867615705526,0.04376884568012493,0.042750965548029,0.04376884568012495,0.042750965548029055,0.043768845680125006,-0.002699509725390896,-0.0038102977163412613,-0.0037216861415426267,-0.0038102977163412843,-0.004239833982121667,0.9362855351746473,0.9129449804505243,0.9129449804505243,0.9129449804505214,0.9008248368716169
4480,1,3,-0.019909423756385713,-0.029864135634578532,-0.019909423756385686,-0.029864135634578712,-0.019909423756385713,-0.01990942375638576,0.007625272331154694,0.011437908496732027,0.007625272331154684,0.011437908496731932,0.007625272331154657,0.011437908496732022,-0.027534696087540406,-0.041302044131310556,-0.027534696087540368,-0.04130204413131054,-0.02753469608754037,-2.6109787154802944,-2.6109787154802944,-2.6109787154802944,-2.610978715480331,-2.6109787154803072
4480,2,4,-0.013695203912645837,-0.017150299029343993,-0.012862724272007995,-0.017150299029343993,-0.015485339748068316,-0.01548533974806833,0.021648044692737428,0.027932960893854747,0.02094972067039106,0.02793296089385474,0.020949720670391025,0.02793296089385475,-0.035343248605383265,-0.04508325992319874,-0.03381244494239906,-0.045083259923198754,-0.03643506041845934,-0.6326300646099626,-0.613980705250515,-0.613980705250515,-0.6139807052505157,-0.7391668839744623
4480,4,1,NA,NA,NA,NA,NA,NA,NA,NA,NA,NA,NA,NA,NA,NA,NA,NA,NA,NA,NA,NA,NA,NA
4480,7,1,NA,NA,NA,NA,NA,NA,NA,NA,NA,NA,NA,NA,NA,NA,NA,NA,NA,NA,NA,NA,NA,NA
4500,1,10,0.06540308235876838,0.07103741371606852,0.06393367234446166,0.07103741371606857,0.06414899434735162,0.06414899434735194,0.06862483311081444,0.07171042871977451,0.06453938584779706,0.07171042871977452,0.06453938584779699,0.07171042871977452,-0.0032217507520460598,-6.730150037059929e-4,-6.05713503335395e-4,-6.730150037060118e-4,-3.903915004453695e-4,0.9530526981851654,0.9906148238726064,0.9906148238726064,0.9906148238726076,0.9939511122500293
4500,2,6,-0.024145095019568057,-0.025707206356997452,-0.021422671964164544,-0.025707206356997424,-0.017361979865491445,-0.017361979865491248,0.007846114907618322,0.008959757023538345,0.007466464186281955,0.008959757023538344,0.007466464186281978,0.008959757023538345,-0.031991209927186376,-0.0346669633805358,-0.0288891361504465,-0.034666963380535806,-0.024828444051773424,-3.0773313039455945,-2.8691856586581053,-2.8691856586581053,-2.8691856586581026,-2.325328218595135
4500,3,4,0.01659327763905383,0.022124370185405095,0.01659327763905382,0.022124370185405053,0.016593277639053605,0.016593277639053806,0.013723150357995234,0.018297533810660304,0.013723150357995227,0.01829753381066026,0.013723150357995317,0.018297533810660304,0.0028701272810585966,0.003826836374744791,0.002870127281058593,0.0038268363747447983,0.002870127281058288,1.2091449270893133,1.209144927089313,1.209144927089313,1.2091449270893153,1.2091449270892896
4500,4,7,0.004304057436308053,0.008397897801432354,0.007198198115513446,0.008397897801432384,0.001343030463323355,0.001343030463323467,0.009861523449664702,0.017463546965072903,0.01496875454149106,0.01746354696507291,0.014968754541491032,0.017463546965072897,-0.005557466013356649,-0.00906564916364055,-0.007770556425977613,-0.009065649163640612,-0.013625724078167676,0.4364495463887371,0.48088156536745663,0.48088156536745663,0.4808815653674486,0.08972225842842742
4500,7,2,0.02329806304387333,0.04659612608774665,0.023298063043873326,0.04659612608774666,0.023298063043873496,0.02329806304387328,0.010204081632653073,0.02040816326530612,0.01020408163265306,0.020408163265306156,0.010204081632652962,0.020408163265306124,0.013093981411220257,0.02618796282244053,0.013093981411220266,0.026187962822440524,0.013093981411220534,2.283210178299584,2.283210178299586,2.283210178299586,2.2832101782995737,2.283210178299625
4500,9,2,0.055097437825310513,0.11019487565062097,0.055097437825310486,0.11019487565062115,0.0550974378253104,0.05509743782531051,0.012820512820512803,0.02564102564102564,0.01282051282051282,0.02564102564102578,0.012820512820512775,0.02564102564102564,0.04227692500479771,0.08455385000959534,0.04227692500479767,0.08455385000959541,0.04227692500479763,4.297600150374226,4.297600150374218,4.297600150374218,4.297600150374191,4.297600150374227
4560,1,4,0.007010174538776619,0.012246309621549378,0.009184732216162034,0.01224630962154936,0.006485921938977901,0.006485921938977884,0.05033818938605622,0.05601803676725633,0.042013527575442244,0.056018036767256314,0.0420135275754423,0.056018036767256335,-0.0433280148472796,-0.04377172714570695,-0.03282879535928021,-0.04377172714570696,-0.0355276056364644,0.13926155517859073,0.21861368816672977,0.2186136881667298,0.21861368816672985,0.15437699029988247
4560,2,8,0.007509536754669291,0.008403351423550259,0.007352932495606476,0.008403351423550256,0.007219331852747368,0.007219331852747405,0.022267000812787846,0.024112706583581684,0.021098618260633972,0.024112706583581688,0.021098618260634083,0.024112706583581688,-0.014757464058118555,-0.015709355160031427,-0.013745685765027497,-0.015709355160031416,-0.013879286407886715,0.3372495837138783,0.348503034880045,0.348503034880045,0.34850303488004625,0.34217083619249306
4560,3,4,0.043205330204866256,0.05760710693982165,0.043205330204866235,0.05760710693982169,0.043205330204866055,0.04320533020486621,0.01516634050880629,0.02022178734507502,0.015166340508806265,0.02022178734507499,0.015166340508806275,0.02022178734507502,0.028038989696059967,0.03738531959474663,0.02803898969605997,0.037385319594746634,0.02803898969605978,2.8487643528627893,2.848764352862793,2.8487643528627924,2.8487643528627924,2.8487643528627786
4560,5,11,0.012500204212668497,0.01503415664016929,0.013667415127426627,0.015034156640169324,0.013112750051524942,0.013112750051524596,0.012270933241784106,0.01352949661041396,0.012299542373103598,0.013529496610413886,0.01229954237310354,0.013529496610413966,2.292709708843904e-4,0.0015046600297553316,0.0013678727543230285,0.0015046600297553194,8.132076784214022e-4,1.0186840696112414,1.1112133047579287,1.1112133047579287,1.1112133047579296,1.066116905308584
4560,6,25,0.0029248199728385198,0.0032172962962246166,0.0030886044443756318,0.0032172962962246127,0.002606793406527572,0.0026067934065276636,0.011364179924907793,0.01278045053722066,0.012269232515731834,0.012780450537220673,0.01226923251573183,0.01278045053722067,-0.008439359952069273,-0.009563154240996043,-0.009180628071356202,-0.009563154240996082,-0.009662439109204259,0.25737184664138896,0.2517357496009116,0.2517357496009116,0.25173574960091055,0.21246589003713923
4560,7,17,0.00782316682035471,0.0074285780082147725,0.006991602831260962,0.0074285780082147795,0.0064672444475169085,0.006467244447516713,0.013327910430961931,0.014153861504689683,0.013321281416178525,0.014153861504689686,0.013321281416178513,0.014153861504689681,-0.0055047436106072205,-0.00672528349647491,-0.006329678584917562,-0.00672528349647491,-0.006854036968661604,0.5869762451419835,0.5248446161320299,0.5248446161320299,0.5248446161320298,0.4854821578697774
4560,8,28,0.013534983440406132,0.013897694895027934,0.013401348648776937,0.013897694895027936,0.012874419332220301,0.01287441933221996,0.016234829635412177,0.017674407377948915,0.017043178543022168,0.017674407377948887,0.017043178543022158,0.01767440737794891,-0.002699846195006045,-0.0037767124829209808,-0.003641829894245231,-0.003776712482920977,-0.004168759210801856,0.833700367935059,0.786317447473067,0.7863174474730671,0.7863174474730672,0.7554001326525658
4560,9,28,0.02183881026228634,0.023070273719668064,0.022246335372537063,0.02307027371966806,0.021996174354586957,0.021996174354586985,0.027329914912179867,0.0291260471058295,0.02808583113776416,0.02912604710582947,0.028085831137764115,0.02912604710582947,-0.005491104649893528,-0.0060557733861614366,-0.005839495765227097,-0.006055773386161425,-0.006089656783177157,0.7990807996461651,0.7920839252866074,0.7920839252866075,0.7920839252866074,0.78317690677172
4560,10,21,0.052605338505564425,0.05658703604336697,0.05389241527939711,0.05658703604336691,0.05377692466382894,0.05377692466382907,0.06776247014805238,0.0734910115480773,0.06999143956959743,0.07349101154807727,0.0699914395695974,0.07349101154807738,-0.015157131642487956,-0.01690397550471033,-0.01609902429020032,-0.016903975504710313,-0.01621451490576846,0.7763196706175033,0.7699858098476183,0.7699858098476182,0.7699858098476181,0.76833574212107425
4570,1,1,NA,NA,NA,NA,NA,NA,NA,NA,NA,NA,NA,NA,NA,NA,NA,NA,NA,NA,NA,NA,NA,NA
4570,2,1,NA,NA,NA,NA,NA,NA,NA,NA,NA,NA,NA,NA,NA,NA,NA,NA,NA,NA,NA,NA,NA,NA
4570,3,2,-0.007390673875213749,-0.014781347750427463,-0.007390673875213732,-0.014781347750427665,-0.00739067387521386,-0.007390673875213788,0.02941176470588236,0.058823529411764705,0.029411764705882353,0.05882352941176473,0.02941176470588225,0.058823529411764705,-0.03680243858109611,-0.07360487716219216,-0.03680243858109608,-0.07360487716219224,-0.03680243858109611,-0.2512829117572674,-0.25128291175726686,-0.25128291175726686,-0.2512829117572702,-0.25128291175727213
4570,4,1,NA,NA,NA,NA,NA,NA,NA,NA,NA,NA,NA,NA,NA,NA,NA,NA,NA,NA,NA,NA,NA,NA
4570,5,1,NA,NA,NA,NA,NA,NA,NA,NA,NA,NA,NA,NA,NA,NA,NA,NA,NA,NA,NA,NA,NA,NA
4590,1,13,0.007864409925862896,0.0069375368995544615,0.00640388021497335,0.006937536899554455,0.006519405114659777,0.006519405114659707,0.0480702045842108,0.05174786677676851,0.04776726164009401,0.05174786677676849,0.047767261640094,0.05174786677676849,-0.04020579465834791,-0.04481032987721405,-0.04136338142512066,-0.044810329877214033,-0.04124785652543422,0.16360258904423405,0.13406421040468808,0.13406421040468808,0.13406421040468586,0.13648270574479907
4590,2,10,-0.013393548799885904,-0.01362097976133115,-0.012258881785198034,-0.013620979761331161,-0.011332126547792499,-0.011332126547792443,0.015253614872618749,0.0186927804554612,0.016823502409915078,0.01869278045546121,0.016823502409915037,0.018692780455461196,-0.028647163672504652,-0.032313760216792345,-0.029082384195113112,-0.03231376021679237,-0.028155628957707533,-0.8780573596314021,-0.7286759609564507,-0.7286759609564507,-0.7286759609564539,-0.673589022765785
4590,3,15,0.03718200669482229,0.03935723251154934,0.03673341701077938,0.03935723251154933,0.032770883097507426,0.03277088309750714,0.018083293552633495,0.01893354659921513,0.017671310159267456,0.018933546599215118,0.017671310159267505,0.018933546599215128,0.019098713142188792,0.020423685912334205,0.019062106851511926,0.020423685912334188,0.015099572938239922,2.056152358894125,2.078703654664512,2.078703654664512,2.0787036546645137,1.8544682200782454
4590,4,15,0.0034646348762024243,0.0020603377763800095,0.0019229819246213422,0.002060337776380055,6.524373683923556e-4,6.52437368392395e-4,0.012374808942773487,0.01308996436065683,0.012217300069946375,0.013089964360656868,0.012217300069946428,0.013089964360656821,-0.008910174066571063,-0.01102962658427682,-0.010294318145325033,-0.011029626584276824,-0.011564862701554072,0.2799748175688535,0.1573982724179568,0.15739827241795679,0.15739827241795581,0.05340274566860308
4590,5,19,0.02561958322244566,0.025697485668791382,0.02434498642306552,0.025697485668791376,0.02793940332534873,0.027939403325348895,0.011609665586257617,0.011914845558755433,0.011287748424084094,0.011914845558755443,0.011287748424084006,0.011914845558755428,0.014009917636188043,0.01378264011003595,0.013057237998981425,0.013782640110035944,0.016651654901264724,2.2067460110799066,2.156761960704392,2.1567619607043915,2.156761960704402,2.4751972028129243
4590,6,14,0.054143189737762956,0.05940258077773286,0.05515953929360909,0.059402580777732944,0.054693893061204486,0.054693893061204826,0.010476131732400418,0.012027331323083935,0.01116823622857794,0.012027331323083935,0.011168236228577908,0.012027331323083928,0.04366705800536254,0.047375249454648924,0.04399130306503115,0.04737524945464891,0.043525656832626575,5.168242546083087,4.93896602513328,4.938966025133281,4.938966025133216,4.897272222918305
4590,7,27,0.00873486907088756,0.012209828469014689,0.011757612599791922,0.012209828469014663,0.011670782733224987,0.01167078273322525,0.011669994507692363,0.01333133730962267,0.012837584075932941,0.01333133730962271,0.012837584075932882,0.013331337309622653,-0.0029351254368048026,-0.001121508840607981,-0.0010799714761410197,-0.0011215088406079901,-0.0011668013427078953,0.7484895614243783,0.9158742431790045,0.9158742431790045,0.915874243179008,0.9091105198761391
4590,8,27,0.025442300233694266,0.025209968795294198,0.02427626624732034,0.02520996879529421,0.02257832553475791,0.022578325534757984,0.01951734322906494,0.019855248831102297,0.019119869244765175,0.0198552488311023,0.019119869244765206,0.019855248831102255,0.005924957004629326,0.005354719964191901,0.0051563970025551645,0.005354719964191917,0.0034584562899927056,1.3035739513872957,1.2696878800029938,1.2696878800029938,1.2696878800029952,1.1808828421219246
4590,9,23,0.04565900047998955,0.04871160125650176,0.046593705549697335,0.04871160125650176,0.0457315460553178,0.045731546055317616,0.030427849792975116,0.0322241450855321,0.030823095299204618,0.03222414508553209,0.03082309529920464,0.03222414508553206,0.015231150687014437,0.01648745617096966,0.015770610250492718,0.016487456170969646,0.014908450756113158,1.5005661192178903,1.5116491415740352,1.511649141574035,1.5116491415740374,1.4836779243419416
4590,10,35,0.04900403850878012,0.05094499063284605,0.04948941947190759,0.05094499063284605,0.0495963488516125,0.049596348851612425,0.07043019828510695,0.07303044101121445,0.07094385698232261,0.07303044101121448,0.07094385698232263,0.07303044101121446,-0.02142615977632683,-0.0220854503783684,-0.021454437510415023,-0.02208545037836842,-0.021347508130710124,0.6957816348948492,0.6975856906714148,0.6975856906714147,0.6975856906714151,0.6990929301175524
5031,3,1,NA,NA,NA,NA,NA,NA,NA,NA,NA,NA,NA,NA,NA,NA,NA,NA,NA,NA,NA,NA,NA,NA
5031,4,2,-0.017101456992507258,-0.03420291398501446,-0.01710145699250723,-0.034202913985014606,-0.017101456992507202,-0.01710145699250731,0.0028901734104046506,0.005780346820809248,0.002890173410404624,0.005780346820809123,0.0028901734104045396,0.005780346820809248,-0.01999163040291191,-0.039983260805823706,-0.019991630402911853,-0.03998326080582383,-0.019991630402911742,-5.917104119407457,-5.917104119407502,-5.917104119407502,-5.917104119407721,-5.917104119407665
5031,5,1,NA,NA,NA,NA,NA,NA,NA,NA,NA,NA,NA,NA,NA,NA,NA,NA,NA,NA,NA,NA,NA,NA
5031,6,2,0.060154752908034466,0.12030950581606893,0.060154752908034466,0.1203095058160689,0.0601547529080344,0.06015475290803444,0.003455083909180673,0.006910167818361303,0.0034550839091806516,0.0069101678183612495,0.0034550839091807006,0.006910167818361303,0.05669966899885379,0.11339933799770763,0.056699668998853814,0.11339933799770763,0.0566996689988537,17.41050419881101,17.410504198811118,17.410504198811118,17.410504198811328,17.41050419881085
5031,8,2,0.002239844579388778,0.004479689158777605,0.0022398445793888025,0.0044796891587775,0.002239844579388972,0.002239844579388761,0.004065040650406498,0.008130081300813009,0.0040650406504065045,0.008130081300813028,0.004065040650406582,0.008130081300813007,-0.0018251960710177206,-0.003650392142035404,-0.001825196071017702,-0.003650392142035443,-0.0018251960710176096,0.5510017665296401,0.5510017665296454,0.5510017665296454,0.5510017665296365,0.5510017665296766
5031,9,1,NA,NA,NA,NA,NA,NA,NA,NA,NA,NA,NA,NA,NA,NA,NA,NA,NA,NA,NA,NA,NA,NA
5031,10,1,NA,NA,NA,NA,NA,NA,NA,NA,NA,NA,NA,NA,NA,NA,NA,NA,NA,NA,NA,NA,NA,NA
5070,1,7,7.412368640268848e-4,5.959977581818016e-4,5.108552212986871e-4,5.959977581818794e-4,0.00317947826667491,0.003179478266675145,0.09592466863558477,0.1082474773732851,0.09278355203424438,0.10824747737328515,0.09278355203424431,0.10824747737328504,-0.09518343177155789,-0.10765147961510331,-0.09227269681294568,-0.10765147961510331,-0.0896040737675694,0.007727280944204495,0.005505881269884361,0.005505881269884361,0.0055058812698847975,0.034267692893471424
5070,2,2,0.08393979085346825,0.16787958170693654,0.08393979085346827,0.16787958170693648,0.08393979085346825,0.0839397908534684,0.007042253521126751,0.014084507042253521,0.007042253521126761,0.014084507042253589,0.007042253521126751,0.014084507042253521,0.0768975373323415,0.153795074664683,0.0768975373323415,0.15379507466468298,0.0768975373323415,11.919450301192509,11.919450301192494,11.919450301192494,11.919450301192338,11.919450301192509
5070,3,4,0.008648277206720623,0.011531036275627507,0.00864827720672063,0.011531036275627496,0.008648277206720678,0.008648277206720642,0.01670716889428918,0.02227622519238558,0.016707168894289186,0.022276225192385566,0.016707168894289248,0.02227622519238558,-0.008058891687568556,-0.010745188916758073,-0.008058891687568556,-0.010745188916758075,-0.00805889168756857,0.5176387011731691,0.5176387011731693,0.5176387011731693,0.517638701173167,0.5176387011731703
5070,4,2,-0.010534631676576534,-0.021069263353153043,-0.010534631676576521,-0.021069263353153105,-0.010534631676576645,-0.01053463167657651,0.008379888268156416,0.01675977653631285,0.008379888268156424,0.016759776536312904,0.008379888268156499,0.01675977653631285,-0.01891451994473295,-0.03782903988946589,-0.018914519944732946,-0.03782903988946589,-0.018914519944733144,-1.257132713404801,-1.2571327134047983,-1.2571327134047983,-1.2571327134047894,-1.2571327134048018
5070,5,1,NA,NA,NA,NA,NA,NA,NA,NA,NA,NA,NA,NA,NA,NA,NA,NA,NA,NA,NA,NA,NA,NA
5070,7,3,0.05587541981952002,0.08381312972928,0.055875419819519996,0.08381312972927987,0.055875419819519934,0.055875419819519864,0.003937783028155173,0.005906674542232723,0.003937783028155149,0.005906674542232579,0.003937783028155136,0.005906674542232722,0.051937636791364844,0.07790645518704728,0.051937636791364844,0.07790645518704732,0.051937636791364795,14.189562863167021,14.189562863167104,14.189562863167103,14.18956286316759,14.189562863167135
5070,8,6,0.02305768594778494,0.0363000878226134,0.03025007318551117,0.03630008782261324,0.023728087579944823,0.02372808757994474,0.01975638740344623,0.02406417112299465,0.020053475935828877,0.024064171122994627,0.020053475935828846,0.024064171122994655,0.003301298544338707,0.012235916699618751,0.010196597249682294,0.012235916699618753,0.003674611644115977,1.1671003142893848,1.508470316184157,1.508470316184157,1.5084703161841613,1.1832406339865837
5070,9,2,-0.0021794219494727374,-0.004358843898945485,-0.0021794219494727426,-0.004358843898945508,-0.0021794219494728484,-0.0021794219494726897,0.002262443438914019,0.004524886877828055,0.0022624434389140274,0.004524886877828116,0.002262443438914019,0.004524886877828054,-0.0044418653883867565,-0.00888373077677354,-0.00444186538838677,-0.008883730776773511,-0.0044418653883868675,-0.9633045016669534,-0.9633045016669521,-0.9633045016669521,-0.9633045016669203,-0.9633045016670024
5130,1,2,-0.04809987324962359,-0.09619974649924715,-0.04809987324962357,-0.0961997464992471,-0.048099873249623615,-0.04809987324962353,0.017857142857142877,0.03571428571428571,0.017857142857142856,0.03571428571428585,0.017857142857142794,0.03571428571428571,-0.06595701610676646,-0.13191403221353287,-0.06595701610676644,-0.1319140322135329,-0.06595701610676641,-2.693592901978918,-2.69359290197892,-2.69359290197892,-2.6935929019789033,-2.693592901978932
5130,3,2,0,0,0,-1.2537167179050222e-16,2.220446049250313e-16,-2.2968435771989825e-17,0.012195121951219523,0.024390243902439025,0.012195121951219513,0.024390243902439032,0.012195121951219523,0.024390243902439022,-0.012195121951219523,-0.024390243902439025,-0.012195121951219513,-0.024390243902439056,-0.012195121951219301,0,0,0,-5.140238543410606e-15,1.820765760385255e-14
5130,4,4,-0.0034907847390400655,-0.006883456132726886,-0.005162592099545164,-0.006883456132726822,-0.00516259209954506,-0.005162592099545164,0.005733944954128427,0.009938837920489297,0.007454128440366973,0.009938837920489291,0.0074541284403670804,0.009938837920489297,-0.009224729693168492,-0.016822294053216183,-0.012616720539912137,-0.016822294053216162,-0.01261672053991214,-0.6087928584885889,-0.6925815862774436,-0.6925815862774436,-0.6925815862774444,-0.6925815862774196
5130,5,2,0,0,0,NA,-0.014555900662866161,-0.014555900662866396,0,0,0,NA,0,0,0,0,0,NA,-0.014555900662866161,NA,NA,NA,NA,-Inf
5130,7,1,NA,NA,NA,NA,NA,NA,NA,NA,NA,NA,NA,NA,NA,NA,NA,NA,NA,NA,NA,NA,NA,NA
5150,1,1,NA,NA,NA,NA,NA,NA,NA,NA,NA,NA,NA,NA,NA,NA,NA,NA,NA,NA,NA,NA,NA,NA
5150,2,1,NA,NA,NA,NA,NA,NA,NA,NA,NA,NA,NA,NA,NA,NA,NA,NA,NA,NA,NA,NA,NA,NA
5150,3,2,-0.03934016393889653,-0.07868032787779305,-0.03934016393889653,-0.07868032787779312,-0.03934016393889661,-0.03934016393889657,0.006329113924050639,0.012658227848101266,0.006329113924050633,0.012658227848101148,0.006329113924050667,0.012658227848101266,-0.045669277862947166,-0.09133855572589432,-0.04566927786294716,-0.09133855572589436,-0.04566927786294728,-6.215745902345645,-6.215745902345652,-6.215745902345652,-6.2157459023457475,-6.215745902345631
5150,4,1,NA,NA,NA,NA,NA,NA,NA,NA,NA,NA,NA,NA,NA,NA,NA,NA,NA,NA,NA,NA,NA,NA
5150,5,4,-0.003105934289535661,0,0,-3.813609028673718e-17,-0.0062118685790713,-0.006211868579071293,0.01403394255874673,0.018276762402088774,0.01370757180156658,0.018276762402088736,0.013707571801566676,0.01827676240208877,-0.01713987684828239,-0.018276762402088774,-0.01370757180156658,-0.018276762402088784,-0.019919440380637976,-0.22131587588691323,0,0,7.645543635518617e-15,-0.45317060300653167
5150,6,2,0,0,0,1.2537167179050215e-16,0,2.3424307221717543e-17,0.003969253907249809,0.007938507814499632,0.003969253907249816,0.007938507814499726,0.003969253907249781,0.007938507814499632,-0.003969253907249809,-0.007938507814499632,-0.003969253907249816,-0.007938507814499616,-0.003969253907249781,0,0,0,1.5792851089912532e-14,0
5150,8,1,NA,NA,NA,NA,NA,NA,NA,NA,NA,NA,NA,NA,NA,NA,NA,NA,NA,NA,NA,NA,NA,NA
5151,2,4,0.013896881247291605,0.01852917499638883,0.013896881247291624,0.018529174996388842,0.013896881247291715,0.013896881247291642,0.009510869565217392,0.012681159420289856,0.009510869565217392,0.012681159420289823,0.009510869565217295,0.012681159420289856,0.0043860116820742135,0.005848015576098976,0.004386011682074233,0.00584801557609895,0.00438601168207442,1.4611577997152316,1.4611577997152334,1.4611577997152336,1.4611577997152239,1.461157799715258
5151,3,1,NA,NA,NA,NA,NA,NA,NA,NA,NA,NA,NA,NA,NA,NA,NA,NA,NA,NA,NA,NA,NA,NA
5151,4,1,NA,NA,NA,NA,NA,NA,NA,NA,NA,NA,NA,NA,NA,NA,NA,NA,NA,NA,NA,NA,NA,NA
5151,5,2,0,0,0,NA,-0.006282038448438332,-0.006282038448438313,0,0,0,NA,0,0,0,0,0,NA,-0.006282038448438332,NA,NA,NA,NA,-Inf
5151,6,3,-0.01591609074596064,-0.02387413611894095,-0.015916090745960634,-0.023874136118940906,-0.015916090745960638,-0.015916090745960614,0.0021743857360295715,0.0032615786040443577,0.0021743857360295715,0.003261578604044357,0.0021743857360296084,0.0032615786040443564,-0.018090476481990213,-0.02713571472298531,-0.018090476481990206,-0.027135714722985354,-0.018090476481990247,-7.319810134067299,-7.319810134067295,-7.319810134067296,-7.319810134067231,-7.319810134067174
5151,7,1,NA,NA,NA,NA,NA,NA,NA,NA,NA,NA,NA,NA,NA,NA,NA,NA,NA,NA,NA,NA,NA,NA
5151,8,2,0.003906479799231671,0.00781295959846335,0.003906479799231675,0.007812959598463343,0.003906479799231644,0.003906479799231597,0.0067837190742218445,0.013567438148443736,0.006783719074221868,0.01356743814844358,0.006783719074221928,0.013567438148443736,-0.002877239274990173,-0.005754478549980386,-0.002877239274990193,-0.005754478549980349,-0.002877239274990284,0.5758610809926237,0.5758610809926221,0.5758610809926221,0.575861080992631,0.5758610809926125
5160,2,4,-0.0010443550794304174,-0.0013924734392405634,-0.0010443550794304226,-0.0013924734392405376,-0.001044355079430348,-0.001044355079430413,0.01662049861495845,0.0221606648199446,0.01662049861495845,0.022160664819944654,0.016620498614958512,0.0221606648199446,-0.017664853694388867,-0.02355313825918516,-0.017664853694388874,-0.023553138259185154,-0.01766485369438886,-0.06283536394573011,-0.06283536394573042,-0.06283536394573042,-0.06283536394573162,-0.0628353639457257
5160,3,3,-0.003745507328508535,-0.00561826099276282,-0.0037455073285085462,-0.005618260992762843,-0.003745507328508572,-0.0037455073285085423,0.011111111111111112,0.016666666666666666,0.01111111111111111,0.016666666666666694,0.011111111111111072,0.016666666666666663,-0.014856618439619646,-0.022284927659429486,-0.014856618439619655,-0.022284927659429424,-0.014856618439619643,-0.33709565956576815,-0.3370956595657692,-0.3370956595657692,-0.33709565956576704,-0.33709565956577264
5160,4,2,-0.04790546530291728,-0.09581093060583455,-0.047905465302917276,-0.09581093060583476,-0.04790546530291717,-0.04790546530291736,0.00574712643678163,0.011494252873563218,0.005747126436781609,0.011494252873563182,0.005747126436781658,0.011494252873563218,-0.05365259173969891,-0.10730518347939777,-0.053652591739698885,-0.10730518347939787,-0.05365259173969883,-8.335550962707577,-8.335550962707606,-8.335550962707606,-8.335550962707652,-8.335550962707517
5160,5,1,NA,NA,NA,NA,NA,NA,NA,NA,NA,NA,NA,NA,NA,NA,NA,NA,NA,NA,NA,NA,NA,NA
5160,6,1,NA,NA,NA,NA,NA,NA,NA,NA,NA,NA,NA,NA,NA,NA,NA,NA,NA,NA,NA,NA,NA,NA
5160,7,1,NA,NA,NA,NA,NA,NA,NA,NA,NA,NA,NA,NA,NA,NA,NA,NA,NA,NA,NA,NA,NA,NA
5190,3,1,NA,NA,NA,NA,NA,NA,NA,NA,NA,NA,NA,NA,NA,NA,NA,NA,NA,NA,NA,NA,NA,NA
5190,4,1,NA,NA,NA,NA,NA,NA,NA,NA,NA,NA,NA,NA,NA,NA,NA,NA,NA,NA,NA,NA,NA,NA
5190,5,1,NA,NA,NA,NA,NA,NA,NA,NA,NA,NA,NA,NA,NA,NA,NA,NA,NA,NA,NA,NA,NA,NA
5190,6,2,-0.0042739137578584885,-0.008547827515716993,-0.004273913757858496,-0.008547827515717015,-0.004273913757858683,-0.004273913757858544,0.009803921568627444,0.0196078431372549,0.00980392156862745,0.01960784313725489,0.009803921568627416,0.0196078431372549,-0.014077835326485932,-0.028155670652971893,-0.014077835326485946,-0.028155670652971875,-0.014077835326486099,-0.43593920330156616,-0.4359392033015666,-0.4359392033015666,-0.435939203301568,-0.4359392033015872
5190,7,1,NA,NA,NA,NA,NA,NA,NA,NA,NA,NA,NA,NA,NA,NA,NA,NA,NA,NA,NA,NA,NA,NA
5190,8,1,NA,NA,NA,NA,NA,NA,NA,NA,NA,NA,NA,NA,NA,NA,NA,NA,NA,NA,NA,NA,NA,NA
5230,1,2,-0.01856733383663453,-0.037134667673269076,-0.018567333836634538,-0.037134667673269194,-0.01856733383663456,-0.01856733383663458,7.256894049346707e-4,0.001451378809869376,7.25689404934688e-4,0.0014513788098691938,7.256894049347817e-4,0.001451378809869376,-0.0192930232415692,-0.03858604648313845,-0.019293023241569226,-0.03858604648313842,-0.01929302324156934,-25.585786026882992,-25.585786026882392,-25.585786026882392,-25.58578602688683,-25.585786026879116
5230,2,1,NA,NA,NA,NA,NA,NA,NA,NA,NA,NA,NA,NA,NA,NA,NA,NA,NA,NA,NA,NA,NA,NA
5230,4,3,-0.006389471262687987,-0.01437631034104797,-0.009584206894031978,-0.014376310341047742,-0.01669773529893896,-0.016697735298938917,0.009441915359973003,0.0212443095599393,0.014162873039959532,0.021244309559939424,0.01416287303995952,0.0212443095599393,-0.015831386622660988,-0.03562061990098727,-0.02374707993399151,-0.03562061990098724,-0.030860608338898476,-0.6767134653393309,-0.6767134653393295,-0.6767134653393294,-0.6767134653393163,-1.1789793816429412
5230,5,3,0.026858373859047102,0.04028756078857063,0.02685837385904709,0.04028756078857056,0.026858373859046953,0.026858373859046908,0.004310925501818663,0.006466388252728007,0.004310925501818671,0.00646638825272802,0.004310925501818552,0.006466388252728007,0.02254744835722844,0.033821172535842624,0.022547448357228418,0.03382117253584266,0.0225474483572284,6.230303411115845,6.2303034111158295,6.23030341111583,6.230303411116048,6.230303411115971
5230,7,1,NA,NA,NA,NA,NA,NA,NA,NA,NA,NA,NA,NA,NA,NA,NA,NA,NA,NA,NA,NA,NA,NA
5230,8,3,0.026936348467625493,0.04040452270143825,0.0269363484676255,0.04040452270143833,0.026936348467625493,0.02693634846762551,0.021953896816684956,0.03293084522502744,0.02195389681668496,0.032930845225027414,0.0219538968166851,0.032930845225027434,0.0049824516509405364,0.007473677476410812,0.00498245165094054,0.007473677476410901,0.004982451650940394,1.2269506727003414,1.2269506727003416,1.2269506727003416,1.2269506727003519,1.2269506727003336
5230,9,8,0.022327710265823995,0.022543517960897434,0.019725578215785255,0.02254351796089746,0.01799007175838807,0.017990071758388175,0.023141891891891864,0.02548262548262548,0.022297297297297295,0.02548262548262544,0.022297297297297236,0.02548262548262548,-8.141816260678683e-4,-0.002939107521728046,-0.0025717190815120403,-0.002939107521727992,-0.004307225538909165,0.9648178450633447,0.8846622957382478,0.8846622957382478,0.8846622957382556,0.8068274606792248
5230,10,1,NA,NA,NA,NA,NA,NA,NA,NA,NA,NA,NA,NA,NA,NA,NA,NA,NA,NA,NA,NA,NA,NA
5231,1,4,-0.007233228744557556,-0.00964430499274339,-0.007233228744557543,-0.00964430499274339,-0.007233228744557563,-0.007233228744557522,0.03813559322033899,0.05084745762711865,0.038135593220338986,0.0508474576271186,0.03813559322033888,0.05084745762711865,-0.04536882196489655,-0.06049176261986204,-0.04536882196489653,-0.060491762619862055,-0.045368821964896444,-0.18967133152395363,-0.18967133152395332,-0.18967133152395332,-0.18967133152395485,-0.18967133152395438
5231,2,5,0.04086963001446326,0.03340421852293336,0.02672337481834669,0.03340421852293336,0.019995234495743475,0.019995234495743676,0.008987764182424925,0.011123470522803115,0.008898776418242492,0.011123470522803143,0.008898776418242526,0.011123470522803115,0.031881865832038336,0.022280748000130246,0.017824598400104197,0.022280748000130267,0.011096458077500948,4.547252151361688,3.0030392452117094,3.0030392452117094,3.00303924521173,2.2469644764591643
5231,3,1,NA,NA,NA,NA,NA,NA,NA,NA,NA,NA,NA,NA,NA,NA,NA,NA,NA,NA,NA,NA,NA,NA
5231,7,6,7.10990926944204e-4,0.0011314718952276919,9.428932460230766e-4,0.001131471895227694,0.002224871320297398,0.0022248713202974338,0.01628063108425648,0.017522658610271906,0.014602215508559922,0.017522658610271885,0.01460221550855989,0.017522658610271902,-0.015569640157312277,-0.016391186715044213,-0.013659322262536844,-0.016391186715044224,-0.012377344188262493,0.04367096848178931,0.06457193057247688,0.06457193057247688,0.06457193057247254,0.15236532559002214
5231,8,2,0.046487474920459376,0.09297494984091871,0.046487474920459355,0.09297494984091868,0.046487474920459126,0.04648747492045935,0.005297439914251578,0.010594879828503113,0.0052974399142515565,0.010594879828503101,0.005297439914251578,0.010594879828503113,0.0411900350062078,0.0823800700124156,0.0411900350062078,0.08238007001241564,0.04119003500620755,8.775460538097887,8.775460538097919,8.775460538097919,8.775460538097953,8.775460538097839
5231,9,4,0.022780770892152247,0.030374361189536337,0.022780770892152254,0.030374361189536323,0.022780770892152358,0.022780770892152247,0.01702508960573479,0.022700119474313024,0.017025089605734768,0.022700119474313007,0.017025089605734678,0.022700119474313024,0.005755681286417458,0.007674241715223313,0.0057556812864174856,0.0076742417152232826,0.00575568128641768,1.3380705429285198,1.3380705429285218,1.3380705429285218,1.3380705429285136,1.338070542928535
5231,10,12,0.052187737641293606,0.058326414908830324,0.05346588033309446,0.05832641490883032,0.05429181937321278,0.05429181937321258,0.0899857810278286,0.09822170516868872,0.090036563071298,0.09822170516868868,0.09003656307129804,0.09822170516868871,-0.037798043386534995,-0.0398952902598584,-0.03657068273820353,-0.03989529025985841,-0.03574474369808526,0.5799553778963619,0.59382409222746535,0.59382409222746535,0.59382409222746535,0.6029974659319264
5320,1,1,NA,NA,NA,NA,NA,NA,NA,NA,NA,NA,NA,NA,NA,NA,NA,NA,NA,NA,NA,NA,NA,NA
5320,3,2,0,0,0,1.2537167179050215e-16,0,4.610725720860906e-17,0.003916449086161872,0.007832898172323759,0.0039164490861618795,0.007832898172323728,0.003916449086161844,0.00783289817232376,-0.003916449086161872,-0.007832898172323759,-0.0039164490861618795,-0.007832898172323742,-0.003916449086161844,0,0,0,1.6005783431920838e-14,0
5320,5,2,0.017275125439843192,0.034550250879686384,0.017275125439843192,0.034550250879686356,0.01727512543984311,0.017275125439843164,0.008196721311475419,0.01639344262295082,0.00819672131147541,0.016393442622950755,0.008196721311475308,0.01639344262295082,0.009078404128367773,0.018156808256735563,0.009078404128367782,0.018156808256735553,0.0090784041283678,2.1075653036608673,2.1075653036608695,2.1075653036608695,2.107565303660905,2.1075653036608855
5320,6,7,-0.001645314216667082,-0.0018322817412883413,-0.0015705272068185783,-0.0018322817412882617,-0.0010470181378789331,-0.0010470181378790394,0.011786677359982511,0.012418589248261402,0.010644505069938344,0.012418589248261424,0.01064450506993835,0.012418589248261397,-0.013431991576649593,-0.014250870989549743,-0.012215032276756922,-0.014250870989549727,-0.011691523207817283,-0.1395910116495734,-0.14754346928294293,-0.14754346928294293,-0.1475434692829393,-0.09836231285528403
5320,7,3,0,0,0,NA,0,-1.1129746451056675e-16,0,0,0,NA,0,0,0,0,0,NA,0,NA,NA,NA,NA,NA
5320,9,2,-0.0031845214770753194,-0.006369042954150612,-0.003184521477075306,-0.006369042954150691,-0.003184521477075153,-0.0031845214770753294,0.008486562942008474,0.016973125884016973,0.008486562942008486,0.016973125884016883,0.008486562942008558,0.016973125884016973,-0.011671084419083794,-0.023342168838167584,-0.011671084419083792,-0.023342168838167598,-0.01167108441908371,-0.3752427807153757,-0.37524278071537354,-0.37524278071537354,-0.37524278071538336,-0.3752427807153524
5320,10,3,0.082717372503942,0.12407605875591302,0.08271737250394201,0.12407605875591317,0.08271737250394207,0.08271737250394201,0.01859284350027372,0.027889265250410557,0.018592843500273702,0.027889265250410668,0.01859284350027372,0.02788926525041055,0.06412452900366827,0.09618679350550247,0.0641245290036683,0.09618679350550247,0.06412452900366834,4.448882308008684,4.448882308008688,4.448882308008688,4.448882308008659,4.448882308008687
5420,1,1,NA,NA,NA,NA,NA,NA,NA,NA,NA,NA,NA,NA,NA,NA,NA,NA,NA,NA,NA,NA,NA,NA
5420,2,1,NA,NA,NA,NA,NA,NA,NA,NA,NA,NA,NA,NA,NA,NA,NA,NA,NA,NA,NA,NA,NA,NA
5420,4,1,NA,NA,NA,NA,NA,NA,NA,NA,NA,NA,NA,NA,NA,NA,NA,NA,NA,NA,NA,NA,NA,NA
