bbl,GROSSCON,COOPUNITKEY,geometry
4097130163,180000,409713016300000001-0000   007B,"c(-73.8166305006502, 40.710028923747)"
5000100019,275000,500010001900000001-0000     2U,"c(-74.0787823165954, 40.6448552735597)"
4021540001,433010,402154000100000010-0000     2E,"c(-73.8485149211462, 40.7290462159917)"
4077540003,360000,40775400030000003-98000  191B2,"c(-73.7527434776046, 40.7387611497005)"
4084890001,265000,408489000100000001-0000     7Y,"c(-73.7142119283782, 40.7567797984328)"
4098600040,260000,409860004000000001-0000    304,"c(-73.7956956582022, 40.7148251162707)"
1010300029,1300000,101030002900000001-0000    07C,"c(-73.9797371614472, 40.7666774312235)"
4017270008,185000,401727000800000005-0000     2H,"c(-73.8562352648648, 40.7576018057688)"
4020860050,290000,402086005000000003-0000     7L,"c(-73.8598809796084, 40.7322696134384)"
1013670001,580000,101367000100000001-0000    25K,"c(-73.9631217477455, 40.7570988822293)"
1002630008,605000,100263000800000006-0000  D1601,"c(-73.9789832236522, 40.7129513545995)"
4083580001,390000,4083580001000002-102000    599,"c(-73.7264747810909, 40.7586543831382)"
3066810415,250000,306681041500000001-0000    A16,"c(-73.9675492628616, 40.6044647888692)"
1014270030,440000,101427003000000001-0000     8H,"c(-73.958712757562, 40.7695918478145)"
4083580001,390000,40835800010000002-88000    571,"c(-73.7264747810909, 40.7586543831382)"
3019020001,690000,301902000100000005-0000     5H,"c(-73.9681310607595, 40.6922421297711)"
1013350022,435000,101335002200000001-0000   1007,"c(-73.969992974262, 40.7493465828214)"
4005570003,370000,400557000300000011-0000    10D,"c(-73.9317116636673, 40.7626039028715)"
2057220445,215000,205722044500000001-0000     4U,"c(-73.9168597790226, 40.878087619241)"
2042910014,155000,204291001400000001-0000     3C,"c(-73.865315737909, 40.8533992847004)"
4020860050,300000,402086005000000003-0000     9F,"c(-73.8598809796084, 40.7322696134384)"
3067760065,170000,306776006500000001-0000     4L,"c(-73.9600486565762, 40.609607581338)"
1005880007,650000,100588000700000001-0000     1D,"c(-74.005120352603, 40.7323355718371)"
4014540001,350000,401454000100000002-0000     5G,"c(-73.8742656001621, 40.7544212809746)"
4039070975,240000,403907097500000001-0000     2S,"c(-73.8516308223066, 40.6991314383951)"
4033220156,345000,403322015600000002-0000     4E,"c(-73.8335858049475, 40.7051928669584)"
4078440002,250000,407844000200000019-5000      A,"c(-73.7439990984253, 40.7372618720672)"
1015550023,650000,101555002300000001-0000     8F,"c(-73.9467014930952, 40.7811837062279)"
5035460001,240000,503546000100000004-0000    79D,"c(-74.0976108556768, 40.5846894180691)"
4077320150,250000,407732015000000014-0000   146D,"c(-73.7612725213745, 40.7382840957802)"
3074230011,250000,307423001100000004-0000     2C,"c(-73.938980012222, 40.5928629258896)"
2059010001,355000,205901000100000001-0000    18M,"c(-73.9145372157692, 40.8854677126167)"
4019070001,320000,401907000100000002-0000     6B,"c(-73.8620216182307, 40.7383244663079)"
1013340041,335000,101334004100000001-0000   2411,"c(-73.9714800907511, 40.7492114132245)"
4032360035,425000,403236003500000001-0000     5E,"c(-73.8492554856544, 40.7221531757117)"
2032260053,165000,203226005300000009-0000     6H,"c(-73.9077536434926, 40.864591539613)"
1013280030,425000,101328003000000001-0000     2G,"c(-73.9670495652647, 40.758098823455)"
4031700001,310000,403170000100000001-0000    118,"c(-73.8536360248987, 40.7259147929921)"
1013680025,1550000,101368002500000001-0000    18D,"c(-73.9611929389599, 40.7572188102674)"
3061210003,465000,306121000300000001-0000     4E,"c(-74.0352717773794, 40.6166745278099)"
1018360036,1455000,101836003600000001-0000    12B,"c(-73.9627790109546, 40.7948218060561)"
4020860050,280000,402086005000000004-0000     9C,"c(-73.8598809796084, 40.7322696134384)"
3088080059,355000,308808005900000001-0000    308,"c(-73.9316863587374, 40.584782264496)"
1010490001,800000,101049000100000002-0000    4RN,"c(-73.9841248570306, 40.7689490314921)"
4021400021,330000,402140002100000001-0000    619,"c(-73.8472125476751, 40.7240715132854)"
3074230011,250000,307423001100000003-0000     1A,"c(-73.938980012222, 40.5928629258896)"
1011380001,430000,101138000100000001-0000    15M,"c(-73.983759425779, 40.7748586948902)"
4105380070,190000,410538007000000001-0000    B57,"c(-73.7622877856304, 40.7215069467837)"
3069330055,400000,306933005500000001-0000    13G,"c(-73.9916166814721, 40.5893031258185)"
2057230042,161556,205723004200000001-0000     3B,"c(-73.9176799402633, 40.8794181155076)"
2059010001,355000,205901000100000001-0000    22T,"c(-73.9145372157692, 40.8854677126167)"
1014270018,570000,101427001800000001-0000     5E,"c(-73.9587390102857, 40.769273049662)"
4014740012,430000,401474001200000002-0000   001F,"c(-73.8797559186061, 40.7491560508466)"
1013110065,900000,101311006500000001-0000    20B,"c(-73.970226519989, 40.7610785004723)"
1009160055,380000,100916005500000001-0000     6G,"c(-73.976652611438, 40.7465404910119)"
4050020042,280000,405002004200000002-0000     7J,"c(-73.8256345252182, 40.7650273442211)"
2059530038,255000,205953003800000001-0000    17T,"c(-73.9058351988851, 40.906974041001)"
4098600040,145000,409860004000000001-0000    519,"c(-73.7956956582022, 40.7148251162707)"
1008660064,385000,100866006400000001-0000    10O,"c(-73.9820636471113, 40.7495599441394)"
4084010675,245000,40840106750000002-65000    27A,"c(-73.7234374600889, 40.7512949406207)"
4021360021,340000,402136002100000001-0000     6K,"c(-73.849756572397, 40.7265282840993)"
1011790019,720000,101179001900000001-0000   15GW,"c(-73.9876459074926, 40.7766080155806)"
4015660039,300000,401566003900000001-0000     7L,"c(-73.8733587829512, 40.7455057725)"
3053290072,315000,305329007200000001-0000    06G,"c(-73.9740414304079, 40.646687655518)"
3088190011,185000,308819001100000003-0000     1A,"c(-73.9328810656955, 40.6015428457008)"
4097550050,130000,409755005000000001-0000     4M,"c(-73.8022212059293, 40.7048411163029)"
4020860050,425000,402086005000000003-0000     3K,"c(-73.8598809796084, 40.7322696134384)"
1009050026,520000,100905002600000001-0000    12L,"c(-73.9805910177636, 40.7388700344371)"
4043400010,270000,404340001000000001-0000     2D,"c(-73.8310512966612, 40.7707796940356)"
3060990051,220000,306099005100000001-0000     5P,"c(-74.0383062169467, 40.620044853229)"
4020860050,300000,402086005000000002-0000     5F,"c(-73.8598809796084, 40.7322696134384)"
4092040009,225000,409204000900000001-0000   0AA1,"c(-73.8399145259804, 40.6978600756308)"
4022110001,550000,402211000100000001-0000    501,"c(-73.8466851751238, 40.7250125688098)"
4074740050,315000,407474005000000001-0000     9Z,"c(-73.7592219927824, 40.7608192791283)"
1014470047,375000,101447004700000001-0000     1D,"c(-73.9574523776586, 40.7690616857567)"
1012700020,625000,101270002000000002-0000     5C,"c(-73.9765299621532, 40.7619370826704)"
4021620122,275000,402162012200000001-0000   C108,"c(-73.8474596424591, 40.7377499747607)"
2031730013,240000,203173001300000001-0000     5F,"c(-73.8999795040673, 40.8608465026821)"
1021790373,525000,102179037300000001-0000     7M,"c(-73.9363579346559, 40.8568991813146)"
1010090029,450000,101009002900000001-0000    17I,"c(-73.9778311252215, 40.7640913929086)"
1009430001,550000,100943000100000001-0000     5F,"c(-73.9739854000801, 40.7467433901331)"
2059010001,650000,205901000100000001-0000    18A,"c(-73.9145372157692, 40.8854677126167)"
4030990042,405000,403099004200000001-0000     6L,"c(-73.8579846179299, 40.7261756093547)"
4005570003,545000,400557000300000013-0000    11A,"c(-73.9317116636673, 40.7626039028715)"
4005570003,605000,400557000300000012-0000    12C,"c(-73.9317116636673, 40.7626039028715)"
4014380001,320000,401438000100000006-0000     1P,"c(-73.8772959294701, 40.7554665866829)"
3072740015,495000,307274001500000003-1000    15D,"c(-73.9698590156726, 40.5788513122297)"
1013740001,550000,101374000100000001-0000    313,"c(-73.9725395754201, 40.7643091798447)"
4015600001,305000,401560000100000004-0000     2G,"c(-73.8795598236105, 40.7423393476809)"
1013330023,300000,101333002300000001-0000   1935,"c(-73.9708763719043, 40.7479861107679)"
4092340044,155000,409234004400000001-0000     4G,"c(-73.8331015874303, 40.7034421674529)"
1013330023,250000,101333002300000001-0000   0B14,"c(-73.9708763719043, 40.7479861107679)"
3000860011,485000,300086001100000003-0000     2B,"c(-73.9878532443117, 40.6978012627673)"
1003110013,999000,100311001300000007-0000  G1204,"c(-73.9880777776326, 40.715404258894)"
2059090977,390000,205909097700000002-0000   B908,"c(-73.9093031524166, 40.8913868177129)"
4014200001,350000,401420000100000006-0000    508,"c(-73.877661329052, 40.7574669231441)"
2033440102,190000,203344010200000001-0000     4K,"c(-73.8758424501973, 40.8810329735674)"
1013650020,755000,101365002000000001-0000    7NN,"c(-73.9628523541684, 40.7553462616477)"
1013670001,530000,101367000100000001-0000     7A,"c(-73.9631217477455, 40.7570988822293)"
1014070033,1550000,101407003300000001-0000     7D,"c(-73.9606485835163, 40.7702444606928)"
3085150024,280000,308515002400000019-0000    19D,"c(-73.9220067181666, 40.6140795267726)"
4030990042,290000,403099004200000001-0000     6D,"c(-73.8579846179299, 40.7261756093547)"
1001610001,825000,100161000100000001-0000    11A,"c(-73.9998747178612, 40.7136519832677)"
3012490007,995000,301249000700000001-0000     5A,"c(-73.9470652815704, 40.6720999856142)"
4020860050,425000,402086005000000002-0000     1D,"c(-73.8598809796084, 40.7322696134384)"
1008160031,825000,100816003100000001-0000    807,"c(-73.9941632631089, 40.7366985099602)"
1015190046,475000,101519004600000001-0000     8H,"c(-73.9528224182584, 40.7822475634987)"
1008320032,3310000,100832003200000001-0000    11F,"c(-73.9872091670305, 40.7465072184737)"
4042850010,345000,404285001000000002-0000     6G,"c(-73.827187333436, 40.7746679600832)"
4077550003,325000,40775500030000004-15000  347A1,"c(-73.7542294906663, 40.7397374747561)"
4020930245,440000,402093024500000004-0000     7K,"c(-73.8592631495645, 40.7336443755107)"
3072740060,440000,307274006000000007-0000     7F,"c(-73.9718572070304, 40.5777227305088)"
2057220445,225000,205722044500000001-0000     2N,"c(-73.9168597790226, 40.878087619241)"
1009160061,550000,100916006100000001-0000    17G,"c(-73.9769541536058, 40.746705449609)"
4047690001,240000,404769000100000003-0000     5D,"c(-73.8253918478172, 40.7752092527648)"
2057790820,260000,205779082000000001-0000     4P,"c(-73.9045611950499, 40.8881206890879)"
4084890001,560000,408489000100000001-0000    11G,"c(-73.7142119283782, 40.7567797984328)"
4083370001,300000,40833700010000002-17000    311,"c(-73.7298551227286, 40.7596036895046)"
1012420062,1450000,101242006200000001-0000    11B,"c(-73.9735687674946, 40.7942033362516)"
4002090042,325000,400209004200000001-0000   006H,"c(-73.9258099590824, 40.7374732640071)"
3019440004,810000,301944000400000009-0000     5H,"c(-73.967106055987, 40.6873085495432)"
4022120014,1100000,402212001400000001-0000    10J,"c(-73.8457264069057, 40.7245165216658)"
3010650037,820000,301065003700000001-0000     5E,"c(-73.9736600052859, 40.673155128746)"
1013640005,675000,101364000500000001-0000    3AB,"c(-73.9642732328611, 40.7551225827802)"
1009300001,825000,100930000100000001-0000    14F,"c(-73.9797767650769, 40.7386766163969)"
4012650058,395000,401265005800000004-0000     4B,"c(-73.8883455851847, 40.7526780380109)"
1003210001,900000,100321000100000012-0000  K1902,"c(-73.9783767808142, 40.7143242282315)"
1013650020,700000,101365002000000001-0000    2GN,"c(-73.9628523541684, 40.7553462616477)"
4001410015,390000,400141001500000001-0000     D1,"c(-73.9181942855271, 40.7440802595188)"
2057960107,235000,205796010700000001-0000     4D,"c(-73.9081471574378, 40.8866364263584)"
4001280007,190000,400128000700000003-0000     6E,"c(-73.9125552266127, 40.7475645954707)"
1008170029,735000,100817002900000001-0000    2GS,"c(-73.9938596858644, 40.7374329047939)"
1013300007,400000,101330000700000001-0000     9K,"c(-73.9670616182532, 40.7594249184135)"
3000860011,485000,300086001100000005-0000    10C,"c(-73.9878532443117, 40.6978012627673)"
1009280001,385000,100928000100000001-0000    17B,"c(-73.9807845188557, 40.7372107763318)"
1013340041,320000,101334004100000001-0000    508,"c(-73.9714800907511, 40.7492114132245)"
4014180001,235000,401418000100000010-0000    105,"c(-73.8795217563289, 40.7572751444081)"
1014460023,895000,101446002300000001-0000   A705,"c(-73.9567296656672, 40.7676355726799)"
1003960020,430000,100396002000000003-0000     11,"c(-73.9767807005976, 40.7285914953078)"
4077480500,470000,407748050000000020-0000  20E6H,"c(-73.7584927466073, 40.7372933036104)"
1013340041,299000,101334004100000001-0000    304,"c(-73.9714800907511, 40.7492114132245)"
3072740060,440000,307274006000000006-0000     5B,"c(-73.9718572070304, 40.5777227305088)"
1011380053,700000,101138005300000001-0000     2C,"c(-73.9832294704406, 40.7748765757229)"
4033380030,229000,403338003000000001-0000     2P,"c(-73.8288047218657, 40.7082041998762)"
1008960032,575000,100896003200000001-0000     6B,"c(-73.9855062677019, 40.7332291377081)"
4084890001,275000,408489000100000003-0000     9P,"c(-73.7142119283782, 40.7567797984328)"
1013360015,415000,101336001500000001-0000    902,"c(-73.9699610470917, 40.7500085500568)"
2032260053,170000,203226005300000005-0000    15E,"c(-73.9077536434926, 40.864591539613)"
4114460050,300000,411446005000000002-0000     1C,"c(-73.8481035223917, 40.665940844198)"
4053740016,430000,405374001600000001-0000     3N,"c(-73.8194318821809, 40.7587681336446)"
4001280007,519000,400128000700000004-0000     4B,"c(-73.9125552266127, 40.7475645954707)"
1013350022,435000,101335002200000001-0000    307,"c(-73.969992974262, 40.7493465828214)"
4079290002,310000,40792900020000001-82000    810,"c(-73.7422140338675, 40.732514357082)"
4005570003,410000,400557000300000009-0000     6A,"c(-73.9317116636673, 40.7626039028715)"
1014460023,720000,101446002300000001-0000   B211,"c(-73.9567296656672, 40.7676355726799)"
2059200510,430000,205920051000000001-0000     5D,"c(-73.914550243174, 40.8902618620637)"
4001280007,365000,400128000700000004-0000     3D,"c(-73.9125552266127, 40.7475645954707)"
1015000020,4350000,101500002000000001-0000    14A,"c(-73.9573835293937, 40.7822075992142)"
4059580100,370000,405958010000000002-0000     4C,"c(-73.774863980502, 40.7815730330188)"
1015250001,1650000,101525000100000001-0000    15H,"c(-73.9566879111742, 40.7745262959125)"
4084010675,260000,40840106750000002-24000    13A,"c(-73.7234374600889, 40.7512949406207)"
1011640002,649000,101164000200000001-0000    15B,"c(-73.9839864755539, 40.7799134726523)"
4021350036,300000,402135003600000001-0000     6J,"c(-73.8494155230112, 40.7272884966218)"
1015550023,580000,101555002300000001-0000    21H,"c(-73.9467014930952, 40.7811837062279)"
1013740001,550000,101374000100000001-0000    911,"c(-73.9725395754201, 40.7643091798447)"
4083370001,330000,40833700010000002-50000    198,"c(-73.7298551227286, 40.7596036895046)"
1008930041,775000,100893004100000001-0000    14C,"c(-73.976863552401, 40.7480943446224)"
1011240046,450000,101124004600000001-0000   707B,"c(-73.9774645727474, 40.7765438940751)"
4038800097,400000,403880009700000002-0000    16E,"c(-73.8548589985539, 40.7060068502733)"
4020860050,280000,402086005000000004-0000     1M,"c(-73.8598809796084, 40.7322696134384)"
4058780003,265000,405878000300000002-0000     5J,"c(-73.7819471174009, 40.780451839894)"
1008960032,575000,100896003200000001-0000     2G,"c(-73.9855062677019, 40.7332291377081)"
4077540003,330000,40775400030000003-46000  244A2,"c(-73.7527434776046, 40.7387611497005)"
2057450001,320000,205745000100000001-0000     8G,"c(-73.9215120128349, 40.8826191665746)"
4084010350,250000,40840103500000001-12000   136B,"c(-73.7217556618658, 40.7508521895601)"
4005570003,500000,400557000300000014-0000    12A,"c(-73.9317116636673, 40.7626039028715)"
1013040029,300000,101304002900000001-0000     3G,"c(-73.9717738688169, 40.7556786406004)"
4058780003,280000,405878000300000001-0000     5A,"c(-73.7819471174009, 40.780451839894)"
1021790010,660000,102179001000000003-0000    073,"c(-73.9400594375885, 40.8534031928776)"
4064820003,270000,4064820003000001-155000      A,"c(-73.8317254055871, 40.7305432797394)"
1015000045,1150000,101500004500000001-0000     8B,"c(-73.9569360229363, 40.7822113745752)"
1011790019,1100000,101179001900000001-0000   11FE,"c(-73.9876459074926, 40.7766080155806)"
4077480500,435000,407748050000000020-0000  20E2H,"c(-73.7584927466073, 40.7372933036104)"
4031650062,175000,403165006200000001-0000     5J,"c(-73.855669239336, 40.7222629918699)"
1013840063,1800000,101384006300000001-0000     7D,"c(-73.9670172755252, 40.770490537349)"
1015550023,650000,101555002300000001-0000    30I,"c(-73.9467014930952, 40.7811837062279)"
4064940003,370000,40649400030000004-67000      A,"c(-73.8291927436338, 40.729559793319)"
4012380006,335000,401238000600000001-0000     3H,"c(-73.9118126841336, 40.7466022177993)"
4084890001,565000,408489000100000002-0000    14D,"c(-73.7142119283782, 40.7567797984328)"
1015560023,540000,101556002300000001-0000     2J,"c(-73.9462546867286, 40.7817804681218)"
1008420007,770000,100842000700000001-0000    818,"c(-73.9925097137662, 40.735852530367)"
3012490007,995000,301249000700000001-0000     4A,"c(-73.9470652815704, 40.6720999856142)"
4097550050,130000,409755005000000001-0000     2T,"c(-73.8022212059293, 40.7048411163029)"
4012650058,395000,401265005800000004-0000     5C,"c(-73.8883455851847, 40.7526780380109)"
4074740050,330000,407474005000000001-0000     6A,"c(-73.7592219927824, 40.7608192791283)"
4084890001,560000,408489000100000003-0000    25H,"c(-73.7142119283782, 40.7567797984328)"
1018790036,665000,101879003600000001-0000    12G,"c(-73.9651835133026, 40.8016667096343)"
4096310232,235000,409631023200000001-0000     3G,"c(-73.8267299583887, 40.7112277958349)"
1011970052,1050000,101197005200000001-0000     8B,"c(-73.9721632239374, 40.784515659748)"
4043430010,310000,404343001000000004-0000     5D,"c(-73.8282012079768, 40.7720074453794)"
3059410006,225000,305941000600000001-0000     68,"c(-74.0248445212958, 40.6304865103941)"
3012490007,740000,301249000700000001-0000     3F,"c(-73.9470652815704, 40.6720999856142)"
4059380003,335000,405938000300000001-0000    11L,"c(-73.7759418410701, 40.7856046529617)"
1012510062,1995000,101251006200000001-0000    10D,"c(-73.9755433217473, 40.792603004173)"
4020860050,330000,402086005000000002-0000     4M,"c(-73.8598809796084, 40.7322696134384)"
3010800035,230000,301080003500000001-0000     6G,"c(-73.9766539751782, 40.669317074116)"
1014830038,375000,101483003800000001-0000     3G,"c(-73.9528275583435, 40.7659770206187)"
1008880037,600000,100888003700000001-0000    14A,"c(-73.9792260203021, 40.7447617755381)"
2032260053,265000,203226005300000007-0000     5F,"c(-73.9077536434926, 40.864591539613)"
1021800326,345000,102180032600000002-0000     4G,"c(-73.9340788973006, 40.8550920851554)"
3019440004,715000,301944000400000012-0000     9D,"c(-73.967106055987, 40.6873085495432)"
1013670001,1400000,101367000100000001-0000    31D,"c(-73.9631217477455, 40.7570988822293)"
4014210001,195000,401421000100000004-0000   C102,"c(-73.87675473101, 40.7577059487531)"
3019440004,710000,301944000400000009-0000     6B,"c(-73.967106055987, 40.6873085495432)"
3000860011,815000,300086001100000002-0000     3G,"c(-73.9878532443117, 40.6978012627673)"
2059090970,530000,205909097000000001-0000  A1409,"c(-73.9090838059461, 40.8923666977092)"
4020930245,440000,402093024500000005-0000    10H,"c(-73.8592631495645, 40.7336443755107)"
1018910062,850000,101891006200000001-0000     7B,"c(-73.9695540475457, 40.8017519833242)"
4020860050,550000,402086005000000004-0000     6J,"c(-73.8598809796084, 40.7322696134384)"
1007420060,985000,100742006000000001-0000     15,"c(-74.0021424884319, 40.7433863484684)"
4058780003,285000,405878000300000002-0000     3F,"c(-73.7819471174009, 40.780451839894)"
3074750001,260000,307475000100000002-0000    R5S,"c(-73.9392557804184, 40.588492775307)"
2052590016,185000,205259001600000001-0000     0A,"c(-73.8361178286264, 40.8804201960037)"
1008420007,750000,100842000700000001-0000   1002,"c(-73.9925097137662, 40.735852530367)"
4014420001,370000,401442000100000003-0000     6W,"c(-73.8735782426736, 40.7557424330517)"
4067150002,230000,406715000200000001-0000    94E,"c(-73.8125568418903, 40.7171201503759)"
3000860011,580000,300086001100000003-0000     4H,"c(-73.9878532443117, 40.6978012627673)"
2032260053,170000,203226005300000003-0000    10D,"c(-73.9077536434926, 40.864591539613)"
1013040029,300000,101304002900000001-0000     7G,"c(-73.9717738688169, 40.7556786406004)"
1015700012,400000,101570001200000001-0000     7J,"c(-73.9462412368972, 40.7791521534642)"
4077420003,323000,40774200030000002-98000   31A2,"c(-73.7533622250934, 40.7408888582161)"
4114660001,270000,411466000100000003-3000   0160,"c(-73.8473749344947, 40.6647600151762)"
3088190011,215000,308819001100000001-0000     1J,"c(-73.9328810656955, 40.6015428457008)"
4083370001,330000,40833700010000002-86000    358,"c(-73.7298551227286, 40.7596036895046)"
4105240150,225000,410524015000000008-2000     1B,"c(-73.7653843600694, 40.7209000737693)"
2059090977,500000,205909097700000002-0000   B404,"c(-73.9093031524166, 40.8913868177129)"
4076700002,340000,407670000200000007-2000      A,"c(-73.7525580081948, 40.7459999083849)"
4012260001,400000,401226000100000001-0000    404,"c(-73.9083791719475, 40.7468364237166)"
4014740012,435000,401474001200000001-0000   006F,"c(-73.8797559186061, 40.7491560508466)"
2032520268,220000,203252026800000001-0000     6H,"c(-73.8927148831618, 40.8835036658428)"
1009050006,415000,100905000600000001-0000    316,"c(-73.9817044398237, 40.7393394085525)"
1013300038,520000,101330003800000001-0000     3H,"c(-73.9667975189131, 40.7596297479267)"
3050860066,495000,305086006600000001-0000     2G,"c(-73.9574085338363, 40.6515816805776)"
4043740049,290000,404374004900000001-0000     4L,"c(-73.8295657095697, 40.7698226978259)"
4014340029,280000,401434002900000001-0000     4K,"c(-73.880900823988, 40.7544526319102)"
3019020001,825000,301902000100000004-0000     8A,"c(-73.9681310607595, 40.6922421297711)"
4077480500,230000,407748050000000007-1000    63O,"c(-73.7584927466073, 40.7372933036104)"
3020610060,660000,302061006000000003-0000     9J,"c(-73.9801493406542, 40.6924486506999)"
1018870016,480000,101887001600000001-0000     3F,"c(-73.9733301896094, 40.7956121282206)"
1013670001,540000,101367000100000001-0000    27A,"c(-73.9631217477455, 40.7570988822293)"
4043400010,270000,404340001000000003-0000     4E,"c(-73.8310512966612, 40.7707796940356)"
4033220024,265000,403322002400000004-0000     2G,"c(-73.8329831364134, 40.706009586921)"
1009080047,599000,100908004700000001-0000     2A,"c(-73.9803164868935, 40.7414963299221)"
4050280007,280000,405028000700000001-0000     4V,"c(-73.8162699332547, 40.7637580048426)"
4092340044,155000,409234004400000001-0000     3A,"c(-73.8331015874303, 40.7034421674529)"
4084890001,265000,408489000100000001-0000     5P,"c(-73.7142119283782, 40.7567797984328)"
1013120028,430000,101312002800000001-0000     5A,"c(-73.9680535857936, 40.7607793824496)"
3069330055,350000,306933005500000002-0000     4D,"c(-73.9916166814721, 40.5893031258185)"
1014440008,525000,101444000800000001-0000     7A,"c(-73.9587364788459, 40.7666784790225)"
4014700012,275000,401470001200000001-0000     5A,"c(-73.8835586483569, 40.7492521104154)"
1021790170,862500,102179017000000001-0000    A33,"c(-73.939046294224, 40.8531410348812)"
4021510101,230000,402151010100000005-0000     4A,"c(-73.8502617581199, 40.7308778174249)"
1013340022,285000,101334002200000001-0000   1407,"c(-73.970510856595, 40.7486411257224)"
2057880119,379000,205788011900000001-0000     4F,"c(-73.9117708380265, 40.8841983279902)"
4105380010,230000,410538001000000002-0000    B68,"c(-73.763529181017, 40.7231585548236)"
1015790049,490000,101579004900000001-0000     2D,"c(-73.94824331055, 40.7735785091686)"
4014570048,225000,401457004800000001-0000     1I,"c(-73.8832040885849, 40.750474612206)"
4020930245,270000,402093024500000005-0000    14B,"c(-73.8592631495645, 40.7336443755107)"
4022340006,375000,402234000600000001-0000    718,"c(-73.8405398336723, 40.7223753198179)"
4083580001,265000,40835800010000002-11000    810,"c(-73.7264747810909, 40.7586543831382)"
4020860050,530000,402086005000000006-0000     4E,"c(-73.8598809796084, 40.7322696134384)"
4059380005,525000,405938000500000001-0000    14N,"c(-73.7758752818077, 40.7850229651994)"
4081780008,325000,408178000800000001-0000     5F,"c(-73.7444800674922, 40.7649842835495)"
1013350022,340000,101335002200000001-0000    801,"c(-73.969992974262, 40.7493465828214)"
4005570003,630000,400557000300000009-0000     9D,"c(-73.9317116636673, 40.7626039028715)"
4020860050,500000,402086005000000001-0000     2J,"c(-73.8598809796084, 40.7322696134384)"
1009280001,385000,100928000100000001-0000     5B,"c(-73.9807845188557, 40.7372107763318)"
2059530240,280000,205953024000000003-0000     4T,"c(-73.9054208880704, 40.9092522950817)"
4077420003,324800,40774200030000002-14000  134A1,"c(-73.7533622250934, 40.7408888582161)"
3086800001,370000,308680000100000002-0000     6J,"c(-73.9671095231509, 40.5754784913281)"
1013340041,310000,101334004100000001-0000    414,"c(-73.9714800907511, 40.7492114132245)"
3076810010,295000,307681001000000005-0000     6N,"c(-73.9470550448177, 40.6149381028574)"
4064940003,300000,4064940003000004-189000      A,"c(-73.8291927436338, 40.729559793319)"
4096310232,235000,409631023200000001-0000     2L,"c(-73.8267299583887, 40.7112277958349)"
4092090055,250000,409209005500000001-0000     6F,"c(-73.8359211950246, 40.7038048261157)"
1014460023,650000,101446002300000001-0000  A1400,"c(-73.9567296656672, 40.7676355726799)"
4077320002,210000,407732000200000010-0000   104D,"c(-73.760419107419, 40.7391261677651)"
1009430001,550000,100943000100000001-0000     3J,"c(-73.9739854000801, 40.7467433901331)"
1011970052,1050000,101197005200000001-0000     9B,"c(-73.9721632239374, 40.784515659748)"
1013960033,1800000,101396003300000001-0000  0034A,"c(-73.965765982757, 40.7632535073459)"
1006260012,925000,100626001200000001-0000     4P,"c(-74.0058821651382, 40.7384444969545)"
3024470010,410000,302447001000000001-0000     20,"c(-73.9579024543951, 40.7098189343084)"
4021550001,430000,402155000100000001-0000     2E,"c(-73.848285504168, 40.7283469399775)"
2033430076,225000,203343007600000001-0000     1C,"c(-73.8765798459573, 40.8758498315655)"
4043740049,290000,404374004900000001-0000     5H,"c(-73.8295657095697, 40.7698226978259)"
4064930003,400000,406493000300000003-9000      A,"c(-73.8313227270786, 40.7289345752061)"
3007390034,595000,300739003400000001-0000     1B,"c(-74.0051206927974, 40.6471598371679)"
4105240001,260000,410524000100000001-4000     2C,"c(-73.766786511428, 40.7198551644555)"
2057220445,500000,205722044500000001-0000     4E,"c(-73.9168597790226, 40.878087619241)"
4083740056,253000,40837400560000002-20000   1343,"c(-73.7248960232409, 40.7560788507832)"
4014380001,235000,401438000100000005-0000     5T,"c(-73.8772959294701, 40.7554665866829)"
5029860012,264900,502986001200000007-0000     2B,"c(-74.0740941930492, 40.6081497779575)"
2031730013,240000,203173001300000001-0000     5L,"c(-73.8999795040673, 40.8608465026821)"
4012750020,460000,401275002000000001-0000    320,"c(-73.8903174050526, 40.7499249424025)"
4042850010,340000,404285001000000009-0000     5C,"c(-73.827187333436, 40.7746679600832)"
3066190001,300000,306619000100000001-0000    C14,"c(-73.9857443756585, 40.607140152278)"
2031730013,195000,203173001300000001-0000     6I,"c(-73.8999795040673, 40.8608465026821)"
1013650020,425000,101365002000000001-0000    5LN,"c(-73.9628523541684, 40.7553462616477)"
4019460001,215000,401946000100000002-0000     4B,"c(-73.8586287587555, 40.7376258541913)"
1013350022,335000,101335002200000001-0000   1717,"c(-73.969992974262, 40.7493465828214)"
4079140002,225000,4079140002000002-162000   2622,"c(-73.7438653541695, 40.7326859961419)"
1014440008,525000,101444000800000001-0000     8C,"c(-73.9587364788459, 40.7666784790225)"
4039070960,310000,403907096000000002-0000     6S,"c(-73.852322970255, 40.7001350625872)"
3053760058,460000,305376005800000001-0000     5S,"c(-73.9715782902976, 40.6392552280722)"
2032260053,170000,203226005300000005-0000    11D,"c(-73.9077536434926, 40.864591539613)"
1005320020,875000,100532002000000001-0000   0916,"c(-73.9959366120402, 40.7271279257018)"
1014460023,1100000,101446002300000001-0000  C3105,"c(-73.9567296656672, 40.7676355726799)"
4077480500,235000,407748050000000006-1000    54L,"c(-73.7584927466073, 40.7372933036104)"
1013340041,335000,101334004100000001-0000   1616,"c(-73.9714800907511, 40.7492114132245)"
1008990001,1350000,100899000100000001-0000    19C,"c(-73.9847733696393, 40.7359194764212)"
1022500014,550000,102250001400000001-0000     1C,"c(-73.919453564855, 40.8719519858821)"
1014470019,650000,101447001900000001-0000    35A,"c(-73.9564599780601, 40.7683018702458)"
4084890001,340000,408489000100000002-0000    10C,"c(-73.7142119283782, 40.7567797984328)"
3074221042,265000,307422104200000001-0000     6E,"c(-73.9411029404766, 40.5925135721766)"
1020610051,749000,102061005100000001-0000     61,"c(-73.9456472155611, 40.8258531159163)"
1013820069,1300000,101382006900000001-0000     5E,"c(-73.9687182153447, 40.769471047801)"
3020680001,515000,302068000100000005-0000     9C,"c(-73.978429084813, 40.6927283860604)"
1015420019,1300000,101542001900000001-0000     7X,"c(-73.9528787717078, 40.7728915760161)"
4032360035,385000,403236003500000001-0000    23L,"c(-73.8492554856544, 40.7221531757117)"
4012540012,302100,401254001200000005-0000     1G,"c(-73.8857010302976, 40.7546563972212)"
1011450001,750000,101145000100000001-0000    14B,"c(-73.9806572839604, 40.7793355185712)"
4059380007,330000,405938000700000001-0000    14B,"c(-73.7764899004302, 40.7853765548844)"
1013330023,225000,101333002300000001-0000    229,"c(-73.9708763719043, 40.7479861107679)"
2059530038,300000,205953003800000001-0000     7S,"c(-73.9058351988851, 40.906974041001)"
3072740015,335000,307274001500000004-0000     8D,"c(-73.9698590156726, 40.5788513122297)"
4114210013,255000,411421001300000032-0000     67,"c(-73.8443055903564, 40.6681968050392)"
3002530057,385000,300253005700000001-0000     6F,"c(-73.9958796036817, 40.6941614351291)"
4019110001,285000,401911000100000001-0000    F25,"c(-73.8665538889279, 40.7352867687416)"
4015470001,340000,401547000100000001-0000     4J,"c(-73.8784900343559, 40.7386597602495)"
1005610014,1850000,100561001400000001-1000     1B,"c(-73.9925402462671, 40.731955351898)"
3059720001,340000,305972000100000001-0000     D4,"c(-74.0208606147595, 40.6249878275712)"
4064940003,300000,4064940003000004-119000      B,"c(-73.8291927436338, 40.729559793319)"
4067150002,215000,406715000200000001-0000    68D,"c(-73.8125568418903, 40.7171201503759)"
4067150002,215000,406715000200000001-0000    29A,"c(-73.8125568418903, 40.7171201503759)"
4019110001,420000,401911000100000001-0000     A7,"c(-73.8665538889279, 40.7352867687416)"
1013670001,1400000,101367000100000001-0000     5B,"c(-73.9631217477455, 40.7570988822293)"
4021390007,475000,402139000700000001-0000    B31,"c(-73.848674883893, 40.7245529938121)"
1018900028,495000,101890002800000001-0000    12B,"c(-73.9708171301879, 40.7998154880604)"
1008640035,510000,100864003500000001-0000    18E,"c(-73.9814950604562, 40.7474944338011)"
4097130113,285000,409713011300000001-0000     3D,"c(-73.8165538601137, 40.7106470830009)"
3051560048,550000,305156004800000001-0000     7R,"c(-73.9656056289654, 40.6392729143911)"
1015290039,425000,101529003900000004-0000     4A,"c(-73.9542814933498, 40.7769745182727)"
2059530230,320000,205953023000000002-0000     9S,"c(-73.9054961445133, 40.9082120047334)"
3000860011,850000,300086001100000001-0000     3G,"c(-73.9878532443117, 40.6978012627673)"
2059530240,285000,205953024000000003-0000     6D,"c(-73.9054208880704, 40.9092522950817)"
4051800001,450000,405180000100000001-0000    402,"c(-73.8248271609327, 40.75614934966)"
2057160500,610000,205716050000000001-0000    N07,"c(-73.9177305938154, 40.8767610985354)"
4014380001,320000,401438000100000006-0000     2L,"c(-73.8772959294701, 40.7554665866829)"
4050020042,340000,405002004200000001-0000     7C,"c(-73.8256345252182, 40.7650273442211)"
1015250001,1650000,101525000100000001-0000     7H,"c(-73.9566879111742, 40.7745262959125)"
1014890037,425000,101489003700000004-0000     5C,"c(-73.9500131212496, 40.7700681792284)"
1008420007,800000,100842000700000001-0000    17U,"c(-73.9925097137662, 40.735852530367)"
2057370061,365000,205737006100000001-0000     7C,"c(-73.9148094051542, 40.8829345743236)"
1021790010,1400000,102179001000000006-0000    101,"c(-73.9400594375885, 40.8534031928776)"
1009170017,425000,100917001700000001-0000     6L,"c(-73.9757727770169, 40.7466534153236)"
3019430006,915000,301943000600000001-0000     4B,"c(-73.9681829112613, 40.68724660728)"
1016030069,3850000,101603006900000001-0000     6B,"c(-73.9546067391752, 40.7888733232771)"
4021350036,300000,402135003600000001-0000     4C,"c(-73.8494155230112, 40.7272884966218)"
2059190436,355000,205919043600000001-0000    12K,"c(-73.9137404422707, 40.8891072702232)"
2033160050,145000,203316005000000001-0000     5M,"c(-73.8950612580284, 40.8675849541491)"
1012490022,875000,101249002200000001-0000     3A,"c(-73.9781875873337, 40.7901518482951)"
4058780003,265000,405878000300000002-0000     2B,"c(-73.7819471174009, 40.780451839894)"
1015420019,725000,101542001900000001-0000    14P,"c(-73.9528787717078, 40.7728915760161)"
1008160031,615000,100816003100000001-0000   1002,"c(-73.9941632631089, 40.7366985099602)"
1014380001,280000,101438000100000001-0000     2K,"c(-73.9620581137389, 40.7631698428634)"
1009170017,435000,100917001700000001-0000     6P,"c(-73.9757727770169, 40.7466534153236)"
4077540003,340000,40775400030000003-62000  228A1,"c(-73.7527434776046, 40.7387611497005)"
1009050026,775000,100905002600000001-0000     6G,"c(-73.9805910177636, 40.7388700344371)"
5000100019,275000,500010001900000001-0000     5P,"c(-74.0787823165954, 40.6448552735597)"
1013670001,900000,101367000100000001-0000    23C,"c(-73.9631217477455, 40.7570988822293)"
1005320020,800000,100532002000000001-0000   0315,"c(-73.9959366120402, 40.7271279257018)"
2057450001,495000,205745000100000001-0000     6H,"c(-73.9215120128349, 40.8826191665746)"
1014320017,875000,101432001700000001-0000     3A,"c(-73.956642077784, 40.7725323563226)"
3072740015,335000,307274001500000003-1000    12O,"c(-73.9698590156726, 40.5788513122297)"
4076360007,216000,40763600070000002-59000   181A,"c(-73.7603879652191, 40.7409365865241)"
1008980001,1200000,100898000100000001-0000    16H,"c(-73.9852643051331, 40.7353660998806)"
1021800633,375000,102180063300000007-0000     6A,"c(-73.9322126897869, 40.8586691321111)"
4020860050,300000,402086005000000005-0000    12F,"c(-73.8598809796084, 40.7322696134384)"
1014470019,520000,101447001900000001-0000    20A,"c(-73.9564599780601, 40.7683018702458)"
2058261685,215000,205826168500000001-0000     2J,"c(-73.8987045131161, 40.8962006151507)"
4021330016,525000,402133001600000002-0000  T012F,"c(-73.8508390529811, 40.7283478634108)"
3077770026,215000,307777002600000002-0000     3P,"c(-73.9265529430663, 40.6298079913714)"
4043430010,310000,404343001000000002-0000     5E,"c(-73.8282012079768, 40.7720074453794)"
1005320020,875000,100532002000000001-0000   0107,"c(-73.9959366120402, 40.7271279257018)"
2057790820,260000,205779082000000001-0000     2A,"c(-73.9045611950499, 40.8881206890879)"
1014460023,885000,101446002300000001-0000   B704,"c(-73.9567296656672, 40.7676355726799)"
3012490007,740000,301249000700000001-0000     4D,"c(-73.9470652815704, 40.6720999856142)"
1008420007,800000,100842000700000001-0000   1416,"c(-73.9925097137662, 40.735852530367)"
1008420007,995000,100842000700000001-0000   1117,"c(-73.9925097137662, 40.735852530367)"
2032520268,220000,203252026800000001-0000     7B,"c(-73.8927148831618, 40.8835036658428)"
1005020012,425000,100502001200000001-0000     5E,"c(-74.0016867890642, 40.725695087095)"
3019330070,1050000,301933007000000001-0000     5A,"c(-73.9628051980142, 40.689792671914)"
3072740015,450000,307274001500000003-1000    14E,"c(-73.9698590156726, 40.5788513122297)"
1014690028,460000,101469002800000001-0000    17E,"c(-73.9527763217595, 40.7687445920503)"
4077420003,360000,4077420003000002-105000   38A1,"c(-73.7533622250934, 40.7408888582161)"
1021790010,375000,102179001000000003-0000    105,"c(-73.9400594375885, 40.8534031928776)"
1007420060,985000,100742006000000001-0000     23,"c(-74.0021424884319, 40.7433863484684)"
1009070056,850000,100907005600000001-0000    11R,"c(-73.9809426313723, 40.7408997795043)"
4077390003,367000,40773900030000001-73000  446B1,"c(-73.7560069493339, 40.7404422666459)"
3076810010,295000,307681001000000003-0000     2C,"c(-73.9470550448177, 40.6149381028574)"
2059530038,245000,205953003800000001-0000    22R,"c(-73.9058351988851, 40.906974041001)"
4079290002,262000,40792900020000001-10000    113,"c(-73.7422140338675, 40.732514357082)"
1011400046,300000,101140004600000001-0000    82A,"c(-73.9816647711354, 40.7758772896422)"
3086800001,285000,308680000100000001-0000     9M,"c(-73.9671095231509, 40.5754784913281)"
1015560023,610000,101556002300000001-0000     6K,"c(-73.9462546867286, 40.7817804681218)"
4043120010,245000,404312001000000001-0000     5F,"c(-73.8288909797384, 40.7731266239402)"
1008730019,900000,100873001900000001-0000    09V,"c(-73.9866710658313, 40.7360759547587)"
4012540012,300000,401254001200000003-0000     6D,"c(-73.8857010302976, 40.7546563972212)"
3072740001,485000,307274000100000002-0000    20K,"c(-73.9710655952564, 40.5789176473329)"
4005280050,475000,400528005000000003-0000     8C,"c(-73.9342222867243, 40.7639054108203)"
2032370067,240000,203237006700000001-0000     3Z,"c(-73.9059317418866, 40.869455445112)"
4077390003,323000,40773900030000001-16000  412A1,"c(-73.7560069493339, 40.7404422666459)"
1013350022,290000,101335002200000001-0000   1403,"c(-73.969992974262, 40.7493465828214)"
4076360007,260000,40763600070000002-16000   239A,"c(-73.7603879652191, 40.7409365865241)"
4084890001,360000,408489000100000003-0000     7P,"c(-73.7142119283782, 40.7567797984328)"
2059200510,430000,205920051000000001-0000     6D,"c(-73.914550243174, 40.8902618620637)"
4065270052,235000,406527005200000002-0000     2B,"c(-73.8223170264917, 40.7348949227921)"
4022150001,550000,402215000100000001-0000     8G,"c(-73.844887377177, 40.7224968875754)"
3067010064,620000,306701006400000003-0000    219,"c(-73.9597151082356, 40.6287823582442)"
4114590001,260000,411459000100000046-0000    184,"c(-73.8535245784304, 40.6632879808133)"
3052470001,290000,305247000100000001-0000     6H,"c(-73.9515949165527, 40.6338151786988)"
2042510011,140000,204251001100000001-0000     6S,"c(-73.8299980805569, 40.855183429815)"
4033340250,320000,403334025000000001-0000     6C,"c(-73.8341759177803, 40.7131406081948)"
1013310017,625000,101331001700000001-0000     8D,"c(-73.9657646758051, 40.759818011522)"
3019440004,710000,301944000400000011-0000     6A,"c(-73.967106055987, 40.6873085495432)"
4043420010,330000,404342001000000008-0000     4C,"c(-73.830308683609, 40.7716370413919)"
2059530240,285000,205953024000000003-0000    18M,"c(-73.9054208880704, 40.9092522950817)"
4011110001,280000,401111000100000014-0000    G4L,"c(-73.9059545133664, 40.7582907935241)"
4050070022,300000,405007002200000001-0000     4V,"c(-73.8156681071096, 40.7661003153751)"
4077390003,367000,40773900030000001-53000  387B1,"c(-73.7560069493339, 40.7404422666459)"
4050200001,530000,405020000100000001-0000    624,"c(-73.8258966666298, 40.7609881325462)"
1014060065,3000000,101406006500000001-0000    11C,"c(-73.9632200215863, 40.770538779553)"
1014890037,425000,101489003700000003-0000     4G,"c(-73.9500131212496, 40.7700681792284)"
4017270008,190000,401727000800000004-0000     6G,"c(-73.8562352648648, 40.7576018057688)"
4011110001,315000,401111000100000010-0000    E6I,"c(-73.9059545133664, 40.7582907935241)"
1012100019,750000,101210001900000001-0000    12B,"c(-73.9764159526131, 40.7826487990619)"
4005570003,380000,400557000300000008-0000     7B,"c(-73.9317116636673, 40.7626039028715)"
1009160055,340000,100916005500000001-0000     4G,"c(-73.976652611438, 40.7465404910119)"
3007380009,450000,300738000900000001-0000     C4,"c(-74.0088969811342, 40.6495289606627)"
4162280041,200000,416228004100000001-0000     2J,"c(-73.8381676889435, 40.5772855513039)"
2059530038,255000,205953003800000001-0000     8R,"c(-73.9058351988851, 40.906974041001)"
1009170017,435000,100917001700000001-0000    15M,"c(-73.9757727770169, 40.7466534153236)"
3019440004,935000,301944000400000012-0000     4F,"c(-73.967106055987, 40.6873085495432)"
1006080039,475000,100608003900000001-0000     3D,"c(-73.9979723151567, 40.7364771133765)"
4084890001,585000,408489000100000003-0000    22N,"c(-73.7142119283782, 40.7567797984328)"
3067760065,190000,306776006500000001-0000     3C,"c(-73.9600486565762, 40.609607581338)"
4039070975,170000,403907097500000001-0000     1J,"c(-73.8516308223066, 40.6991314383951)"
5035460001,240000,503546000100000002-0000    39D,"c(-74.0976108556768, 40.5846894180691)"
1013340022,265000,101334002200000001-0000    822,"c(-73.970510856595, 40.7486411257224)"
1013470018,350000,101347001800000001-0000     2B,"c(-73.9649217794156, 40.7568791248901)"
4079290002,335000,40792900020000001-49000    516,"c(-73.7422140338675, 40.732514357082)"
4077480500,210000,407748050000000005-1000    41N,"c(-73.7584927466073, 40.7372933036104)"
4020860050,270000,402086005000000001-0000     6F,"c(-73.8598809796084, 40.7322696134384)"
1021770234,395000,102177023400000001-0000     6K,"c(-73.942044402549, 40.8510274277949)"
3011640042,1030000,301164004200000001-0000     4L,"c(-73.9701857319159, 40.6767107632707)"
1009280001,360000,100928000100000001-0000    14G,"c(-73.9807845188557, 40.7372107763318)"
4058630110,399000,405863011000000040-0000    178,"c(-73.7817840579271, 40.7827255357471)"
1013350022,290000,101335002200000001-0000    414,"c(-73.969992974262, 40.7493465828214)"
2033160050,140000,203316005000000001-0000     6H,"c(-73.8950612580284, 40.8675849541491)"
3019020001,710000,301902000100000003-0000     3A,"c(-73.9681310607595, 40.6922421297711)"
3074560006,285000,307456000600000001-0000     2E,"c(-73.9574654132124, 40.587190158087)"
4105380070,240000,410538007000000002-0000    A76,"c(-73.7622877856304, 40.7215069467837)"
4058780003,280000,405878000300000003-0000     4G,"c(-73.7819471174009, 40.780451839894)"
4050070022,300000,405007002200000001-0000     2M,"c(-73.8156681071096, 40.7661003153751)"
1013650020,675000,101365002000000001-0000    4FN,"c(-73.9628523541684, 40.7553462616477)"
1014440023,425000,101444002300000001-0000     4A,"c(-73.9575751129503, 40.7661865052324)"
2032260053,265000,203226005300000003-0000     3C,"c(-73.9077536434926, 40.864591539613)"
1009160061,550000,100916006100000001-0000    10B,"c(-73.9769541536058, 40.746705449609)"
1013340022,260000,101334002200000001-0000   1517,"c(-73.970510856595, 40.7486411257224)"
2032370067,165000,203237006700000001-0000     1A,"c(-73.9059317418866, 40.869455445112)"
4077390003,360000,40773900030000001-48000  354B2,"c(-73.7560069493339, 40.7404422666459)"
3009170048,650000,300917004800000001-0000     4B,"c(-74.0034763044438, 40.649458800534)"
4005570003,500000,400557000300000001-0000    12C,"c(-73.9317116636673, 40.7626039028715)"
1013340022,240000,101334002200000001-0000   2017,"c(-73.970510856595, 40.7486411257224)"
4082560108,295000,408256010800000002-0000     4T,"c(-73.7258707216297, 40.7657529221731)"
4084890001,400000,408489000100000003-0000    24R,"c(-73.7142119283782, 40.7567797984328)"
1013300007,400000,101330000700000001-0000     2A,"c(-73.9670616182532, 40.7594249184135)"
1004310025,700000,100431002500000001-0000    12A,"c(-73.9852967425292, 40.7242059100777)"
3054951018,240000,305495101800000001-0000     4D,"c(-73.9704992588398, 40.6200987232079)"
4062160001,360000,406216000100000001-0000     6K,"c(-73.7767589094974, 40.7628119958219)"
4033340163,275000,403334016300000001-0000     2L,"c(-73.8359062145055, 40.7146763126628)"
1008420007,480000,100842000700000001-0000    825,"c(-73.9925097137662, 40.735852530367)"
2059530038,310000,205953003800000001-0000     2S,"c(-73.9058351988851, 40.906974041001)"
2057450001,495000,205745000100000001-0000     8L,"c(-73.9215120128349, 40.8826191665746)"
1008320032,3310000,100832003200000001-0000      5,"c(-73.9872091670305, 40.7465072184737)"
4077540003,365000,4077540003000003-119000  169B1,"c(-73.7527434776046, 40.7387611497005)"
1021790010,340000,102179001000000006-0000    065,"c(-73.9400594375885, 40.8534031928776)"
1019930057,435000,101993005700000001-0000     4A,"c(-73.9611346414322, 40.8130246184727)"
4084890001,400000,408489000100000001-0000     6H,"c(-73.7142119283782, 40.7567797984328)"
1014440023,1200000,101444002300000001-0000     7F,"c(-73.9575751129503, 40.7661865052324)"
2032260053,165000,203226005300000007-0000     7D,"c(-73.9077536434926, 40.864591539613)"
1014460023,1100000,101446002300000001-0000   B507,"c(-73.9567296656672, 40.7676355726799)"
4043400010,285000,404340001000000003-0000     1L,"c(-73.8310512966612, 40.7707796940356)"
4082560108,235000,408256010800000001-0000     2D,"c(-73.7258707216297, 40.7657529221731)"
4105380070,190000,410538007000000002-0000    A65,"c(-73.7622877856304, 40.7215069467837)"
4043430010,320000,404343001000000004-0000     2G,"c(-73.8282012079768, 40.7720074453794)"
3019050080,510000,301905008000000002-0000    118,"c(-73.9642897086189, 40.6926747148287)"
1002630008,600000,100263000800000006-0000  D1201,"c(-73.9789832236522, 40.7129513545995)"
4020930245,270000,402093024500000004-0000    14G,"c(-73.8592631495645, 40.7336443755107)"
1009300001,525000,100930000100000001-0000     9K,"c(-73.9797767650769, 40.7386766163969)"
1009080047,599000,100908004700000001-0000     6L,"c(-73.9803164868935, 40.7414963299221)"
3072740015,440000,307274001500000004-0000    23C,"c(-73.9698590156726, 40.5788513122297)"
1013660016,675000,101366001600000001-0000    12H,"c(-73.9625957507815, 40.7560655697587)"
1008980001,1200000,100898000100000001-0000     5C,"c(-73.9852643051331, 40.7353660998806)"
4077390003,360000,40773900030000001-50000  384A1,"c(-73.7560069493339, 40.7404422666459)"
2059530550,240000,205953055000000003-0000     3G,"c(-73.9061150363699, 40.9052352678195)"
4084890001,670000,408489000100000001-0000    14D,"c(-73.7142119283782, 40.7567797984328)"
1010360014,530000,101036001400000001-0000    204,"c(-73.9896307729351, 40.7599315186929)"
4001280007,441448,400128000700000008-0000     3B,"c(-73.9125552266127, 40.7475645954707)"
4098350003,220000,409835000300000001-0000     1V,"c(-73.7874941898549, 40.7123125033642)"
2059530038,310000,205953003800000001-0000    19L,"c(-73.9058351988851, 40.906974041001)"
1013300004,1600000,101330000400000001-0000    03L,"c(-73.9674092840309, 40.7597180878506)"
1006360013,420000,100636001300000001-0000     4C,"c(-74.0096206595809, 40.7331376537241)"
1016020060,640000,101602006000000001-0000     2G,"c(-73.9544557037989, 40.7879965029324)"
1003210001,600000,100321000100000008-0000  H0607,"c(-73.9783767808142, 40.7143242282315)"
2059530240,190000,205953024000000003-0000    11O,"c(-73.9054208880704, 40.9092522950817)"
1008800042,840000,100880004200000001-0000     8G,"c(-73.9827619452082, 40.739870819936)"
3010300036,750000,301030003600000001-0000     3R,"c(-73.9835925693533, 40.6651160126847)"
4076700002,340000,40767000020000003-19000      B,"c(-73.7525580081948, 40.7459999083849)"
2057220445,205000,205722044500000001-0000    22A,"c(-73.9168597790226, 40.878087619241)"
3088210010,180000,308821001000000002-0000     5A,"c(-73.9331520505384, 40.5981335984033)"
3077800008,250000,307780000800000005-0000     4G,"c(-73.9236642313852, 40.6295408725691)"
1007470028,1680000,100747002800000001-0000     8D,"c(-73.99912911406, 40.7458124263723)"
4084890001,500000,408489000100000002-0000    11A,"c(-73.7142119283782, 40.7567797984328)"
1014830038,540000,101483003800000001-0000     8K,"c(-73.9528275583435, 40.7659770206187)"
1011790019,720000,101179001900000001-0000    4CE,"c(-73.9876459074926, 40.7766080155806)"
4076290002,435000,40762900020000029-12000 DUPLEX,"c(-73.7577717070258, 40.7421950196666)"
4076360007,260000,40763600070000002-51000   198B,"c(-73.7603879652191, 40.7409365865241)"
1014410017,475000,101441001700000001-0000    07R,"c(-73.9593111691277, 40.7644628614755)"
4014380001,270000,401438000100000006-0000     3T,"c(-73.8772959294701, 40.7554665866829)"
4020860050,300000,402086005000000002-0000     8M,"c(-73.8598809796084, 40.7322696134384)"
1013940007,675000,101394000700000001-0000    11E,"c(-73.9686455940789, 40.7628128382322)"
4098340041,160000,409834004100000001-0000     1U,"c(-73.7857226310216, 40.7116192562072)"
1013380012,305000,101338001200000001-0000     9C,"c(-73.9695215962409, 40.7514558101035)"
2032260053,170000,203226005300000002-0000    17H,"c(-73.9077536434926, 40.864591539613)"
4014210001,190000,401421000100000002-0000    506,"c(-73.87675473101, 40.7577059487531)"
2057950518,325000,205795051800000001-0000    PHF,"c(-73.9116176951152, 40.8864492861277)"
4077390003,320000,40773900030000001-17000  375A2,"c(-73.7560069493339, 40.7404422666459)"
1013350022,285000,101335002200000001-0000   1505,"c(-73.969992974262, 40.7493465828214)"
1015660029,300000,101566002900000001-0000     4G,"c(-73.9473252888126, 40.7766465317196)"
1015560023,610000,101556002300000001-0000    32J,"c(-73.9462546867286, 40.7817804681218)"
4014620001,280000,401462000100000003-0000     5L,"c(-73.8785921943359, 40.7521625953038)"
1006150067,420000,100615006700000001-0000     2A,"c(-74.0030500048324, 40.7379726455535)"
4051370055,450000,405137005500000001-0000    12C,"c(-73.825493279034, 40.7546288559222)"
4021530001,259000,402153000100000004-0000     6C,"c(-73.8491694210115, 40.7296373237648)"
1013650020,850000,101365002000000001-0000   12GN,"c(-73.9628523541684, 40.7553462616477)"
4049940051,310000,404994005100000001-0000     1W,"c(-73.8242292551514, 40.7662319106841)"
4077390003,320000,40773900030000001-15000  411A2,"c(-73.7560069493339, 40.7404422666459)"
4083630001,300000,40836300010000003-68000   1093,"c(-73.725541009333, 40.7571409008277)"
1011400046,300000,101140004600000001-0000    36A,"c(-73.9816647711354, 40.7758772896422)"
4077420003,323000,40774200030000002-44000  105A2,"c(-73.7533622250934, 40.7408888582161)"
4083370001,400000,40833700010000002-82000    244,"c(-73.7298551227286, 40.7596036895046)"
3084010020,290000,308401002000000141-0000   141C,"c(-73.9176181386764, 40.6148115042768)"
3088080059,340000,308808005900000001-0000    420,"c(-73.9316863587374, 40.584782264496)"
2059200653,450000,205920065300000001-0000     1K,"c(-73.9162544571808, 40.8882719792518)"
4073480001,210000,407348000100000016-0000     3D,"c(-73.765027929824, 40.7566532080161)"
4033370060,315000,403337006000000001-0000     3J,"c(-73.8307988796195, 40.7100855610017)"
4021390007,475000,402139000700000001-0000    A61,"c(-73.848674883893, 40.7245529938121)"
3078690011,230000,307869001100000001-0000     4K,"c(-73.9323397723353, 40.6193191964108)"
4084890001,340000,408489000100000002-0000    28R,"c(-73.7142119283782, 40.7567797984328)"
3019440004,760000,301944000400000009-0000     3G,"c(-73.967106055987, 40.6873085495432)"
3061110001,520000,306111000100000001-0000     4K,"c(-74.0386446499998, 40.6176540694144)"
1013680025,650000,101368002500000001-0000    17G,"c(-73.9611929389599, 40.7572188102674)"
1003110013,999000,100311001300000009-0000  J1803,"c(-73.9880777776326, 40.715404258894)"
4077480500,450000,407748050000000019-1000  19W5D,"c(-73.7584927466073, 40.7372933036104)"
1008770074,400000,100877007400000001-0000    11L,"c(-73.98573982653, 40.7388301636605)"
1009300001,715000,100930000100000001-0000    17M,"c(-73.9797767650769, 40.7386766163969)"
3051560048,550000,305156004800000001-0000     6E,"c(-73.9656056289654, 40.6392729143911)"
2058363250,175000,205836325000000001-0000     5B,"c(-73.8987862349564, 40.8982896349666)"
1014460023,720000,101446002300000001-0000   A804,"c(-73.9567296656672, 40.7676355726799)"
1006240001,900000,100624000100000001-0000     5F,"c(-74.0062274407745, 40.7367117955329)"
1009210019,535000,100921001900000001-0000    10A,"c(-73.9831846061842, 40.7319207283437)"
1015650009,500000,101565000900000001-0000     9F,"c(-73.9488087678181, 40.775994580098)"
4051850043,350000,405185004300000001-0000     4M,"c(-73.8213777163982, 40.7561084234892)"
1003150001,1100000,100315000100000001-0000  A1006,"c(-73.9859018520821, 40.7150585343655)"
1012330033,750000,101233003300000001-0000     6F,"c(-73.9757369743008, 40.7876834330343)"
1021800633,360000,102180063300000001-0000     4H,"c(-73.9322126897869, 40.8586691321111)"
4012380006,355000,401238000600000001-0000     1S,"c(-73.9118126841336, 40.7466022177993)"
4043120010,325000,404312001000000006-0000     2C,"c(-73.8288909797384, 40.7731266239402)"
3002380026,2650000,300238002600000001-0000     PH,"c(-73.9922196495421, 40.6963139356888)"
3012490007,740000,301249000700000001-0000     6J,"c(-73.9470652815704, 40.6720999856142)"
4033380030,365000,403338003000000001-0000     3E,"c(-73.8288047218657, 40.7082041998762)"
1014890037,330000,101489003700000004-0000     6E,"c(-73.9500131212496, 40.7700681792284)"
4014200001,350000,401420000100000004-0000    101,"c(-73.877661329052, 40.7574669231441)"
3072240050,335000,307224005000000006-0000     3E,"c(-73.9618188693742, 40.5882126558982)"
3053290072,325000,305329007200000001-0000    17G,"c(-73.9740414304079, 40.646687655518)"
1013380012,280000,101338001200000001-0000     8A,"c(-73.9695215962409, 40.7514558101035)"
3054951014,300000,305495101400000003-0000     1D,"c(-73.9705093414895, 40.619712401702)"
4067150002,215000,406715000200000001-0000    30A,"c(-73.8125568418903, 40.7171201503759)"
1021790010,585000,102179001000000005-0000    093,"c(-73.9400594375885, 40.8534031928776)"
4083370001,400000,40833700010000002-54000    256,"c(-73.7298551227286, 40.7596036895046)"
1013350022,305000,101335002200000001-0000   1420,"c(-73.969992974262, 40.7493465828214)"
1013340022,270000,101334002200000001-0000   1110,"c(-73.970510856595, 40.7486411257224)"
3019440004,775000,301944000400000009-0000    12H,"c(-73.967106055987, 40.6873085495432)"
1010660037,635000,101066003700000001-0000     4D,"c(-73.9866209331722, 40.7679490557796)"
4011110001,312000,401111000100000015-0000    H5E,"c(-73.9059545133664, 40.7582907935241)"
1005730043,410000,100573004300000001-0000   1221,"c(-73.9963064633123, 40.7332486816949)"
4050020042,340000,405002004200000001-0000     5E,"c(-73.8256345252182, 40.7650273442211)"
1006320017,755000,100632001700000001-0000     7K,"c(-74.0073500462308, 40.7346318287013)"
1008570018,650000,100857001800000001-0000     4E,"c(-73.9863526255524, 40.7437439243254)"
2059200653,450000,205920065300000001-0000    14H,"c(-73.9162544571808, 40.8882719792518)"
4062270088,225000,406227008800000001-0000     1B,"c(-73.7737875843146, 40.7631072662931)"
1006070038,505000,100607003800000001-0000     3H,"c(-73.9983668659649, 40.7360130509613)"
4042850010,280000,404285001000000005-0000     6G,"c(-73.827187333436, 40.7746679600832)"
3069330055,400000,306933005500000001-0000    13C,"c(-73.9916166814721, 40.5893031258185)"
4083580001,405000,40835800010000002-54000    767,"c(-73.7264747810909, 40.7586543831382)"
1011380053,685000,101138005300000001-0000     6L,"c(-73.9832294704406, 40.7748765757229)"
1022430399,330000,102243039900000001-0000     5F,"c(-73.9179008647923, 40.8712386053519)"
4022110001,550000,402211000100000001-0000    701,"c(-73.8466851751238, 40.7250125688098)"
1013300038,560000,101330003800000001-0000    17C,"c(-73.9667975189131, 40.7596297479267)"
4032930050,410000,403293005000000001-0000     1O,"c(-73.8385704945388, 40.717766811261)"
1015420019,1300000,101542001900000001-1000     9E,"c(-73.9528787717078, 40.7728915760161)"
2059530230,360000,205953023000000002-0000    10X,"c(-73.9054961445133, 40.9082120047334)"
4083740056,253000,40837400560000002-29000   1361,"c(-73.7248960232409, 40.7560788507832)"
4014740012,430000,401474001200000001-0000   002B,"c(-73.8797559186061, 40.7491560508466)"
4058780003,280000,405878000300000001-0000     5C,"c(-73.7819471174009, 40.780451839894)"
4077540003,360000,40775400030000003-83000  206A2,"c(-73.7527434776046, 40.7387611497005)"
1012170064,1700000,101217006400000001-0000     7C,"c(-73.9743834800328, 40.7880020631668)"
3061210003,465000,306121000300000001-0000     1L,"c(-74.0352717773794, 40.6166745278099)"
4079120050,165000,407912005000000003-0000     1J,"c(-73.7445255835206, 40.735656032127)"
4022150001,550000,402215000100000001-0000     5N,"c(-73.844887377177, 40.7224968875754)"
4097110032,270000,409711003200000002-0000     1C,"c(-73.8163081305868, 40.7092574255909)"
4047720001,250000,404772000100000003-0000     1F,"c(-73.8255802117498, 40.7734546581917)"
1013350022,435000,101335002200000001-0000    511,"c(-73.969992974262, 40.7493465828214)"
4084890001,380000,408489000100000001-0000    11D,"c(-73.7142119283782, 40.7567797984328)"
3074560006,285000,307456000600000001-0000     4E,"c(-73.9574654132124, 40.587190158087)"
3066140017,265000,306614001700000001-0000     5N,"c(-73.9658739093247, 40.6113799559533)"
3088190011,225000,308819001100000002-0000     5A,"c(-73.9328810656955, 40.6015428457008)"
4011110001,280000,401111000100000011-0000    F4F,"c(-73.9059545133664, 40.7582907935241)"
1015220020,470000,101522002000000001-0000     1F,"c(-73.9518786434269, 40.7839400367331)"
1013940007,675000,101394000700000001-0000    16E,"c(-73.9686455940789, 40.7628128382322)"
1021800522,340000,102180052200000001-0000     5S,"c(-73.9328743326719, 40.8577504989919)"
4014180001,320000,401418000100000003-0000    103,"c(-73.8795217563289, 40.7572751444081)"
1018920006,2900000,101892000600000001-0000     6A,"c(-73.9692639938007, 40.8022400407003)"
4001770001,330000,400177000100000011-0000     4F,"c(-73.92195714688, 40.7386545460736)"
2032260053,278000,203226005300000001-0000    17G,"c(-73.9077536434926, 40.864591539613)"
3067010064,450000,306701006400000003-0000    310,"c(-73.9597151082356, 40.6287823582442)"
3086800001,570000,308680000100000002-0000    12A,"c(-73.9671095231509, 40.5754784913281)"
3000860011,320000,300086001100000007-0000     6J,"c(-73.9878532443117, 40.6978012627673)"
1013650020,425000,101365002000000001-0000    2MN,"c(-73.9628523541684, 40.7553462616477)"
3019050001,600000,301905000100000001-0000    116,"c(-73.96519635708, 40.6925684261311)"
4077480500,450000,407748050000000019-1000  19W3D,"c(-73.7584927466073, 40.7372933036104)"
3072240050,335000,307224005000000005-0000     4J,"c(-73.9618188693742, 40.5882126558982)"
1021800633,575000,102180063300000006-0000     2B,"c(-73.9322126897869, 40.8586691321111)"
3067090001,352000,306709000100000001-0000    302,"c(-73.9604007240877, 40.6270757908804)"
1013660025,1400000,101366002500000001-0000    16G,"c(-73.962196455057, 40.7558814262349)"
4017270008,125000,401727000800000006-0000     1A,"c(-73.8562352648648, 40.7576018057688)"
2059530240,210000,205953024000000003-0000     5M,"c(-73.9054208880704, 40.9092522950817)"
1008910083,355000,100891008300000001-0000     4C,"c(-73.9799139661263, 40.7479145434458)"
4059380005,525000,405938000500000001-0000     8N,"c(-73.7758752818077, 40.7850229651994)"
3086800001,480000,308680000100000001-0000     2O,"c(-73.9671095231509, 40.5754784913281)"
4053740016,430000,405374001600000001-0000     3T,"c(-73.8194318821809, 40.7587681336446)"
1013280021,735000,101328002100000001-0000    27L,"c(-73.9667925521844, 40.7578499401902)"
1013300007,400000,101330000700000001-0000     3A,"c(-73.9670616182532, 40.7594249184135)"
1005610014,1850000,100561001400000001-0000     5J,"c(-73.9925402462671, 40.731955351898)"
3066190001,285000,306619000100000001-0000    B14,"c(-73.9857443756585, 40.607140152278)"
4043400010,285000,404340001000000003-0000     2J,"c(-73.8310512966612, 40.7707796940356)"
3066140017,265000,306614001700000001-0000     3K,"c(-73.9658739093247, 40.6113799559533)"
1013640005,675000,101364000500000001-0000    1AB,"c(-73.9642732328611, 40.7551225827802)"
4033220024,265000,403322002400000003-0000     2B,"c(-73.8329831364134, 40.706009586921)"
4020860050,330000,402086005000000001-0000    11M,"c(-73.8598809796084, 40.7322696134384)"
4014180001,320000,401418000100000004-0000    111,"c(-73.8795217563289, 40.7572751444081)"
3000860011,290000,300086001100000004-0000     3B,"c(-73.9878532443117, 40.6978012627673)"
4019110001,420000,401911000100000001-0000     C3,"c(-73.8665538889279, 40.7352867687416)"
4011110001,280000,401111000100000001-0000    I4O,"c(-73.9059545133664, 40.7582907935241)"
1009090001,450000,100909000100000001-0000     4H,"c(-73.9802762865412, 40.7420132635997)"
4092090049,205000,409209004900000001-0000     2C,"c(-73.8360518966568, 40.7041431360332)"
1014280017,450000,101428001700000001-0000    10G,"c(-73.9583560180008, 40.7699418815408)"
4077420003,323000,40774200030000002-34000  115A1,"c(-73.7533622250934, 40.7408888582161)"
4043430010,385000,404343001000000006-0000     5E,"c(-73.8282012079768, 40.7720074453794)"
1013350022,290000,101335002200000001-0000   1101,"c(-73.969992974262, 40.7493465828214)"
1005730043,410000,100573004300000001-0000    931,"c(-73.9963064633123, 40.7332486816949)"
4083630001,300000,40836300010000003-55000   1068,"c(-73.725541009333, 40.7571409008277)"
4021570015,400000,402157001500000001-0000    28D,"c(-73.8474327723481, 40.7270730198984)"
4076360007,216000,40763600070000002-49000   202B,"c(-73.7603879652191, 40.7409365865241)"
5000100019,180000,500010001900000001-0000     4P,"c(-74.0787823165954, 40.6448552735597)"
1013330023,290000,101333002300000001-0000    636,"c(-73.9708763719043, 40.7479861107679)"
2057220445,410000,205722044500000001-0000    11C,"c(-73.9168597790226, 40.878087619241)"
1005560044,750000,100556004400000001-0000     3A,"c(-73.9897018751881, 40.7323515654729)"
1008710044,750000,100871004400000001-0000     5D,"c(-73.9867597644408, 40.7345707195945)"
4084890001,575000,408489000100000001-0000     5D,"c(-73.7142119283782, 40.7567797984328)"
4084890001,450000,408489000100000001-0000    11K,"c(-73.7142119283782, 40.7567797984328)"
1013340022,270000,101334002200000001-0000    806,"c(-73.970510856595, 40.7486411257224)"
1015550023,580000,101555002300000001-0000    17F,"c(-73.9467014930952, 40.7811837062279)"
4043430010,385000,404343001000000003-0000     6B,"c(-73.8282012079768, 40.7720074453794)"
4012540012,312170,401254001200000003-0000     5E,"c(-73.8857010302976, 40.7546563972212)"
1013710014,1800000,101371001400000001-0000    15L,"c(-73.9613878947064, 40.7555808528985)"
1013670001,530000,101367000100000001-0000     3M,"c(-73.9631217477455, 40.7570988822293)"
1014280017,380000,101428001700000001-0000     2B,"c(-73.9583560180008, 40.7699418815408)"
3073690027,230000,307369002700000005-0000     1B,"c(-73.9354389667063, 40.5996255238159)"
4011110001,315000,401111000100000002-0000    A2E,"c(-73.9059545133664, 40.7582907935241)"
1013340041,330000,101334004100000001-0000    212,"c(-73.9714800907511, 40.7492114132245)"
4058780050,268000,405878005000000004-0000     4G,"c(-73.7826850253958, 40.7799617295456)"
4084890001,260000,408489000100000001-0000    27P,"c(-73.7142119283782, 40.7567797984328)"
4005570003,500000,400557000300000001-0000    12B,"c(-73.9317116636673, 40.7626039028715)"
1014460023,885000,101446002300000001-0000  B1511,"c(-73.9567296656672, 40.7676355726799)"
4051370055,450000,405137005500000001-0000     7A,"c(-73.825493279034, 40.7546288559222)"
4012540012,300000,401254001200000002-0000     1J,"c(-73.8857010302976, 40.7546563972212)"
1014470019,520000,101447001900000001-0000    31D,"c(-73.9564599780601, 40.7683018702458)"
4077480500,235000,407748050000000004-0000    32D,"c(-73.7584927466073, 40.7372933036104)"
1011380001,425000,101138000100000001-0000    PHH,"c(-73.983759425779, 40.7748586948902)"
4058780003,255000,405878000300000004-0000     2B,"c(-73.7819471174009, 40.780451839894)"
4014590001,340000,401459000100000002-0000     5C,"c(-73.8812700791886, 40.7512518800871)"
4077320002,240000,407732000200000008-0000    85A,"c(-73.760419107419, 40.7391261677651)"
4096650001,245000,409665000100000001-0000     4C,"c(-73.8189289642914, 40.7123415938686)"
3009570062,750000,300957006200000001-0000     1G,"c(-73.9774577850105, 40.6746742303075)"
4012790058,470000,401279005800000001-0000     3J,"c(-73.8870615023608, 40.75083948091)"
4043120010,325000,404312001000000005-0000     1B,"c(-73.8288909797384, 40.7731266239402)"
3061270011,410000,306127001100000001-0000     4O,"c(-74.0317440040313, 40.6143141544164)"
4021620122,275000,402162012200000001-0000   C208,"c(-73.8474596424591, 40.7377499747607)"
1019780001,640000,101978000100000002-0000    09G,"c(-73.9586962723194, 40.8125152615125)"
4077420003,324800,40774200030000002-77000   82A2,"c(-73.7533622250934, 40.7408888582161)"
1014690028,460000,101469002800000001-0000     5F,"c(-73.9527763217595, 40.7687445920503)"
1019780001,640000,101978000100000003-0000     MC,"c(-73.9586962723194, 40.8125152615125)"
4033340250,320000,403334025000000001-0000     4B,"c(-73.8341759177803, 40.7131406081948)"
4064940003,280000,4064940003000004-137000      A,"c(-73.8291927436338, 40.729559793319)"
1019780001,735000,101978000100000001-0000    02G,"c(-73.9586962723194, 40.8125152615125)"
4077420003,367000,40774200030000002-52000   97B2,"c(-73.7533622250934, 40.7408888582161)"
4076320002,340000,407632000200000003-1000 DUPLEX,"c(-73.7556537025174, 40.7435606899748)"
4001770001,325000,400177000100000005-0000     3F,"c(-73.92195714688, 40.7386545460736)"
1013340022,270000,101334002200000001-0000    614,"c(-73.970510856595, 40.7486411257224)"
4021530001,259000,402153000100000003-0000     1F,"c(-73.8491694210115, 40.7296373237648)"
1003210001,900000,100321000100000010-0000  M1406,"c(-73.9783767808142, 40.7143242282315)"
4001770001,540000,400177000100000001-0000     1A,"c(-73.92195714688, 40.7386545460736)"
1013280021,650000,101328002100000001-0000    21H,"c(-73.9667925521844, 40.7578499401902)"
3061270011,410000,306127001100000001-0000     2A,"c(-74.0317440040313, 40.6143141544164)"
1014830038,360000,101483003800000001-0000     1E,"c(-73.9528275583435, 40.7659770206187)"
4014590001,315000,401459000100000001-0000     2G,"c(-73.8812700791886, 40.7512518800871)"
2059530550,170000,205953055000000005-0000     2C,"c(-73.9061150363699, 40.9052352678195)"
4031710019,310000,403171001900000001-0000     6A,"c(-73.8527977358175, 40.7258736983519)"
2059530038,220000,205953003800000001-0000     2A,"c(-73.9058351988851, 40.906974041001)"
1013340022,280000,101334002200000001-0000    401,"c(-73.970510856595, 40.7486411257224)"
1012940033,980000,101294003300000001-0000     9H,"c(-73.9707312114566, 40.7627331162852)"
4018720011,475000,401872001100000001-0000     3D,"c(-73.868774597856, 40.7364952798012)"
4082560108,235000,408256010800000002-0000     4M,"c(-73.7258707216297, 40.7657529221731)"
2057960107,235000,205796010700000001-0000     2E,"c(-73.9081471574378, 40.8866364263584)"
1010490001,650000,101049000100000002-0000   10VN,"c(-73.9841248570306, 40.7689490314921)"
2057370061,365000,205737006100000001-0000     6G,"c(-73.9148094051542, 40.8829345743236)"
1013280021,630000,101328002100000001-0000     7A,"c(-73.9667925521844, 40.7578499401902)"
2032260053,182000,203226005300000003-0000    15E,"c(-73.9077536434926, 40.864591539613)"
4020860050,285000,402086005000000005-0000     7G,"c(-73.8598809796084, 40.7322696134384)"
1015860021,685000,101586002100000001-0000    10N,"c(-73.9435233686531, 40.7773434164237)"
2059530550,250000,205953055000000001-0000     2G,"c(-73.9061150363699, 40.9052352678195)"
4042850010,340000,404285001000000007-0000     2C,"c(-73.827187333436, 40.7746679600832)"
3060780031,350000,306078003100000002-0000   4D40,"c(-74.0395357339845, 40.6229387798066)"
1013650020,755000,101365002000000001-0000   12HN,"c(-73.9628523541684, 40.7553462616477)"
3019020001,730000,301902000100000005-0000     9G,"c(-73.9681310607595, 40.6922421297711)"
4084890001,260000,408489000100000001-0000    25Y,"c(-73.7142119283782, 40.7567797984328)"
3088080059,300000,308808005900000001-0000    517,"c(-73.9316863587374, 40.584782264496)"
3072740001,330000,307274000100000001-0000     8H,"c(-73.9710655952564, 40.5789176473329)"
1010090029,450000,101009002900000001-0000     7K,"c(-73.9778311252215, 40.7640913929086)"
3088060150,275000,308806015000000003-0000     4K,"c(-73.9331163373724, 40.5875877246436)"
4042850010,345000,404285001000000007-0000     5C,"c(-73.827187333436, 40.7746679600832)"
4067150002,215000,406715000200000001-0000    77A,"c(-73.8125568418903, 40.7171201503759)"
4079140002,270000,4079140002000002-136000   2413,"c(-73.7438653541695, 40.7326859961419)"
1003860020,705000,100386002000000001-0000    1CD,"c(-73.9815305716553, 40.7226183150857)"
1013500020,1250000,101350002000000001-0000     3B,"c(-73.9632904230948, 40.7587714106616)"
4105240001,260000,410524000100000005-0000     1D,"c(-73.766786511428, 40.7198551644555)"
2031730013,200000,203173001300000001-0000     4F,"c(-73.8999795040673, 40.8608465026821)"
1014830038,545000,101483003800000001-0000     5T,"c(-73.9528275583435, 40.7659770206187)"
1005660018,1600000,100566001800000001-0000    10D,"c(-73.9949969035654, 40.7320770876281)"
4021520106,280000,402152010600000001-0000     4G,"c(-73.850191738132, 40.7302330034462)"
4021520106,280000,402152010600000001-0000     2G,"c(-73.850191738132, 40.7302330034462)"
4045740080,425000,404574008000000001-0000     4J,"c(-73.7966247995823, 40.7949600276669)"
1008880037,600000,100888003700000001-0000    12A,"c(-73.9792260203021, 40.7447617755381)"
3002170001,585000,300217000100000001-0000     6D,"c(-73.9918650635539, 40.6987793276441)"
4017270008,185000,401727000800000001-0000     4B,"c(-73.8562352648648, 40.7576018057688)"
4073490001,245000,407349000100000019-0000     3D,"c(-73.7640803706605, 40.7568644372392)"
4005570003,490000,400557000300000013-0000     2A,"c(-73.9317116636673, 40.7626039028715)"
1013380005,1150000,101338000500000001-0000    23G,"c(-73.9699269796242, 40.7517689843256)"
1015420019,725000,101542001900000001-1000    21G,"c(-73.9528787717078, 40.7728915760161)"
4077420003,323000,4077420003000002-140000   74A2,"c(-73.7533622250934, 40.7408888582161)"
4019460001,215000,401946000100000001-0000     6A,"c(-73.8586287587555, 40.7376258541913)"
1007470028,1680000,100747002800000001-0000     8C,"c(-73.99912911406, 40.7458124263723)"
4042850010,330000,404285001000000012-0000     3D,"c(-73.827187333436, 40.7746679600832)"
4077480500,230000,407748050000000006-0000    51G,"c(-73.7584927466073, 40.7372933036104)"
1013650020,970000,101365002000000001-0000    8BS,"c(-73.9628523541684, 40.7553462616477)"
1011840087,385000,101184008700000001-0000    11F,"c(-73.9837313165334, 40.7817556343155)"
4033350023,290000,403335002300000001-0000    19G,"c(-73.833725561877, 40.7121757035697)"
4042850010,350000,404285001000000008-0000     3D,"c(-73.827187333436, 40.7746679600832)"
1013820069,1300000,101382006900000001-0000     6E,"c(-73.9687182153447, 40.769471047801)"
4073480001,210000,407348000100000017-0000    2B1,"c(-73.765027929824, 40.7566532080161)"
4011110001,300000,401111000100000001-0000    C2P,"c(-73.9059545133664, 40.7582907935241)"
4042850010,345000,404285001000000001-0000     4C,"c(-73.827187333436, 40.7746679600832)"
1019780001,735000,101978000100000004-0000    19A,"c(-73.9586962723194, 40.8125152615125)"
1003150001,1100000,100315000100000003-0000  C1605,"c(-73.9859018520821, 40.7150585343655)"
4012790015,280000,401279001500000001-0000      2,"c(-73.8866988859833, 40.7508877232824)"
1005560044,750000,100556004400000001-0000     8K,"c(-73.9897018751881, 40.7323515654729)"
3000860011,550000,300086001100000002-0000    17H,"c(-73.9878532443117, 40.6978012627673)"
1015650009,500000,101565000900000001-0000     3D,"c(-73.9488087678181, 40.775994580098)"
1015790049,490000,101579004900000001-0000     8D,"c(-73.94824331055, 40.7735785091686)"
2057220445,225000,205722044500000001-0000    12U,"c(-73.9168597790226, 40.878087619241)"
1003860020,705000,100386002000000001-0000    5CD,"c(-73.9815305716553, 40.7226183150857)"
4020930245,520000,402093024500000004-0000    15J,"c(-73.8592631495645, 40.7336443755107)"
4084890001,235000,408489000100000001-0000    10J,"c(-73.7142119283782, 40.7567797984328)"
4020860050,290000,402086005000000001-0000    10B,"c(-73.8598809796084, 40.7322696134384)"
3020680001,515000,302068000100000002-0000     6C,"c(-73.978429084813, 40.6927283860604)"
4011110001,325000,401111000100000001-0000    J5H,"c(-73.9059545133664, 40.7582907935241)"
3067010064,450000,306701006400000003-0000    104,"c(-73.9597151082356, 40.6287823582442)"
3051560048,530000,305156004800000001-0000     2R,"c(-73.9656056289654, 40.6392729143911)"
3066810415,250000,306681041500000001-0000    F14,"c(-73.9675492628616, 40.6044647888692)"
1011250024,2425000,101125002400000001-0000    23R,"c(-73.9768470867773, 40.7770766339652)"
4058780050,268000,405878005000000001-0000     3J,"c(-73.7826850253958, 40.7799617295456)"
1021790373,525000,102179037300000001-0000     5M,"c(-73.9363579346559, 40.8568991813146)"
1014970007,725000,101497000700000001-0000     6D,"c(-73.9600723372854, 40.7807444227856)"
4084010350,250000,40840103500000001-22000   192A,"c(-73.7217556618658, 40.7508521895601)"
4077390003,325000,407739000300000001-3000  380A2,"c(-73.7560069493339, 40.7404422666459)"
1015190046,300000,101519004600000001-0000     6J,"c(-73.9528224182584, 40.7822475634987)"
4077390003,332000,40773900030000001-47000  355A2,"c(-73.7560069493339, 40.7404422666459)"
1005890014,465000,100589001400000002-0000     14,"c(-74.0021690255389, 40.7312078580916)"
1010490001,650000,101049000100000001-0000    3BS,"c(-73.9841248570306, 40.7689490314921)"
1013350022,305000,101335002200000001-0000   1212,"c(-73.969992974262, 40.7493465828214)"
3072740015,480000,307274001500000004-0000    12F,"c(-73.9698590156726, 40.5788513122297)"
1013340041,435000,101334004100000001-0000   1810,"c(-73.9714800907511, 40.7492114132245)"
1009050026,775000,100905002600000001-0000     2G,"c(-73.9805910177636, 40.7388700344371)"
3068010001,475000,306801000100000001-0000     2J,"c(-73.9549568653958, 40.6080193567699)"
4077390003,360000,40773900030000001-67000  400A2,"c(-73.7560069493339, 40.7404422666459)"
1013680025,1550000,101368002500000001-0000    11F,"c(-73.9611929389599, 40.7572188102674)"
2059120091,230000,205912009100000002-0000     7M,"c(-73.9090909930085, 40.8964550555064)"
1009400048,450000,100940004800000001-0000     4F,"c(-73.9743894817805, 40.7447741873309)"
1007900001,1050000,100790000100000001-0000     5E,"c(-73.9990770486697, 40.7387520362848)"
1021790010,1400000,102179001000000004-0000    099,"c(-73.9400594375885, 40.8534031928776)"
4032360035,425000,403236003500000001-0000    15X,"c(-73.8492554856544, 40.7221531757117)"
2059530230,220000,205953023000000002-0000     3M,"c(-73.9054961445133, 40.9082120047334)"
4084010675,300000,40840106750000002-43000    33A,"c(-73.7234374600889, 40.7512949406207)"
3000860011,600000,300086001100000001-0000    16B,"c(-73.9878532443117, 40.6978012627673)"
2033070001,210000,203307000100000001-0000     6F,"c(-73.8852143741952, 40.8724035916938)"
4084890001,235000,408489000100000002-0000     4B,"c(-73.7142119283782, 40.7567797984328)"
2032950033,230000,203295003300000001-0000     1G,"c(-73.889402286594, 40.8684145462881)"
1013670001,540000,101367000100000001-0000    35K,"c(-73.9631217477455, 40.7570988822293)"
1015660001,750000,101566000100000001-0000     3A,"c(-73.9487759521699, 40.7769315526863)"
4059380005,390000,405938000500000001-0000    11B,"c(-73.7758752818077, 40.7850229651994)"
3065030030,415000,306503003000000001-0000    412,"c(-73.9720574103964, 40.6283854251558)"
3068360064,230000,306836006400000001-0000     3E,"c(-73.9427345183692, 40.6066991324942)"
2042930010,250000,204293001000000002-0000     4G,"c(-73.8636224292957, 40.8531377714141)"
4079140002,270000,4079140002000002-157000   2611,"c(-73.7438653541695, 40.7326859961419)"
4064940003,280000,4064940003000004-203000      A,"c(-73.8291927436338, 40.729559793319)"
4021360021,340000,402136002100000001-0000     3E,"c(-73.849756572397, 40.7265282840993)"
1014970007,725000,101497000700000001-0000     6C,"c(-73.9600723372854, 40.7807444227856)"
1015860021,685000,101586002100000001-0000     1L,"c(-73.9435233686531, 40.7773434164237)"
4021480001,493392,402148000100000003-0000     3D,"c(-73.8510879399311, 40.7328836003535)"
1008170029,700000,100817002900000001-0000    5RN,"c(-73.9938596858644, 40.7374329047939)"
3067010064,620000,306701006400000003-0000    509,"c(-73.9597151082356, 40.6287823582442)"
4084890001,245000,408489000100000002-0000    21B,"c(-73.7142119283782, 40.7567797984328)"
1011790019,1100000,101179001900000001-0000    9FE,"c(-73.9876459074926, 40.7766080155806)"
1016030069,3850000,101603006900000001-0000  1011D,"c(-73.9546067391752, 40.7888733232771)"
4039070975,170000,403907097500000001-1000     2J,"c(-73.8516308223066, 40.6991314383951)"
2032260053,165000,203226005300000005-0000     8D,"c(-73.9077536434926, 40.864591539613)"
1006320017,755000,100632001700000001-0000     4E,"c(-74.0073500462308, 40.7346318287013)"
1013310017,625000,101331001700000001-0000    14C,"c(-73.9657646758051, 40.759818011522)"
4039070960,250000,403907096000000003-0000     2U,"c(-73.852322970255, 40.7001350625872)"
4001280007,555135,400128000700000004-0000     6E,"c(-73.9125552266127, 40.7475645954707)"
4053100001,208000,405310000100000001-2000    105,"c(-73.7925561514965, 40.7618716065937)"
1011240046,450000,101124004600000001-0000   405B,"c(-73.9774645727474, 40.7765438940751)"
4045740080,425000,404574008000000001-0000    21L,"c(-73.7966247995823, 40.7949600276669)"
1013350022,270000,101335002200000001-0000    909,"c(-73.969992974262, 40.7493465828214)"
1011290039,1160000,101129003900000001-0000     4D,"c(-73.9746057758712, 40.7796128481726)"
3071780022,340000,307178002200000001-0000    712,"c(-73.967910723122, 40.5914731127727)"
4097180002,230000,409718000200000001-0000    304,"c(-73.8163685846512, 40.7131582512318)"
1015560023,540000,101556002300000001-0000     2J,"c(-73.9462546867286, 40.7817804681218)"
4077390003,367000,40773900030000001-55000  388B1,"c(-73.7560069493339, 40.7404422666459)"
4059380003,335000,405938000300000001-0000     6K,"c(-73.7759418410701, 40.7856046529617)"
4084890001,750000,408489000100000003-0000    15D,"c(-73.7142119283782, 40.7567797984328)"
4077480500,210000,407748050000000004-1000    32L,"c(-73.7584927466073, 40.7372933036104)"
1001170001,710000,100117000100000002-0000    14F,"c(-73.9998514726025, 40.7125282427346)"
3019050080,510000,301905008000000002-0000   1118,"c(-73.9642897086189, 40.6926747148287)"
4042850010,350000,404285001000000012-0000     3B,"c(-73.827187333436, 40.7746679600832)"
2059010001,650000,205901000100000001-0000     7Y,"c(-73.9145372157692, 40.8854677126167)"
3000860011,550000,300086001100000007-0000    10I,"c(-73.9878532443117, 40.6978012627673)"
4058780003,330000,405878000300000004-0000     1A,"c(-73.7819471174009, 40.780451839894)"
1013340041,320000,101334004100000001-0000    907,"c(-73.9714800907511, 40.7492114132245)"
4012790015,280000,401279001500000001-0000     33,"c(-73.8866988859833, 40.7508877232824)"
3074490025,280000,307449002500000001-0000     4C,"c(-73.9359502410117, 40.5904256428606)"
4020860050,330000,402086005000000006-0000    10C,"c(-73.8598809796084, 40.7322696134384)"
4047690001,240000,404769000100000002-0000     6D,"c(-73.8253918478172, 40.7752092527648)"
1015550023,625000,101555002300000001-0000    19J,"c(-73.9467014930952, 40.7811837062279)"
1020610051,749000,102061005100000001-0000     31,"c(-73.9456472155611, 40.8258531159163)"
3068180025,260000,306818002500000001-0000     V4,"c(-73.9597614940046, 40.6044650639439)"
4031570101,330000,403157010100000001-0000    B14,"c(-73.8566242455495, 40.725688268379)"
4045740080,430000,404574008000000001-0000     7G,"c(-73.7966247995823, 40.7949600276669)"
3025690035,775000,302569003500000001-0000     2C,"c(-73.9547835503202, 40.7284216378936)"
1019780001,295000,101978000100000002-0000    02E,"c(-73.9586962723194, 40.8125152615125)"
1008730019,710000,100873001900000001-0000    05H,"c(-73.9866710658313, 40.7360759547587)"
1013350022,285000,101335002200000001-0000   1219,"c(-73.969992974262, 40.7493465828214)"
1013340022,270000,101334002200000001-0000    716,"c(-73.970510856595, 40.7486411257224)"
4067150002,280000,406715000200000001-0000    28A,"c(-73.8125568418903, 40.7171201503759)"
1013230036,800000,101323003600000001-0000    11D,"c(-73.9697574638724, 40.7551589793385)"
1018900028,495000,101890002800000001-0000     7B,"c(-73.9708171301879, 40.7998154880604)"
4084890001,300000,408489000100000001-0000    27B,"c(-73.7142119283782, 40.7567797984328)"
1013280021,630000,101328002100000001-0000    10K,"c(-73.9667925521844, 40.7578499401902)"
3019020001,800000,301902000100000002-0000     6C,"c(-73.9681310607595, 40.6922421297711)"
2059530240,265000,205953024000000003-0000    15R,"c(-73.9054208880704, 40.9092522950817)"
4039070975,240000,403907097500000001-1000     3N,"c(-73.8516308223066, 40.6991314383951)"
4012900013,710000,401290001300000001-0000      1,"c(-73.8863134697963, 40.7487724694154)"
4098350003,220000,409835000300000001-0000    11J,"c(-73.7874941898549, 40.7123125033642)"
1013380005,1150000,101338000500000001-0000    14H,"c(-73.9699269796242, 40.7517689843256)"
1013300038,450000,101330003800000001-0000     6F,"c(-73.9667975189131, 40.7596297479267)"
4014210001,280000,401421000100000005-0000    610,"c(-73.87675473101, 40.7577059487531)"
4013140011,365000,401314001100000001-0000     6F,"c(-73.9130998206388, 40.7451129922237)"
3088210001,260000,308821000100000001-0000     1B,"c(-73.9333365905762, 40.5992618508567)"
3000860011,580000,300086001100000003-0000     4B,"c(-73.9878532443117, 40.6978012627673)"
3076810010,198000,307681001000000003-0000     5E,"c(-73.9470550448177, 40.6149381028574)"
1011240042,440000,101124004200000001-0000     5L,"c(-73.9771476182032, 40.7764101415495)"
4092090049,205000,409209004900000001-0000     2E,"c(-73.8360518966568, 40.7041431360332)"
3088210001,260000,308821000100000002-0000     3B,"c(-73.9333365905762, 40.5992618508567)"
1010360014,550000,101036001400000001-0000    208,"c(-73.9896307729351, 40.7599315186929)"
4021390007,470000,402139000700000001-0000    A11,"c(-73.848674883893, 40.7245529938121)"
2033430076,225000,203343007600000001-0000     2G,"c(-73.8765798459573, 40.8758498315655)"
4021330016,525000,402133001600000001-0000  K008F,"c(-73.8508390529811, 40.7283478634108)"
4018720011,475000,401872001100000001-0000     1N,"c(-73.868774597856, 40.7364952798012)"
4084890001,215000,408489000100000002-0000     8B,"c(-73.7142119283782, 40.7567797984328)"
3019020001,710000,301902000100000002-0000     1C,"c(-73.9681310607595, 40.6922421297711)"
4011110001,315000,401111000100000011-0000    F5A,"c(-73.9059545133664, 40.7582907935241)"
1009170017,450000,100917001700000001-0000    21C,"c(-73.9757727770169, 40.7466534153236)"
4077420003,360000,4077420003000002-130000   64B2,"c(-73.7533622250934, 40.7408888582161)"
1013650020,970000,101365002000000001-0000    6ES,"c(-73.9628523541684, 40.7553462616477)"
4020860050,300000,402086005000000006-0000    12B,"c(-73.8598809796084, 40.7322696134384)"
3010300036,750000,301030003600000001-0000     4R,"c(-73.9835925693533, 40.6651160126847)"
1011640002,649000,101164000200000001-0000    11B,"c(-73.9839864755539, 40.7799134726523)"
4059000075,425000,405900007500000001-0000     3C,"c(-73.7768428035785, 40.7816448402307)"
2031730013,200000,203173001300000001-0000     6E,"c(-73.8999795040673, 40.8608465026821)"
3069330055,315000,306933005500000001-0000    16B,"c(-73.9916166814721, 40.5893031258185)"
4066330001,380000,406633000100000020-0000     2C,"c(-73.818506364122, 40.7179359079829)"
4105380070,245000,410538007000000002-0000    A46,"c(-73.7622877856304, 40.7215069467837)"
1013350022,310000,101335002200000001-0000   1212,"c(-73.969992974262, 40.7493465828214)"
3072140001,225000,307214000100000002-0000     1H,"c(-73.9710202547269, 40.5871500637629)"
4059580100,370000,405958010000000001-0000     2J,"c(-73.774863980502, 40.7815730330188)"
4059380005,390000,405938000500000001-0000     7R,"c(-73.7758752818077, 40.7850229651994)"
1014990032,1050000,101499003200000001-0000    11E,"c(-73.9569613193925, 40.7812080727545)"
4031630015,180000,403163001500000001-0000     6P,"c(-73.8562184673877, 40.7211888508641)"
1013300038,450000,101330003800000001-0000     6K,"c(-73.9667975189131, 40.7596297479267)"
1011450001,750000,101145000100000001-0000     2B,"c(-73.9806572839604, 40.7793355185712)"
4031630015,180000,403163001500000001-0000     3R,"c(-73.8562184673877, 40.7211888508641)"
1013490009,510000,101349000900000001-0000     6F,"c(-73.9646866770406, 40.758404919389)"
4020860050,290000,402086005000000005-0000    14L,"c(-73.8598809796084, 40.7322696134384)"
5000010216,425000,500001021600000001-0000    A4E,"c(-74.0739643253496, 40.6381177858733)"
1008850074,415000,100885007400000001-0000     2B,"c(-73.9821890954514, 40.7438999539991)"
1011380001,555000,101138000100000001-0000    12S,"c(-73.983759425779, 40.7748586948902)"
4050160007,420000,405016000700000006-0000    D36,"c(-73.8179013540483, 40.7643546648156)"
4019490106,225000,401949010600000001-0000     3P,"c(-73.8579884895663, 40.7382245756725)"
2032260053,278000,203226005300000006-0000    14F,"c(-73.9077536434926, 40.864591539613)"
1013410001,550000,101341000100000001-0000     4C,"c(-73.968922051687, 40.7537271130998)"
4084010675,340000,4084010675000002-100000    82B,"c(-73.7234374600889, 40.7512949406207)"
1009160061,410000,100916006100000001-0000     4A,"c(-73.9769541536058, 40.746705449609)"
2032260053,266000,203226005300000001-0000     7G,"c(-73.9077536434926, 40.864591539613)"
1009050026,520000,100905002600000001-0000     5J,"c(-73.9805910177636, 40.7388700344371)"
1013470018,350000,101347001800000001-0000     5J,"c(-73.9649217794156, 40.7568791248901)"
1013510017,265000,101351001700000001-0000     3F,"c(-73.9631455883935, 40.7595343394548)"
1005020012,425000,100502001200000001-0000     5E,"c(-74.0016867890642, 40.725695087095)"
3060900005,245000,306090000500000001-0000     6J,"c(-74.0267702162058, 40.6173153746671)"
1002630008,900000,100263000800000001-0000  A1903,"c(-73.9789832236522, 40.7129513545995)"
1013470009,320000,101347000900000001-0000     4K,"c(-73.9656539047811, 40.7571869769557)"
4021620122,295000,402162012200000001-0000   C900,"c(-73.8474596424591, 40.7377499747607)"
3059060018,190000,305906001800000003-0000    321,"c(-74.0307002586211, 40.634034060741)"
4050160007,350000,405016000700000005-0000    C66,"c(-73.8179013540483, 40.7643546648156)"
3067760065,150000,306776006500000001-0000     1J,"c(-73.9600486565762, 40.609607581338)"
1005320020,850000,100532002000000001-0000   0505,"c(-73.9959366120402, 40.7271279257018)"
1014830038,545000,101483003800000001-0000     7U,"c(-73.9528275583435, 40.7659770206187)"
1021800326,345000,102180032600000002-0000     4A,"c(-73.9340788973006, 40.8550920851554)"
4050400032,350000,405040003200000001-0000     3A,"c(-73.8314082682503, 40.7561385797912)"
4005570003,350000,400557000300000011-0000    11B,"c(-73.9317116636673, 40.7626039028715)"
1009280001,650000,100928000100000001-0000     4P,"c(-73.9807845188557, 40.7372107763318)"
4019080001,220000,401908000100000003-0000     2E,"c(-73.8610366760077, 40.7385794868999)"
4021510101,290000,402151010100000007-0000     3B,"c(-73.8502617581199, 40.7308778174249)"
4039070975,275000,403907097500000001-1000     5N,"c(-73.8516308223066, 40.6991314383951)"
4005570003,500000,400557000300000014-0000    15B,"c(-73.9317116636673, 40.7626039028715)"
4083370001,300000,40833700010000002-20000    317,"c(-73.7298551227286, 40.7596036895046)"
1000650017,1100000,100065001700000001-0000     8E,"c(-74.009503825818, 40.7098320578559)"
3075780062,285000,307578006200000001-0000     4N,"c(-73.9449119340439, 40.6314699002125)"
4077420003,323000,4077420003000002-132000   66A1,"c(-73.7533622250934, 40.7408888582161)"
4014540001,350000,401454000100000002-0000     5D,"c(-73.8742656001621, 40.7544212809746)"
3075600001,300000,307560000100000001-0000    12N,"c(-73.9451602873481, 40.6321207581185)"
1007310060,755000,100731006000000001-0000     8H,"c(-73.9976710066137, 40.7536625655247)"
1015420014,960000,101542001400000001-0000     C5,"c(-73.9534949518664, 40.7729966210046)"
1013350022,280000,101335002200000001-0000    209,"c(-73.969992974262, 40.7493465828214)"
4020860050,300000,402086005000000005-0000    12C,"c(-73.8598809796084, 40.7322696134384)"
1013710014,1800000,101371001400000001-0000    16K,"c(-73.9613878947064, 40.7555808528985)"
4096650001,220000,409665000100000001-0000     6C,"c(-73.8189289642914, 40.7123415938686)"
3019440004,810000,301944000400000011-0000     8B,"c(-73.967106055987, 40.6873085495432)"
4067150002,260000,406715000200000001-0000    33D,"c(-73.8125568418903, 40.7171201503759)"
3053290072,590000,305329007200000001-0000    11R,"c(-73.9740414304079, 40.646687655518)"
1013250024,499000,101325002400000001-0000     8H,"c(-73.9683182302437, 40.7558581936504)"
4077540003,325000,40775400030000003-14000  284A1,"c(-73.7527434776046, 40.7387611497005)"
1013990033,925000,101399003300000001-0000    14F,"c(-73.9643876379293, 40.7651248140243)"
1002630008,900000,100263000800000001-0000  A1902,"c(-73.9789832236522, 40.7129513545995)"
4011110001,330000,401111000100000001-0000    C6E,"c(-73.9059545133664, 40.7582907935241)"
3061150042,310000,306115004200000001-0000    E11,"c(-74.0369814926134, 40.6172359827519)"
1013350022,275000,101335002200000001-0000   2112,"c(-73.969992974262, 40.7493465828214)"
2043190040,150000,204319004000000001-0000     2G,"c(-73.8659973986441, 40.8558067338331)"
2059530550,190000,205953055000000004-0000     2C,"c(-73.9061150363699, 40.9052352678195)"
2042910014,155000,204291001400000001-2000     5H,"c(-73.865315737909, 40.8533992847004)"
3010800035,230000,301080003500000001-0000     3I,"c(-73.9766539751782, 40.669317074116)"
1021790010,670000,102179001000000003-0000    133,"c(-73.9400594375885, 40.8534031928776)"
1013670001,615000,101367000100000001-0000     4J,"c(-73.9631217477455, 40.7570988822293)"
1008640035,510000,100864003500000001-0000    21C,"c(-73.9814950604562, 40.7474944338011)"
2057880119,379000,205788011900000001-0000     5A,"c(-73.9117708380265, 40.8841983279902)"
4021510101,290000,402151010100000006-0000     4D,"c(-73.8502617581199, 40.7308778174249)"
1018870016,525000,101887001600000001-0000     2B,"c(-73.9733301896094, 40.7956121282206)"
3069330055,315000,306933005500000002-0000     4E,"c(-73.9916166814721, 40.5893031258185)"
1015790023,2100000,101579002300000001-0000    32B,"c(-73.9469506505762, 40.7727920679517)"
4015130028,380000,401513002800000001-0000     A4,"c(-73.8779693969543, 40.7460233144075)"
1013330001,460000,101333000100000001-0000    11X,"c(-73.9724971040131, 40.7485605133245)"
1018870016,525000,101887001600000001-0000     4C,"c(-73.9733301896094, 40.7956121282206)"
4050070022,290000,405007002200000001-0000     6P,"c(-73.8156681071096, 40.7661003153751)"
1019780001,605000,101978000100000004-0000    12B,"c(-73.9586962723194, 40.8125152615125)"
1015660029,300000,101566002900000001-0000     2H,"c(-73.9473252888126, 40.7766465317196)"
4098600040,190000,409860004000000001-0000    217,"c(-73.7956956582022, 40.7148251162707)"
1012430028,745000,101243002800000001-0000     4H,"c(-73.9713271143836, 40.7938293663766)"
1013340022,280000,101334002200000001-0000   1406,"c(-73.970510856595, 40.7486411257224)"
1018790001,1525000,101879000100000001-0000     8E,"c(-73.9672445110495, 40.8022190873479)"
1013350022,305000,101335002200000001-0000   1003,"c(-73.969992974262, 40.7493465828214)"
4073490001,245000,407349000100000020-0000     3C,"c(-73.7640803706605, 40.7568644372392)"
4043120010,360000,404312001000000005-0000     6B,"c(-73.8288909797384, 40.7731266239402)"
4021350050,295000,402135005000000001-0000     4C,"c(-73.849779588385, 40.7270477612442)"
3019020001,825000,301902000100000006-0000     7E,"c(-73.9681310607595, 40.6922421297711)"
2057220445,410000,205722044500000001-0000    15D,"c(-73.9168597790226, 40.878087619241)"
4077320002,240000,407732000200000011-1000   112K,"c(-73.760419107419, 40.7391261677651)"
1010490001,759000,101049000100000001-0000    5FS,"c(-73.9841248570306, 40.7689490314921)"
4001280007,555135,400128000700000003-0000     4D,"c(-73.9125552266127, 40.7475645954707)"
4105240150,225000,410524015000000007-5000     1C,"c(-73.7653843600694, 40.7209000737693)"
3077800008,250000,307780000800000005-0000     7A,"c(-73.9236642313852, 40.6295408725691)"
1013280021,630000,101328002100000001-0000    14H,"c(-73.9667925521844, 40.7578499401902)"
1013330001,385000,101333000100000001-0000     2U,"c(-73.9724971040131, 40.7485605133245)"
4076360007,270000,40763600070000002-18000   235A,"c(-73.7603879652191, 40.7409365865241)"
4014740012,440000,401474001200000002-0000   002B,"c(-73.8797559186061, 40.7491560508466)"
4019080001,220000,401908000100000004-0000     2G,"c(-73.8610366760077, 40.7385794868999)"
3087210360,350000,308721036000000001-0000     2E,"c(-73.9561833950735, 40.5766486069085)"
3072740015,440000,307274001500000003-0000     7H,"c(-73.9698590156726, 40.5788513122297)"
3072740015,450000,307274001500000003-1000    14H,"c(-73.9698590156726, 40.5788513122297)"
4087620001,260000,408762000100000010-5000   180B,"c(-73.7015359570543, 40.7419253696509)"
1003150001,650000,100315000100000005-0000  E1704,"c(-73.9859018520821, 40.7150585343655)"
1011840087,385000,101184008700000001-0000    16F,"c(-73.9837313165334, 40.7817556343155)"
1005560044,1200000,100556004400000001-0000     4D,"c(-73.9897018751881, 40.7323515654729)"
4020930245,270000,402093024500000005-0000    15G,"c(-73.8592631495645, 40.7336443755107)"
1013340022,285000,101334002200000001-0000   1417,"c(-73.970510856595, 40.7486411257224)"
1014470019,650000,101447001900000001-0000    24C,"c(-73.9564599780601, 40.7683018702458)"
1008710044,750000,100871004400000001-0000     5G,"c(-73.9867597644408, 40.7345707195945)"
1013280021,650000,101328002100000001-0000     6S,"c(-73.9667925521844, 40.7578499401902)"
4077390003,325000,40773900030000001-47000  355A2,"c(-73.7560069493339, 40.7404422666459)"
1013340041,335000,101334004100000001-0000    303,"c(-73.9714800907511, 40.7492114132245)"
4022660100,150000,402266010000000001-0000     4F,"c(-73.8336573616209, 40.717186458641)"
1015650029,730000,101565002900000001-0000    29E,"c(-73.9478840306659, 40.7758797850368)"
1013340022,260000,101334002200000001-0000   2006,"c(-73.970510856595, 40.7486411257224)"
3075780062,285000,307578006200000001-0000     1H,"c(-73.9449119340439, 40.6314699002125)"
1007310060,490000,100731006000000001-0000     8K,"c(-73.9976710066137, 40.7536625655247)"
3023980015,430000,302398001500000001-0000     17,"c(-73.9535378671326, 40.7111092308563)"
4039070960,300000,403907096000000001-0000     5H,"c(-73.852322970255, 40.7001350625872)"
4097180002,230000,409718000200000001-0000    329,"c(-73.8163685846512, 40.7131582512318)"
4077320150,285000,407732015000000014-0000   142B,"c(-73.7612725213745, 40.7382840957802)"
1013280021,735000,101328002100000001-0000    17M,"c(-73.9667925521844, 40.7578499401902)"
4051920055,300000,405192005500000001-0000     5C,"c(-73.8210858191961, 40.7535726717825)"
4014430057,485000,401443005700000001-0000     41,"c(-73.8845824024596, 40.7528311833872)"
3074230011,260000,307423001100000002-0000     1F,"c(-73.938980012222, 40.5928629258896)"
4001280007,519000,400128000700000005-0000     6B,"c(-73.9125552266127, 40.7475645954707)"
2043190040,150000,204319004000000001-0000     3F,"c(-73.8659973986441, 40.8558067338331)"
1008800042,840000,100880004200000001-0000    15G,"c(-73.9827619452082, 40.739870819936)"
4062270088,225000,406227008800000001-0000     1L,"c(-73.7737875843146, 40.7631072662931)"
4077540003,330000,4077540003000003-144000  144A2,"c(-73.7527434776046, 40.7387611497005)"
3009870011,999000,300987001100000001-0000     1A,"c(-73.9863658323039, 40.6723085679515)"
1008420007,485000,100842000700000001-0000   1022,"c(-73.9925097137662, 40.735852530367)"
1013300004,725000,101330000400000001-0000    14E,"c(-73.9674092840309, 40.7597180878506)"
3072740015,350000,307274001500000004-0000     9H,"c(-73.9698590156726, 40.5788513122297)"
1013460014,525000,101346001400000001-0000     4C,"c(-73.9656073721825, 40.7563556486254)"
4030990042,405000,403099004200000001-0000     4N,"c(-73.8579846179299, 40.7261756093547)"
1013650020,700000,101365002000000001-0000    1EN,"c(-73.9628523541684, 40.7553462616477)"
2059190436,355000,205919043600000001-0000     4D,"c(-73.9137404422707, 40.8891072702232)"
5029860012,260000,502986001200000004-0000     2B,"c(-74.0740941930492, 40.6081497779575)"
1015420019,1100000,101542001900000001-0000    PHZ,"c(-73.9528787717078, 40.7728915760161)"
3002710047,940000,300271004700000001-0000     9D,"c(-73.9902206194749, 40.6902850178814)"
1013410044,350000,101341004400000001-0000    10B,"c(-73.968368647024, 40.7537443588352)"
3073970085,260000,307397008500000001-0000     5D,"c(-73.9579067027006, 40.5941293948077)"
1009050006,415000,100905000600000001-0000    204,"c(-73.9817044398237, 40.7393394085525)"
4097140018,230000,409714001800000001-0000    414,"c(-73.8172125226875, 40.7119146481422)"
1009050026,520000,100905002600000001-0000    16H,"c(-73.9805910177636, 40.7388700344371)"
4021530001,285000,402153000100000004-0000     4G,"c(-73.8491694210115, 40.7296373237648)"
1013700015,2100000,101370001500000001-0000     7A,"c(-73.9609455031165, 40.7587362412668)"
2033980044,125000,203398004400000001-0000     5P,"c(-73.8623833868758, 40.9008405059889)"
1013280021,630000,101328002100000001-0000     6B,"c(-73.9667925521844, 40.7578499401902)"
1013330023,295000,101333002300000001-0000   1806,"c(-73.9708763719043, 40.7479861107679)"
3071780022,340000,307178002200000001-0000    714,"c(-73.967910723122, 40.5914731127727)"
3088080059,300000,308808005900000001-0000    327,"c(-73.9316863587374, 40.584782264496)"
1013940007,820000,101394000700000001-0000    30B,"c(-73.9686455940789, 40.7628128382322)"
4058780003,255000,405878000300000001-0000     2J,"c(-73.7819471174009, 40.780451839894)"
3067010064,450000,306701006400000003-0000    108,"c(-73.9597151082356, 40.6287823582442)"
4021350050,295000,402135005000000001-0000     2C,"c(-73.849779588385, 40.7270477612442)"
1013280021,700000,101328002100000001-0000    15L,"c(-73.9667925521844, 40.7578499401902)"
4014700012,275000,401470001200000001-0000     1G,"c(-73.8835586483569, 40.7492521104154)"
1008890015,445000,100889001500000001-0000     4G,"c(-73.9805050100197, 40.746076050017)"
1014990032,1050000,101499003200000001-0000     6E,"c(-73.9569613193925, 40.7812080727545)"
3087210360,350000,308721036000000001-0000    17U,"c(-73.9561833950735, 40.5766486069085)"
1013700015,2100000,101370001500000001-0000    32C,"c(-73.9609455031165, 40.7587362412668)"
3011640042,1030000,301164004200000001-0000     4K,"c(-73.9701857319159, 40.6767107632707)"
4033340260,380000,403334026000000001-0000     8B,"c(-73.8349606716803, 40.7133093472273)"
4011110001,325000,401111000100000008-0000    D6K,"c(-73.9059545133664, 40.7582907935241)"
1014410017,475000,101441001700000001-0000    07F,"c(-73.9593111691277, 40.7644628614755)"
1014520019,565000,101452001900000001-0000     6F,"c(-73.9541387944996, 40.7714792302433)"
4081780008,325000,408178000800000001-0000     6B,"c(-73.7444800674922, 40.7649842835495)"
5029860012,265000,502986001200000005-0000     1A,"c(-74.0740941930492, 40.6081497779575)"
4021360021,330000,402136002100000001-0000     1E,"c(-73.849756572397, 40.7265282840993)"
4064940003,380000,4064940003000004-244000      B,"c(-73.8291927436338, 40.729559793319)"
2042890035,225000,204289003500000004-1000    407,"c(-73.8655405910816, 40.8520495099317)"
4031700001,350000,403170000100000001-0000    126,"c(-73.8536360248987, 40.7259147929921)"
4017270008,190000,401727000800000006-0000     5H,"c(-73.8562352648648, 40.7576018057688)"
5000180099,365000,500018009900000001-0000    A5H,"c(-74.0799943092564, 40.641423993259)"
4084890001,375000,408489000100000002-0000    31G,"c(-73.7142119283782, 40.7567797984328)"
1008890015,445000,100889001500000001-0000    11M,"c(-73.9805050100197, 40.746076050017)"
1021770234,395000,102177023400000002-0000     6A,"c(-73.942044402549, 40.8510274277949)"
1013330023,325000,101333002300000001-0000   1201,"c(-73.9708763719043, 40.7479861107679)"
3073920001,255000,307392000100000002-0000     3E,"c(-73.9350931790732, 40.5978135844333)"
1008670057,550000,100867005700000001-0000     5A,"c(-73.9815207792645, 40.7502127306809)"
3002530057,385000,300253005700000001-0000     8D,"c(-73.9958796036817, 40.6941614351291)"
3088190011,215000,308819001100000004-0000     3A,"c(-73.9328810656955, 40.6015428457008)"
1021800633,575000,102180063300000002-0000     7F,"c(-73.9322126897869, 40.8586691321111)"
4012540012,312170,401254001200000005-0000     4B,"c(-73.8857010302976, 40.7546563972212)"
4014200001,235000,401420000100000001-1000    307,"c(-73.877661329052, 40.7574669231441)"
2032260053,265000,203226005300000009-0000     8C,"c(-73.9077536434926, 40.864591539613)"
4051850043,350000,405185004300000001-0000     3M,"c(-73.8213777163982, 40.7561084234892)"
4084890001,670000,408489000100000002-0000    16H,"c(-73.7142119283782, 40.7567797984328)"
1008170029,910000,100817002900000001-0000   12RS,"c(-73.9938596858644, 40.7374329047939)"
4077420003,365000,40774200030000002-76000   16A1,"c(-73.7533622250934, 40.7408888582161)"
4005570003,545000,400557000300000002-0000    12A,"c(-73.9317116636673, 40.7626039028715)"
2042890035,225000,204289003500000004-0000    106,"c(-73.8655405910816, 40.8520495099317)"
2058261685,215000,205826168500000001-0000     7J,"c(-73.8987045131161, 40.8962006151507)"
4001410015,380000,400141001500000001-0000    D10,"c(-73.9181942855271, 40.7440802595188)"
4105380070,245000,410538007000000002-0000    A54,"c(-73.7622877856304, 40.7215069467837)"
1014970028,2565000,101497002800000001-0000     7E,"c(-73.9582661655017, 40.7799829755158)"
3049060001,250000,304906000100000001-0000     4L,"c(-73.9441354149989, 40.6488580175244)"
2058021294,240000,205802129400000001-0000     8G,"c(-73.8976215454217, 40.892022357983)"
1021790010,670000,102179001000000003-0000    063,"c(-73.9400594375885, 40.8534031928776)"
4097140152,300000,409714015200000001-0000     6L,"c(-73.816025129672, 40.7125515659657)"
4033340260,380000,403334026000000001-0000     4B,"c(-73.8349606716803, 40.7133093472273)"
3060990051,220000,306099005100000001-0000     3T,"c(-74.0383062169467, 40.620044853229)"
3074230011,275000,307423001100000003-0000     2G,"c(-73.938980012222, 40.5928629258896)"
1014060065,3000000,101406006500000001-0000    45B,"c(-73.9632200215863, 40.770538779553)"
4050400032,350000,405040003200000001-0000     6A,"c(-73.8314082682503, 40.7561385797912)"
1015640047,615000,101564004700000001-0000     8C,"c(-73.9497294457921, 40.7758190306068)"
2059530038,255000,205953003800000001-0000    20D,"c(-73.9058351988851, 40.906974041001)"
4114590001,260000,411459000100000051-1000    203,"c(-73.8535245784304, 40.6632879808133)"
4021540001,190000,402154000100000008-0000     6C,"c(-73.8485149211462, 40.7290462159917)"
4012540012,302100,401254001200000001-0000     1F,"c(-73.8857010302976, 40.7546563972212)"
1010490001,815000,101049000100000001-0000    9TS,"c(-73.9841248570306, 40.7689490314921)"
2031730013,240000,203173001300000001-0000     3B,"c(-73.8999795040673, 40.8608465026821)"
4001280007,355000,400128000700000004-0000     6D,"c(-73.9125552266127, 40.7475645954707)"
4079140002,225000,4079140002000002-116000   2203,"c(-73.7438653541695, 40.7326859961419)"
4084890001,650000,408489000100000001-0000    20V,"c(-73.7142119283782, 40.7567797984328)"
4096660001,390000,409666000100000001-0000    426,"c(-73.8193752187021, 40.7133189055257)"
4015600001,300000,401560000100000002-0000     5E,"c(-73.8795598236105, 40.7423393476809)"
3050860066,495000,305086006600000001-0000     6L,"c(-73.9574085338363, 40.6515816805776)"
4079290002,262000,40792900020000001-11000    201,"c(-73.7422140338675, 40.732514357082)"
4084890001,500000,408489000100000002-0000    21L,"c(-73.7142119283782, 40.7567797984328)"
4033350023,235000,403335002300000001-0000     7L,"c(-73.833725561877, 40.7121757035697)"
3019440004,675000,301944000400000009-0000     1B,"c(-73.967106055987, 40.6873085495432)"
4079140002,310000,40791400020000002-57000   1609,"c(-73.7438653541695, 40.7326859961419)"
1007310060,755000,100731006000000001-0000    16D,"c(-73.9976710066137, 40.7536625655247)"
4058780003,280000,405878000300000001-0000     5K,"c(-73.7819471174009, 40.780451839894)"
1018880067,1100000,101888006700000001-0000     5D,"c(-73.9720049711164, 40.797516123055)"
4064930003,400000,40649300030000003-12000      B,"c(-73.8313227270786, 40.7289345752061)"
4033370060,315000,403337006000000001-0000     6J,"c(-73.8307988796195, 40.7100855610017)"
2024610094,300000,202461009400000001-0000    22V,"c(-73.9201361445309, 40.8301511750641)"
1019780001,610000,101978000100000005-0000    13B,"c(-73.9586962723194, 40.8125152615125)"
3058380006,470000,305838000600000001-0000     3F,"c(-74.0297838386354, 40.6397895868246)"
1009160061,410000,100916006100000001-0000    13F,"c(-73.9769541536058, 40.746705449609)"
2042910014,240000,204291001400000001-2000     3B,"c(-73.865315737909, 40.8533992847004)"
4077420003,323000,40774200030000002-19000  130A2,"c(-73.7533622250934, 40.7408888582161)"
3072140001,225000,307214000100000001-0000     1G,"c(-73.9710202547269, 40.5871500637629)"
4077540003,325000,40775400030000003-53000  237A1,"c(-73.7527434776046, 40.7387611497005)"
1013670001,615000,101367000100000001-0000    34S,"c(-73.9631217477455, 40.7570988822293)"
4077320002,235000,407732000200000009-1000    96L,"c(-73.760419107419, 40.7391261677651)"
1021790010,670000,102179001000000004-0000    083,"c(-73.9400594375885, 40.8534031928776)"
2032260053,265000,203226005300000004-0000     7F,"c(-73.9077536434926, 40.864591539613)"
4058780003,330000,405878000300000004-0000     1D,"c(-73.7819471174009, 40.780451839894)"
1006160001,840000,100616000100000001-0000     6D,"c(-74.0035714340675, 40.7382848713548)"
4019080001,220000,401908000100000005-0000     6B,"c(-73.8610366760077, 40.7385794868999)"
1014080040,995000,101408004000000001-0000    15D,"c(-73.9600967476058, 40.7710051500532)"
1005760025,3650000,100576002500000001-0000     9C,"c(-73.9955926175556, 40.7356121570992)"
1003110013,750000,100311001300000010-0000  K0903,"c(-73.9880777776326, 40.715404258894)"
2057230042,161556,205723004200000002-0000     3L,"c(-73.9176799402633, 40.8794181155076)"
4084010675,340000,4084010675000002-121000    58B,"c(-73.7234374600889, 40.7512949406207)"
4020860050,425000,402086005000000002-0000    12D,"c(-73.8598809796084, 40.7322696134384)"
4011990020,205000,401199002000000001-0000     3A,"c(-73.9018298717532, 40.7506450245519)"
1013230036,800000,101323003600000001-0000    10D,"c(-73.9697574638724, 40.7551589793385)"
5029860012,264900,502986001200000006-0000     C2,"c(-74.0740941930492, 40.6081497779575)"
1013300004,725000,101330000400000001-0000    06H,"c(-73.9674092840309, 40.7597180878506)"
1013340041,340000,101334004100000001-0000    907,"c(-73.9714800907511, 40.7492114132245)"
4021560014,325000,402156001400000001-0000    D32,"c(-73.847755139867, 40.7277423840581)"
4012790058,470000,401279005800000001-0000     6K,"c(-73.8870615023608, 40.75083948091)"
1007310060,490000,100731006000000001-0000     8L,"c(-73.9976710066137, 40.7536625655247)"
4059380007,500000,405938000700000001-0000     9H,"c(-73.7764899004302, 40.7853765548844)"
3010630026,460000,301063002600000001-0000     3A,"c(-73.9735276565273, 40.6742694107397)"
1015420019,1100000,101542001900000001-0000     7N,"c(-73.9528787717078, 40.7728915760161)"
1014440008,600000,101444000800000001-0000     7D,"c(-73.9587364788459, 40.7666784790225)"
4014740012,435000,401474001200000002-0000   001B,"c(-73.8797559186061, 40.7491560508466)"
4051370011,450000,405137001100000001-0000    15S,"c(-73.8249662673272, 40.7534095159253)"
4012540012,312170,401254001200000004-0000     5D,"c(-73.8857010302976, 40.7546563972212)"
2059530038,220000,205953003800000001-0000     1T,"c(-73.9058351988851, 40.906974041001)"
1008990001,1350000,100899000100000001-0000    04N,"c(-73.9847733696393, 40.7359194764212)"
3053290072,325000,305329007200000001-0000    12S,"c(-73.9740414304079, 40.646687655518)"
4076320002,340000,407632000200000015-5000  UPPER,"c(-73.7556537025174, 40.7435606899748)"
1008750055,560000,100875005500000001-0000     3F,"c(-73.9856547728927, 40.7370619350711)"
3052680033,430000,305268003300000001-0000     4R,"c(-73.974348806125, 40.6545590498149)"
3088080059,355000,308808005900000001-0000    426,"c(-73.9316863587374, 40.584782264496)"
4031000018,285000,403100001800000001-0000     4A,"c(-73.8584950683388, 40.7258414941513)"
4039070960,310000,403907096000000003-0000     6A,"c(-73.852322970255, 40.7001350625872)"
4019080001,220000,401908000100000005-0000     4F,"c(-73.8610366760077, 40.7385794868999)"
4084890001,245000,408489000100000003-0000     1R,"c(-73.7142119283782, 40.7567797984328)"
4020860050,300000,402086005000000004-0000     8F,"c(-73.8598809796084, 40.7322696134384)"
4022510002,300000,402251000200000002-0000     3R,"c(-73.8356715162852, 40.7199383396163)"
1011400046,350000,101140004600000001-0000    83B,"c(-73.9816647711354, 40.7758772896422)"
1005880007,650000,100588000700000001-0000     5D,"c(-74.005120352603, 40.7323355718371)"
1013330023,290000,101333002300000001-0000   1534,"c(-73.9708763719043, 40.7479861107679)"
4014200001,235000,401420000100000004-1000    110,"c(-73.877661329052, 40.7574669231441)"
1021790010,375000,102179001000000004-0000    135,"c(-73.9400594375885, 40.8534031928776)"
4021550001,320000,402155000100000003-0000     2G,"c(-73.848285504168, 40.7283469399775)"
4015470001,340000,401547000100000001-0000     5K,"c(-73.8784900343559, 40.7386597602495)"
1014380001,275000,101438000100000001-0000     4K,"c(-73.9620581137389, 40.7631698428634)"
1009400048,450000,100940004800000001-0000     7B,"c(-73.9743894817805, 40.7447741873309)"
4084890001,235000,408489000100000001-0000     2C,"c(-73.7142119283782, 40.7567797984328)"
1013340022,290000,101334002200000001-0000    416,"c(-73.970510856595, 40.7486411257224)"
4020860050,280000,402086005000000004-0000    11C,"c(-73.8598809796084, 40.7322696134384)"
1013460014,525000,101346001400000001-0000     5M,"c(-73.9656073721825, 40.7563556486254)"
3088190011,225000,308819001100000003-0000     4G,"c(-73.9328810656955, 40.6015428457008)"
2059120091,230000,205912009100000002-0000     1F,"c(-73.9090909930085, 40.8964550555064)"
4022660100,150000,402266010000000001-0000     2E,"c(-73.8336573616209, 40.717186458641)"
2057160500,610000,205716050000000001-0000    D12,"c(-73.9177305938154, 40.8767610985354)"
1014980010,2300000,101498001000000001-0000    12C,"c(-73.9592002998674, 40.7813330349706)"
2057950518,325000,205795051800000001-0000    10A,"c(-73.9116176951152, 40.8864492861277)"
1011380001,430000,101138000100000001-0000     6N,"c(-73.983759425779, 40.7748586948902)"
4011110001,312000,401111000100000011-0000    F1A,"c(-73.9059545133664, 40.7582907935241)"
1003110013,830000,100311001300000008-0000  H1803,"c(-73.9880777776326, 40.715404258894)"
2059530550,170000,205953055000000007-0000     4C,"c(-73.9061150363699, 40.9052352678195)"
1013460049,650000,101346004900000001-0000     9E,"c(-73.9663987552624, 40.7569557908689)"
1008170029,1650000,100817002900000001-0000   12DS,"c(-73.9938596858644, 40.7374329047939)"
4017270008,185000,401727000800000004-0000     6C,"c(-73.8562352648648, 40.7576018057688)"
1005660018,1600000,100566001800000001-0000     6X,"c(-73.9949969035654, 40.7320770876281)"
3019020001,690000,301902000100000004-0000    11G,"c(-73.9681310607595, 40.6922421297711)"
4001280007,365000,400128000700000008-0000     3E,"c(-73.9125552266127, 40.7475645954707)"
1000650017,1100000,100065001700000001-0000     3C,"c(-74.009503825818, 40.7098320578559)"
4047720001,295000,404772000100000001-0000     4C,"c(-73.8255802117498, 40.7734546581917)"
1011790019,995000,101179001900000001-0000    4DW,"c(-73.9876459074926, 40.7766080155806)"
2059530038,325000,205953003800000001-0000    11W,"c(-73.9058351988851, 40.906974041001)"
3068180025,260000,306818002500000001-0000     H3,"c(-73.9597614940046, 40.6044650639439)"
5035460001,215000,503546000100000003-0000    92E,"c(-74.0976108556768, 40.5846894180691)"
4014200001,350000,401420000100000001-1000    211,"c(-73.877661329052, 40.7574669231441)"
1008770074,400000,100877007400000001-0000     7F,"c(-73.98573982653, 40.7388301636605)"
4066790001,410000,406679000100000012-4000   191B,"c(-73.8185573984594, 40.7273811650692)"
1010490001,815000,101049000100000001-0000   12ES,"c(-73.9841248570306, 40.7689490314921)"
1019780001,295000,101978000100000006-0000    12E,"c(-73.9586962723194, 40.8125152615125)"
4031650062,175000,403165006200000001-0000     3J,"c(-73.855669239336, 40.7222629918699)"
4077420003,325250,4077420003000002-131000   65A2,"c(-73.7533622250934, 40.7408888582161)"
4032360035,310000,403236003500000001-0000    15A,"c(-73.8492554856544, 40.7221531757117)"
2059530240,210000,205953024000000003-0000     6M,"c(-73.9054208880704, 40.9092522950817)"
4005570003,605000,400557000300000012-0000    15C,"c(-73.9317116636673, 40.7626039028715)"
1013330023,300000,101333002300000001-0000   1810,"c(-73.9708763719043, 40.7479861107679)"
4084890001,565000,408489000100000001-0000     4D,"c(-73.7142119283782, 40.7567797984328)"
4098340041,160000,409834004100000001-0000     2T,"c(-73.7857226310216, 40.7116192562072)"
4084890001,500000,408489000100000001-0000    23K,"c(-73.7142119283782, 40.7567797984328)"
1013280030,425000,101328003000000001-0000    11H,"c(-73.9670495652647, 40.758098823455)"
1003150001,650000,100315000100000004-0000  D0401,"c(-73.9859018520821, 40.7150585343655)"
4022120014,1100000,402212001400000001-0000    10L,"c(-73.8457264069057, 40.7245165216658)"
2059010001,345000,205901000100000001-0000    15G,"c(-73.9145372157692, 40.8854677126167)"
2033980044,160000,203398004400000001-0000     3F,"c(-73.8623833868758, 40.9008405059889)"
1012100019,750000,101210001900000001-0000    12D,"c(-73.9764159526131, 40.7826487990619)"
4032360035,385000,403236003500000001-0000    18E,"c(-73.8492554856544, 40.7221531757117)"
1014710045,725000,101471004500000001-0000     6C,"c(-73.9532819427392, 40.7706397475433)"
2024610094,140000,202461009400000001-0000    14B,"c(-73.9201361445309, 40.8301511750641)"
1013660016,675000,101366001600000001-0000     5N,"c(-73.9625957507815, 40.7560655697587)"
4011110001,307000,401111000100000001-0000    A5K,"c(-73.9059545133664, 40.7582907935241)"
4045880001,320000,404588000100000012-0000     6D,"c(-73.7993826967643, 40.7936048554968)"
4020860050,500000,402086005000000005-0000     7J,"c(-73.8598809796084, 40.7322696134384)"
1014460023,895000,101446002300000001-0000  A1406,"c(-73.9567296656672, 40.7676355726799)"
1014470047,375000,101447004700000001-0000     1C,"c(-73.9574523776586, 40.7690616857567)"
2059010001,368000,205901000100000001-0000    20M,"c(-73.9145372157692, 40.8854677126167)"
1010300029,1300000,101030002900000001-0000    07I,"c(-73.9797371614472, 40.7666774312235)"
4014200001,235000,401420000100000005-0000    107,"c(-73.877661329052, 40.7574669231441)"
4038800097,425000,403880009700000001-0000    16L,"c(-73.8548589985539, 40.7060068502733)"
4050020087,390000,405002008700000001-0000    E10,"c(-73.8249092324886, 40.7649311459184)"
4066790001,410000,406679000100000012-4000   192A,"c(-73.8185573984594, 40.7273811650692)"
1014440023,425000,101444002300000001-0000    11D,"c(-73.9575751129503, 40.7661865052324)"
1004310025,700000,100431002500000001-0000     8G,"c(-73.9852967425292, 40.7242059100777)"
4077550003,325000,40775500030000004-40000  318A1,"c(-73.7542294906663, 40.7397374747561)"
1015650029,730000,101565002900000001-0000    28E,"c(-73.9478840306659, 40.7758797850368)"
1013340041,293000,101334004100000001-0000    405,"c(-73.9714800907511, 40.7492114132245)"
1003210001,835000,100321000100000012-0000  K0407,"c(-73.9783767808142, 40.7143242282315)"
1011960029,520000,101196002900000001-0000    511,"c(-73.9714122541113, 40.7830961901671)"
1015560023,650000,101556002300000001-0000    23H,"c(-73.9462546867286, 40.7817804681218)"
1008660064,385000,100866006400000001-0000    12G,"c(-73.9820636471113, 40.7495599441394)"
3060160006,415000,306016000600000001-0000     1J,"c(-74.0323074920255, 40.6259784487319)"
3072740001,335000,307274000100000001-0000    22H,"c(-73.9710655952564, 40.5789176473329)"
2042510011,140000,204251001100000001-0000     5S,"c(-73.8299980805569, 40.855183429815)"
2032950033,240000,203295003300000001-0000     4I,"c(-73.889402286594, 40.8684145462881)"
1015650029,680000,101565002900000001-0000    14D,"c(-73.9478840306659, 40.7758797850368)"
2059530230,315000,205953023000000002-0000     8E,"c(-73.9054961445133, 40.9082120047334)"
1008900049,425000,100890004900000001-0000    11F,"c(-73.9780468556265, 40.7463543673728)"
4014590001,340000,401459000100000002-0000     3C,"c(-73.8812700791886, 40.7512518800871)"
3048530028,245000,304853002800000001-0000     7H,"c(-73.9490536185786, 40.6538272812878)"
4020860050,300000,402086005000000002-0000    12M,"c(-73.8598809796084, 40.7322696134384)"
1019930057,435000,101993005700000001-0000     3K,"c(-73.9611346414322, 40.8130246184727)"
1012940033,980000,101294003300000001-0000     8J,"c(-73.9707312114566, 40.7627331162852)"
1013630008,580000,101363000800000001-0000     2E,"c(-73.9647147657295, 40.7543300233388)"
4050280007,275000,405028000700000001-0000     4G,"c(-73.8162699332547, 40.7637580048426)"
4014200001,350000,401420000100000006-0000    509,"c(-73.877661329052, 40.7574669231441)"
4076680010,360000,40766800100000021-31000      B,"c(-73.7531686214112, 40.7446808327752)"
4033340186,255000,403334018600000001-1000     5E,"c(-73.8353142463714, 40.7141495225044)"
2024580090,295000,202458009000000001-0000    6AS,"c(-73.9230163804598, 40.8248477648657)"
4045880001,320000,404588000100000012-0000     5A,"c(-73.7993826967643, 40.7936048554968)"
4097180002,290000,409718000200000001-0000    227,"c(-73.8163685846512, 40.7131582512318)"
1013350022,295000,101335002200000001-0000   1516,"c(-73.969992974262, 40.7493465828214)"
1009300001,825000,100930000100000001-0000     5F,"c(-73.9797767650769, 40.7386766163969)"
4078440002,250000,407844000200000016-5000      A,"c(-73.7439990984253, 40.7372618720672)"
1008170029,735000,100817002900000001-0000    1TS,"c(-73.9938596858644, 40.7374329047939)"
4050070022,300000,405007002200000001-0000     2V,"c(-73.8156681071096, 40.7661003153751)"
4021390007,470000,402139000700000001-0000    A21,"c(-73.848674883893, 40.7245529938121)"
4059380007,475000,405938000700000001-0000     6H,"c(-73.7764899004302, 40.7853765548844)"
1013330023,310000,101333002300000001-0000    104,"c(-73.9708763719043, 40.7479861107679)"
1003210001,675000,100321000100000008-0000  H1406,"c(-73.9783767808142, 40.7143242282315)"
2059090970,365000,205909097000000001-0000   A511,"c(-73.9090838059461, 40.8923666977092)"
4059380007,500000,405938000700000001-0000    14F,"c(-73.7764899004302, 40.7853765548844)"
3019020001,725000,301902000100000004-0000    12B,"c(-73.9681310607595, 40.6922421297711)"
1011860091,2550000,101186009100000001-0000     7W,"c(-73.9823380655583, 40.7845288875252)"
4020860050,200000,402086005000000005-0000     2A,"c(-73.8598809796084, 40.7322696134384)"
4077540003,330000,40775400030000003-13000  283A1,"c(-73.7527434776046, 40.7387611497005)"
4077320002,280000,407732000200000001-1000    74L,"c(-73.760419107419, 40.7391261677651)"
4077420003,323000,40774200030000002-15000  133A2,"c(-73.7533622250934, 40.7408888582161)"
4077480500,470000,407748050000000019-1000  19W6G,"c(-73.7584927466073, 40.7372933036104)"
1008420007,480000,100842000700000001-0000   1121,"c(-73.9925097137662, 40.735852530367)"
1013340022,260000,101334002200000001-0000    714,"c(-73.970510856595, 40.7486411257224)"
1009280001,650000,100928000100000001-0000     2P,"c(-73.9807845188557, 40.7372107763318)"
4084890001,450000,408489000100000001-0000    12G,"c(-73.7142119283782, 40.7567797984328)"
4020860050,530000,402086005000000006-0000     4E,"c(-73.8598809796084, 40.7322696134384)"
1005610014,1850000,100561001400000001-0000     2G,"c(-73.9925402462671, 40.731955351898)"
4019490106,225000,401949010600000001-0000     7R,"c(-73.8579884895663, 40.7382245756725)"
1013340022,260000,101334002200000001-0000   1722,"c(-73.970510856595, 40.7486411257224)"
3052170018,810000,305217001800000001-0000     3F,"c(-73.9607833652299, 40.6357956503611)"
1005660018,1600000,100566001800000001-0000    22D,"c(-73.9949969035654, 40.7320770876281)"
1014130040,2500000,101413004000000001-0000    17B,"c(-73.9579400992176, 40.7742474809584)"
4077420003,367000,4077420003000002-110000   43B1,"c(-73.7533622250934, 40.7408888582161)"
1013410001,550000,101341000100000001-0000     4H,"c(-73.968922051687, 40.7537271130998)"
3087210375,670000,308721037500000001-0000    14G,"c(-73.9559325823545, 40.5759725477451)"
2041740024,165000,204174002400000001-0000    10B,"c(-73.8265224645303, 40.84556515526)"
4058780003,280000,405878000300000003-0000     1C,"c(-73.7819471174009, 40.780451839894)"
4084890001,330000,408489000100000002-0000     5S,"c(-73.7142119283782, 40.7567797984328)"
4052940022,320000,405294002200000001-0000     3O,"c(-73.7984982318329, 40.7625918334545)"
1014530043,750000,101453004300000001-0000    PHB,"c(-73.9545674321217, 40.7728178717008)"
4078440002,250000,407844000200000015-1000      B,"c(-73.7439990984253, 40.7372618720672)"
1013360015,415000,101336001500000001-0000   1015,"c(-73.9699610470917, 40.7500085500568)"
4052940022,320000,405294002200000001-0000     6G,"c(-73.7984982318329, 40.7625918334545)"
4084010675,240000,40840106750000002-60000    92A,"c(-73.7234374600889, 40.7512949406207)"
5000180099,365000,500018009900000001-0000    B5H,"c(-74.0799943092564, 40.641423993259)"
4162280041,200000,416228004100000001-0000     6J,"c(-73.8381676889435, 40.5772855513039)"
2057230084,160400,205723008400000001-0000     5H,"c(-73.9185814156022, 40.8784495830608)"
1014830038,360000,101483003800000001-0000     3E,"c(-73.9528275583435, 40.7659770206187)"
5029860012,260000,502986001200000015-0000     3B,"c(-74.0740941930492, 40.6081497779575)"
1013330023,295000,101333002300000001-0000   1915,"c(-73.9708763719043, 40.7479861107679)"
4001410015,380000,400141001500000001-0000    B15,"c(-73.9181942855271, 40.7440802595188)"
3072740001,335000,307274000100000001-0000    16D,"c(-73.9710655952564, 40.5789176473329)"
3009820062,675000,300982006200000001-0000     3C,"c(-73.9827137718477, 40.6718998988812)"
1011620029,2245000,101162002900000001-0000    28B,"c(-73.9827863563557, 40.7778001820537)"
4077420003,325250,4077420003000002-140000   74A1,"c(-73.7533622250934, 40.7408888582161)"
3050860066,495000,305086006600000001-0000     6H,"c(-73.9574085338363, 40.6515816805776)"
4014740012,440000,401474001200000003-0000   005F,"c(-73.8797559186061, 40.7491560508466)"
2041740024,165000,204174002400000001-0000     5F,"c(-73.8265224645303, 40.84556515526)"
1021080035,445000,102108003500000002-0000     51,"c(-73.9402259579565, 40.832667191213)"
4014420001,370000,401442000100000001-0000     4W,"c(-73.8735782426736, 40.7557424330517)"
1014460023,650000,101446002300000001-0000  B1202,"c(-73.9567296656672, 40.7676355726799)"
1014330034,400000,101433003400000001-0000    14B,"c(-73.9561782828759, 40.7734985091153)"
4050280007,275000,405028000700000001-0000     5U,"c(-73.8162699332547, 40.7637580048426)"
1008160031,615000,100816003100000001-0000    224,"c(-73.9941632631089, 40.7366985099602)"
1013330001,460000,101333000100000001-0000     6V,"c(-73.9724971040131, 40.7485605133245)"
4077480500,435000,407748050000000019-1000  19W5C,"c(-73.7584927466073, 40.7372933036104)"
2059530230,260000,205953023000000002-0000     2K,"c(-73.9054961445133, 40.9082120047334)"
4062160001,360000,406216000100000001-0000     3U,"c(-73.7767589094974, 40.7628119958219)"
4058780003,280000,405878000300000003-0000     1A,"c(-73.7819471174009, 40.780451839894)"
2033440102,190000,203344010200000002-0000     6K,"c(-73.8758424501973, 40.8810329735674)"
3002170001,585000,300217000100000001-0000    22C,"c(-73.9918650635539, 40.6987793276441)"
4097140018,230000,409714001800000001-0000    515,"c(-73.8172125226875, 40.7119146481422)"
4033350023,235000,403335002300000001-0000    17E,"c(-73.833725561877, 40.7121757035697)"
1008930041,775000,100893004100000001-0000    05A,"c(-73.976863552401, 40.7480943446224)"
4084890001,335000,408489000100000002-0000     1D,"c(-73.7142119283782, 40.7567797984328)"
2032950033,185000,203295003300000001-0000     1D,"c(-73.889402286594, 40.8684145462881)"
1014970028,2565000,101497002800000001-0000     9E,"c(-73.9582661655017, 40.7799829755158)"
1015190046,300000,101519004600000001-0000     4B,"c(-73.9528224182584, 40.7822475634987)"
3074490025,280000,307449002500000001-0000     2A,"c(-73.9359502410117, 40.5904256428606)"
1013110065,900000,101311006500000001-0000    17D,"c(-73.970226519989, 40.7610785004723)"
4012380006,335000,401238000600000001-0000    10P,"c(-73.9118126841336, 40.7466022177993)"
4012900013,710000,401290001300000003-0000      1,"c(-73.8863134697963, 40.7487724694154)"
4077420003,365000,4077420003000002-129000   63B1,"c(-73.7533622250934, 40.7408888582161)"
4064820003,270000,4064820003000001-163000      A,"c(-73.8317254055871, 40.7305432797394)"
2057220445,525000,205722044500000001-0000    26D,"c(-73.9168597790226, 40.878087619241)"
4079140002,315000,40791400020000002-42000   1506,"c(-73.7438653541695, 40.7326859961419)"
4096650001,245000,409665000100000003-0000     4D,"c(-73.8189289642914, 40.7123415938686)"
4077390003,332000,40773900030000001-24000  370A1,"c(-73.7560069493339, 40.7404422666459)"
3059720001,340000,305972000100000001-0000    F19,"c(-74.0208606147595, 40.6249878275712)"
2033070001,210000,203307000100000001-0000     3J,"c(-73.8852143741952, 40.8724035916938)"
4014390001,300000,401439000100000003-0000     4D,"c(-73.8763676882794, 40.7555627768896)"
1002630008,815000,100263000800000006-0000  D0407,"c(-73.9789832236522, 40.7129513545995)"
1013250024,499000,101325002400000001-0000     3G,"c(-73.9683182302437, 40.7558581936504)"
4077320002,280000,407732000200000011-1000   114N,"c(-73.760419107419, 40.7391261677651)"
3065030030,415000,306503003000000001-0000    702,"c(-73.9720574103964, 40.6283854251558)"
1013350022,270000,101335002200000001-0000   1903,"c(-73.969992974262, 40.7493465828214)"
4079290002,262000,40792900020000001-15000    210,"c(-73.7422140338675, 40.732514357082)"
3072740015,350000,307274001500000003-0000     9S,"c(-73.9698590156726, 40.5788513122297)"
4014210001,280000,401421000100000006-0000    204,"c(-73.87675473101, 40.7577059487531)"
4020860050,290000,402086005000000004-0000     9M,"c(-73.8598809796084, 40.7322696134384)"
4050020087,390000,405002008700000001-0000    E12,"c(-73.8249092324886, 40.7649311459184)"
1013460014,650000,101346001400000001-0000     8G,"c(-73.9656073721825, 40.7563556486254)"
3067760065,190000,306776006500000001-0000     1L,"c(-73.9600486565762, 40.609607581338)"
4015600001,300000,401560000100000001-0000     3C,"c(-73.8795598236105, 40.7423393476809)"
4050280007,280000,405028000700000001-0000     2K,"c(-73.8162699332547, 40.7637580048426)"
4084890001,300000,408489000100000003-0000    16T,"c(-73.7142119283782, 40.7567797984328)"
4042850010,350000,404285001000000001-0000     3B,"c(-73.827187333436, 40.7746679600832)"
2058363250,175000,205836325000000001-0000     3A,"c(-73.8987862349564, 40.8982896349666)"
1014270018,570000,101427001800000001-0000     4E,"c(-73.9587390102857, 40.769273049662)"
1013940007,530000,101394000700000001-0000    27A,"c(-73.9686455940789, 40.7628128382322)"
4084010675,240000,408401067500000002-0000    99B,"c(-73.7234374600889, 40.7512949406207)"
2057950518,615000,205795051800000001-0000    15O,"c(-73.9116176951152, 40.8864492861277)"
4020860050,270000,402086005000000004-0000    14L,"c(-73.8598809796084, 40.7322696134384)"
4162300039,275000,416230003900000001-0000     F1,"c(-73.8397857649883, 40.5767508904692)"
1021800522,340000,102180052200000001-0000     3L,"c(-73.9328743326719, 40.8577504989919)"
2057230084,160400,205723008400000002-0000     6L,"c(-73.9185814156022, 40.8784495830608)"
1013940007,820000,101394000700000001-0000     4C,"c(-73.9686455940789, 40.7628128382322)"
1008160031,825000,100816003100000001-0000    903,"c(-73.9941632631089, 40.7366985099602)"
4084890001,650000,408489000100000001-0000    17O,"c(-73.7142119283782, 40.7567797984328)"
1013340022,290000,101334002200000001-0000    723,"c(-73.970510856595, 40.7486411257224)"
4014430057,485000,401443005700000001-0000     52,"c(-73.8845824024596, 40.7528311833872)"
4084010675,240000,40840106750000002-90000   112A,"c(-73.7234374600889, 40.7512949406207)"
4020860050,300000,402086005000000003-0000     4C,"c(-73.8598809796084, 40.7322696134384)"
4031570101,330000,403157010100000001-0000     A1,"c(-73.8566242455495, 40.725688268379)"
4002090025,205000,400209002500000001-0000     5D,"c(-73.9261730277717, 40.7375136962292)"
3072740060,440000,307274006000000006-0000    18C,"c(-73.9718572070304, 40.5777227305088)"
3000860011,799000,300086001100000006-0000    16A,"c(-73.9878532443117, 40.6978012627673)"
1013330001,385000,101333000100000001-0000    17A,"c(-73.9724971040131, 40.7485605133245)"
4059000075,425000,405900007500000001-0000     3K,"c(-73.7768428035785, 40.7816448402307)"
1013630040,650000,101363004000000004-0000     4F,"c(-73.9644599723464, 40.7545546908563)"
1013350022,335000,101335002200000001-0000    208,"c(-73.969992974262, 40.7493465828214)"
4020860050,550000,402086005000000003-0000     9E,"c(-73.8598809796084, 40.7322696134384)"
4039070960,300000,403907096000000004-0000     5H,"c(-73.852322970255, 40.7001350625872)"
1013300004,725000,101330000400000001-0000    06E,"c(-73.9674092840309, 40.7597180878506)"
4077320002,235000,407732000200000009-0000    93B,"c(-73.760419107419, 40.7391261677651)"
4039070960,250000,403907096000000002-0000     4P,"c(-73.852322970255, 40.7001350625872)"
1013340041,330000,101334004100000001-0000   1216,"c(-73.9714800907511, 40.7492114132245)"
1010360014,550000,101036001400000001-0000    908,"c(-73.9896307729351, 40.7599315186929)"
1013380012,305000,101338001200000001-0000     3H,"c(-73.9695215962409, 40.7514558101035)"
2032950033,240000,203295003300000001-0000     4G,"c(-73.889402286594, 40.8684145462881)"
3011790047,2100000,301179004700000001-0000     7E,"c(-73.9641909166108, 40.6725658748178)"
4014570048,225000,401457004800000001-0000     1D,"c(-73.8832040885849, 40.750474612206)"
4021400021,330000,402140002100000001-0000    305,"c(-73.8472125476751, 40.7240715132854)"
3052800008,711000,305280000800000001-0000     2L,"c(-73.9801974149988, 40.6489130803931)"
4014340029,320000,401434002900000001-0000     3J,"c(-73.880900823988, 40.7544526319102)"
4032360035,310000,403236003500000001-0000    15K,"c(-73.8492554856544, 40.7221531757117)"
4033350023,290000,403335002300000001-0000    12F,"c(-73.833725561877, 40.7121757035697)"
2059530240,280000,205953024000000003-0000     6S,"c(-73.9054208880704, 40.9092522950817)"
3007380009,450000,300738000900000001-0000     B5,"c(-74.0088969811342, 40.6495289606627)"
1014440008,600000,101444000800000001-0000     3F,"c(-73.9587364788459, 40.7666784790225)"
4021360021,330000,402136002100000001-0000     6B,"c(-73.849756572397, 40.7265282840993)"
4031700001,350000,403170000100000001-0000    404,"c(-73.8536360248987, 40.7259147929921)"
4039070975,170000,403907097500000001-0000     3T,"c(-73.8516308223066, 40.6991314383951)"
1013040029,375000,101304002900000001-0000     5B,"c(-73.9717738688169, 40.7556786406004)"
1015000045,1300000,101500004500000001-0000    14B,"c(-73.9569360229363, 40.7822113745752)"
2033980044,125000,203398004400000001-0000     2B,"c(-73.8623833868758, 40.9008405059889)"
3073970001,340000,307397000100000001-0000     6B,"c(-73.9581217297318, 40.5938105251869)"
1011250024,2425000,101125002400000001-0000    12C,"c(-73.9768470867773, 40.7770766339652)"
4031630015,180000,403163001500000001-0000     4R,"c(-73.8562184673877, 40.7211888508641)"
3019020001,725000,301902000100000002-0000     6H,"c(-73.9681310607595, 40.6922421297711)"
4033220123,220000,403322012300000001-0000     1K,"c(-73.8328778021958, 40.7052642113631)"
3052680033,650000,305268003300000001-0000     2A,"c(-73.974348806125, 40.6545590498149)"
3000860011,290000,300086001100000004-0000     4J,"c(-73.9878532443117, 40.6978012627673)"
1005060027,1220000,100506002700000001-0000     5G,"c(-74.0038968697425, 40.7266662088498)"
3088210010,180000,308821001000000002-0000     5H,"c(-73.9331520505384, 40.5981335984033)"
1014660037,1650000,101466003700000001-0000    20B,"c(-73.9553445154595, 40.7672166447406)"
2043430001,100000,204343000100000003-0000     3G,"c(-73.8668583335157, 40.8585640557776)"
4079140002,225000,4079140002000002-106000   2028,"c(-73.7438653541695, 40.7326859961419)"
4047720001,295000,404772000100000004-0000     2B,"c(-73.8255802117498, 40.7734546581917)"
1013350022,295000,101335002200000001-0000   1419,"c(-73.969992974262, 40.7493465828214)"
4077420003,323000,40774200030000002-26000  123A1,"c(-73.7533622250934, 40.7408888582161)"
3073920001,255000,307392000100000004-0000     3D,"c(-73.9350931790732, 40.5978135844333)"
1008980001,880000,100898000100000001-0000    30A,"c(-73.9852643051331, 40.7353660998806)"
4001280007,441448,400128000700000003-0000     3G,"c(-73.9125552266127, 40.7475645954707)"
2041740024,135000,204174002400000001-0000     3E,"c(-73.8265224645303, 40.84556515526)"
1008950066,370000,100895006600000001-0000     5E,"c(-73.9764977080552, 40.7497086811463)"
4077320002,240000,407732000200000011-1000   113P,"c(-73.760419107419, 40.7391261677651)"
1012490022,875000,101249002200000001-0000     9E,"c(-73.9781875873337, 40.7901518482951)"
1013350022,340000,101335002200000001-0000   1905,"c(-73.969992974262, 40.7493465828214)"
4012220009,210000,401222000900000001-0000     1N,"c(-73.8978633712819, 40.7472505834313)"
4005570003,370000,400557000300000011-0000     7D,"c(-73.9317116636673, 40.7626039028715)"
1018790001,1525000,101879000100000001-0000    12A,"c(-73.9672445110495, 40.8022190873479)"
4077480500,250000,407748050000000006-0000    51C,"c(-73.7584927466073, 40.7372933036104)"
1012100019,400000,101210001900000001-0000    14E,"c(-73.9764159526131, 40.7826487990619)"
1008730019,710000,100873001900000001-0000    04H,"c(-73.9866710658313, 40.7360759547587)"
4076360007,270000,40763600070000002-53000   194B,"c(-73.7603879652191, 40.7409365865241)"
1019780001,645000,101978000100000002-0000    14B,"c(-73.9586962723194, 40.8125152615125)"
1011380053,685000,101138005300000001-0000     2G,"c(-73.9832294704406, 40.7748765757229)"
3072740060,330000,307274006000000005-0000    12A,"c(-73.9718572070304, 40.5777227305088)"
1003210001,675000,100321000100000012-0000  K1601,"c(-73.9783767808142, 40.7143242282315)"
1013340041,435000,101334004100000001-0000   1710,"c(-73.9714800907511, 40.7492114132245)"
3087910104,235000,308791010400000003-0000     6K,"c(-73.9403070812936, 40.5863740039536)"
2057220445,500000,205722044500000001-0000    19S,"c(-73.9168597790226, 40.878087619241)"
4005570003,410000,400557000300000003-0000    12D,"c(-73.9317116636673, 40.7626039028715)"
1015650029,680000,101565002900000001-0000    35D,"c(-73.9478840306659, 40.7758797850368)"
1008170029,1650000,100817002900000001-0000 10MSNS,"c(-73.9938596858644, 40.7374329047939)"
3019440004,715000,301944000400000011-0000    11E,"c(-73.967106055987, 40.6873085495432)"
4014200001,350000,401420000100000002-0000    204,"c(-73.877661329052, 40.7574669231441)"
3019440004,935000,301944000400000009-0000    11F,"c(-73.967106055987, 40.6873085495432)"
3002510028,610000,300251002800000001-0000      5,"c(-73.9969215457021, 40.6945459814291)"
3019020001,850000,301902000100000006-0000     6C,"c(-73.9681310607595, 40.6922421297711)"
1015550023,625000,101555002300000001-0000    24H,"c(-73.9467014930952, 40.7811837062279)"
1008950066,370000,100895006600000001-0000     9H,"c(-73.9764977080552, 40.7497086811463)"
5050900035,240000,505090003500000003-0000     2G,"c(-74.1387472366125, 40.5558892493505)"
1008850074,415000,100885007400000001-0000     3C,"c(-73.9821890954514, 40.7438999539991)"
1013500020,1250000,101350002000000001-0000     8D,"c(-73.9632904230948, 40.7587714106616)"
4001770001,330000,400177000100000001-0000     4C,"c(-73.92195714688, 40.7386545460736)"
1014320017,875000,101432001700000001-0000     5B,"c(-73.956642077784, 40.7725323563226)"
3066190001,285000,306619000100000001-0000    A11,"c(-73.9857443756585, 40.607140152278)"
4050200001,320000,405020000100000001-0000    538,"c(-73.8258966666298, 40.7609881325462)"
2032260053,270000,203226005300000007-0000    14G,"c(-73.9077536434926, 40.864591539613)"
3059410006,225000,305941000600000001-0000     64,"c(-74.0248445212958, 40.6304865103941)"
3060900005,245000,306090000500000001-0000     6C,"c(-74.0267702162058, 40.6173153746671)"
1011290039,1160000,101129003900000001-0000     3D,"c(-73.9746057758712, 40.7796128481726)"
1001170001,710000,100117000100000003-0000    10C,"c(-73.9998514726025, 40.7125282427346)"
4076320002,340000,407632000200000018-2000  LOWER,"c(-73.7556537025174, 40.7435606899748)"
4020860050,300000,402086005000000006-0000     2L,"c(-73.8598809796084, 40.7322696134384)"
1018880067,1100000,101888006700000001-0000     7E,"c(-73.9720049711164, 40.797516123055)"
3010630026,460000,301063002600000001-0000     2E,"c(-73.9735276565273, 40.6742694107397)"
4050160007,330000,405016000700000002-0000    G14,"c(-73.8179013540483, 40.7643546648156)"
4005570003,630000,400557000300000014-0000     7C,"c(-73.9317116636673, 40.7626039028715)"
1013340041,299000,101334004100000001-0000   1814,"c(-73.9714800907511, 40.7492114132245)"
4042850010,330000,404285001000000009-0000     4B,"c(-73.827187333436, 40.7746679600832)"
1015000045,1150000,101500004500000001-0000    24C,"c(-73.9569360229363, 40.7822113745752)"
3000860011,600000,300086001100000003-0000     5H,"c(-73.9878532443117, 40.6978012627673)"
3074230011,275000,307423001100000001-0000     6G,"c(-73.938980012222, 40.5928629258896)"
4084890001,585000,408489000100000001-0000    16G,"c(-73.7142119283782, 40.7567797984328)"
1014460023,950000,101446002300000001-0000   A308,"c(-73.9567296656672, 40.7676355726799)"
4097110032,270000,409711003200000002-0000     3A,"c(-73.8163081305868, 40.7092574255909)"
1010490001,1300000,101049000100000001-0000    9AS,"c(-73.9841248570306, 40.7689490314921)"
1006070038,505000,100607003800000001-0000     6E,"c(-73.9983668659649, 40.7360130509613)"
4076290002,435000,407629000200000030-7000  LOWER,"c(-73.7577717070258, 40.7421950196666)"
2059530230,315000,205953023000000002-0000     9E,"c(-73.9054961445133, 40.9082120047334)"
4014460045,625000,401446004500000001-0000     6B,"c(-73.8817825232343, 40.7530678800716)"
1005760025,3650000,100576002500000001-0000     2J,"c(-73.9955926175556, 40.7356121570992)"
1010460042,555000,101046004200000001-0000     5C,"c(-73.984382743128, 40.7662281718777)"
3072740001,485000,307274000100000002-0000    22C,"c(-73.9710655952564, 40.5789176473329)"
3002420012,1325000,300242001200000001-0000    404,"c(-73.9953048975824, 40.6952948012821)"
4043430010,320000,404343001000000004-0000     3E,"c(-73.8282012079768, 40.7720074453794)"
1013960033,1800000,101396003300000001-0000  0030A,"c(-73.965765982757, 40.7632535073459)"
4005570003,505000,400557000300000002-0000    12B,"c(-73.9317116636673, 40.7626039028715)"
1005730043,475000,100573004300000001-0000    722,"c(-73.9963064633123, 40.7332486816949)"
2032260053,165000,203226005300000009-0000     4H,"c(-73.9077536434926, 40.864591539613)"
1015420014,960000,101542001400000001-0000     C2,"c(-73.9534949518664, 40.7729966210046)"
4005570003,350000,400557000300000009-0000     8B,"c(-73.9317116636673, 40.7626039028715)"
3019020001,800000,301902000100000002-0000     8H,"c(-73.9681310607595, 40.6922421297711)"
1019780001,610000,101978000100000006-0000    06D,"c(-73.9586962723194, 40.8125152615125)"
4050200001,320000,405020000100000001-0000    615,"c(-73.8258966666298, 40.7609881325462)"
1009090015,450000,100909001500000001-0000     2M,"c(-73.9793520357236, 40.7415785333699)"
4001280007,555135,400128000700000008-0000     2C,"c(-73.9125552266127, 40.7475645954707)"
4022880027,340000,402288002700000001-0000     2E,"c(-73.9208418925914, 40.7390973167565)"
1013460014,650000,101346001400000001-0000     8F,"c(-73.9656073721825, 40.7563556486254)"
3002710047,940000,300271004700000001-0000    10F,"c(-73.9902206194749, 40.6902850178814)"
4011110001,315000,401111000100000013-0000    G4B,"c(-73.9059545133664, 40.7582907935241)"
4021530001,285000,402153000100000004-0000     1B,"c(-73.8491694210115, 40.7296373237648)"
4020860050,200000,402086005000000002-0000    15N,"c(-73.8598809796084, 40.7322696134384)"
1008750055,560000,100875005500000001-0000     5F,"c(-73.9856547728927, 40.7370619350711)"
4087640001,335000,408764000100000012-1000   122A,"c(-73.7006288021572, 40.7420292590832)"
3073690027,240000,307369002700000006-0000     1K,"c(-73.9354389667063, 40.5996255238159)"
3064950001,280000,306495000100000001-0000     6J,"c(-73.9698034422499, 40.6302063025895)"
2057220445,200000,205722044500000001-0000     1K,"c(-73.9168597790226, 40.878087619241)"
2033160050,145000,203316005000000001-0000     1B,"c(-73.8950612580284, 40.8675849541491)"
1010660037,635000,101066003700000001-0000     3D,"c(-73.9866209331722, 40.7679490557796)"
3019020001,730000,301902000100000006-0000     7B,"c(-73.9681310607595, 40.6922421297711)"
1012420062,1450000,101242006200000001-0000     9B,"c(-73.9735687674946, 40.7942033362516)"
4084890001,375000,408489000100000003-0000    20B,"c(-73.7142119283782, 40.7567797984328)"
4077480500,250000,407748050000000007-1000    65L,"c(-73.7584927466073, 40.7372933036104)"
5000010216,485000,500001021600000001-0000    A3C,"c(-74.0739643253496, 40.6381177858733)"
1005720017,1900000,100572001700000003-0000     4D,"c(-73.9981373076781, 40.7335504696866)"
4077420003,323000,4077420003000002-122000   56A2,"c(-73.7533622250934, 40.7408888582161)"
4005280050,475000,400528005000000005-0000     2B,"c(-73.9342222867243, 40.7639054108203)"
4043120010,325000,404312001000000004-0000     1B,"c(-73.8288909797384, 40.7731266239402)"
1014890037,330000,101489003700000004-0000     5M,"c(-73.9500131212496, 40.7700681792284)"
3074230011,275000,307423001100000004-0000     6C,"c(-73.938980012222, 40.5928629258896)"
2057450001,320000,205745000100000001-0000     5K,"c(-73.9215120128349, 40.8826191665746)"
4087620001,260000,40876200010000010-77000   133A,"c(-73.7015359570543, 40.7419253696509)"
4077540003,365000,4077540003000003-138000  150A2,"c(-73.7527434776046, 40.7387611497005)"
1013670001,580000,101367000100000001-0000    14K,"c(-73.9631217477455, 40.7570988822293)"
4084890001,400000,408489000100000003-0000    33A,"c(-73.7142119283782, 40.7567797984328)"
3010720040,725000,301072004000000001-0000     9B,"c(-73.9719844571353, 40.6708904660226)"
1013510017,265000,101351001700000001-0000     6E,"c(-73.9631455883935, 40.7595343394548)"
1005320020,850000,100532002000000001-0000   0933,"c(-73.9959366120402, 40.7271279257018)"
4084890001,775000,408489000100000002-0000    32D,"c(-73.7142119283782, 40.7567797984328)"
2057990032,375000,205799003200000001-0000     3A,"c(-73.9099705181684, 40.8876114400619)"
4022340006,315000,402234000600000001-0000    314,"c(-73.8405398336723, 40.7223753198179)"
4020860050,430000,402086005000000002-0000     9D,"c(-73.8598809796084, 40.7322696134384)"
1012100019,400000,101210001900000001-0000    10E,"c(-73.9764159526131, 40.7826487990619)"
3053290072,590000,305329007200000001-0000    10B,"c(-73.9740414304079, 40.646687655518)"
4077320150,340000,407732015000000014-0000   142E,"c(-73.7612725213745, 40.7382840957802)"
3019440004,1100000,301944000400000009-0000     8F,"c(-73.967106055987, 40.6873085495432)"
1011790019,995000,101179001900000001-0000   13GE,"c(-73.9876459074926, 40.7766080155806)"
1015670012,294317,101567001200000001-0000     2C,"c(-73.947658165457, 40.7772852175195)"
1013330023,310000,101333002300000001-0000    436,"c(-73.9708763719043, 40.7479861107679)"
2041740024,135000,204174002400000001-0000    11C,"c(-73.8265224645303, 40.84556515526)"
4084890001,235000,408489000100000001-0000     9F,"c(-73.7142119283782, 40.7567797984328)"
3010630026,460000,301063002600000001-0000     1E,"c(-73.9735276565273, 40.6742694107397)"
3088190011,185000,308819001100000002-0000     3E,"c(-73.9328810656955, 40.6015428457008)"
1006160001,840000,100616000100000001-0000     3D,"c(-74.0035714340675, 40.7382848713548)"
1003210001,840000,100321000100000011-0000  L1802,"c(-73.9783767808142, 40.7143242282315)"
4084010675,260000,40840106750000002-55000    30B,"c(-73.7234374600889, 40.7512949406207)"
3048530028,245000,304853002800000001-0000     4M,"c(-73.9490536185786, 40.6538272812878)"
4033220156,345000,403322015600000002-0000     1F,"c(-73.8335858049475, 40.7051928669584)"
4030990042,290000,403099004200000001-0000     6H,"c(-73.8579846179299, 40.7261756093547)"
4064940003,380000,40649400030000004-71000      A,"c(-73.8291927436338, 40.729559793319)"
1011380053,700000,101138005300000001-0000    10L,"c(-73.9832294704406, 40.7748765757229)"
4001770001,540000,400177000100000001-0000     5B,"c(-73.92195714688, 40.7386545460736)"
3088080059,340000,308808005900000001-0000    208,"c(-73.9316863587374, 40.584782264496)"
3087210360,400000,308721036000000001-0000     3U,"c(-73.9561833950735, 40.5766486069085)"
1009170017,450000,100917001700000001-0000    14K,"c(-73.9757727770169, 40.7466534153236)"
3072740060,340000,307274006000000006-0000    14E,"c(-73.9718572070304, 40.5777227305088)"
1008570018,650000,100857001800000001-0000    11F,"c(-73.9863526255524, 40.7437439243254)"
4084890001,500000,408489000100000001-0000     7E,"c(-73.7142119283782, 40.7567797984328)"
1011840087,380000,101184008700000001-0000     4C,"c(-73.9837313165334, 40.7817556343155)"
4001280007,190000,400128000700000004-0000     1A,"c(-73.9125552266127, 40.7475645954707)"
5000100019,285000,500010001900000001-0000     4H,"c(-74.0787823165954, 40.6448552735597)"
3019050001,600000,301905000100000001-0000    703,"c(-73.96519635708, 40.6925684261311)"
1012510062,1995000,101251006200000001-0000    10F,"c(-73.9755433217473, 40.792603004173)"
1021800633,425000,102180063300000002-0000     5D,"c(-73.9322126897869, 40.8586691321111)"
4021550001,320000,402155000100000006-0000     5F,"c(-73.848285504168, 40.7283469399775)"
1012170064,1700000,101217006400000001-0000     9C,"c(-73.9743834800328, 40.7880020631668)"
1013340022,270000,101334002200000001-0000   1908,"c(-73.970510856595, 40.7486411257224)"
1013660025,1400000,101366002500000001-0000     3J,"c(-73.962196455057, 40.7558814262349)"
4084010675,245000,40840106750000002-18000    67B,"c(-73.7234374600889, 40.7512949406207)"
4051920055,300000,405192005500000002-0000     3C,"c(-73.8210858191961, 40.7535726717825)"
1013840063,1800000,101384006300000001-0000     9D,"c(-73.9670172755252, 40.770490537349)"
4015600001,305000,401560000100000003-0000     1A,"c(-73.8795598236105, 40.7423393476809)"
4084890001,235000,408489000100000001-0000     3M,"c(-73.7142119283782, 40.7567797984328)"
1013660016,725000,101366001600000001-0000     2P,"c(-73.9625957507815, 40.7560655697587)"
4097180002,290000,409718000200000001-0000    631,"c(-73.8163685846512, 40.7131582512318)"
2059530038,325000,205953003800000001-0000    20R,"c(-73.9058351988851, 40.906974041001)"
4078440002,260000,407844000200000018-3000      A,"c(-73.7439990984253, 40.7372618720672)"
4078470001,270000,407847000100000028-0000      B,"c(-73.7423574398353, 40.7378579165872)"
4021540001,433010,402154000100000009-0000     2B,"c(-73.8485149211462, 40.7290462159917)"
1014130040,2500000,101413004000000001-0000    15D,"c(-73.9579400992176, 40.7742474809584)"
2057950518,615000,205795051800000001-0000     7E,"c(-73.9116176951152, 40.8864492861277)"
1013350022,335000,101335002200000001-0000   1705,"c(-73.969992974262, 40.7493465828214)"
4001770001,325000,400177000100000002-0000     3C,"c(-73.92195714688, 40.7386545460736)"
3072740060,330000,307274006000000005-0000    22A,"c(-73.9718572070304, 40.5777227305088)"
4014460045,625000,401446004500000001-0000     5A,"c(-73.8817825232343, 40.7530678800716)"
4079290002,310000,40792900020000001-42000    506,"c(-73.7422140338675, 40.732514357082)"
3054951014,300000,305495101400000003-0000     1G,"c(-73.9705093414895, 40.619712401702)"
4012220009,210000,401222000900000001-0000     2F,"c(-73.8978633712819, 40.7472505834313)"
1009210019,535000,100921001900000001-0000     2F,"c(-73.9831846061842, 40.7319207283437)"
1013300038,520000,101330003800000001-0000    12C,"c(-73.9667975189131, 40.7596297479267)"
1009170017,425000,100917001700000001-0000     6G,"c(-73.9757727770169, 40.7466534153236)"
1021790010,585000,102179001000000006-0000    002,"c(-73.9400594375885, 40.8534031928776)"
4097580006,140000,409758000600000001-0000     6A,"c(-73.8010841658257, 40.7055261682922)"
3053760058,460000,305376005800000001-0000     1B,"c(-73.9715782902976, 40.6392552280722)"
4021480001,493392,402148000100000001-0000     3D,"c(-73.8510879399311, 40.7328836003535)"
4051370011,360000,405137001100000001-0000     4V,"c(-73.8249662673272, 40.7534095159253)"
4020930245,520000,402093024500000005-0000     5E,"c(-73.8592631495645, 40.7336443755107)"
4058780003,285000,405878000300000002-0000     1A,"c(-73.7819471174009, 40.780451839894)"
4014620001,280000,401462000100000004-0000     5C,"c(-73.8785921943359, 40.7521625953038)"
2032260053,266000,203226005300000009-0000    12G,"c(-73.9077536434926, 40.864591539613)"
2042910014,155000,204291001400000001-1000     2A,"c(-73.865315737909, 40.8533992847004)"
1018360036,1455000,101836003600000001-0000    16B,"c(-73.9627790109546, 40.7948218060561)"
4012260001,400000,401226000100000001-0000    601,"c(-73.9083791719475, 40.7468364237166)"
3072740060,340000,307274006000000005-0000    23A,"c(-73.9718572070304, 40.5777227305088)"
2043220051,130000,204322005100000001-0000     3B,"c(-73.8631799797248, 40.8556637119406)"
2024610094,404586,202461009400000001-0000    11V,"c(-73.9201361445309, 40.8301511750641)"
1013630040,650000,101363004000000004-0000     8B,"c(-73.9644599723464, 40.7545546908563)"
3072740015,495000,307274001500000004-0000    20C,"c(-73.9698590156726, 40.5788513122297)"
4078470001,270000,407847000100000026-9000      A,"c(-73.7423574398353, 40.7378579165872)"
1019780001,605000,101978000100000003-0000    13H,"c(-73.9586962723194, 40.8125152615125)"
1005850012,590000,100585001200000001-0000     3B,"c(-74.0062420975537, 40.7322233226764)"
2032260053,265000,203226005300000003-0000     1B,"c(-73.9077536434926, 40.864591539613)"
4077540003,340000,4077540003000003-128000  160A1,"c(-73.7527434776046, 40.7387611497005)"
4077540003,365000,4077540003000003-120000  168A2,"c(-73.7527434776046, 40.7387611497005)"
4097130163,180000,409713016300000001-0000   007J,"c(-73.8166305006502, 40.710028923747)"
4014380001,270000,401438000100000006-0000     2T,"c(-73.8772959294701, 40.7554665866829)"
4001280007,355000,400128000700000004-0000     3G,"c(-73.9125552266127, 40.7475645954707)"
1018920006,2900000,101892000600000001-0000     5A,"c(-73.9692639938007, 40.8022400407003)"
2033160050,140000,203316005000000001-0000     1L,"c(-73.8950612580284, 40.8675849541491)"
4014390001,225000,401439000100000002-0000     1E,"c(-73.8763676882794, 40.7555627768896)"
4084890001,250000,408489000100000001-0000    19T,"c(-73.7142119283782, 40.7567797984328)"
1014500008,275000,101450000800000001-0000     1C,"c(-73.9559756349488, 40.7705931344569)"
3067090001,352000,306709000100000001-0000    410,"c(-73.9604007240877, 40.6270757908804)"
1015790023,2100000,101579002300000001-0000    42A,"c(-73.9469506505762, 40.7727920679517)"
4014180001,235000,401418000100000011-0000    506,"c(-73.8795217563289, 40.7572751444081)"
4073490001,245000,407349000100000018-0000     2D,"c(-73.7640803706605, 40.7568644372392)"
3075600001,300000,307560000100000001-0000    10J,"c(-73.9451602873481, 40.6321207581185)"
4005570003,490000,400557000300000014-0000     2A,"c(-73.9317116636673, 40.7626039028715)"
4014590001,315000,401459000100000002-0000     7F,"c(-73.8812700791886, 40.7512518800871)"
4001280007,355000,400128000700000009-0000     3E,"c(-73.9125552266127, 40.7475645954707)"
1014500008,275000,101450000800000001-0000     6G,"c(-73.9559756349488, 40.7705931344569)"
3072740015,450000,307274001500000003-1000    22L,"c(-73.9698590156726, 40.5788513122297)"
1008420007,485000,100842000700000001-0000   1023,"c(-73.9925097137662, 40.735852530367)"
4084890001,260000,408489000100000002-0000    28B,"c(-73.7142119283782, 40.7567797984328)"
4001280007,380000,400128000700000006-0000     4B,"c(-73.9125552266127, 40.7475645954707)"
4067150002,260000,406715000200000001-0000     5D,"c(-73.8125568418903, 40.7171201503759)"
4021540001,190000,402154000100000008-0000     4C,"c(-73.8485149211462, 40.7290462159917)"
4084890001,325000,408489000100000001-0000     9C,"c(-73.7142119283782, 40.7567797984328)"
2059530550,240000,205953055000000004-0000     4A,"c(-73.9061150363699, 40.9052352678195)"
4098350003,200000,409835000300000001-0000     5F,"c(-73.7874941898549, 40.7123125033642)"
3086800001,480000,308680000100000002-0000    10B,"c(-73.9671095231509, 40.5754784913281)"
4015660039,300000,401566003900000001-0000     7F,"c(-73.8733587829512, 40.7455057725)"
4077320150,340000,407732015000000013-1000   136J,"c(-73.7612725213745, 40.7382840957802)"
2059090970,365000,205909097000000001-0000   A205,"c(-73.9090838059461, 40.8923666977092)"
1014280017,450000,101428001700000001-0000    12E,"c(-73.9583560180008, 40.7699418815408)"
4074740050,315000,407474005000000001-0000     2Z,"c(-73.7592219927824, 40.7608192791283)"
4077320002,210000,407732000200000011-1000   113M,"c(-73.760419107419, 40.7391261677651)"
3019440004,760000,301944000400000009-0000    12A,"c(-73.967106055987, 40.6873085495432)"
3059410006,225000,305941000600000001-0000     38,"c(-74.0248445212958, 40.6304865103941)"
2033070001,210000,203307000100000001-0000     5F,"c(-73.8852143741952, 40.8724035916938)"
4020860050,430000,402086005000000003-0000    10K,"c(-73.8598809796084, 40.7322696134384)"
2057950518,325000,205795051800000001-0000     3F,"c(-73.9116176951152, 40.8864492861277)"
2024580090,295000,202458009000000001-0000    4LN,"c(-73.9230163804598, 40.8248477648657)"
4014210001,195000,401421000100000005-0000    310,"c(-73.87675473101, 40.7577059487531)"
1015700012,400000,101570001200000001-0000     8A,"c(-73.9462412368972, 40.7791521534642)"
1012330033,2650000,101233003300000001-0000    18E,"c(-73.9757369743008, 40.7876834330343)"
1013330023,250000,101333002300000001-0000   1828,"c(-73.9708763719043, 40.7479861107679)"
4098350003,235000,409835000300000001-0000    10D,"c(-73.7874941898549, 40.7123125033642)"
1018910062,850000,101891006200000001-0000     7A,"c(-73.9695540475457, 40.8017519833242)"
1011380001,425000,101138000100000001-0000    14N,"c(-73.983759425779, 40.7748586948902)"
2057220445,525000,205722044500000001-0000    12E,"c(-73.9168597790226, 40.878087619241)"
4038800097,400000,403880009700000002-0000    11C,"c(-73.8548589985539, 40.7060068502733)"
4013140011,365000,401314001100000001-0000     7E,"c(-73.9130998206388, 40.7451129922237)"
3068360064,230000,306836006400000001-0000     3H,"c(-73.9427345183692, 40.6066991324942)"
2033980044,160000,203398004400000001-0000     3R,"c(-73.8623833868758, 40.9008405059889)"
1013120028,430000,101312002800000001-0000     3B,"c(-73.9680535857936, 40.7607793824496)"
4084890001,650000,408489000100000001-0000    32H,"c(-73.7142119283782, 40.7567797984328)"
1009300001,715000,100930000100000001-0000     2D,"c(-73.9797767650769, 40.7386766163969)"
3088210001,175000,308821000100000002-0000     5F,"c(-73.9333365905762, 40.5992618508567)"
1008640035,525000,100864003500000001-0000     5B,"c(-73.9814950604562, 40.7474944338011)"
1013330023,300000,101333002300000001-0000   1228,"c(-73.9708763719043, 40.7479861107679)"
3051970040,525000,305197004000000001-0000    32D,"c(-73.9665880482886, 40.6345843058728)"
4015130028,380000,401513002800000001-0000     A4,"c(-73.8779693969543, 40.7460233144075)"
1011650004,1450000,101165000400000001-0000    10B,"c(-73.9833539447278, 40.7807836614215)"
3002530057,370000,300253005700000001-0000     4D,"c(-73.9958796036817, 40.6941614351291)"
4014210001,235000,401421000100000010-0000    305,"c(-73.87675473101, 40.7577059487531)"
1013350022,270000,101335002200000001-0000   1203,"c(-73.969992974262, 40.7493465828214)"
1011860091,2550000,101186009100000001-0000     7W,"c(-73.9823380655583, 40.7845288875252)"
3002530057,370000,300253005700000001-0000     5J,"c(-73.9958796036817, 40.6941614351291)"
1013650020,850000,101365002000000001-0000   12NS,"c(-73.9628523541684, 40.7553462616477)"
2032370067,165000,203237006700000001-0000     2V,"c(-73.9059317418866, 40.869455445112)"
3052800008,711000,305280000800000001-0000     3L,"c(-73.9801974149988, 40.6489130803931)"
2059090977,500000,205909097700000002-0000   B304,"c(-73.9093031524166, 40.8913868177129)"
1006160001,1250000,100616000100000001-0000     2F,"c(-74.0035714340675, 40.7382848713548)"
2059530240,265000,205953024000000003-0000     9D,"c(-73.9054208880704, 40.9092522950817)"
4014380001,235000,401438000100000002-0000     1K,"c(-73.8772959294701, 40.7554665866829)"
4077540003,360000,40775400030000003-29000  261B1,"c(-73.7527434776046, 40.7387611497005)"
4084890001,340000,408489000100000002-0000    25F,"c(-73.7142119283782, 40.7567797984328)"
2059530230,220000,205953023000000002-0000     4A,"c(-73.9054961445133, 40.9082120047334)"
3009170048,650000,300917004800000001-1000     4A,"c(-74.0034763044438, 40.649458800534)"
4066330001,380000,406633000100000017-0000     3B,"c(-73.818506364122, 40.7179359079829)"
4005570003,380000,400557000300000011-0000    15C,"c(-73.9317116636673, 40.7626039028715)"
4096650001,220000,409665000100000003-0000     1N,"c(-73.8189289642914, 40.7123415938686)"
2059530550,250000,205953055000000002-0000     6A,"c(-73.9061150363699, 40.9052352678195)"
2057780879,195000,205778087900000001-0000     8N,"c(-73.9032891493582, 40.889080950438)"
1015650029,680000,101565002900000001-0000    22C,"c(-73.9478840306659, 40.7758797850368)"
3049060001,250000,304906000100000001-0000     3S,"c(-73.9441354149989, 40.6488580175244)"
4033340186,255000,403334018600000001-1000     2E,"c(-73.8353142463714, 40.7141495225044)"
4021330016,525000,402133001600000002-0000  T029B,"c(-73.8508390529811, 40.7283478634108)"
1014980010,2300000,101498001000000001-0000    18A,"c(-73.9592002998674, 40.7813330349706)"
4098600040,260000,409860004000000001-0000    600,"c(-73.7956956582022, 40.7148251162707)"
5000100019,180000,500010001900000001-0000     1G,"c(-74.0787823165954, 40.6448552735597)"
4032360035,385000,403236003500000001-0000    20O,"c(-73.8492554856544, 40.7221531757117)"
4097140152,300000,409714015200000001-0000     6A,"c(-73.816025129672, 40.7125515659657)"
4031710019,310000,403171001900000001-0000     5E,"c(-73.8527977358175, 40.7258736983519)"
4051370011,360000,405137001100000001-0000    10B,"c(-73.8249662673272, 40.7534095159253)"
2059090970,530000,205909097000000001-0000  A1412,"c(-73.9090838059461, 40.8923666977092)"
1007310060,490000,100731006000000001-0000    11G,"c(-73.9976710066137, 40.7536625655247)"
2059530550,190000,205953055000000002-0000     3G,"c(-73.9061150363699, 40.9052352678195)"
2032260053,170000,203226005300000009-0000    12D,"c(-73.9077536434926, 40.864591539613)"
2043220051,130000,204322005100000001-0000     2A,"c(-73.8631799797248, 40.8556637119406)"
1008640035,525000,100864003500000001-0000     4B,"c(-73.9814950604562, 40.7474944338011)"
4082560108,295000,408256010800000001-0000     5U,"c(-73.7258707216297, 40.7657529221731)"
1013460014,640000,101346001400000001-0000    10H,"c(-73.9656073721825, 40.7563556486254)"
1015000045,1300000,101500004500000001-0000     9E,"c(-73.9569360229363, 40.7822113745752)"
3072740060,330000,307274006000000007-0000    20A,"c(-73.9718572070304, 40.5777227305088)"
1015670012,294317,101567001200000001-0000     2D,"c(-73.947658165457, 40.7772852175195)"
1003150001,1100000,100315000100000003-0000  C1607,"c(-73.9859018520821, 40.7150585343655)"
4105350010,190000,410535001000000003-0000    B55,"c(-73.7619942165636, 40.7226565765626)"
4031700001,490000,403170000100000001-0000    323,"c(-73.8536360248987, 40.7259147929921)"
4098350003,220000,409835000300000001-0000    12T,"c(-73.7874941898549, 40.7123125033642)"
2031730013,195000,203173001300000001-0000     4I,"c(-73.8999795040673, 40.8608465026821)"
3019020001,850000,301902000100000004-0000    14A,"c(-73.9681310607595, 40.6922421297711)"
4021570015,400000,402157001500000001-0000    52D,"c(-73.8474327723481, 40.7270730198984)"
5050900035,240000,505090003500000009-0000     1G,"c(-74.1387472366125, 40.5558892493505)"
4084010350,250000,40840103500000001-71000   157A,"c(-73.7217556618658, 40.7508521895601)"
1005730043,450000,100573004300000001-0000   1525,"c(-73.9963064633123, 40.7332486816949)"
3060160006,415000,306016000600000001-0000     1F,"c(-74.0323074920255, 40.6259784487319)"
2058021294,240000,205802129400000001-0000     8C,"c(-73.8976215454217, 40.892022357983)"
1018790036,665000,101879003600000001-0000     8C,"c(-73.9651835133026, 40.8016667096343)"
2043430001,100000,204343000100000001-0000     6D,"c(-73.8668583335157, 40.8585640557776)"
1008420007,770000,100842000700000001-0000   1029,"c(-73.9925097137662, 40.735852530367)"
4022340006,315000,402234000600000001-0000    514,"c(-73.8405398336723, 40.7223753198179)"
2041740024,165000,204174002400000001-0000     6B,"c(-73.8265224645303, 40.84556515526)"
1009280001,360000,100928000100000001-0000     2G,"c(-73.9807845188557, 40.7372107763318)"
4077540003,330000,40775400030000003-85000  204A1,"c(-73.7527434776046, 40.7387611497005)"
3019430006,915000,301943000600000001-0000     1S,"c(-73.9681829112613, 40.68724660728)"
4050020042,280000,405002004200000002-0000     6A,"c(-73.8256345252182, 40.7650273442211)"
1021800633,375000,102180063300000003-0000     3H,"c(-73.9322126897869, 40.8586691321111)"
4084890001,450000,408489000100000003-0000    15V,"c(-73.7142119283782, 40.7567797984328)"
1021800633,360000,102180063300000007-0000     4D,"c(-73.9322126897869, 40.8586691321111)"
3087910104,235000,308791010400000003-0000     2A,"c(-73.9403070812936, 40.5863740039536)"
1014830038,540000,101483003800000001-0000     4T,"c(-73.9528275583435, 40.7659770206187)"
4005570003,500000,400557000300000010-0000    15A,"c(-73.9317116636673, 40.7626039028715)"
4038800097,425000,403880009700000002-0000    12E,"c(-73.8548589985539, 40.7060068502733)"
4014210001,235000,401421000100000001-0000    307,"c(-73.87675473101, 40.7577059487531)"
4033380030,365000,403338003000000001-0000     6G,"c(-73.8288047218657, 40.7082041998762)"
1002630008,815000,100263000800000002-0000  B1301,"c(-73.9789832236522, 40.7129513545995)"
4087430102,395000,40874301020000001-52000   273B,"c(-73.7019819646011, 40.7438725447607)"
1021790010,340000,102179001000000004-0000    125,"c(-73.9400594375885, 40.8534031928776)"
1014270030,440000,101427003000000001-0000     3F,"c(-73.958712757562, 40.7695918478145)"
4020860050,400000,402086005000000002-0000     3K,"c(-73.8598809796084, 40.7322696134384)"
1010490001,759000,101049000100000001-0000   15TS,"c(-73.9841248570306, 40.7689490314921)"
4105380070,240000,410538007000000001-0000    B46,"c(-73.7622877856304, 40.7215069467837)"
2042910014,240000,204291001400000001-0000     2B,"c(-73.865315737909, 40.8533992847004)"
4074740050,330000,407474005000000001-0000    11A,"c(-73.7592219927824, 40.7608192791283)"
4033380030,229000,403338003000000001-0000     2B,"c(-73.8288047218657, 40.7082041998762)"
5000010216,485000,500001021600000001-0000    A7C,"c(-74.0739643253496, 40.6381177858733)"
3002510028,610000,300251002800000001-0000      8,"c(-73.9969215457021, 40.6945459814291)"
3061110001,520000,306111000100000001-0000     1K,"c(-74.0386446499998, 40.6176540694144)"
4050160007,330000,405016000700000004-0000    A25,"c(-73.8179013540483, 40.7643546648156)"
1010490001,1300000,101049000100000002-0000   11PN,"c(-73.9841248570306, 40.7689490314921)"
4079140002,310000,40791400020000002-70000   1717,"c(-73.7438653541695, 40.7326859961419)"
1008420007,750000,100842000700000001-0000    601,"c(-73.9925097137662, 40.735852530367)"
1011380001,555000,101138000100000001-0000     4P,"c(-73.983759425779, 40.7748586948902)"
4084890001,335000,408489000100000003-0000     1A,"c(-73.7142119283782, 40.7567797984328)"
1015660029,300000,101566002900000001-0000     6E,"c(-73.9473252888126, 40.7766465317196)"
4114340025,225000,411434002500000001-0000     2H,"c(-73.8457902030931, 40.6673642578742)"
2059530230,360000,205953023000000002-0000     9X,"c(-73.9054961445133, 40.9082120047334)"
2059090977,390000,205909097700000002-0000   B208,"c(-73.9093031524166, 40.8913868177129)"
1012700020,625000,101270002000000002-0000     9F,"c(-73.9765299621532, 40.7619370826704)"
1021800633,425000,102180063300000004-0000     7G,"c(-73.9322126897869, 40.8586691321111)"
3000860011,850000,300086001100000004-0000    15H,"c(-73.9878532443117, 40.6978012627673)"
4042850010,280000,404285001000000003-0000     1A,"c(-73.827187333436, 40.7746679600832)"
1010670028,690000,101067002800000001-0000     5F,"c(-73.9859882550218, 40.7683363388224)"
1005560044,1200000,100556004400000001-0000     7J,"c(-73.9897018751881, 40.7323515654729)"
1013490009,510000,101349000900000001-0000     6H,"c(-73.9646866770406, 40.758404919389)"
3012490007,740000,301249000700000001-0000     5F,"c(-73.9470652815704, 40.6720999856142)"
4002090025,205000,400209002500000001-0000     3D,"c(-73.9261730277717, 40.7375136962292)"
4083580001,265000,40835800010000002-12000    812,"c(-73.7264747810909, 40.7586543831382)"
3000860011,535000,300086001100000003-0000    14B,"c(-73.9878532443117, 40.6978012627673)"
1015560023,550000,101556002300000001-0000     2H,"c(-73.9462546867286, 40.7817804681218)"
1005320020,875000,100532002000000001-0000   0917,"c(-73.9959366120402, 40.7271279257018)"
4064940003,415000,4064940003000004-232000      B,"c(-73.8291927436338, 40.729559793319)"
4031700001,490000,403170000100000001-0000    524,"c(-73.8536360248987, 40.7259147929921)"
3074230011,260000,307423001100000004-0000     4D,"c(-73.938980012222, 40.5928629258896)"
4077320150,285000,407732015000000014-0000   142B,"c(-73.7612725213745, 40.7382840957802)"
4047720001,250000,404772000100000002-0000     2F,"c(-73.8255802117498, 40.7734546581917)"
1003210001,840000,100321000100000008-0000  H2001,"c(-73.9783767808142, 40.7143242282315)"
3072740001,485000,307274000100000001-0000    13G,"c(-73.9710655952564, 40.5789176473329)"
1015000020,4350000,101500002000000001-0000     6B,"c(-73.9573835293937, 40.7822075992142)"
3010720040,725000,301072004000000001-0000     6B,"c(-73.9719844571353, 40.6708904660226)"
2052590016,185000,205259001600000001-0000    12A,"c(-73.8361178286264, 40.8804201960037)"
4014200001,235000,401420000100000004-1000    410,"c(-73.877661329052, 40.7574669231441)"
2059010001,368000,205901000100000001-0000    12G,"c(-73.9145372157692, 40.8854677126167)"
4021550001,430000,402155000100000001-0000     6B,"c(-73.848285504168, 40.7283469399775)"
3000860011,799000,300086001100000006-0000     8A,"c(-73.9878532443117, 40.6978012627673)"
4077320150,250000,407732015000000015-1000   152L,"c(-73.7612725213745, 40.7382840957802)"
2032370067,240000,203237006700000001-0000     7Z,"c(-73.9059317418866, 40.869455445112)"
4077390003,323000,40773900030000001-45000  356A2,"c(-73.7560069493339, 40.7404422666459)"
1011840087,380000,101184008700000001-0000     7E,"c(-73.9837313165334, 40.7817556343155)"
4032540020,189000,403254002000000003-0000    R36,"c(-73.8445415361496, 40.7189769817065)"
2032950033,220000,203295003300000001-0000     2F,"c(-73.889402286594, 40.8684145462881)"
3086800001,370000,308680000100000002-0000    12G,"c(-73.9671095231509, 40.5754784913281)"
4050160007,420000,405016000700000006-0000    D23,"c(-73.8179013540483, 40.7643546648156)"
4064940003,415000,4064940003000004-240000      B,"c(-73.8291927436338, 40.729559793319)"
2059530550,170000,205953055000000002-0000     4D,"c(-73.9061150363699, 40.9052352678195)"
4011110001,307000,401111000100000001-0000    I4P,"c(-73.9059545133664, 40.7582907935241)"
1014520019,565000,101452001900000001-0000     1J,"c(-73.9541387944996, 40.7714792302433)"
4033220123,220000,403322012300000001-0000     6J,"c(-73.8328778021958, 40.7052642113631)"
4092090055,250000,409209005500000001-0000     5A,"c(-73.8359211950246, 40.7038048261157)"
3072740015,480000,307274001500000003-1000    21C,"c(-73.9698590156726, 40.5788513122297)"
1005550028,970000,100555002800000001-0000    14J,"c(-73.9895949646087, 40.7305811507183)"
1013230036,800000,101323003600000001-0000     4A,"c(-73.9697574638724, 40.7551589793385)"
1003210001,835000,100321000100000009-0000  J0906,"c(-73.9783767808142, 40.7143242282315)"
1014450007,400000,101445000700000001-0000     1C,"c(-73.9582734997554, 40.7672991289386)"
4098600040,190000,409860004000000001-0000    211,"c(-73.7956956582022, 40.7148251162707)"
1008980001,880000,100898000100000001-0000    24J,"c(-73.9852643051331, 40.7353660998806)"
1009040050,510000,100904005000000001-0000   1905,"c(-73.9825127349164, 40.7391502583434)"
4022340006,375000,402234000600000001-0000    629,"c(-73.8405398336723, 40.7223753198179)"
3019020001,725000,301902000100000006-0000    10H,"c(-73.9681310607595, 40.6922421297711)"
3053290072,315000,305329007200000001-0000    16G,"c(-73.9740414304079, 40.646687655518)"
4084010675,240000,4084010675000002-104000   116A,"c(-73.7234374600889, 40.7512949406207)"
1013340041,265000,101334004100000001-0000    817,"c(-73.9714800907511, 40.7492114132245)"
1008900049,425000,100890004900000001-0000     6D,"c(-73.9780468556265, 40.7463543673728)"
1005060027,1220000,100506002700000001-0000     6H,"c(-74.0038968697425, 40.7266662088498)"
1022500014,550000,102250001400000001-0000     2C,"c(-73.919453564855, 40.8719519858821)"
2057220445,200000,205722044500000001-0000     7A,"c(-73.9168597790226, 40.878087619241)"
4077420003,360000,4077420003000002-121000   55B2,"c(-73.7533622250934, 40.7408888582161)"
1011400046,350000,101140004600000001-0000    51A,"c(-73.9816647711354, 40.7758772896422)"
4049940051,310000,404994005100000001-0000     6S,"c(-73.8242292551514, 40.7662319106841)"
2024610094,300000,202461009400000001-0000     8X,"c(-73.9201361445309, 40.8301511750641)"
3000680107,280000,300068010700000001-0000    408,"c(-73.9841272477317, 40.7001917776549)"
1014070033,1550000,101407003300000001-0000    19A,"c(-73.9606485835163, 40.7702444606928)"
5035460001,215000,503546000100000003-0000    90F,"c(-74.0976108556768, 40.5846894180691)"
1015220020,470000,101522002000000001-0000     3F,"c(-73.9518786434269, 40.7839400367331)"
1014460023,650000,101446002300000001-0000   A302,"c(-73.9567296656672, 40.7676355726799)"
2059530230,320000,205953023000000002-0000    18G,"c(-73.9054961445133, 40.9082120047334)"
1006260012,925000,100626001200000001-0000     3M,"c(-74.0058821651382, 40.7384444969545)"
4001770001,325000,400177000100000012-0000     1B,"c(-73.92195714688, 40.7386545460736)"
4074740050,378000,407474005000000001-0000    11E,"c(-73.7592219927824, 40.7608192791283)"
4001410015,390000,400141001500000001-0000    C15,"c(-73.9181942855271, 40.7440802595188)"
4043120010,325000,404312001000000004-0000     1C,"c(-73.8288909797384, 40.7731266239402)"
4039070975,275000,403907097500000001-2000     4G,"c(-73.8516308223066, 40.6991314383951)"
4012380006,355000,401238000600000001-0000     3G,"c(-73.9118126841336, 40.7466022177993)"
4098370044,125000,409837004400000001-0000     4N,"c(-73.7981202468302, 40.7103231249672)"
4083580001,405000,40835800010000002-63000    733,"c(-73.7264747810909, 40.7586543831382)"
3072740001,425000,307274000100000002-0000     6L,"c(-73.9710655952564, 40.5789176473329)"
3002420012,1325000,300242001200000001-0000    604,"c(-73.9953048975824, 40.6952948012821)"
3052680033,430000,305268003300000001-0000     2J,"c(-73.974348806125, 40.6545590498149)"
3052680033,650000,305268003300000001-0000     2Z,"c(-73.974348806125, 40.6545590498149)"
4162300039,275000,416230003900000001-0000     G1,"c(-73.8397857649883, 40.5767508904692)"
1013380012,280000,101338001200000001-0000     6E,"c(-73.9695215962409, 40.7514558101035)"
1014410017,790000,101441001700000001-0000    12K,"c(-73.9593111691277, 40.7644628614755)"
4084890001,575000,408489000100000001-0000    28L,"c(-73.7142119283782, 40.7567797984328)"
5000010216,425000,500001021600000001-0000    A3F,"c(-74.0739643253496, 40.6381177858733)"
4079290002,335000,40792900020000001-97000    911,"c(-73.7422140338675, 40.732514357082)"
3076810010,198000,307681001000000005-0000     1O,"c(-73.9470550448177, 40.6149381028574)"
3053760068,275000,305376006800000001-0000     5H,"c(-73.9717096623269, 40.6398446708587)"
4114210013,255000,411421001300000024-0000     51,"c(-73.8443055903564, 40.6681968050392)"
3009820062,675000,300982006200000001-0000     3D,"c(-73.9827137718477, 40.6718998988812)"
1014520037,995000,101452003700000001-0000     1F,"c(-73.9543025554757, 40.7718759317983)"
4058780003,280000,405878000300000003-0000     2F,"c(-73.7819471174009, 40.780451839894)"
4084890001,575000,408489000100000003-0000     9D,"c(-73.7142119283782, 40.7567797984328)"
1013040029,375000,101304002900000001-0000     8B,"c(-73.9717738688169, 40.7556786406004)"
1014380001,280000,101438000100000001-0000     7D,"c(-73.9620581137389, 40.7631698428634)"
4015470016,345000,401547001600000001-0000     5P,"c(-73.8779522408345, 40.738885384961)"
1014830038,375000,101483003800000001-0000     3E,"c(-73.9528275583435, 40.7659770206187)"
4014340029,280000,401434002900000001-0000     2E,"c(-73.880900823988, 40.7544526319102)"
2033980044,160000,203398004400000001-0000     5N,"c(-73.8623833868758, 40.9008405059889)"
3002380026,2650000,300238002600000001-0000     2A,"c(-73.9922196495421, 40.6963139356888)"
4014340029,320000,401434002900000001-0000     4D,"c(-73.880900823988, 40.7544526319102)"
4079140002,315000,4079140002000002-205000   3109,"c(-73.7438653541695, 40.7326859961419)"
3051970040,525000,305197004000000001-0000    16E,"c(-73.9665880482886, 40.6345843058728)"
4084890001,500000,408489000100000002-0000    21E,"c(-73.7142119283782, 40.7567797984328)"
4105380070,245000,410538007000000002-0000    A34,"c(-73.7622877856304, 40.7215069467837)"
4105380010,230000,410538001000000001-0000    B64,"c(-73.763529181017, 40.7231585548236)"
4084890001,750000,408489000100000001-0000    24D,"c(-73.7142119283782, 40.7567797984328)"
4097110032,270000,409711003200000001-0000     1J,"c(-73.8163081305868, 40.7092574255909)"
2033680010,175000,203368001000000001-0000     6E,"c(-73.8736954522283, 40.898719125622)"
4084890001,325000,408489000100000003-0000    20T,"c(-73.7142119283782, 40.7567797984328)"
3072740015,495000,307274001500000003-1000    18D,"c(-73.9698590156726, 40.5788513122297)"
2031730013,240000,203173001300000001-0000     6B,"c(-73.8999795040673, 40.8608465026821)"
1013510017,265000,101351001700000001-0000     3K,"c(-73.9631455883935, 40.7595343394548)"
1009300001,825000,100930000100000001-0000    14B,"c(-73.9797767650769, 40.7386766163969)"
1002630008,815000,100263000800000002-0000  B1201,"c(-73.9789832236522, 40.7129513545995)"
1013340022,240000,101334002200000001-0000   1207,"c(-73.970510856595, 40.7486411257224)"
3069330055,350000,306933005500000002-0000     1C,"c(-73.9916166814721, 40.5893031258185)"
3024470010,410000,302447001000000001-0000     26,"c(-73.9579024543951, 40.7098189343084)"
1013460049,650000,101346004900000001-0000    21A,"c(-73.9663987552624, 40.7569557908689)"
3000860011,815000,300086001100000001-0000     7G,"c(-73.9878532443117, 40.6978012627673)"
4031700001,490000,403170000100000001-0000    617,"c(-73.8536360248987, 40.7259147929921)"
4084890001,375000,408489000100000002-0000     5H,"c(-73.7142119283782, 40.7567797984328)"
1009130028,550000,100913002800000001-0000     3J,"c(-73.9769676548699, 40.7438510105146)"
1013340041,340000,101334004100000001-0000    403,"c(-73.9714800907511, 40.7492114132245)"
1009070056,850000,100907005600000001-0000     8K,"c(-73.9809426313723, 40.7408997795043)"
1008670057,550000,100867005700000001-0000    11A,"c(-73.9815207792645, 40.7502127306809)"
4014390001,225000,401439000100000001-0000     3G,"c(-73.8763676882794, 40.7555627768896)"
3073690027,240000,307369002700000006-0000     6D,"c(-73.9354389667063, 40.5996255238159)"
3054951018,240000,305495101800000001-0000    12D,"c(-73.9704992588398, 40.6200987232079)"
1009160055,340000,100916005500000001-0000     4C,"c(-73.976652611438, 40.7465404910119)"
1009040050,510000,100904005000000001-0000    807,"c(-73.9825127349164, 40.7391502583434)"
3023980015,430000,302398001500000001-0000     22,"c(-73.9535378671326, 40.7111092308563)"
1009090001,450000,100909000100000001-0000    12H,"c(-73.9802762865412, 40.7420132635997)"
4084890001,450000,408489000100000002-0000    21R,"c(-73.7142119283782, 40.7567797984328)"
3060780031,350000,306078003100000002-0000   6C40,"c(-74.0395357339845, 40.6229387798066)"
3010630026,460000,301063002600000001-0000     3E,"c(-73.9735276565273, 40.6742694107397)"
1012330033,750000,101233003300000001-0000     4G,"c(-73.9757369743008, 40.7876834330343)"
4019070001,320000,401907000100000001-0000     2H,"c(-73.8620216182307, 40.7383244663079)"
4084890001,775000,408489000100000002-0000    32W,"c(-73.7142119283782, 40.7567797984328)"
4051370011,450000,405137001100000001-0000    15F,"c(-73.8249662673272, 40.7534095159253)"
4084890001,380000,408489000100000001-0000     8A,"c(-73.7142119283782, 40.7567797984328)"
4021560014,325000,402156001400000001-0000    A52,"c(-73.847755139867, 40.7277423840581)"
4001280007,380000,400128000700000008-0000     2B,"c(-73.9125552266127, 40.7475645954707)"
4021620122,295000,402162012200000001-0000   A107,"c(-73.8474596424591, 40.7377499747607)"
1013940007,530000,101394000700000001-0000     5A,"c(-73.9686455940789, 40.7628128382322)"
1013330023,225000,101333002300000001-0000    207,"c(-73.9708763719043, 40.7479861107679)"
1013340041,293000,101334004100000001-0000    305,"c(-73.9714800907511, 40.7492114132245)"
2059530240,315000,205953024000000003-0000    10R,"c(-73.9054208880704, 40.9092522950817)"
1012040016,1200000,101204001600000001-0000    11C,"c(-73.9686941826875, 40.7886193413378)"
1014080040,995000,101408004000000001-0000    15D,"c(-73.9600967476058, 40.7710051500532)"
3019440004,1100000,301944000400000012-0000    11C,"c(-73.967106055987, 40.6873085495432)"
3009570062,750000,300957006200000001-0000     4A,"c(-73.9774577850105, 40.6746742303075)"
2032260053,165000,203226005300000004-0000     2H,"c(-73.9077536434926, 40.864591539613)"
1005720017,1900000,100572001700000002-0000     15,"c(-73.9981373076781, 40.7335504696866)"
3058380006,470000,305838000600000001-0000     3A,"c(-74.0297838386354, 40.6397895868246)"
4001280007,365000,400128000700000001-0000     3G,"c(-73.9125552266127, 40.7475645954707)"
1013670001,900000,101367000100000001-0000    29C,"c(-73.9631217477455, 40.7570988822293)"
4050200001,530000,405020000100000001-0000    133,"c(-73.8258966666298, 40.7609881325462)"
4083580001,390000,4083580001000002-101000    598,"c(-73.7264747810909, 40.7586543831382)"
4032930050,410000,403293005000000001-0000     2N,"c(-73.8385704945388, 40.717766811261)"
4043420010,330000,404342001000000007-0000     3G,"c(-73.830308683609, 40.7716370413919)"
3007390034,595000,300739003400000001-0000     4A,"c(-74.0051206927974, 40.6471598371679)"
4033220156,340000,403322015600000001-0000     1L,"c(-73.8335858049475, 40.7051928669584)"
4105350010,190000,410535001000000002-0000    A27,"c(-73.7619942165636, 40.7226565765626)"
2052590016,185000,205259001600000001-0000    10A,"c(-73.8361178286264, 40.8804201960037)"
4020860050,285000,402086005000000004-0000     4M,"c(-73.8598809796084, 40.7322696134384)"
3058920035,310000,305892003500000001-0000     2C,"c(-74.0223341191881, 40.6326545332261)"
1021080035,445000,102108003500000002-0000     22,"c(-73.9402259579565, 40.832667191213)"
3073970085,260000,307397008500000001-0000     3B,"c(-73.9579067027006, 40.5941293948077)"
1005550028,970000,100555002800000001-0000    17D,"c(-73.9895949646087, 40.7305811507183)"
4014390001,300000,401439000100000003-0000     2H,"c(-73.8763676882794, 40.7555627768896)"
1015290039,425000,101529003900000004-0000     2D,"c(-73.9542814933498, 40.7769745182727)"
3072740001,330000,307274000100000001-0000    22D,"c(-73.9710655952564, 40.5789176473329)"
3010650037,820000,301065003700000001-0000     9E,"c(-73.9736600052859, 40.673155128746)"
2024610094,404586,202461009400000001-0000    15V,"c(-73.9201361445309, 40.8301511750641)"
3073690027,230000,307369002700000005-0000     3D,"c(-73.9354389667063, 40.5996255238159)"
3058920035,310000,305892003500000001-0000     5B,"c(-74.0223341191881, 40.6326545332261)"
4031700001,310000,403170000100000001-0000    219,"c(-73.8536360248987, 40.7259147929921)"
1015660001,750000,101566000100000001-0000     5A,"c(-73.9487759521699, 40.7769315526863)"
1008910083,355000,100891008300000001-0000     3D,"c(-73.9799139661263, 40.7479145434458)"
1012330033,2650000,101233003300000001-0000    4JK,"c(-73.9757369743008, 40.7876834330343)"
4020860050,400000,402086005000000005-0000    14H,"c(-73.8598809796084, 40.7322696134384)"
3067760065,150000,306776006500000001-0000     1J,"c(-73.9600486565762, 40.609607581338)"
1013300004,1600000,101330000400000001-0000    07L,"c(-73.9674092840309, 40.7597180878506)"
4076320002,420000,407632000200000003-5000 DUPLEX,"c(-73.7556537025174, 40.7435606899748)"
4162300039,275000,416230003900000001-0000     A4,"c(-73.8397857649883, 40.5767508904692)"
4014180001,235000,401418000100000008-0000    410,"c(-73.8795217563289, 40.7572751444081)"
4022510002,300000,402251000200000002-0000     6R,"c(-73.8356715162852, 40.7199383396163)"
1019780001,495000,101978000100000005-0000    04H,"c(-73.9586962723194, 40.8125152615125)"
4098350003,235000,409835000300000001-0000     3T,"c(-73.7874941898549, 40.7123125033642)"
1019780001,645000,101978000100000006-0000    11C,"c(-73.9586962723194, 40.8125152615125)"
2032260053,182000,203226005300000006-0000    12E,"c(-73.9077536434926, 40.864591539613)"
2059530550,250000,205953055000000003-0000     5G,"c(-73.9061150363699, 40.9052352678195)"
3072740015,480000,307274001500000004-0000    20G,"c(-73.9698590156726, 40.5788513122297)"
1021790010,1400000,102179001000000006-0000    049,"c(-73.9400594375885, 40.8534031928776)"
1013340041,335000,101334004100000001-0000    214,"c(-73.9714800907511, 40.7492114132245)"
1009160055,380000,100916005500000001-0000     8D,"c(-73.976652611438, 40.7465404910119)"
4050200001,320000,405020000100000001-0000    706,"c(-73.8258966666298, 40.7609881325462)"
1003110013,830000,100311001300000010-0000  K1302,"c(-73.9880777776326, 40.715404258894)"
1005850012,590000,100585001200000001-0000     1C,"c(-74.0062420975537, 40.7322233226764)"
1013350022,305000,101335002200000001-0000   1501,"c(-73.969992974262, 40.7493465828214)"
2042930010,250000,204293001000000001-0000     6F,"c(-73.8636224292957, 40.8531377714141)"
4114660001,270000,411466000100000003-2000   0046,"c(-73.8473749344947, 40.6647600151762)"
1019780001,495000,101978000100000003-0000    08H,"c(-73.9586962723194, 40.8125152615125)"
4084890001,245000,408489000100000003-0000     1P,"c(-73.7142119283782, 40.7567797984328)"
5000100019,285000,500010001900000001-0000     4L,"c(-74.0787823165954, 40.6448552735597)"
4031000018,285000,403100001800000001-0000     6A,"c(-73.8584950683388, 40.7258414941513)"
1001610001,825000,100161000100000002-0000     2C,"c(-73.9998747178612, 40.7136519832677)"
4014180001,320000,401418000100000005-0000    311,"c(-73.8795217563289, 40.7572751444081)"
1006080039,475000,100608003900000001-0000     7B,"c(-73.9979723151567, 40.7364771133765)"
1015420019,1300000,101542001900000001-0000    17O,"c(-73.9528787717078, 40.7728915760161)"
4021400021,330000,402140002100000001-0000    512,"c(-73.8472125476751, 40.7240715132854)"
4045740080,430000,404574008000000001-0000    11K,"c(-73.7966247995823, 40.7949600276669)"
3054951018,260000,305495101800000001-0000    11F,"c(-73.9704992588398, 40.6200987232079)"
2032260053,265000,203226005300000008-0000     2F,"c(-73.9077536434926, 40.864591539613)"
4033220156,340000,403322015600000001-0000     6K,"c(-73.8335858049475, 40.7051928669584)"
4064940003,370000,4064940003000004-286000      B,"c(-73.8291927436338, 40.729559793319)"
3019440004,775000,301944000400000011-0000    15G,"c(-73.967106055987, 40.6873085495432)"
4079290002,262000,40792900020000001-92000    906,"c(-73.7422140338675, 40.732514357082)"
1008730019,900000,100873001900000001-0000    02U,"c(-73.9866710658313, 40.7360759547587)"
3077770026,215000,307777002600000002-0000     4J,"c(-73.9265529430663, 40.6298079913714)"
3059060018,190000,305906001800000006-0000    211,"c(-74.0307002586211, 40.634034060741)"
1013340041,310000,101334004100000001-0000   2617,"c(-73.9714800907511, 40.7492114132245)"
1003210001,600000,100321000100000010-0000  M0102,"c(-73.9783767808142, 40.7143242282315)"
2032260053,270000,203226005300000004-0000     4C,"c(-73.9077536434926, 40.864591539613)"
3068010001,475000,306801000100000001-0000     3B,"c(-73.9549568653958, 40.6080193567699)"
2057990032,375000,205799003200000001-0000     5N,"c(-73.9099705181684, 40.8876114400619)"
4017270008,185000,401727000800000003-0000     5F,"c(-73.8562352648648, 40.7576018057688)"
2059530038,300000,205953003800000001-0000     7S,"c(-73.9058351988851, 40.906974041001)"
2024610094,140000,202461009400000001-0000   10RR,"c(-73.9201361445309, 40.8301511750641)"
4045880052,370000,404588005200000016-0000     7A,"c(-73.7990264261375, 40.7933536741827)"
4114340025,225000,411434002500000001-0000     5F,"c(-73.8457902030931, 40.6673642578742)"
4096660001,390000,409666000100000001-0000    626,"c(-73.8193752187021, 40.7133189055257)"
1003210001,835000,100321000100000011-0000  L1702,"c(-73.9783767808142, 40.7143242282315)"
5029860012,265000,502986001200000010-0000     D2,"c(-74.0740941930492, 40.6081497779575)"
1013280021,700000,101328002100000001-0000    27R,"c(-73.9667925521844, 40.7578499401902)"
1009300001,525000,100930000100000001-0000    12R,"c(-73.9797767650769, 40.7386766163969)"
2032260053,273000,203226005300000008-0000     1C,"c(-73.9077536434926, 40.864591539613)"
5000180099,355000,500018009900000001-0000    A4D,"c(-74.0799943092564, 40.641423993259)"
1019780001,640000,101978000100000002-0000    08D,"c(-73.9586962723194, 40.8125152615125)"
1022430399,330000,102243039900000001-0000     2F,"c(-73.9179008647923, 40.8712386053519)"
4077420003,367000,4077420003000002-135000   69B2,"c(-73.7533622250934, 40.7408888582161)"
3064950001,280000,306495000100000001-0000     6G,"c(-73.9698034422499, 40.6302063025895)"
4050010001,290000,405001000100000001-0000     6K,"c(-73.8139186749687, 40.7665993658014)"
4012750020,460000,401275002000000001-0000    206,"c(-73.8903174050526, 40.7499249424025)"
1002630008,600000,100263000800000001-0000  A0802,"c(-73.9789832236522, 40.7129513545995)"
1013710014,1800000,101371001400000001-0000     8K,"c(-73.9613878947064, 40.7555808528985)"
1011620029,2245000,101162002900000001-0000    38B,"c(-73.9827863563557, 40.7778001820537)"
2059530038,245000,205953003800000001-0000     1D,"c(-73.9058351988851, 40.906974041001)"
4067150002,230000,406715000200000001-0000    46D,"c(-73.8125568418903, 40.7171201503759)"
2057220445,225000,205722044500000001-0000     4U,"c(-73.9168597790226, 40.878087619241)"
4076680010,360000,407668001000000019-4000      B,"c(-73.7531686214112, 40.7446808327752)"
4031700001,490000,403170000100000001-0000    106,"c(-73.8536360248987, 40.7259147929921)"
4043120010,245000,404312001000000005-0000     6F,"c(-73.8288909797384, 40.7731266239402)"
1014280017,380000,101428001700000001-0000     2I,"c(-73.9583560180008, 40.7699418815408)"
4064940003,260000,40649400030000004-48000      B,"c(-73.8291927436338, 40.729559793319)"
3084010020,290000,308401002000000149-0000   149F,"c(-73.9176181386764, 40.6148115042768)"
1013350022,275000,101335002200000001-0000   1114,"c(-73.969992974262, 40.7493465828214)"
1012430028,745000,101243002800000001-0000     5J,"c(-73.9713271143836, 40.7938293663766)"
2059010001,345000,205901000100000001-0000    19G,"c(-73.9145372157692, 40.8854677126167)"
4014210001,190000,401421000100000005-0000    407,"c(-73.87675473101, 40.7577059487531)"
4114460050,300000,411446005000000001-0000     5K,"c(-73.8481035223917, 40.665940844198)"
2033680010,175000,203368001000000001-0000     6L,"c(-73.8736954522283, 40.898719125622)"
1022430306,450000,102243030600000001-0000     3D,"c(-73.9157550091418, 40.8713162460238)"
1015560023,550000,101556002300000001-0000    27E,"c(-73.9462546867286, 40.7817804681218)"
1015640047,615000,101564004700000001-0000     4A,"c(-73.9497294457921, 40.7758190306068)"
4076320002,420000,407632000200000002-5000 DUPLEX,"c(-73.7556537025174, 40.7435606899748)"
2057220445,215000,205722044500000001-0000    16K,"c(-73.9168597790226, 40.878087619241)"
4162280041,200000,416228004100000001-0000     6A,"c(-73.8381676889435, 40.5772855513039)"
1009090015,450000,100909001500000001-0000     6M,"c(-73.9793520357236, 40.7415785333699)"
3011790047,2100000,301179004700000001-0000     6C,"c(-73.9641909166108, 40.6725658748178)"
4087430102,395000,40874301020000001-88000   252B,"c(-73.7019819646011, 40.7438725447607)"
2032950033,220000,203295003300000001-0000     4F,"c(-73.889402286594, 40.8684145462881)"
4084890001,215000,408489000100000002-0000     8U,"c(-73.7142119283782, 40.7567797984328)"
4017270008,125000,401727000800000006-0000     5E,"c(-73.8562352648648, 40.7576018057688)"
1021790010,660000,102179001000000003-0000    077,"c(-73.9400594375885, 40.8534031928776)"
5029860012,265000,502986001200000010-0000     1C,"c(-74.0740941930492, 40.6081497779575)"
1013340022,265000,101334002200000001-0000   1007,"c(-73.970510856595, 40.7486411257224)"
2057220445,205000,205722044500000001-0000     8U,"c(-73.9168597790226, 40.878087619241)"
2059530240,315000,205953024000000003-0000    18K,"c(-73.9054208880704, 40.9092522950817)"
1010490001,800000,101049000100000001-0000   12XS,"c(-73.9841248570306, 40.7689490314921)"
4005570003,505000,400557000300000006-0000    11A,"c(-73.9317116636673, 40.7626039028715)"
1013350022,310000,101335002200000001-0000    502,"c(-73.969992974262, 40.7493465828214)"
4050160007,350000,405016000700000005-0000    C44,"c(-73.8179013540483, 40.7643546648156)"
1011960029,520000,101196002900000001-0000  1507A,"c(-73.9714122541113, 40.7830961901671)"
1002630008,605000,100263000800000002-0000  B0306,"c(-73.9789832236522, 40.7129513545995)"
3000860011,320000,300086001100000004-0000     4E,"c(-73.9878532443117, 40.6978012627673)"
4001840001,380000,400184000100000001-0000     3F,"c(-73.9226320343279, 40.7457797311874)"
1014710045,725000,101471004500000001-0000    12C,"c(-73.9532819427392, 40.7706397475433)"
1022430306,450000,102243030600000001-0000     5B,"c(-73.9157550091418, 40.8713162460238)"
3053760068,275000,305376006800000001-0000     5B,"c(-73.9717096623269, 40.6398446708587)"
1002630008,815000,100263000800000004-0000  F1004,"c(-73.9789832236522, 40.7129513545995)"
4005570003,370000,400557000300000007-0000     5A,"c(-73.9317116636673, 40.7626039028715)"
3088210001,175000,308821000100000002-0000     5F,"c(-73.9333365905762, 40.5992618508567)"
1013410044,350000,101341004400000001-0000    09A,"c(-73.968368647024, 40.7537443588352)"
1015190046,475000,101519004600000001-0000     4N,"c(-73.9528224182584, 40.7822475634987)"
3019440004,760000,301944000400000012-0000     3H,"c(-73.967106055987, 40.6873085495432)"
3052470001,290000,305247000100000001-0000     3E,"c(-73.9515949165527, 40.6338151786988)"
4077320002,210000,407732000200000011-1000   112L,"c(-73.760419107419, 40.7391261677651)"
4084010675,300000,40840106750000002-68000    90B,"c(-73.7234374600889, 40.7512949406207)"
1009130028,550000,100913002800000001-0000     3D,"c(-73.9769676548699, 40.7438510105146)"
4050070022,290000,405007002200000001-0000     1L,"c(-73.8156681071096, 40.7661003153751)"
1014530043,750000,101453004300000001-0000    10B,"c(-73.9545674321217, 40.7728178717008)"
1014410017,790000,101441001700000001-0000    06H,"c(-73.9593111691277, 40.7644628614755)"
4021510101,230000,402151010100000006-0000     6A,"c(-73.8502617581199, 40.7308778174249)"
3020610060,660000,302061006000000003-0000    16N,"c(-73.9801493406542, 40.6924486506999)"
1018870016,480000,101887001600000001-0000     4F,"c(-73.9733301896094, 40.7956121282206)"
4053100001,208000,405310000100000001-8000    131,"c(-73.7925561514965, 40.7618716065937)"
1013650020,675000,101365002000000001-0000   10FN,"c(-73.9628523541684, 40.7553462616477)"
3066190001,300000,306619000100000001-0000     B1,"c(-73.9857443756585, 40.607140152278)"
5000180099,365000,500018009900000001-0000    B3E,"c(-74.0799943092564, 40.641423993259)"
1010460042,555000,101046004200000001-0000     3C,"c(-73.984382743128, 40.7662281718777)"
4005570003,490000,400557000300000014-0000     8A,"c(-73.9317116636673, 40.7626039028715)"
1013460014,640000,101346001400000001-0000     8J,"c(-73.9656073721825, 40.7563556486254)"
1013340041,335000,101334004100000001-0000   1117,"c(-73.9714800907511, 40.7492114132245)"
3025690035,775000,302569003500000001-0000     1K,"c(-73.9547835503202, 40.7284216378936)"
3087210360,400000,308721036000000001-0000     2A,"c(-73.9561833950735, 40.5766486069085)"
4058780003,285000,405878000300000003-0000     4A,"c(-73.7819471174009, 40.780451839894)"
4002090042,325000,400209004200000001-0000   002F,"c(-73.9258099590824, 40.7374732640071)"
4011110001,330000,401111000100000009-0000    E2A,"c(-73.9059545133664, 40.7582907935241)"
3074221042,265000,307422104200000002-0000     1H,"c(-73.9411029404766, 40.5925135721766)"
4043120010,360000,404312001000000001-0000     5B,"c(-73.8288909797384, 40.7731266239402)"
4020860050,300000,402086005000000004-0000    12L,"c(-73.8598809796084, 40.7322696134384)"
4058780003,280000,405878000300000002-0000     4C,"c(-73.7819471174009, 40.780451839894)"
2033430076,225000,203343007600000001-0000     3A,"c(-73.8765798459573, 40.8758498315655)"
2059530230,260000,205953023000000002-0000     1L,"c(-73.9054961445133, 40.9082120047334)"
4074740050,378000,407474005000000001-0000     7B,"c(-73.7592219927824, 40.7608192791283)"
1014440023,1200000,101444002300000001-0000    16F,"c(-73.9575751129503, 40.7661865052324)"
4022880027,340000,402288002700000001-0000     5B,"c(-73.9208418925914, 40.7390973167565)"
2032260053,165000,203226005300000005-0000     1F,"c(-73.9077536434926, 40.864591539613)"
2032260053,266000,203226005300000007-0000     9B,"c(-73.9077536434926, 40.864591539613)"
1014330034,400000,101433003400000001-0000     6B,"c(-73.9561782828759, 40.7734985091153)"
4077390003,325000,40773900030000001-52000  386A2,"c(-73.7560069493339, 40.7404422666459)"
1014460023,950000,101446002300000001-0000  C2805,"c(-73.9567296656672, 40.7676355726799)"
4051800001,450000,405180000100000001-0000    515,"c(-73.8248271609327, 40.75614934966)"
4015470016,345000,401547001600000001-0000     6G,"c(-73.8779522408345, 40.738885384961)"
2032950033,185000,203295003300000001-0000     3B,"c(-73.889402286594, 40.8684145462881)"
3054951018,260000,305495101800000001-0000     4F,"c(-73.9704992588398, 40.6200987232079)"
4001280007,355000,400128000700000003-0000     4G,"c(-73.9125552266127, 40.7475645954707)"
1013660016,725000,101366001600000001-0000     3O,"c(-73.9625957507815, 40.7560655697587)"
4077420003,324800,40774200030000002-64000    9A2,"c(-73.7533622250934, 40.7408888582161)"
3074750001,260000,307475000100000002-0000    R2N,"c(-73.9392557804184, 40.588492775307)"
4084890001,330000,408489000100000002-0000     2S,"c(-73.7142119283782, 40.7567797984328)"
4084890001,450000,408489000100000001-0000    32A,"c(-73.7142119283782, 40.7567797984328)"
2042910014,160000,204291001400000001-1000     2H,"c(-73.865315737909, 40.8533992847004)"
1013680025,650000,101368002500000001-0000     3G,"c(-73.9611929389599, 40.7572188102674)"
4033340163,275000,403334016300000001-0000     2F,"c(-73.8359062145055, 40.7146763126628)"
4077540003,330000,40775400030000003-20000  270A1,"c(-73.7527434776046, 40.7387611497005)"
1005890014,465000,100589001400000003-0000     06,"c(-74.0021690255389, 40.7312078580916)"
4058630110,399000,405863011000000059-0000    215,"c(-73.7817840579271, 40.7827255357471)"
2032950033,230000,203295003300000001-0000     2I,"c(-73.889402286594, 40.8684145462881)"
1003960020,430000,100396002000000003-0000      7,"c(-73.9767807005976, 40.7285914953078)"
3085150024,280000,308515002400000017-0000    17F,"c(-73.9220067181666, 40.6140795267726)"
3087210375,670000,308721037500000001-0000    16E,"c(-73.9559325823545, 40.5759725477451)"
4032540020,189000,403254002000000003-0000    R35,"c(-73.8445415361496, 40.7189769817065)"
3000680107,280000,300068010700000001-0000    705,"c(-73.9841272477317, 40.7001917776549)"
4098350003,200000,409835000300000001-0000     8D,"c(-73.7874941898549, 40.7123125033642)"
1005320020,800000,100532002000000001-0000   0523,"c(-73.9959366120402, 40.7271279257018)"
3000860011,535000,300086001100000001-0000    11F,"c(-73.9878532443117, 40.6978012627673)"
3019330070,1050000,301933007000000001-0000     5I,"c(-73.9628051980142, 40.689792671914)"
4084890001,450000,408489000100000003-0000    25S,"c(-73.7142119283782, 40.7567797984328)"
4097360108,230000,409736010800000002-0000     2H,"c(-73.8135189160705, 40.711615139073)"
4001840001,380000,400184000100000001-0000     1D,"c(-73.9226320343279, 40.7457797311874)"
3019050001,600000,301905000100000001-0000    503,"c(-73.96519635708, 40.6925684261311)"
1013300038,560000,101330003800000001-0000     2D,"c(-73.9667975189131, 40.7596297479267)"
4077390003,367000,40773900030000001-96000  428B2,"c(-73.7560069493339, 40.7404422666459)"
1005730043,475000,100573004300000001-0000    407,"c(-73.9963064633123, 40.7332486816949)"
4014180001,235000,401418000100000009-0000    607,"c(-73.8795217563289, 40.7572751444081)"
3052170018,810000,305217001800000001-0000     6F,"c(-73.9607833652299, 40.6357956503611)"
2057780879,195000,205778087900000001-0000     8R,"c(-73.9032891493582, 40.889080950438)"
1006150067,420000,100615006700000001-0000     4B,"c(-74.0030500048324, 40.7379726455535)"
1012040016,1200000,101204001600000001-0000    PHB,"c(-73.9686941826875, 40.7886193413378)"
1013630008,580000,101363000800000001-0000     2G,"c(-73.9647147657295, 40.7543300233388)"
1013350022,280000,101335002200000001-0000   1506,"c(-73.969992974262, 40.7493465828214)"
1013340041,265000,101334004100000001-0000    211,"c(-73.9714800907511, 40.7492114132245)"
2059530240,190000,205953024000000003-0000    20O,"c(-73.9054208880704, 40.9092522950817)"
4087640001,335000,408764000100000012-1000   105A,"c(-73.7006288021572, 40.7420292590832)"
4084890001,775000,408489000100000001-0000    PHE,"c(-73.7142119283782, 40.7567797984328)"
2032260053,266000,203226005300000008-0000     8G,"c(-73.9077536434926, 40.864591539613)"
3086800001,570000,308680000100000001-0000     2G,"c(-73.9671095231509, 40.5754784913281)"
4011990020,205000,401199002000000001-0000     2L,"c(-73.9018298717532, 40.7506450245519)"
1006160001,1250000,100616000100000001-0000     7B,"c(-74.0035714340675, 40.7382848713548)"
2057230084,160400,205723008400000001-0000     5E,"c(-73.9185814156022, 40.8784495830608)"
4067150002,280000,406715000200000001-0000    11B,"c(-73.8125568418903, 40.7171201503759)"
4065270052,235000,406527005200000001-0000     5B,"c(-73.8223170264917, 40.7348949227921)"
1015560023,650000,101556002300000001-0000    24J,"c(-73.9462546867286, 40.7817804681218)"
4045880052,370000,404588005200000016-0000     4D,"c(-73.7990264261375, 40.7933536741827)"
3074221042,265000,307422104200000002-0000     6N,"c(-73.9411029404766, 40.5925135721766)"
4084890001,275000,408489000100000003-0000     5Y,"c(-73.7142119283782, 40.7567797984328)"
1014520037,995000,101452003700000001-0000     5F,"c(-73.9543025554757, 40.7718759317983)"
3051560048,530000,305156004800000001-0000     5V,"c(-73.9656056289654, 40.6392729143911)"
2032260053,273000,203226005300000003-0000     7G,"c(-73.9077536434926, 40.864591539613)"
3067760065,170000,306776006500000001-0000     4J,"c(-73.9600486565762, 40.609607581338)"
1016020060,640000,101602006000000001-0000     6I,"c(-73.9544557037989, 40.7879965029324)"
4097580006,140000,409758000600000001-0000     3A,"c(-73.8010841658257, 40.7055261682922)"
4084890001,650000,408489000100000002-0000    24E,"c(-73.7142119283782, 40.7567797984328)"
5000180099,355000,500018009900000001-0000    B3D,"c(-74.0799943092564, 40.641423993259)"
4092040009,225000,409204000900000001-0000   00F1,"c(-73.8399145259804, 40.6978600756308)"
1011240042,440000,101124004200000001-0000     6J,"c(-73.9771476182032, 40.7764101415495)"
1021790170,862500,102179017000000001-0000    G64,"c(-73.939046294224, 40.8531410348812)"
4098600040,145000,409860004000000001-0000    319,"c(-73.7956956582022, 40.7148251162707)"
1021790373,525000,102179037300000001-0000    14S,"c(-73.9363579346559, 40.8568991813146)"
3073970001,340000,307397000100000001-0000     2V,"c(-73.9581217297318, 40.5938105251869)"
1006360013,420000,100636001300000001-0000     5C,"c(-74.0096206595809, 40.7331376537241)"
4084890001,360000,408489000100000003-0000    28T,"c(-73.7142119283782, 40.7567797984328)"
4019110001,285000,401911000100000001-0000    C25,"c(-73.8665538889279, 40.7352867687416)"
2042910014,160000,204291001400000001-2000     6F,"c(-73.865315737909, 40.8533992847004)"
1003110013,750000,100311001300000008-0000  H1907,"c(-73.9880777776326, 40.715404258894)"
3072740001,425000,307274000100000002-0000    19E,"c(-73.9710655952564, 40.5789176473329)"
3088060150,275000,308806015000000004-0000     4E,"c(-73.9331163373724, 40.5875877246436)"
1014450007,400000,101445000700000001-0000     2C,"c(-73.9582734997554, 40.7672991289386)"
3061150042,310000,306115004200000001-0000     B8,"c(-74.0369814926134, 40.6172359827519)"
4020860050,530000,402086005000000002-0000     3E,"c(-73.8598809796084, 40.7322696134384)"
2032260053,266000,203226005300000001-0000    11F,"c(-73.9077536434926, 40.864591539613)"
4097130113,285000,409713011300000001-0000     4F,"c(-73.8165538601137, 40.7106470830009)"
3019440004,675000,301944000400000011-0000     7B,"c(-73.967106055987, 40.6873085495432)"
1013330023,325000,101333002300000001-0000   1034,"c(-73.9708763719043, 40.7479861107679)"
1006240001,900000,100624000100000001-0000     6R,"c(-74.0062274407745, 40.7367117955329)"
1005730043,450000,100573004300000001-0000    512,"c(-73.9963064633123, 40.7332486816949)"
1010360014,530000,101036001400000001-0000    600,"c(-73.9896307729351, 40.7599315186929)"
3078690011,230000,307869001100000001-0000     2E,"c(-73.9323397723353, 40.6193191964108)"
4059380007,330000,405938000700000001-0000     7L,"c(-73.7764899004302, 40.7853765548844)"
4011110001,300000,401111000100000004-0000    B5P,"c(-73.9059545133664, 40.7582907935241)"
4098370044,125000,409837004400000001-0000     3N,"c(-73.7981202468302, 40.7103231249672)"
1014380001,275000,101438000100000001-0000     2D,"c(-73.9620581137389, 40.7631698428634)"
4084890001,250000,408489000100000001-0000    20P,"c(-73.7142119283782, 40.7567797984328)"
4079120050,165000,407912005000000003-0000     6A,"c(-73.7445255835206, 40.735656032127)"
4014380001,235000,401438000100000004-0000     5R,"c(-73.8772959294701, 40.7554665866829)"
1008170029,700000,100817002900000001-0000   10VN,"c(-73.9938596858644, 40.7374329047939)"
4050010001,290000,405001000100000001-0000     3L,"c(-73.8139186749687, 40.7665993658014)"
1007900001,1050000,100790000100000001-0000    18J,"c(-73.9990770486697, 40.7387520362848)"
4078440002,260000,407844000200000021-1000      A,"c(-73.7439990984253, 40.7372618720672)"
1011650004,1450000,101165000400000001-0000     6D,"c(-73.9833539447278, 40.7807836614215)"
1008170029,910000,100817002900000001-0000    7AS,"c(-73.9938596858644, 40.7374329047939)"
4001280007,355000,400128000700000004-0000     5C,"c(-73.9125552266127, 40.7475645954707)"
1013470009,320000,101347000900000001-0000     5H,"c(-73.9656539047811, 40.7571869769557)"
1013990033,925000,101399003300000001-0000     4B,"c(-73.9643876379293, 40.7651248140243)"
3086800001,285000,308680000100000001-0000     5M,"c(-73.9671095231509, 40.5754784913281)"
4097360108,230000,409736010800000002-0000     6H,"c(-73.8135189160705, 40.711615139073)"
4064940003,260000,40649400030000004-61000      A,"c(-73.8291927436338, 40.729559793319)"
1013350022,310000,101335002200000001-0000   1217,"c(-73.969992974262, 40.7493465828214)"
1008420007,995000,100842000700000001-0000    21A,"c(-73.9925097137662, 40.735852530367)"
1010670028,690000,101067002800000001-0000     3B,"c(-73.9859882550218, 40.7683363388224)"
3009870011,999000,300987001100000001-0000     2G,"c(-73.9863658323039, 40.6723085679515)"
4059380007,475000,405938000700000001-0000     2H,"c(-73.7764899004302, 40.7853765548844)"
1014660037,1650000,101466003700000001-0000     7B,"c(-73.9553445154595, 40.7672166447406)"
