block,predicted,actual,n,median_sales_ratio,r,spearmans,cod,prd,prb,clapp,gini,ci,ki,mki,gini_p_value,ci_p_value,ki_p_value,mki_p_value,accuracy,uniformity,vertical_equity
All,prediction,GROSSCON,9941,1.0101,0.9465864796226009,0.9209222994924342,12.628107586914236,1.0500836866029115,-0.04147898396495321,1.0676499890826299,0.43960525921417787,0.4072367626157508,-0.032368496598424966,0.9263691779841707,0,0,0,0,TRUE,TRUE,TRUE
28,prediction,GROSSCON,4,,,,,,,,,,,,,,,,,,
64,prediction,GROSSCON,7,1.0084,0.9168378187727974,0.9298469387755098,10.473518113355137,1.050615449460723,-0.037040281209335245,1.0985745904813873,0.44972304346348563,0.4023792040105738,-0.047343839452911964,0.8947266764711471,9.929e-4,0.0020436,0.4517972,0.0020436,TRUE,TRUE,TRUE
65,prediction,GROSSCON,7,0.8762,0.41990900784017443,0.25,40.34475706673519,1.2045869377683547,-0.9855129755912061,2.4035198745464936,0.28488098598174794,0.053295125316631504,-0.23158586066511647,0.18707856241429194,0.0113018,0.2547391,0.0084394,0.2547391,FALSE,FALSE,FALSE
100,prediction,GROSSCON,2,,,,,,,,,,,,,,,,,,
107,prediction,GROSSCON,1,,,,,,,,,,,,,,,,,,
117,prediction,GROSSCON,17,0.9745,0.9400699863294025,0.872945840430503,4.813759315670033,1.003806457015266,-0.03943810957632474,1.0795419656388543,0.13392766228290115,0.12575653486818306,-0.008171127414718118,0.9389885011398326,0,1e-7,0.3484401,1e-7,TRUE,FALSE,TRUE
132,prediction,GROSSCON,1,,,,,,,,,,,,,,,,,,
134,prediction,GROSSCON,6,0.982,0.832851958234666,0.7844897959183674,9.96129671485402,1.0239147911870354,-0.3183244222217686,1.5799458840065645,0.1544032749029075,0.08742172337867153,-0.06698155152423596,0.5661908624259713,0.0044769,0.0172795,0.0576094,0.0172795,TRUE,TRUE,TRUE
136,prediction,GROSSCON,3,,,,,,,,,,,,,,,,,,
137,prediction,GROSSCON,1,,,,,,,,,,,,,,,,,,
140,prediction,GROSSCON,1,,,,,,,,,,,,,,,,,,
143,prediction,GROSSCON,4,,,,,,,,,,,,,,,,,,
144,prediction,GROSSCON,3,,,,,,,,,,,,,,,,,,
146,prediction,GROSSCON,1,,,,,,,,,,,,,,,,,,
147,prediction,GROSSCON,1,,,,,,,,,,,,,,,,,,
150,prediction,GROSSCON,1,,,,,,,,,,,,,,,,,,
161,prediction,GROSSCON,9,0.9612,0.9476263527891936,0.942296918767507,7.7976604267033345,1.0178611860289963,-0.4508368661727927,1.97975230589912,0.10445806967977916,0.052284590045136574,-0.05217347963464263,0.5005318421584594,8.05e-4,0.0094756,1.05e-5,0.0094756,TRUE,TRUE,TRUE
172,prediction,GROSSCON,1,,,,,,,,,,,,,,,,,,
175,prediction,GROSSCON,1,,,,,,,,,,,,,,,,,,
178,prediction,GROSSCON,3,,,,,,,,,,,,,,,,,,
179,prediction,GROSSCON,5,,,,,,,,,,,,,,,,,,
189,prediction,GROSSCON,4,,,,,,,,,,,,,,,,,,
193,prediction,GROSSCON,2,,,,,,,,,,,,,,,,,,
210,prediction,GROSSCON,2,,,,,,,,,,,,,,,,,,
214,prediction,GROSSCON,1,,,,,,,,,,,,,,,,,,
219,prediction,GROSSCON,3,,,,,,,,,,,,,,,,,,
220,prediction,GROSSCON,1,,,,,,,,,,,,,,,,,,
223,prediction,GROSSCON,1,,,,,,,,,,,,,,,,,,
225,prediction,GROSSCON,1,,,,,,,,,,,,,,,,,,
229,prediction,GROSSCON,2,,,,,,,,,,,,,,,,,,
230,prediction,GROSSCON,1,,,,,,,,,,,,,,,,,,
231,prediction,GROSSCON,1,,,,,,,,,,,,,,,,,,
232,prediction,GROSSCON,3,,,,,,,,,,,,,,,,,,
263,prediction,GROSSCON,24,1.0264,0.7742309981500611,0.6633759814452197,4.746647051833743,1.0077961212567283,-0.10611990797553263,1.1036265125330558,0.1068182089599771,0.08010164178323635,-0.026716567176740716,0.7498875197696779,0,5e-7,0.0041139,5e-7,TRUE,FALSE,TRUE
311,prediction,GROSSCON,36,0.9864,0.39361223138892043,0.4558161965043714,16.857732713084886,1.0615743990746223,-0.4066449287285028,1.3551359953795115,0.18378305860100944,0.09499572337246612,-0.08878733522854339,0.516890534391968,0,1e-7,1.116e-4,1e-7,TRUE,FALSE,FALSE
315,prediction,GROSSCON,30,0.954,0.7083768983722236,0.5244314369171266,14.385103438367985,1.033578793484565,-0.26603389395669486,1.2165878804168242,0.16333005755590183,0.10715417645069178,-0.05617588110520996,0.6560591360473684,0,3.4e-6,1.594e-4,3.4e-6,TRUE,TRUE,FALSE
321,prediction,GROSSCON,41,1.0729,0.19186519301247068,0.4690453075311377,10.498652455636641,1.0668492130269644,-0.37472735008394664,1.5808049243796092,0.17451703521211392,0.06304597705677624,-0.1114710581553376,0.361259730204264,1e-7,8e-7,5.06e-4,8e-7,TRUE,TRUE,FALSE
331,prediction,GROSSCON,44,1.0345,0.5280685840215656,0.7629060535392884,10.433603342800883,1.0373022974239727,-0.09918214580372144,1.0799444428036358,0.19498406190999096,0.13874893405289884,-0.056235127857092115,0.7115911561886964,0,0,0.0171266,0,TRUE,TRUE,FALSE
348,prediction,GROSSCON,1,,,,,,,,,,,,,,,,,,
350,prediction,GROSSCON,1,,,,,,,,,,,,,,,,,,
354,prediction,GROSSCON,1,,,,,,,,,,,,,,,,,,
355,prediction,GROSSCON,3,,,,,,,,,,,,,,,,,,
376,prediction,GROSSCON,1,,,,,,,,,,,,,,,,,,
377,prediction,GROSSCON,5,,,,,,,,,,,,,,,,,,
386,prediction,GROSSCON,7,1.0022,0.9260424891990554,0.9120129870129868,5.012305504366541,1.006746263083717,-0.009589445975913293,1.0666169652489068,0.24733054781801295,0.22777758918223467,-0.019552958635778286,0.9209440208325358,5.85e-5,0.0013042,0.5336355,0.0013042,TRUE,TRUE,TRUE
389,prediction,GROSSCON,11,0.9398,0.9251552868674044,0.8430578512396693,15.722697149465276,1.036978271118741,-0.13886857507365769,1.114815209410343,0.25747386978969905,0.2230839007224728,-0.03438996906722611,0.8664331681684228,1.009e-4,6.591e-4,0.1777793,6.591e-4,TRUE,FALSE,FALSE
390,prediction,GROSSCON,1,,,,,,,,,,,,,,,,,,
391,prediction,GROSSCON,1,,,,,,,,,,,,,,,,,,
392,prediction,GROSSCON,1,,,,,,,,,,,,,,,,,,
394,prediction,GROSSCON,3,,,,,,,,,,,,,,,,,,
396,prediction,GROSSCON,15,1.0051,0.005454280953975185,0.007706887626386731,6.4241451468697806,1.004564421240286,-0.5624984927567406,1.5523655188278374,0.04210328698895853,0.0026738867442565126,-0.03942940024470202,0.06350779085152392,0,0.7247189,2.917e-4,0.7247189,TRUE,TRUE,TRUE
400,prediction,GROSSCON,1,,,,,,,,,,,,,,,,,,
401,prediction,GROSSCON,1,,,,,,,,,,,,,,,,,,
402,prediction,GROSSCON,2,,,,,,,,,,,,,,,,,,
404,prediction,GROSSCON,10,0.99,0.9879342463213704,0.9759044995408628,5.772845812373243,1.0286210509272007,-0.05819529338223474,1.110771904144525,0.3200608828006089,0.28538863373785534,-0.034672249062753596,0.891669832441368,7.31e-5,4.96e-5,0.0389702,4.96e-5,TRUE,TRUE,TRUE
406,prediction,GROSSCON,2,,,,,,,,,,,,,,,,,,
414,prediction,GROSSCON,1,,,,,,,,,,,,,,,,,,
415,prediction,GROSSCON,1,,,,,,,,,,,,,,,,,,
419,prediction,GROSSCON,1,,,,,,,,,,,,,,,,,,
431,prediction,GROSSCON,14,1.0034,0.8151867579363085,0.6750033961458597,6.8445428967141595,1.0115867666623113,-0.19688176981692349,1.6137880275296417,0.10924369747899157,0.06868013880565227,-0.04056355867333926,0.6286874244517404,2.294e-4,0.0114925,0.0051897,0.0114925,TRUE,TRUE,TRUE
436,prediction,GROSSCON,3,,,,,,,,,,,,,,,,,,
442,prediction,GROSSCON,1,,,,,,,,,,,,,,,,,,
443,prediction,GROSSCON,5,,,,,,,,,,,,,,,,,,
444,prediction,GROSSCON,2,,,,,,,,,,,,,,,,,,
445,prediction,GROSSCON,2,,,,,,,,,,,,,,,,,,
447,prediction,GROSSCON,2,,,,,,,,,,,,,,,,,,
450,prediction,GROSSCON,1,,,,,,,,,,,,,,,,,,
451,prediction,GROSSCON,1,,,,,,,,,,,,,,,,,,
452,prediction,GROSSCON,6,0.9811,0.8782056847008889,1,10.371758418397551,1.0252016231546435,-0.24897197888628653,1.3631649187621306,0.17683671459523337,0.12345083896413883,-0.0533858756310946,0.6981063816227809,3.45e-4,0.0035,0.1024522,0.0035,TRUE,TRUE,TRUE
455,prediction,GROSSCON,2,,,,,,,,,,,,,,,,,,
461,prediction,GROSSCON,4,,,,,,,,,,,,,,,,,,
466,prediction,GROSSCON,5,,,,,,,,,,,,,,,,,,
467,prediction,GROSSCON,4,,,,,,,,,,,,,,,,,,
468,prediction,GROSSCON,2,,,,,,,,,,,,,,,,,,
473,prediction,GROSSCON,1,,,,,,,,,,,,,,,,,,
474,prediction,GROSSCON,2,,,,,,,,,,,,,,,,,,
475,prediction,GROSSCON,2,,,,,,,,,,,,,,,,,,
482,prediction,GROSSCON,4,,,,,,,,,,,,,,,,,,
483,prediction,GROSSCON,1,,,,,,,,,,,,,,,,,,
484,prediction,GROSSCON,1,,,,,,,,,,,,,,,,,,
485,prediction,GROSSCON,3,,,,,,,,,,,,,,,,,,
486,prediction,GROSSCON,1,,,,,,,,,,,,,,,,,,
487,prediction,GROSSCON,1,,,,,,,,,,,,,,,,,,
489,prediction,GROSSCON,4,,,,,,,,,,,,,,,,,,
496,prediction,GROSSCON,1,,,,,,,,,,,,,,,,,,
498,prediction,GROSSCON,1,,,,,,,,,,,,,,,,,,
499,prediction,GROSSCON,3,,,,,,,,,,,,,,,,,,
500,prediction,GROSSCON,3,,,,,,,,,,,,,,,,,,
502,prediction,GROSSCON,7,1.0082,0.8806651540693592,0.4525619834710745,10.932531700982004,1.05829964098874,-0.007232752064140061,1.0081628067078487,0.6602274284148512,0.6109534058501931,-0.049274022564658126,0.9253681073460388,0.0293131,0.0376357,0.7097457,0.0376357,TRUE,TRUE,TRUE
503,prediction,GROSSCON,3,,,,,,,,,,,,,,,,,,
504,prediction,GROSSCON,4,,,,,,,,,,,,,,,,,,
506,prediction,GROSSCON,15,0.9294,0.5431752877641542,0.513675568617429,20.999933840659736,1.064012688587638,-0.27298114831756637,1.2828414520994667,0.21488284026779578,0.1322288947217289,-0.0826539455460669,0.6153534389108957,3.5e-6,0.0012882,0.0494126,0.0012882,TRUE,FALSE,FALSE
510,prediction,GROSSCON,3,,,,,,,,,,,,,,,,,,
514,prediction,GROSSCON,1,,,,,,,,,,,,,,,,,,
515,prediction,GROSSCON,7,0.9676,0.9419448843410236,0.7346938775510199,10.673695660960124,1.0154762162552204,-0.04688868258790132,1.0003539707713294,0.26989535166707224,0.25395693296727445,-0.01593841869979778,0.9409459310753212,6.39e-4,0.0035944,0.6124378,0.0035944,TRUE,TRUE,TRUE
516,prediction,GROSSCON,6,0.9773,0.9878689875093116,0.8889795918367347,7.491278607380757,1.0122604922601985,-0.04529896570903615,1.0421192000078432,0.3118082134043956,0.31523032371040194,0.003422110306006327,1.010975048632115,0.0041135,0.0073609,0.8660514,0.0073609,TRUE,TRUE,TRUE
517,prediction,GROSSCON,13,0.9359,0.8531332712413747,0.5823037459777791,21.268555263135962,1.0989672406227358,-0.44097546771643215,1.4016964966307566,0.2509709951649315,0.15898486088832608,-0.09198613427660539,0.6334790232785482,6.9e-6,0.0013478,8.949e-4,0.0013478,TRUE,FALSE,FALSE
518,prediction,GROSSCON,3,,,,,,,,,,,,,,,,,,
519,prediction,GROSSCON,12,0.9861,0.8615936709317245,0.760655134339345,11.904984439781362,1.0627606179554756,-0.1372322058004109,1.3000916087747347,0.3194805194805194,0.24429768763866613,-0.07518283184185336,0.7646716239096463,0.0010118,0.0105542,0.0839313,0.0105542,TRUE,TRUE,FALSE
520,prediction,GROSSCON,6,0.997,0.817788924467909,0.5951020408163266,6.890847305998989,1.0094693898270908,-0.20841514148446752,1.384807253954299,0.11220990811783656,0.07523569883806956,-0.03697420927976694,0.6704906910632291,0.0016943,0.0553347,0.1010918,0.0553347,TRUE,TRUE,TRUE
521,prediction,GROSSCON,4,,,,,,,,,,,,,,,,,,
522,prediction,GROSSCON,3,,,,,,,,,,,,,,,,,,
523,prediction,GROSSCON,13,1.0176,0.9517657902870932,0.6215754997092046,9.789559768225812,1.039981696166893,-0.046962040937303544,1.1060435405471347,0.39715434664251703,0.3599180883732689,-0.037236258269248104,0.9062423498973694,0.0015932,0.0051045,0.2651137,0.0051045,TRUE,TRUE,TRUE
525,prediction,GROSSCON,2,,,,,,,,,,,,,,,,,,
526,prediction,GROSSCON,2,,,,,,,,,,,,,,,,,,
527,prediction,GROSSCON,1,,,,,,,,,,,,,,,,,,
528,prediction,GROSSCON,8,0.9968,0.9980116284999984,0.9529478458049888,5.255406339430529,1.0156762571707711,-0.02725560053811101,1.0465809882091583,0.4026235399820304,0.388577897684412,-0.014045642297618332,0.9651147016931867,0.0378541,0.039351,0.2264209,0.039351,TRUE,TRUE,TRUE
529,prediction,GROSSCON,4,,,,,,,,,,,,,,,,,,
530,prediction,GROSSCON,4,,,,,,,,,,,,,,,,,,
531,prediction,GROSSCON,4,,,,,,,,,,,,,,,,,,
532,prediction,GROSSCON,28,1.0382,0.9308262615876771,0.2625244202015513,14.61295422423891,1.0412993723886093,-0.13988005079362248,1.4416687898483413,0.22326664777188135,0.1382849551599144,-0.08498169261196688,0.6193713057456065,0.0014278,0.0399547,1e-7,0.0399547,TRUE,TRUE,FALSE
537,prediction,GROSSCON,7,0.9748,0.9980207127199485,0.9298469387755098,5.9147573794148824,1.0154476430335366,-0.01559456343448052,1.0490011937598624,0.5456229362970121,0.5304528265259805,-0.015170109771031542,0.9721967154203843,0.0449978,0.0526168,0.2825249,0.0526168,TRUE,TRUE,TRUE
539,prediction,GROSSCON,7,1.0137,0.9784330103748544,0.6173469387755098,4.684448981758751,1.0130510848761294,-0.1226236623112072,1.1970360969523082,0.16257523500371954,0.1304422023681776,-0.032133032635541875,0.8023497697247269,0.003078,0.0091193,0.0095894,0.0091193,TRUE,FALSE,TRUE
542,prediction,GROSSCON,7,0.936,0.6302705532607494,0.7795454545454543,12.707394715023462,1.025431204113845,-0.42993153200850437,1.8968763095126022,0.13831871765557482,0.06609561760692345,-0.07222310004865137,0.4778501328468585,4.854e-4,0.0165377,0.0196199,0.0165377,TRUE,TRUE,TRUE
543,prediction,GROSSCON,1,,,,,,,,,,,,,,,,,,
545,prediction,GROSSCON,5,,,,,,,,,,,,,,,,,,
548,prediction,GROSSCON,22,0.9641,0.9138244434643497,0.6018135529091877,16.257916037930375,1.0422639059340513,-0.07812754999612065,1.243096014141908,0.3145366583420801,0.2564137888805897,-0.05812286946149048,0.8152111433756065,4.37e-5,0.0012282,0.020832,0.0012282,TRUE,FALSE,FALSE
550,prediction,GROSSCON,5,,,,,,,,,,,,,,,,,,
551,prediction,GROSSCON,27,1.0454,0.7056591199763028,0.5463040013421694,16.8749555836925,1.057333259614934,-0.11638311964553534,1.1240612648765957,0.2678512736610848,0.1967506659263752,-0.07110060773470954,0.734551914714156,0,3e-7,0.0210894,3e-7,TRUE,FALSE,FALSE
552,prediction,GROSSCON,3,,,,,,,,,,,,,,,,,,
553,prediction,GROSSCON,1,,,,,,,,,,,,,,,,,,
555,prediction,GROSSCON,37,0.9934,0.7178973787086603,0.6357954126501224,16.963347421115166,1.0489728871282118,-0.11171266186879653,1.1309530100758836,0.21908057489158156,0.15685621295456706,-0.0622243619370145,0.7159749924528539,0,0,5.493e-4,0,TRUE,FALSE,FALSE
556,prediction,GROSSCON,13,0.9851,0.8062076373057885,0.7530280492987675,12.386893014286802,1.0432833924198723,-0.3421393946625954,1.641617955524003,0.18745499408956753,0.10270411709408475,-0.08475087699548271,0.5478868012714133,6e-7,4.7e-6,0.0017269,4.7e-6,TRUE,TRUE,FALSE
561,prediction,GROSSCON,40,0.9884,0.9510342641328636,0.8213050144345884,16.901752245087557,1.0557449155845053,-0.07326570554520545,1.112139270220368,0.3596786352503488,0.30785101775808743,-0.0518276174922615,0.8559057658340263,0,1.8e-6,0.0013805,1.8e-6,TRUE,FALSE,FALSE
562,prediction,GROSSCON,28,0.9672,0.9465989107980672,0.6352790390095583,16.691976563060585,1.0605778556144732,-0.12947525565503362,1.2618280998008737,0.3117403331980779,0.23660716419309874,-0.07513316900497906,0.7589879749142379,3.09e-5,8.098e-4,4.33e-5,8.098e-4,TRUE,FALSE,FALSE
563,prediction,GROSSCON,8,0.9884,0.9727619954028519,0.8622448979591839,14.96954950821312,1.0447601975653873,-0.06041077906996919,1.1511999413403071,0.4321887074778003,0.40038994548960277,-0.03179876198819762,0.9264238943822218,0.0030045,0.0101937,0.3302003,0.0101937,TRUE,TRUE,FALSE
564,prediction,GROSSCON,22,0.9891,0.9523409029974118,0.4474628770349762,11.082464218819588,1.0419155791531416,-0.07179029989768773,1.1457663037691193,0.33871627597202636,0.2893274412530629,-0.04938883471896359,0.8541881857397294,8.6e-6,1.477e-4,0.0034433,1.477e-4,TRUE,TRUE,FALSE
566,prediction,GROSSCON,46,0.9419,0.8278455002864269,0.7501527018866041,23.974182217034183,1.0711174762946505,-0.2385773757877171,1.1693552005211207,0.2562426006538302,0.2144188185803404,-0.04182378207348985,0.8367805276453946,0,0,0.0092431,0,TRUE,FALSE,FALSE
567,prediction,GROSSCON,7,0.9861,0.9445902933265987,0.9999999999999996,5.830733318534135,0.9977036538737732,0.01261872704183056,1.1196857164274414,0.22526790750141001,0.22378905569297924,-0.001478851808430786,0.9934351420722389,0.005446,0.0288122,0.963362,0.0288122,TRUE,TRUE,TRUE
568,prediction,GROSSCON,22,0.9798,0.9672591726478779,0.9052378157280816,6.546081498669548,1.0182818575448105,-0.05085185453826381,1.1309829239342581,0.25689272577754335,0.2260514637558264,-0.030841262021716956,0.879944977311565,2e-7,5.6e-6,0.0066091,5.6e-6,TRUE,TRUE,TRUE
569,prediction,GROSSCON,4,,,,,,,,,,,,,,,,,,
572,prediction,GROSSCON,7,0.9486,0.5224175402676305,0.4284297520661157,5.299415942321304,1.0019214036084148,0.10447330474245388,1.0804665109325968,0.06190713929106348,0.047541767418925136,-0.014365371872138355,0.7679529043556986,0.0019159,0.0481209,0.383975,0.0481209,TRUE,TRUE,TRUE
573,prediction,GROSSCON,53,1.0029,0.9723849908068275,0.8390431503473175,9.017470761336584,1.0322236077766274,-0.0321542675918047,1.0553824926719333,0.394342499557613,0.36479865520258475,-0.029543844355028243,0.9250807498857683,0,0,0.0148064,0,TRUE,TRUE,TRUE
574,prediction,GROSSCON,12,0.9884,0.931937259862954,0.760655134339345,14.185890646382035,1.061027599422864,-0.08323525706518942,1.2141286282429895,0.4025875747374103,0.35129621934792543,-0.05129135538948489,0.8725957813702028,2.142e-4,0.0034997,0.1694945,0.0034997,TRUE,TRUE,FALSE
575,prediction,GROSSCON,2,,,,,,,,,,,,,,,,,,
576,prediction,GROSSCON,36,1.0191,0.8816255024782738,0.9051620862353428,12.339647335567996,1.0461066590278254,-0.04758408687892434,1.1015314312757714,0.3663711993099456,0.3275138303967161,-0.03885736891322932,0.893939892146499,0,0,0.0659328,0,TRUE,TRUE,TRUE
577,prediction,GROSSCON,23,0.9961,0.9196749832749677,0.8390704822759298,10.796497147341345,1.0353607235253977,-0.029442760637614113,1.091341723493894,0.38989668560398333,0.3575212834496403,-0.032375402154343154,0.9169641514028496,8.1e-6,5.9e-6,0.2968672,5.9e-6,TRUE,TRUE,TRUE
584,prediction,GROSSCON,8,0.9567,0.9501386775148084,0.9529478458049888,10.351276437317697,1.0281419071890439,-0.09415800290892207,1.0789009424980778,0.2814814555382436,0.2542531835423403,-0.027228271995903375,0.9032679721517073,5.564e-4,3.432e-4,0.3496435,3.432e-4,TRUE,TRUE,TRUE
585,prediction,GROSSCON,9,1.0197,0.9276807291742928,0.8168067226890757,6.234717943122489,1.013287550020015,-0.06645065479236871,1.1127491667808516,0.19020213363279054,0.16247377962894308,-0.027728354003847554,0.8542163882484063,8.82e-5,0.0012032,0.1563162,0.0012032,TRUE,TRUE,TRUE
586,prediction,GROSSCON,2,,,,,,,,,,,,,,,,,,
588,prediction,GROSSCON,5,,,,,,,,,,,,,,,,,,
589,prediction,GROSSCON,4,,,,,,,,,,,,,,,,,,
590,prediction,GROSSCON,9,1.0694,0.39287680920473245,0.7061648188687242,14.563822881729166,1.1212205604177428,-0.30616972449548413,1.3379777109399875,0.2515358361774744,0.11645509862388627,-0.13508073755358818,0.46297617227677956,0.0482766,0.0047305,0.2374124,0.0047305,TRUE,TRUE,FALSE
591,prediction,GROSSCON,8,0.9167,0.9072711066813097,0.8185941043083904,18.476905582248836,1.0629640509559564,-0.1243202229982593,1.1625351507771065,0.3417333909616356,0.2846803682892884,-0.0570530226723472,0.833048147528691,8.38e-5,9.46e-4,0.1945689,9.46e-4,TRUE,FALSE,FALSE
592,prediction,GROSSCON,4,,,,,,,,,,,,,,,,,,
595,prediction,GROSSCON,4,,,,,,,,,,,,,,,,,,
602,prediction,GROSSCON,2,,,,,,,,,,,,,,,,,,
603,prediction,GROSSCON,3,,,,,,,,,,,,,,,,,,
607,prediction,GROSSCON,13,0.9988,0.8247722217672633,0.5532408988457074,12.730055531300522,1.032443399733504,-0.2153833058511951,1.343331597787738,0.17997384172358163,0.11159081480036258,-0.06838302692321906,0.6200390775219032,5.7e-6,0.0016723,0.0017616,0.0016723,TRUE,TRUE,FALSE
608,prediction,GROSSCON,47,1.0259,0.932335377930222,0.7693482909842289,10.431743008084736,1.0456066264595407,-0.05878173116407002,1.0756033413633408,0.37071047536782553,0.32904662834287923,-0.04166384702494634,0.8876108181631319,0,0,0.0248508,0,TRUE,TRUE,FALSE
609,prediction,GROSSCON,17,1.0162,0.9771300936886598,0.9043637062668208,9.903992305901381,1.0308062904890907,-0.06783322955364769,1.1392956194311026,0.34655472380679603,0.3201242824010996,-0.026430441405696392,0.9237337147929588,8.1e-6,4.57e-5,0.0843117,4.57e-5,TRUE,TRUE,FALSE
610,prediction,GROSSCON,1,,,,,,,,,,,,,,,,,,
611,prediction,GROSSCON,14,0.9904,0.41526053949227754,0.3222345936002324,13.084109919107934,1.0262946524690875,-0.7820155168978679,2.7014812642311288,0.11125933444500838,0.02633278860941332,-0.08492654583559502,0.23667936484402297,0,0.0196388,8e-7,0.0196388,TRUE,TRUE,TRUE
612,prediction,GROSSCON,1,,,,,,,,,,,,,,,,,,
613,prediction,GROSSCON,5,,,,,,,,,,,,,,,,,,
614,prediction,GROSSCON,4,,,,,,,,,,,,,,,,,,
615,prediction,GROSSCON,10,1.0312,0.9220694926937086,0.29999242539009247,23.24507993097824,1.2022023281472591,-0.12991457950034355,1.3445741569282372,0.575783462745158,0.46624690882115427,-0.1095365539240037,0.8097608545376292,0.0317372,0.1082111,0.1899969,0.1082111,TRUE,FALSE,FALSE
616,prediction,GROSSCON,20,0.9901,0.8000088272746746,0.8530344323506582,16.09536906662591,1.0649996775441937,-0.2561044597160504,1.3733673569152456,0.2441560884855844,0.18363895318718543,-0.06051713529839902,0.7521375130402609,0,1.6e-6,0.0065032,1.6e-6,TRUE,FALSE,FALSE
619,prediction,GROSSCON,1,,,,,,,,,,,,,,,,,,
620,prediction,GROSSCON,27,1.0338,0.6996408240319961,0.6485370792771888,12.291982490235622,1.0437669129271012,-0.2989557794281409,1.4502470310374538,0.1793219563709423,0.09641640402160216,-0.08290555234934015,0.5376720507228732,0,1.4e-6,1.4e-5,1.4e-6,TRUE,TRUE,FALSE
621,prediction,GROSSCON,4,,,,,,,,,,,,,,,,,,
622,prediction,GROSSCON,16,0.9166,0.9442628032414213,0.6306228373702422,18.371557722847683,1.0714718205869926,-0.19801071967321457,1.1570279728918373,0.3086313172617662,0.24350139209169935,-0.06512992517006694,0.7889717552064657,6.36e-5,0.0012156,0.0021776,0.0012156,TRUE,FALSE,FALSE
623,prediction,GROSSCON,1,,,,,,,,,,,,,,,,,,
624,prediction,GROSSCON,13,0.9633,0.8802688801759924,0.80159218025484,13.495813348215583,1.0405349493929452,-0.16055331330404393,1.1207561912660577,0.23739623405547677,0.17647433988351718,-0.06092189417195961,0.7433746393899285,3e-7,6.7e-6,0.0013009,6.7e-6,TRUE,TRUE,FALSE
625,prediction,GROSSCON,1,,,,,,,,,,,,,,,,,,
626,prediction,GROSSCON,29,1.0084,0.8832558546088037,0.9410362182439556,8.032455739040206,1.0273706294017169,-0.04429479762416091,1.0435958807149281,0.29561744171184035,0.26494027245195967,-0.03067716925988068,0.8962267954074784,0,0,0.1431002,0,TRUE,TRUE,TRUE
628,prediction,GROSSCON,2,,,,,,,,,,,,,,,,,,
629,prediction,GROSSCON,2,,,,,,,,,,,,,,,,,,
630,prediction,GROSSCON,6,0.9518,0.4663522786357855,0.6588235294117647,21.296010692656235,1.093010415174466,-0.4171303151746535,1.956054844237997,0.2437522123893805,0.09043290590014876,-0.15331930648923184,0.37100342603531833,0.0042501,0.1224514,0.0609538,0.1224514,TRUE,FALSE,FALSE
632,prediction,GROSSCON,15,1.0228,0.9493002050315551,0.9007187579861997,12.848802976891758,1.039673296256245,-0.05568399160420254,1.1347479678792416,0.3489760790541106,0.30703868796879974,-0.04193739108531071,0.8798273188266066,7.193e-4,0.0029301,0.1269185,0.0029301,TRUE,TRUE,FALSE
633,prediction,GROSSCON,5,,,,,,,,,,,,,,,,,,
634,prediction,GROSSCON,8,0.9816,0.9663116997935421,0.6247848537005165,8.463674800423712,1.0228234535117775,-0.04128054944894798,1.0719071801618072,0.31851085832471554,0.2900345619399882,-0.02847629638472741,0.9105955240128852,0.0021088,0.0029555,0.3028125,0.0029555,TRUE,TRUE,TRUE
636,prediction,GROSSCON,15,1.0084,0.8219057252027905,0.8735645449823993,8.749276076003916,1.0512450990066309,-0.08201417376960107,1.1277319987309493,0.3190508272887155,0.2575784952589856,-0.06147233202972971,0.8073274639275507,1.693e-4,4.904e-4,0.1732526,4.904e-4,TRUE,TRUE,FALSE
637,prediction,GROSSCON,10,0.9053,0.8879573620350756,0.3176859504132231,15.04725555235417,1.0447079606022378,-0.22906886899258477,1.425691500312465,0.2232879136436029,0.12887265989576052,-0.09441525374784226,0.5771591385884793,0.0022314,0.0434797,1.262e-4,0.0434797,TRUE,FALSE,FALSE
638,prediction,GROSSCON,5,,,,,,,,,,,,,,,,,,
640,prediction,GROSSCON,12,0.9948,0.9757926761108354,0.8780869480170181,13.143648682619993,1.040554084550349,-0.03992454649198735,1.0319857636504142,0.4697457004754908,0.4559024449277169,-0.013843255547773733,0.9705303198437772,6.3e-6,3.22e-5,0.581082,3.22e-5,TRUE,TRUE,TRUE
641,prediction,GROSSCON,9,1.0114,0.9079767287358784,0.8017507002801121,12.968018748139459,1.0620302736379037,-0.07105312259091211,1.0849948153184938,0.3793162340081977,0.3377358693773604,-0.0415803646308374,0.8903807406515096,1.446e-4,2.053e-4,0.3786604,2.053e-4,TRUE,TRUE,FALSE
642,prediction,GROSSCON,20,0.9938,0.6883445475069162,0.8098650240057974,17.637395883898705,1.0849921674578944,-0.07891820475933027,1.157148670936477,0.3526598627265133,0.2687339298880179,-0.08392593283849528,0.7620201738024844,0,1.8e-6,0.0820981,1.8e-6,TRUE,FALSE,FALSE
643,prediction,GROSSCON,5,,,,,,,,,,,,,,,,,,
717,prediction,GROSSCON,9,1.1352,0.8113142626624624,0.2983757062146893,18.415579359077814,1.0816305286779557,-0.23076435491088806,1.3439618335020886,0.28850355694144353,0.16990970452636264,-0.11859385241508094,0.5889345224289507,0.0045292,0.1006231,0.011204,0.1006231,FALSE,FALSE,FALSE
719,prediction,GROSSCON,2,,,,,,,,,,,,,,,,,,
720,prediction,GROSSCON,17,0.9681,0.9946328756021259,0.9828973358385121,6.687299860305195,1.026667203759447,-0.05945404280036667,1.0584449755615128,0.35447323853582946,0.34579423018805727,-0.008679008347772159,0.9755157585841421,0,0,0.202141,0,TRUE,TRUE,TRUE
722,prediction,GROSSCON,7,1.0477,0.7725100517206044,0.7971938775510201,13.980744801488479,1.0806767848428822,-0.242133998056279,1.3257702116585564,0.2953467077332889,0.19407751032794257,-0.10126919740534635,0.657117568086126,5.07e-4,0.0089085,0.1096062,0.0089085,TRUE,TRUE,FALSE
731,prediction,GROSSCON,12,0.9995,0.9704387581688981,0.4977229176517433,4.259045813893915,1.002536092195391,-0.020981152802695073,0.9771284513558862,0.1337117819043441,0.12052715506621418,-0.0131846268381299,0.9013951751270354,1.312e-4,0.0010539,0.0444804,0.0010539,TRUE,FALSE,TRUE
732,prediction,GROSSCON,14,1.03,0.7924674460588212,0.5356309624441493,10.3216237992777,1.0255622757253575,-0.16536875338456505,1.2492695963647285,0.17898082473504018,0.11867948939433573,-0.060301335340704455,0.6630849397974702,6e-7,0.0015875,0.0065729,0.0015875,TRUE,TRUE,TRUE
738,prediction,GROSSCON,1,,,,,,,,,,,,,,,,,,
740,prediction,GROSSCON,10,1.0416,0.8716598983007834,0.5557024793388429,12.4640307172689,1.0309176341909454,-0.15071095795208778,1.504028426775553,0.2196637145424208,0.15085357719496725,-0.0688101373474535,0.686747820454592,0.0021518,0.0409207,0.0161142,0.0409207,TRUE,TRUE,FALSE
741,prediction,GROSSCON,1,,,,,,,,,,,,,,,,,,
742,prediction,GROSSCON,19,1.0032,0.9127759978329404,0.8091315866487994,10.391823911682414,1.0302246791462693,-0.12573547063998522,1.2325222943829486,0.22429535217639313,0.18782717673415494,-0.036468175442238196,0.8374100261624748,0,2e-6,0.0314745,2e-6,TRUE,TRUE,FALSE
743,prediction,GROSSCON,7,0.9975,0.3674248169460983,0.7971938775510201,43.59122476332774,1.3026246939450772,-1.0867609283740918,3.4579469234606424,0.3142216277583964,0.11049114882908678,-0.20373047892930957,0.35163444864477295,1.747e-4,0.0888741,0.0351638,0.0888741,TRUE,FALSE,FALSE
744,prediction,GROSSCON,17,0.962,0.6239564323460779,0.5627304381905609,16.777788336823193,1.0436943286861884,-0.38995984052319776,1.6586252675994444,0.1680942392887335,0.09032905105675515,-0.07776518823197827,0.5373714854177603,0,1.399e-4,0.0015317,1.399e-4,TRUE,FALSE,FALSE
745,prediction,GROSSCON,16,0.9921,0.9689060561614768,0.7321713253268148,13.71952366558691,1.058128813074634,-0.14485714108690861,1.375550533689768,0.30578086777391533,0.2279108506377726,-0.07787001713614279,0.7453404534330863,0.0088274,0.0333625,3.01e-4,0.0333625,TRUE,TRUE,FALSE
746,prediction,GROSSCON,8,0.9712,0.9217197109692089,0.8622448979591839,10.007706544972761,1.0312667855131512,-0.20266732907093624,1.3725073621594468,0.2168085997487087,0.16899926733096138,-0.04780933241774726,0.7794859960667591,1.014e-4,0.0035099,0.0491772,0.0035099,TRUE,TRUE,FALSE
747,prediction,GROSSCON,9,0.9564,0.69630155728043,0.39390756302521013,4.719537118621112,1.0039163950510877,-0.18505112639442012,1.104132296764896,0.055555555555555566,0.03990924256412536,-0.015646312991430267,0.7183663661542553,0.0033108,0.0228735,0.2311163,0.0228735,TRUE,FALSE,TRUE
753,prediction,GROSSCON,4,,,,,,,,,,,,,,,,,,
759,prediction,GROSSCON,4,,,,,,,,,,,,,,,,,,
761,prediction,GROSSCON,3,,,,,,,,,,,,,,,,,,
764,prediction,GROSSCON,7,0.8896,0.61602420179453,0.41326530612244877,16.680347970605865,1.0359021026138138,-0.30427094304159125,1.5662336737792242,0.16835278858625166,0.086729156050191,-0.08162363253606063,0.515163168834339,0.001226,0.1330377,0.0568753,0.1330377,FALSE,FALSE,FALSE
765,prediction,GROSSCON,5,,,,,,,,,,,,,,,,,,
766,prediction,GROSSCON,18,1.0453,0.8228592410933235,0.33279443981166423,19.096540603665396,1.092484894970214,-0.18209703301038727,1.2577433116562298,0.3107266324675105,0.2027791349331914,-0.10794749753431904,0.652596571214069,1.02e-5,0.0011694,0.0023389,0.0011694,TRUE,FALSE,FALSE
767,prediction,GROSSCON,1,,,,,,,,,,,,,,,,,,
769,prediction,GROSSCON,1,,,,,,,,,,,,,,,,,,
770,prediction,GROSSCON,9,0.9602,0.9183819950774187,0.81,8.325934112056625,1.01811028467765,-0.1560711237550554,1.2654138367813004,0.169179337661451,0.14276574234781708,-0.026413595313633825,0.8438722146643532,5.6e-5,1.706e-4,0.1770287,1.706e-4,TRUE,TRUE,TRUE
771,prediction,GROSSCON,27,1.0144,0.7352289943103748,0.6369738910234021,11.870037553729883,1.0355215503463253,-0.17743693293401097,1.2271607354341916,0.1939327460975951,0.13204291905163454,-0.06188982704596047,0.6808696401647665,0,1.2e-6,0.0028231,1.2e-6,TRUE,TRUE,FALSE
772,prediction,GROSSCON,6,0.9743,0.9213786631591797,0.5102040816326531,9.424271001725208,1.0241151931621493,-0.13044729841566088,1.2301643050387332,0.18805670974881508,0.13520482434902015,-0.05285188539979493,0.7189577257286458,0.0118516,0.0699102,0.0354638,0.0699102,TRUE,TRUE,TRUE
773,prediction,GROSSCON,16,0.9808,0.9011981908086195,0.7224999999999998,10.472048833118501,1.0189498358847038,-0.07388376768354177,1.129349760747427,0.2167540814065155,0.18500310116484248,-0.03175098024167297,0.8535161135806942,3e-7,5.57e-5,0.0959922,5.57e-5,TRUE,TRUE,TRUE
774,prediction,GROSSCON,2,,,,,,,,,,,,,,,,,,
775,prediction,GROSSCON,8,0.984,0.969384837633608,0.499282845668388,5.272984453745797,1.0058144995639065,-0.04863941691401835,1.2384741885558141,0.15386832298136657,0.12396785816951565,-0.029900464811850807,0.8056749808375323,0.031702,0.094214,0.0113902,0.094214,TRUE,TRUE,TRUE
776,prediction,GROSSCON,3,,,,,,,,,,,,,,,,,,
779,prediction,GROSSCON,5,,,,,,,,,,,,,,,,,,
786,prediction,GROSSCON,3,,,,,,,,,,,,,,,,,,
790,prediction,GROSSCON,28,0.9947,0.6587999434594318,0.5955123977390083,18.386775872991276,1.0577874787636357,-0.20873145084682942,1.2826890178730703,0.2263864785569648,0.1500535027417698,-0.07633297581519495,0.6628200752016749,0,3.4e-6,0.0033484,3.4e-6,TRUE,FALSE,FALSE
791,prediction,GROSSCON,20,1.0304,0.9296467639554677,0.7843379155720626,10.825803861117196,1.0330759856057052,-0.05095946299609549,1.1094600102679397,0.33411242349152265,0.29207829469194935,-0.042034128799573224,0.8741916617158063,9e-7,2.45e-5,0.0732431,2.45e-5,TRUE,TRUE,FALSE
793,prediction,GROSSCON,5,,,,,,,,,,,,,,,,,,
795,prediction,GROSSCON,4,,,,,,,,,,,,,,,,,,
796,prediction,GROSSCON,12,0.9623,0.9604129269963687,0.715976331360947,12.64746791171818,1.0445601812163097,-0.06178876191561384,1.120645782222264,0.3812667219684313,0.33459889706586315,-0.046667824902568156,0.8775979590832681,0.0019161,0.0035846,0.1291273,0.0035846,TRUE,TRUE,FALSE
797,prediction,GROSSCON,7,1.044,0.7875000620973021,0.23214285714285707,9.270417110336245,1.018457963485706,-0.43651273282203784,1.9819724761763116,0.11704834605597961,0.04403764774236044,-0.07301069831361924,0.3762346861466873,0.0048205,0.1217261,2.212e-4,0.1217261,TRUE,TRUE,TRUE
798,prediction,GROSSCON,20,0.9697,0.935540659694259,0.8414268754593252,12.238142089257773,1.0349131947748984,-0.08097142863187523,1.1122544195206017,0.2730138929822277,0.23047702178497878,-0.04253687119724903,0.8441952139043049,1.145e-4,2.135e-4,0.0574197,2.135e-4,TRUE,TRUE,FALSE
799,prediction,GROSSCON,7,0.9825,0.9946664689984405,0.8622448979591831,17.861339775579157,1.062581141981534,-0.03508248555804716,1.0587041954748087,0.626192262094888,0.607391711540128,-0.01880055055475974,0.9699763927266308,0.0147543,0.0180568,0.4478027,0.0180568,TRUE,FALSE,TRUE
801,prediction,GROSSCON,1,,,,,,,,,,,,,,,,,,
802,prediction,GROSSCON,5,,,,,,,,,,,,,,,,,,
804,prediction,GROSSCON,3,,,,,,,,,,,,,,,,,,
816,prediction,GROSSCON,41,0.9901,0.9631581660405419,0.8525535671027685,9.82007372436861,1.0189966889654942,-0.04125014412270486,1.0836581302575021,0.29572308186539603,0.2737746234817408,-0.02194845838365517,0.9257803677507818,0,0,0.0372664,0,TRUE,TRUE,TRUE
817,prediction,GROSSCON,54,1.0173,0.9160169135978858,0.8498524171926803,9.078285833544644,1.0202105959400283,-0.042208090328568294,1.0776068488971668,0.25769183640879023,0.23091511685070107,-0.02677671955808929,0.8960901519766742,0,0,0.0221697,0,TRUE,TRUE,TRUE
818,prediction,GROSSCON,3,,,,,,,,,,,,,,,,,,
822,prediction,GROSSCON,4,,,,,,,,,,,,,,,,,,
823,prediction,GROSSCON,1,,,,,,,,,,,,,,,,,,
825,prediction,GROSSCON,4,,,,,,,,,,,,,,,,,,
827,prediction,GROSSCON,4,,,,,,,,,,,,,,,,,,
830,prediction,GROSSCON,1,,,,,,,,,,,,,,,,,,
831,prediction,GROSSCON,3,,,,,,,,,,,,,,,,,,
832,prediction,GROSSCON,3,,,,,,,,,,,,,,,,,,
836,prediction,GROSSCON,2,,,,,,,,,,,,,,,,,,
837,prediction,GROSSCON,8,1.0918,0.6437776924880312,0.43387837062535867,9.410810605927498,1.0240859917805,-0.403255689027977,2.163700454856181,0.13389562467053243,0.05408343586196174,-0.07981218880857069,0.40392235366197426,4.631e-4,0.0654452,0.0046336,0.0654452,TRUE,TRUE,TRUE
841,prediction,GROSSCON,5,,,,,,,,,,,,,,,,,,
842,prediction,GROSSCON,54,0.9877,0.9120194082146917,0.8411429313363122,9.3093806845202,1.0130939795574219,-0.053981741260190085,1.147481997555596,0.20011385374278692,0.17895566268950283,-0.02115819105328413,0.8942692339507919,0,0,0.0153925,0,TRUE,TRUE,TRUE
846,prediction,GROSSCON,1,,,,,,,,,,,,,,,,,,
847,prediction,GROSSCON,8,0.9858,0.7996175644039024,0.7346938775510207,8.835149492418498,1.0291612611982053,-0.13556774132158644,1.116970795418247,0.20790691153792243,0.15016802473996776,-0.057738886797954546,0.7222849092853605,5.75e-5,0.0016748,0.1310556,0.0016748,TRUE,TRUE,TRUE
848,prediction,GROSSCON,4,,,,,,,,,,,,,,,,,,
849,prediction,GROSSCON,2,,,,,,,,,,,,,,,,,,
850,prediction,GROSSCON,2,,,,,,,,,,,,,,,,,,
851,prediction,GROSSCON,6,0.9941,0.8796047807867153,0.5102040816326531,7.957321063876728,1.0089150268848952,-0.06229082349872768,1.1536820784306472,0.17059719965259823,0.13961207601132816,-0.0309851236412701,0.8183726127722628,0.0100767,0.0710432,0.3377061,0.0710432,TRUE,TRUE,TRUE
857,prediction,GROSSCON,10,1.1431,0.08913490701156641,0.3275640054537192,15.315303010535075,1.2047085376285822,-0.4946492902396927,4.190448789801108,0.27824376100238163,0.04406079991677084,-0.23418296108561085,0.15835323587504876,0.0501688,0.0612087,0.0980652,0.0612087,FALSE,FALSE,FALSE
859,prediction,GROSSCON,1,,,,,,,,,,,,,,,,,,
862,prediction,GROSSCON,14,1.1144,0.39612923836312214,0.3693528693528695,20.541537784084746,1.1089406018893642,-0.46766832045570256,2.1784477238258146,0.2384470597968851,0.06800100971991968,-0.17044605007696534,0.28518284007294764,2.57e-5,0.0139976,0.0010086,0.0139976,FALSE,FALSE,FALSE
864,prediction,GROSSCON,36,1.0166,0.836880119560236,0.7738335360836275,9.919061945313608,1.0223273344558836,-0.1093680587668671,1.2073626646823337,0.19828584020851472,0.15737822722914882,-0.04090761297936593,0.7936937255007824,0,7.09e-5,0.0193794,7.09e-5,TRUE,TRUE,TRUE
865,prediction,GROSSCON,4,,,,,,,,,,,,,,,,,,
866,prediction,GROSSCON,17,0.9345,0.9116939648445799,0.7375533229827708,13.704767546636178,1.0292680049712906,-0.06197620628575574,1.0891494288063495,0.2800787040304934,0.23438546964386645,-0.04569323438662702,0.8368557347307198,1.7e-6,4.3e-5,0.0491182,4.3e-5,TRUE,TRUE,TRUE
867,prediction,GROSSCON,41,1.0105,0.32977637842993074,0.5948543731911634,11.548218915683208,1.0550500011041115,-0.34637504954486276,1.3079539026066451,0.1822656617993406,0.09245021515246278,-0.08981544664687774,0.5072278247026193,0,0,4.089e-4,0,TRUE,TRUE,FALSE
871,prediction,GROSSCON,43,1.0129,0.6216562164374525,0.6350078888316105,14.56417644336853,1.0636706649272771,-0.16837435702769063,1.266957144453701,0.2458028610412853,0.15718830023761968,-0.08861456080366567,0.63948930281661,0,0,4.577e-4,0,TRUE,TRUE,FALSE
873,prediction,GROSSCON,27,0.991,0.8920620005243817,0.8873353196047148,13.292778464644552,1.0494475895937225,-0.07421840323327537,1.1077642900771538,0.3289804809672272,0.28053404941431676,-0.048446431552910466,0.8527376718203031,0,1e-7,0.0574914,1e-7,TRUE,TRUE,FALSE
874,prediction,GROSSCON,12,0.9873,0.9596827187656648,0.9178443933688692,7.8778402686211,1.0019714818368348,-0.00147637929196005,1.018374414706772,0.2592527213886438,0.2573214237931723,-0.0019312975954712992,0.9925505214173779,1e-7,7.7e-6,0.9141503,7.7e-6,TRUE,TRUE,TRUE
875,prediction,GROSSCON,46,1.0018,0.7610616440399164,0.8414889794420534,9.29934319958318,1.0363092836868053,-0.1128338294012743,1.122462334165582,0.22187568743721983,0.17041927668380874,-0.051456410753411064,0.7680845010656211,0,0,0.0094658,0,TRUE,TRUE,FALSE
876,prediction,GROSSCON,5,,,,,,,,,,,,,,,,,,
877,prediction,GROSSCON,59,1.0145,0.9327432665842472,0.8831890707883161,13.250332720001756,1.060749503989334,-0.0572549455914984,1.1174625478379596,0.39347805720418355,0.34193508345761237,-0.05154297374657112,0.8690067392504571,0,0,0.0018308,0,TRUE,TRUE,FALSE
880,prediction,GROSSCON,25,0.9848,0.8935830510799561,0.8502415171076098,8.27689757107267,1.0176198536062802,-0.08498800001701916,1.1243417038494303,0.1938646274208029,0.16223081306226164,-0.03163381435854125,0.8368252384181626,0,0,0.0189855,0,TRUE,TRUE,TRUE
881,prediction,GROSSCON,6,1.0112,0.07759314527256587,0.1379591836734694,9.304658057432983,1.0102269936611932,-0.9001845439110312,9.11088055541613,0.06547700754975971,0.0030141119907697036,-0.06246289555899007,0.0460331359596579,0.0060298,0.8513747,0.0098642,0.8513747,TRUE,TRUE,TRUE
882,prediction,GROSSCON,6,1.0508,0.48085469984093987,0.7067226890756302,17.57372713794139,1.1132203306087742,-0.299689986477559,1.91315777329233,0.2931897265948633,0.14367508912468993,-0.14951463747017338,0.4900413489699922,0.0329986,0.0210511,0.2338838,0.0210511,TRUE,FALSE,FALSE
883,prediction,GROSSCON,11,1.0806,0.11763309241845246,0.40285654712260227,22.809483441668682,1.1783406513637842,-0.6068250482927836,2.071076310390681,0.2911438006604623,0.0685017607857,-0.2226420398747623,0.23528497131075157,7.777e-4,0.0162988,0.017492,0.0162988,TRUE,FALSE,FALSE
884,prediction,GROSSCON,15,0.9814,0.9631632944293144,0.7718877551020406,6.366816841490403,1.0157721850184314,-0.08405092837558448,1.1576218213700507,0.20025781889411823,0.17212737614294796,-0.028130442751170284,0.8595288668052277,1.34e-5,1.49e-5,0.034533,1.49e-5,TRUE,TRUE,TRUE
885,prediction,GROSSCON,17,0.9945,0.9043206800063739,0.9031411644412368,10.105545438208322,1.056055739055302,-0.031138786691544955,1.036614216523644,0.45478960676660085,0.412528977443762,-0.04226062932283901,0.9070765279283808,1.265e-4,3.102e-4,0.3547514,3.102e-4,TRUE,TRUE,TRUE
886,prediction,GROSSCON,5,,,,,,,,,,,,,,,,,,
888,prediction,GROSSCON,12,1.0327,0.4617075410581193,0.3259600049073734,20.134002662262123,1.0807960509531347,-0.2968552359451272,1.496897393823072,0.22673761489912875,0.09185750043337805,-0.1348801144657508,0.40512687087338234,3.504e-4,0.0470186,0.0126906,0.0470186,TRUE,FALSE,FALSE
889,prediction,GROSSCON,11,0.993,0.8342401204404509,0.6799709422997094,6.97274044659359,1.0113393484368955,-0.10259249649621639,1.1718835077978593,0.13636760215210122,0.10453654391383568,-0.03183105823826553,0.7665790280395045,1.9e-5,9.399e-4,0.091486,9.399e-4,TRUE,TRUE,TRUE
890,prediction,GROSSCON,44,0.9955,0.8405133505522115,0.8017427467601512,10.237403628692617,1.0256839564956712,-0.07075665121785647,1.0898360306120702,0.2245459511640172,0.18553893901282814,-0.03900701215118916,0.826284945468926,0,0,0.0026138,0,TRUE,TRUE,TRUE
891,prediction,GROSSCON,47,1.0242,0.8451380093070247,0.822655609347611,13.103763929587844,1.0645254646407394,-0.11895995013268618,1.1667342947859733,0.30681110239251974,0.23778079207399672,-0.06903031031852302,0.7750071305105221,0,0,5.32e-4,0,TRUE,TRUE,FALSE
892,prediction,GROSSCON,25,0.9752,0.9786944918718621,0.8649000000000001,7.566088393913387,1.0198838099706349,-0.05779221960599018,1.0913350537318534,0.2661509784852673,0.2406463159791709,-0.025504662506096464,0.9041722008641487,0,0,0.0052486,0,TRUE,TRUE,TRUE
893,prediction,GROSSCON,49,1.0142,0.7743726214254768,0.7868209590168239,11.074704835761093,1.0300678828816707,-0.10890839783984975,1.1738686471838196,0.2071043383451417,0.15955380107051756,-0.047550537274624154,0.7704029879114331,0,0,4.182e-4,0,TRUE,TRUE,FALSE
894,prediction,GROSSCON,12,1.0348,0.9146599501113488,0.528925619834711,10.06694745950312,1.0317965643174332,-0.13842068634759624,1.1090281854520323,0.2039644986980989,0.14586277601318054,-0.0581017226849184,0.7151380605165092,0.0056848,0.0118186,0.0380244,0.0118186,TRUE,TRUE,FALSE
895,prediction,GROSSCON,13,0.9917,0.7391373016929494,0.5076817122271668,9.783773352986474,1.0113202681431719,-0.12226760789556478,1.129245183161274,0.11924050632911397,0.08037855317896764,-0.03886195315014624,0.674087654048668,4e-7,0.0031809,0.0270214,0.0031809,TRUE,TRUE,TRUE
896,prediction,GROSSCON,24,1.0242,0.31256428690386784,0.6368033360440266,10.072299486810394,1.0392907050646156,-0.2843633639383504,1.479664216757339,0.14303122263001944,0.07297508587652746,-0.07005613675349198,0.5102038878972109,2.53e-5,1.6e-6,0.031287,1.6e-6,TRUE,TRUE,FALSE
897,prediction,GROSSCON,29,1.0116,0.6703275774860298,0.6953349925831956,13.160469073977984,1.041819682303051,-0.11673505101015035,1.1454378084211003,0.23190419963868292,0.1677891555941838,-0.06411504404449914,0.7235278871862032,0,7e-7,0.0128587,7e-7,TRUE,TRUE,FALSE
898,prediction,GROSSCON,37,1.0449,0.5803360789322163,0.641860491728968,9.697040334753535,1.0413515269450135,-0.16826940518625802,1.2506009891963474,0.1956757418171531,0.12292558725069107,-0.07275015456646201,0.6282106617260583,0,0,8.083e-4,0,TRUE,TRUE,FALSE
899,prediction,GROSSCON,42,1.0888,0.40335576454929073,0.5498225285601062,14.866353803342488,1.0960583063681093,-0.3150703153757443,1.557212852085188,0.24595484107636684,0.11551166121825977,-0.13044317985810702,0.4696458126733695,0,1.8e-6,4.05e-5,1.8e-6,TRUE,TRUE,FALSE
901,prediction,GROSSCON,4,,,,,,,,,,,,,,,,,,
902,prediction,GROSSCON,24,1.0012,0.9552257123757869,0.791670480549199,8.421251975980352,1.0188199917548968,-0.06322366271861325,1.1389904665048036,0.23546865639074968,0.20505691287030542,-0.030411743520444266,0.8708458952176744,2.2e-6,2.32e-5,0.0176207,2.32e-5,TRUE,TRUE,TRUE
904,prediction,GROSSCON,14,0.999,0.8136472274903516,0.5432783075954882,9.511530233906274,1.0365162009439688,-0.16743812812041606,1.1611347443644506,0.192369761888349,0.14450291453006128,-0.04786684735828777,0.7511727056871365,0.0029107,0.0023266,0.161499,0.0023266,TRUE,TRUE,FALSE
905,prediction,GROSSCON,33,1.0165,0.5962626538729906,0.5443382263456678,11.884777592330606,1.0260941879633267,-0.24699332706683402,1.2552410769349056,0.1400711523668946,0.08112551130174167,-0.05894564106515293,0.5791735837886592,0,0,8.3e-6,0,TRUE,TRUE,TRUE
906,prediction,GROSSCON,23,0.9968,0.7797946942796072,0.5789224952741021,13.201963629809683,1.0442556975443367,-0.11132846990739476,1.1788214435492863,0.21280853534492103,0.13949295176749452,-0.07331558357742654,0.6554857000514748,3.8e-5,2.659e-4,0.0114951,2.659e-4,TRUE,TRUE,FALSE
907,prediction,GROSSCON,23,1.0095,0.8822621365897726,0.8631957781950258,8.823033631571503,1.0237125502236342,-0.12168241855540131,1.1867691786043146,0.1935488131609275,0.1536382767804191,-0.03991053638050844,0.7937960159573572,0,0,0.0104474,0,TRUE,TRUE,TRUE
908,prediction,GROSSCON,6,1.0102,0.9278320836561991,0.5680672268907564,3.705789043921939,1.0036301429551562,-0.0800925484885863,1.0721223901371022,0.09892336922102594,0.08349869878353484,-0.01542467043749103,0.8440745542842626,0.0064719,0.0242565,0.2393293,0.0242565,TRUE,FALSE,TRUE
909,prediction,GROSSCON,32,0.9886,0.9353002459601616,0.9270758346340522,9.23851968828223,1.0182343663423203,-0.04014376137195895,1.069745141650823,0.2461860920010383,0.22693294943786219,-0.019253142563176104,0.9217943531794036,0,0,0.1207593,0,TRUE,TRUE,TRUE
910,prediction,GROSSCON,6,1.0395,0.9605283321230884,0.6588235294117647,3.5966377087077546,1.0036164428049743,-0.03328155961055151,1.0128058668671784,0.14441087613293058,0.13176066894713645,-0.012650207185794037,0.9124012849686661,0.0177019,0.0258574,0.4531614,0.0258574,TRUE,FALSE,TRUE
912,prediction,GROSSCON,2,,,,,,,,,,,,,,,,,,
913,prediction,GROSSCON,13,1.0322,0.4474550668649958,0.784700148336512,13.132674331397867,1.0650628641779902,-0.1612729342697771,1.2510189686819837,0.23339502484098482,0.1479172771451426,-0.08547774769584215,0.6337636256210717,5.103e-4,4.1e-6,0.166649,4.1e-6,TRUE,TRUE,FALSE
915,prediction,GROSSCON,15,1.024,0.6169032999135353,0.7268368259647328,5.76733992031956,1.008640038220919,-0.11629925934006381,1.138455601929329,0.09871222681177033,0.06981206171040419,-0.028900165101366136,0.7072281110983907,0,1.98e-5,0.0888135,1.98e-5,TRUE,TRUE,TRUE
916,prediction,GROSSCON,32,1.0136,0.8301180799056576,0.8791964351161005,6.970943720091259,1.0136644247515507,-0.05590984074978331,1.117567341345409,0.17263606684820626,0.14787458368592815,-0.024761483162278185,0.8565683080346698,0,0,0.0816344,0,TRUE,TRUE,TRUE
917,prediction,GROSSCON,31,1.035,0.42079395750552706,0.5467287273089403,8.156204676141613,1.030781268384745,-0.21496647540043798,1.1886054997549416,0.13803426099823576,0.08043751335040018,-0.057596747647835525,0.5827358567988306,8e-7,5.8e-6,0.0185954,5.8e-6,TRUE,TRUE,FALSE
918,prediction,GROSSCON,14,1.0168,0.8440234919239273,0.7591421794064965,4.895849796065919,1.0045888882258425,-0.07338006988690018,1.0213831901841277,0.09413526481464503,0.08103081772970509,-0.013104447084939888,0.8607913080104167,1.86e-5,1.74e-5,0.2795238,1.74e-5,TRUE,FALSE,TRUE
921,prediction,GROSSCON,26,1.0569,0.45146246522270583,0.5886435145946134,18.35682588354886,1.1215166884655727,-0.17203906440631572,1.4830804662320152,0.28176197565461075,0.16218979912534312,-0.11957217652926765,0.5756269941979626,5.8e-6,0,0.0299307,0,TRUE,FALSE,FALSE
924,prediction,GROSSCON,2,,,,,,,,,,,,,,,,,,
927,prediction,GROSSCON,3,,,,,,,,,,,,,,,,,,
928,prediction,GROSSCON,22,1.0165,0.6843843788738463,0.773186929595828,10.70739504688514,1.0289780052948696,-0.10199745173273843,1.1311035162708953,0.2057796784912315,0.15809493277585104,-0.04768474571538045,0.7682728145704036,0,7e-7,0.0682858,7e-7,TRUE,TRUE,TRUE
930,prediction,GROSSCON,39,1.0538,0.3124764409724171,0.6519358451907964,12.314257658073808,1.0777419397866397,-0.21777701958860685,1.0891192932337457,0.22806827917117753,0.12714516714233542,-0.10092311202884201,0.5574872911059509,0,0,0.0079136,0,TRUE,TRUE,FALSE
940,prediction,GROSSCON,7,1.0267,0.04737705510605962,0.125702479338843,6.170927606194045,1.004427566366981,-1.1372991443107126,25.865844352344194,0.04130958622358448,-0.005698604326546618,-0.04700819055013116,-0.13794871475360307,8.64e-5,0.4864026,7.756e-4,0.4864026,TRUE,TRUE,TRUE
943,prediction,GROSSCON,7,1.0321,0.6528636905495648,0.46883116883116865,14.27816326834056,1.046145365690782,-0.43751601511331173,1.8911612633238986,0.1763729423156729,0.07306142934005855,-0.10331151297561442,0.4142439785876733,0.0026862,0.0226469,0.0217059,0.0226469,TRUE,TRUE,FALSE
1007,prediction,GROSSCON,4,,,,,,,,,,,,,,,,,,
1009,prediction,GROSSCON,2,,,,,,,,,,,,,,,,,,
1010,prediction,GROSSCON,7,0.9864,0.9839012645584236,0.7971938775510201,3.9228712716665637,1.0102731897916915,-0.06818380146865598,1.1134227957007061,0.19695433847881963,0.17021247545505205,-0.026741863023767548,0.8642230314381052,0.0106886,0.0212045,0.0392728,0.0212045,TRUE,FALSE,TRUE
1011,prediction,GROSSCON,23,1.0268,0.9010749305795829,0.8139177693761815,24.67632676451964,1.115413956154921,-0.13576724683338112,1.2016990281699933,0.45023150695310177,0.40248319835873003,-0.04774830859437194,0.8939472074766511,0,1.2e-5,0.1750342,1.2e-5,TRUE,FALSE,FALSE
1026,prediction,GROSSCON,3,,,,,,,,,,,,,,,,,,
1029,prediction,GROSSCON,3,,,,,,,,,,,,,,,,,,
1030,prediction,GROSSCON,26,1.0241,0.8528090652414481,0.7633811114442591,18.75676836638981,1.0698252470382297,-0.15404664456775208,1.1672455769430161,0.28994017677390493,0.22222117235233269,-0.06771900442157222,0.7664380108508401,0,0,0.0031319,0,TRUE,FALSE,FALSE
1035,prediction,GROSSCON,1,,,,,,,,,,,,,,,,,,
1036,prediction,GROSSCON,16,1.0199,0.769890331922005,0.6343488135327745,10.095342702546063,1.0166848459636744,-0.16029872426892489,1.247516193534546,0.13362853628536278,0.09398214638744622,-0.039646389897916634,0.703308956305171,3e-7,2.43e-5,0.0174927,2.43e-5,TRUE,TRUE,TRUE
1038,prediction,GROSSCON,1,,,,,,,,,,,,,,,,,,
1043,prediction,GROSSCON,3,,,,,,,,,,,,,,,,,,
1044,prediction,GROSSCON,2,,,,,,,,,,,,,,,,,,
1045,prediction,GROSSCON,8,1.0319,0.9565603385446083,0.8185941043083904,8.911055607329544,1.0305827197735111,-0.39257604977695265,1.871886907227519,0.15956314498588559,0.08113768219659202,-0.07842546278929344,0.5084988905412291,0.003032,0.0076243,0.0030089,0.0076243,TRUE,TRUE,FALSE
1046,prediction,GROSSCON,42,1.0209,0.7789128500890942,0.5814549182414217,11.709969522705423,1.0383914844364,-0.23635441945760105,1.3056174959561473,0.18192317861492235,0.10710195557280594,-0.07482122304211641,0.5887207797721535,0,0,0,0,TRUE,TRUE,FALSE
1049,prediction,GROSSCON,25,0.984,0.9399045621044276,0.8151769014904708,6.676492243515768,1.0085187316434572,-0.04530043459416111,1.0785135828617969,0.17256425948592405,0.15457287450231305,-0.017991384983611133,0.8957409544872831,0,0,0.0172642,0,TRUE,TRUE,TRUE
1053,prediction,GROSSCON,3,,,,,,,,,,,,,,,,,,
1054,prediction,GROSSCON,8,1.0064,0.8549328789503288,0.59465737514518,9.408513026027464,1.023555832965252,-0.2748396119606457,1.506812059218464,0.15638316467835708,0.09638037219166608,-0.06000279248669092,0.6163091301413267,2.75e-5,0.0027356,0.0121729,0.0027356,TRUE,TRUE,TRUE
1055,prediction,GROSSCON,5,,,,,,,,,,,,,,,,,,
1056,prediction,GROSSCON,5,,,,,,,,,,,,,,,,,,
1058,prediction,GROSSCON,3,,,,,,,,,,,,,,,,,,
1059,prediction,GROSSCON,5,,,,,,,,,,,,,,,,,,
1064,prediction,GROSSCON,5,,,,,,,,,,,,,,,,,,
1065,prediction,GROSSCON,3,,,,,,,,,,,,,,,,,,
1066,prediction,GROSSCON,12,0.9992,0.7551902959021838,0.41908587257617747,8.343107819252825,1.0091341749726859,-0.03838090677993115,0.9539605582715607,0.14102477285915044,0.11234334623899482,-0.028681426620155596,0.7966213592217488,6e-7,3.565e-4,0.2041648,3.565e-4,TRUE,TRUE,TRUE
1067,prediction,GROSSCON,28,1.03,0.9465424750619604,0.9035544254798907,6.3754489743944225,1.0056105704358347,-0.01250453155458405,1.0201880914335413,0.20555368754706882,0.19529469700123236,-0.01025899054583646,0.9500909437905981,0,0,0.2571104,0,TRUE,TRUE,TRUE
1076,prediction,GROSSCON,3,,,,,,,,,,,,,,,,,,
1114,prediction,GROSSCON,7,1.0801,0.9583778851234331,0.7971938775510201,6.401039279213339,1.0170310408552312,-0.06205956183254192,1.0735705360680374,0.25711993582029685,0.23493676688954548,-0.02218316893075133,0.9137244303520085,1.165e-4,0.0012986,0.3622313,0.0012986,TRUE,TRUE,TRUE
1117,prediction,GROSSCON,16,0.9832,0.8901904750169571,0.8926708827861041,12.951994722073199,1.0574259504587644,-0.05201608600966701,1.0905650145380479,0.44166853554608665,0.3934628124187313,-0.048205723127355334,0.890855428341181,4.3e-6,2.39e-5,0.2700428,2.39e-5,TRUE,TRUE,FALSE
1118,prediction,GROSSCON,16,1.0576,0.3543310615502028,0.5493425605536333,18.033165666655353,1.102109141146781,-0.4236883094973855,1.8261843057799994,0.23453668412299997,0.09101198539064026,-0.1435246987323598,0.38805010709075277,7e-7,0.0017067,0.0030089,0.0017067,TRUE,FALSE,FALSE
1119,prediction,GROSSCON,20,0.9925,0.8397079672711094,0.8559208404759076,16.236363403335986,1.0696353760542692,-0.07803823986249875,1.0769884758228279,0.3440803256132255,0.29019953629542533,-0.053880789317800215,0.8434063638431724,0,0,0.0978184,0,TRUE,FALSE,FALSE
1120,prediction,GROSSCON,23,0.9875,0.9271823604248988,0.945429548969676,14.609205426459784,1.0685373109681993,-0.05202823090614897,1.0820193779479437,0.4481970246978281,0.4078268381582542,-0.04037018653957372,0.909927589174,0,0,0.1458744,0,TRUE,TRUE,FALSE
1121,prediction,GROSSCON,20,0.9795,0.932662860459002,0.8255763562404883,20.862763126558352,1.0874294674252802,-0.08001436313639367,1.093365384188746,0.48512781526180754,0.44651057737433514,-0.03861723788747235,0.9203978071910143,0.0015912,0.001833,0.3917576,0.001833,TRUE,FALSE,FALSE
1122,prediction,GROSSCON,19,0.997,0.924404063585098,0.841015510681885,11.075331560357583,1.0639544787856063,-0.047062145214223416,1.0944077845454627,0.3705558934599749,0.3034267430994028,-0.06712915036057217,0.8188420382853173,9.85e-5,1.55e-5,0.068064,1.55e-5,TRUE,TRUE,TRUE
1123,prediction,GROSSCON,6,0.9982,0.7025313373857601,0.7844897959183674,21.700008660638,1.0889195868334065,-0.06123041536370352,1.1805782630774506,0.33665882951007187,0.1941056413207474,-0.14255318818932444,0.5765648315335222,4.262e-4,0.0739628,0.0856131,0.0739628,TRUE,FALSE,FALSE
1124,prediction,GROSSCON,39,0.9687,0.8674361612768327,0.8697951027028638,19.842639244573355,1.1008709885238692,-0.05740037768231517,1.0755619700578918,0.5070605780029797,0.4582975223486253,-0.048763055654354286,0.9038318935256139,0,0,0.1679355,0,TRUE,FALSE,FALSE
1125,prediction,GROSSCON,32,1.0261,0.8529720687527328,0.8224212542221966,23.227923644286616,1.1218325073600324,-0.10981937170031676,1.1709431990548649,0.41769656054545723,0.3428812481200941,-0.07481531242536305,0.820885974431621,0,0,0.0148536,0,TRUE,FALSE,FALSE
1126,prediction,GROSSCON,26,1.0364,0.5796229276502209,0.8567877980053081,16.166492937994065,1.0783959272962944,-0.07318451074962087,1.1412228045535393,0.30734653682022095,0.22810418255642323,-0.07924235426379785,0.7421726137420254,1.3e-6,0,0.1212516,0,TRUE,FALSE,FALSE
1127,prediction,GROSSCON,5,,,,,,,,,,,,,,,,,,
1128,prediction,GROSSCON,4,,,,,,,,,,,,,,,,,,
1129,prediction,GROSSCON,14,0.9844,0.715650312601497,0.6414096916299559,20.394125841622248,1.1225311806094564,-0.12837313084344085,1.1555759239034762,0.3847552362793863,0.28241081758787073,-0.10234441869151566,0.7340012323647775,4.3e-6,9.222e-4,0.1005835,9.222e-4,TRUE,FALSE,FALSE
1138,prediction,GROSSCON,52,1.024,0.7356793963078379,0.6484467696769062,13.966578317684458,1.0482912041771981,-0.14730932560573076,1.198985771292347,0.2215901481284399,0.15443557788251297,-0.06715457024592686,0.6969424371384865,0,0,3.005e-4,0,TRUE,TRUE,FALSE
1140,prediction,GROSSCON,31,1.0959,0.4652816281522385,0.40931090217935545,18.15825801511972,1.111812502303887,-0.17039785559868467,1.4711496495440661,0.30102024549657264,0.17150579676719319,-0.12951444872937948,0.5697483784994982,3e-7,8.25e-5,0.0096066,8.25e-5,TRUE,FALSE,FALSE
1141,prediction,GROSSCON,5,,,,,,,,,,,,,,,,,,
1142,prediction,GROSSCON,16,1.069,0.38792063618509015,0.7125346020761244,17.91173162171054,1.109516179058169,-0.18716306464577862,1.2350263146383904,0.2895691516121605,0.15278493352042713,-0.13678421809173344,0.5276284875989219,1.65e-5,2.96e-5,0.0398264,2.96e-5,TRUE,FALSE,FALSE
1143,prediction,GROSSCON,15,1.0217,0.9212026314755283,0.9024999999999997,10.441435763422286,1.0425045159441924,-0.015034592160314114,1.0198486470101438,0.5853774725366795,0.5715802031649051,-0.013797269371774452,0.97643013265955525,2.27e-5,4.13e-5,0.7966667,4.13e-5,TRUE,TRUE,TRUE
1144,prediction,GROSSCON,14,1.01,0.9899609433739338,0.9287118168175438,4.037844908823685,1.014249776547003,-0.08714280068163001,1.1349559188348908,0.19192467631068205,0.16740185234118596,-0.02452282396949611,0.8722268316878689,1.11e-5,4.3e-6,0.0076954,4.3e-6,TRUE,FALSE,TRUE
1145,prediction,GROSSCON,24,1.0096,0.9256654309314882,0.8044507511257427,8.183790540385944,1.0183093001659693,-0.1304911219551667,1.201945577721714,0.1713807296693145,0.13564248361395245,-0.03573824605536203,0.7914687017360686,0,2.8e-6,8.974e-4,2.8e-6,TRUE,TRUE,TRUE
1146,prediction,GROSSCON,9,0.999,0.7061591029610791,0.48999999999999994,11.122403144364197,1.0550936623925309,-0.18395520918634886,1.4953125953551618,0.24832623250152167,0.16375758677886496,-0.08456864572265661,0.6594453800923411,2.063e-4,0.0032898,0.1057763,0.0032898,TRUE,TRUE,FALSE
1147,prediction,GROSSCON,6,1.0307,0.9971351520667523,0.5951020408163266,8.155673361489727,1.0633843116272919,-0.08010447603922229,1.1481081312004005,0.4479338842975208,0.3907946921009741,-0.05713919219654666,0.8724383347641665,0.1016592,0.1087553,0.0955134,0.1087553,TRUE,TRUE,FALSE
1148,prediction,GROSSCON,8,0.9895,0.972622610727035,1,7.3960153709630605,1.0206619243875263,-0.05520989855214615,1.0275816256999584,0.30681057234017406,0.2928094793851984,-0.01400109295497566,0.9543656763579451,7.432e-4,2.222e-4,0.560125,2.222e-4,TRUE,TRUE,TRUE
1149,prediction,GROSSCON,4,,,,,,,,,,,,,,,,,,
1150,prediction,GROSSCON,13,1.0405,0.7467657425192895,0.8119792295616471,18.323011567164944,1.0955720212278988,-0.29292347851700684,1.3937713190609768,0.2737919694004307,0.2123303020447911,-0.061461667355639585,0.7755169098267104,1.6e-6,1.2e-5,0.157013,1.2e-5,TRUE,FALSE,FALSE
1162,prediction,GROSSCON,46,0.9941,0.8214081012398644,0.8273895745022921,13.49753766558891,1.0596421534290388,-0.0818922819113463,1.0853398740652356,0.3265302675393189,0.2682832760151904,-0.05824699152412853,0.8216184001468873,0,0,0.0067349,0,TRUE,TRUE,FALSE
1163,prediction,GROSSCON,15,1.0371,0.8046712810449507,0.8035841836734691,9.755242220097077,1.0270092147800443,-0.1391371812757701,1.1903582523866214,0.18813701579629075,0.13539150882653453,-0.05274550696975626,0.7196431188912472,0,7.2e-6,0.0155888,7.2e-6,TRUE,TRUE,TRUE
1164,prediction,GROSSCON,7,1.0513,0.9756462148628304,0.6574675324675323,7.7991380523307035,1.0211572846010573,-0.06478929964181332,1.2152366162589736,0.2478980848792307,0.2035218932127037,-0.04437619166652707,0.8209901795403303,0.0698983,0.1100118,0.0090089,0.1100118,TRUE,TRUE,TRUE
1165,prediction,GROSSCON,4,,,,,,,,,,,,,,,,,,
1166,prediction,GROSSCON,16,1.0264,0.951246915338819,0.9477595155709342,11.189839143281393,1.0418613708380282,-0.05028290228354091,1.1168790804587632,0.4017049649382465,0.36460789706185226,-0.037097067876394114,0.9076509599972287,1.38e-4,5.839e-4,0.199285,5.839e-4,TRUE,TRUE,FALSE
1167,prediction,GROSSCON,12,0.9712,0.9692016972077278,0.9448383784048123,11.282418559739659,1.0484309365814795,-0.052874514734165996,1.099783178244475,0.42749887495798905,0.3911029935229023,-0.036395881435086666,0.9148632111870154,7.31e-5,1.725e-4,0.1743721,1.725e-4,TRUE,TRUE,FALSE
1168,prediction,GROSSCON,14,1.0321,0.4541833907397163,0.41467938654751846,15.345857059099865,1.0353242615149398,-0.3850744850103042,1.7861357992859215,0.1484136505057007,0.05663205315618543,-0.09178159734951533,0.3815825091776856,0,0.0076401,4.975e-4,0.0076401,TRUE,FALSE,FALSE
1169,prediction,GROSSCON,8,1.1239,0.7883881365600082,0.7760770975056691,19.752209601692407,1.1442213084216015,-0.10713421251028199,1.1648543353851037,0.4752444023967202,0.3553582181195555,-0.11988618427716481,0.7477378298985472,0.0023225,0.0016014,0.2408511,0.0016014,FALSE,FALSE,FALSE
1170,prediction,GROSSCON,4,,,,,,,,,,,,,,,,,,
1179,prediction,GROSSCON,25,0.9929,0.9017365402572125,0.6012516958404812,6.390254105056198,1.0101326534105166,-0.09375987162720999,1.2398665196838563,0.13406144617750268,0.10767877309549875,-0.02638267308200396,0.8032046212072617,0,7e-7,0.0077196,7e-7,TRUE,TRUE,TRUE
1182,prediction,GROSSCON,13,1.0017,0.8800816071922261,0.831904359376887,8.879602093956313,1.0206080564569862,-0.1410377655127297,1.2787761243533462,0.18160695932988047,0.14090893253310247,-0.040698026796777954,0.7759005109333286,1e-7,1.3e-6,0.0382098,1.3e-6,TRUE,TRUE,TRUE
1183,prediction,GROSSCON,32,1.0036,0.6815421062005277,0.7520116762344357,18.865190825298868,1.0853195212675872,-0.11288295555477207,1.1545693995351074,0.30099880350396835,0.2028988171586044,-0.09809998634536393,0.6740851285673949,0,0,9.527e-4,0,TRUE,FALSE,FALSE
1184,prediction,GROSSCON,40,1.0018,0.8805317724746619,0.8734830133839279,14.6344391702334,1.046730756031415,-0.07010483176774629,1.1121603822502164,0.346709517965048,0.310823323700768,-0.035886194264280004,0.8964949261418956,0,0,0.053057,0,TRUE,TRUE,FALSE
1185,prediction,GROSSCON,40,1.0264,0.8057640541887716,0.8562325186825255,14.937654688186667,1.0830186985229113,-0.05372505837190525,1.0896051049487312,0.4198247944987642,0.35696926817736035,-0.0628555263214039,0.8502815289972374,0,0,0.0933328,0,TRUE,TRUE,FALSE
1186,prediction,GROSSCON,40,0.9945,0.9329250483185725,0.9211172790694788,8.18793336708927,1.0181525541032477,-0.048242286436265575,1.0482893401941082,0.24605244835888143,0.2268085514777445,-0.01924389688113692,0.9217894517632733,0,0,0.056395,0,TRUE,TRUE,TRUE
1195,prediction,GROSSCON,27,1.0618,0.8433582158457179,0.9280816863234443,16.463376987970562,1.0495861221931024,-0.026565456377402104,1.0390832312599498,0.45161172695449237,0.43022106577919006,-0.021390661175302184,0.9526348411730732,0,0,0.5812215,0,TRUE,FALSE,TRUE
1196,prediction,GROSSCON,27,0.9915,0.8588739415377331,0.6534110685856755,27.35700665361526,1.1425723536433714,-0.13133968246457947,1.1231136249527924,0.46692049837331917,0.3942035049036645,-0.07271699346965461,0.8442625806256319,0,8.6e-6,0.0687929,8.6e-6,TRUE,FALSE,FALSE
1197,prediction,GROSSCON,24,0.9802,0.7763053116115122,0.8656525777325125,13.367674428201418,1.0683098590486593,-0.04343907052714841,1.082689039451884,0.39055828531779446,0.3266973285294317,-0.06386095678836277,0.8364880244791133,0,0,0.1490819,0,TRUE,TRUE,TRUE
1198,prediction,GROSSCON,8,0.9906,0.9364598790152587,0.9070294784580502,6.515094793614487,1.0156533237561776,-0.08370217616793574,1.1239468808193978,0.202736423332717,0.181184035982748,-0.02155238734996896,0.8936925738568509,1.2e-5,7.46e-5,0.322185,7.46e-5,TRUE,TRUE,TRUE
1199,prediction,GROSSCON,11,0.9813,0.9814361142526516,0.9285950413223141,8.800860504075539,1.0218244927188722,-0.015429971215108515,0.9940966259207501,0.4805413227989204,0.4774002044931266,-0.003141118305793909,0.9934633752462781,0.0056872,0.0039427,0.9153348,0.0039427,TRUE,TRUE,TRUE
1200,prediction,GROSSCON,5,,,,,,,,,,,,,,,,,,
1201,prediction,GROSSCON,3,,,,,,,,,,,,,,,,,,
1202,prediction,GROSSCON,4,,,,,,,,,,,,,,,,,,
1203,prediction,GROSSCON,5,,,,,,,,,,,,,,,,,,
1204,prediction,GROSSCON,20,1.0752,0.8992598619758734,0.9225824154064619,17.213110971987813,1.0629234571731696,-0.02587444970953557,1.087525841830049,0.5334815905648785,0.5018342918973062,-0.031647298667572286,0.9406778055189071,0,7e-7,0.478016,7e-7,TRUE,FALSE,TRUE
1205,prediction,GROSSCON,10,1.0018,0.9169756021326931,0.6894031221303946,14.493943587183375,1.064724538028026,-0.10873958868309759,1.1787789530898105,0.3763458903151831,0.3039135473260983,-0.07243234298908484,0.8075378399152332,0.0020737,0.0188031,0.0893124,0.0188031,TRUE,TRUE,FALSE
1206,prediction,GROSSCON,19,0.9487,0.9435586193136095,0.8131609726069562,14.707612396502725,1.051636165867082,-0.09269580704349793,1.1660383936363068,0.32467041055502976,0.26882789580452615,-0.05584251475050359,0.828002451301183,4.97e-5,2.751e-4,0.0168492,2.751e-4,TRUE,TRUE,FALSE
1207,prediction,GROSSCON,18,1.0725,0.9097900903633311,0.7976880399832835,17.182429493763646,1.0600750647536894,-0.0935897073016566,1.1895996251114498,0.36266247738859486,0.33652529210851806,-0.026137185280076778,0.9279297227872001,0,5e-7,0.3603348,5e-7,TRUE,FALSE,FALSE
1208,prediction,GROSSCON,2,,,,,,,,,,,,,,,,,,
1209,prediction,GROSSCON,20,0.9852,0.7761598443589681,0.7269806094182826,13.153585583683642,1.0387933159290932,-0.13959632186493648,1.1983250428562942,0.21899023006618343,0.1557324309553972,-0.06325779911078626,0.7111387156784643,0,2.6e-6,0.0060085,2.6e-6,TRUE,TRUE,FALSE
1210,prediction,GROSSCON,38,1.026,0.6657674435409481,0.6296748226841689,21.394105673712758,1.1074488883200195,-0.18785254018476713,1.2689747899707071,0.29809655975268573,0.18441114842601547,-0.11368541132667033,0.618628905274892,0,0,2.388e-4,0,TRUE,FALSE,FALSE
1211,prediction,GROSSCON,18,1.0271,0.9743504609720108,0.8827844857762449,7.477662522856772,1.035814161571047,-0.07748252412131153,1.1304642713383333,0.3327558363905889,0.2914894545449784,-0.04126638184561042,0.8759860013479311,2.99e-4,0.0010801,0.0160638,0.0010801,TRUE,TRUE,FALSE
1212,prediction,GROSSCON,6,1.0095,0.9759993199713057,0.5951020408163266,8.36293646525396,1.0201925292815326,-0.07298041100403181,1.1531773072413005,0.27876447876447874,0.2438732548944902,-0.03489122386998869,0.874836191380512,0.0021888,0.0067848,0.136827,0.0067848,TRUE,TRUE,TRUE
1213,prediction,GROSSCON,2,,,,,,,,,,,,,,,,,,
1215,prediction,GROSSCON,19,1.1063,0.3651020780496828,0.48228733080504427,21.794705547315743,1.1656967324555825,-0.3230792306338026,1.5039993720701796,0.3134419750098726,0.13420399848784859,-0.17923797652202403,0.4281621773332097,1e-7,8.865e-4,0.0025639,8.865e-4,FALSE,FALSE,FALSE
1216,prediction,GROSSCON,12,0.9916,0.9887278579265393,0.7519194092620669,6.336523577966697,1.0198535311146153,-0.03855408517669099,1.0689435416866826,0.3277396251218241,0.30332261615343054,-0.024417008968393605,0.9254987584753678,9e-7,5.7e-6,0.0358825,5.7e-6,TRUE,TRUE,TRUE
1217,prediction,GROSSCON,30,1.0575,0.7296725817039817,0.7505327126651488,14.105027416337881,1.0706564895403965,-0.13323804441313897,1.1715087997173266,0.30270080884646894,0.22774933036409498,-0.07495147848237406,0.7523908879926722,0,0,0.0096074,0,TRUE,TRUE,FALSE
1218,prediction,GROSSCON,1,,,,,,,,,,,,,,,,,,
1219,prediction,GROSSCON,2,,,,,,,,,,,,,,,,,,
1223,prediction,GROSSCON,1,,,,,,,,,,,,,,,,,,
1224,prediction,GROSSCON,25,1.0077,0.8018668722953176,0.9013857400775446,7.781577211407212,1.0270473178432251,-0.09918231474748769,1.205243903562592,0.21570636053650888,0.1724111390738182,-0.04329522146269069,0.79928630127083,0,0,0.0340049,0,TRUE,TRUE,TRUE
1225,prediction,GROSSCON,5,,,,,,,,,,,,,,,,,,
1226,prediction,GROSSCON,2,,,,,,,,,,,,,,,,,,
1227,prediction,GROSSCON,3,,,,,,,,,,,,,,,,,,
1228,prediction,GROSSCON,1,,,,,,,,,,,,,,,,,,
1229,prediction,GROSSCON,11,1.0891,0.7562757567070647,0.8598347107438016,13.022538352931996,1.081281401347153,-0.0724158803834886,1.179901547139951,0.39220003543137694,0.307654052565728,-0.08454598286564904,0.7844314757068859,7.5e-6,9.16e-5,0.2072786,9.16e-5,TRUE,TRUE,FALSE
1230,prediction,GROSSCON,7,1.0255,0.814103899634159,0.9298469387755098,7.676653195546877,1.025518598267024,-0.15112616929956801,1.2329930786589183,0.18713698824196068,0.13450671848739368,-0.05263026975456697,0.7187607311146947,0.0076752,0.0020468,0.2359956,0.0020468,TRUE,TRUE,TRUE
1231,prediction,GROSSCON,5,,,,,,,,,,,,,,,,,,
1232,prediction,GROSSCON,10,0.9417,0.9402410439776521,0.9053810835629014,6.710392116415975,1.0171277437139006,-0.0829812584917088,1.1647235087845191,0.1801595893981315,0.15494406038927222,-0.02521552900885928,0.8600378192851229,9.99e-5,5.624e-4,0.1314202,5.624e-4,TRUE,TRUE,TRUE
1233,prediction,GROSSCON,20,1.1115,0.7968313101388972,0.806414491390496,12.16395829975287,1.1078661426881038,-0.15975083236996615,1.2330443121240124,0.35255360409063646,0.24983796570883451,-0.10271563838180191,0.708652422808886,3e-7,5e-7,0.0022922,5e-7,FALSE,TRUE,FALSE
1234,prediction,GROSSCON,1,,,,,,,,,,,,,,,,,,
1235,prediction,GROSSCON,5,,,,,,,,,,,,,,,,,,
1236,prediction,GROSSCON,9,1.0216,0.9835882659497451,0.9669444444444444,8.153082284030916,1.0204417393614602,-0.0478693464043158,1.107062138964123,0.3435198035657093,0.32785942569072,-0.01566037787498936,0.9544120085292439,3.83e-5,1.335e-4,0.3740327,1.335e-4,TRUE,TRUE,TRUE
1237,prediction,GROSSCON,28,1.0276,0.8647527546086288,0.8077355749627987,13.401936020615835,1.03408298075397,-0.05716838935954711,1.0752712509430005,0.31678262616100755,0.28683948862685654,-0.02994313753415103,0.9054773366297808,0,0,0.211144,0,TRUE,TRUE,FALSE
1238,prediction,GROSSCON,5,,,,,,,,,,,,,,,,,,
1239,prediction,GROSSCON,6,1.0387,0.94133208862672,1,5.721477347280059,1.0202733512416298,-0.1326281799645116,1.1938981883716893,0.20750782064650672,0.1663207702728217,-0.0411870503736851,0.8015156718172662,5.24e-4,0.0011086,0.1463563,0.0011086,TRUE,TRUE,TRUE
1240,prediction,GROSSCON,10,0.982,0.9699543264213825,0.9759044995408628,4.595223943779177,1.0080127639514669,-0.06758405187900084,1.1323394548691579,0.1794726089486003,0.16158663861831607,-0.017885970330284273,0.9003415037254696,9e-7,3.27e-5,0.1098654,3.27e-5,TRUE,FALSE,TRUE
1241,prediction,GROSSCON,9,0.9881,0.9622454551942737,0.9025,7.703550840502945,1.0278614841682814,-0.0662973049630761,1.1080046809489261,0.289448669201521,0.24690355466224231,-0.04254511453927863,0.8530132660252182,1.014e-4,4.47e-5,0.0980261,4.47e-5,TRUE,TRUE,TRUE
1242,prediction,GROSSCON,10,1.0132,0.9184766784314068,0.6283462224866153,8.282832058259018,1.014919027467323,-0.08896019935426838,1.1890211211125608,0.18754456857618262,0.15021242285495534,-0.03733214572122721,0.800942538594166,2.29e-5,7.398e-4,0.050911,7.398e-4,TRUE,TRUE,TRUE
1243,prediction,GROSSCON,8,1.0107,0.5472273161042841,0.19635685599541025,11.562112523130445,1.0265258751059376,-0.6485731272583041,2.1741844551454452,0.10530078082041137,0.028389411956785262,-0.07691136886362604,0.2696030526611471,0.0035038,0.2151794,8.29e-4,0.2151794,TRUE,TRUE,TRUE
1244,prediction,GROSSCON,20,0.9613,0.8595707967980627,0.869240771100684,20.357625352272866,1.0742506259113216,-0.08923603597865724,1.133273922872204,0.3636919640207113,0.308606731295648,-0.05508523272506335,0.8485387685884461,0,0,0.1052342,0,TRUE,FALSE,FALSE
1245,prediction,GROSSCON,38,1.0239,0.8895017065268366,0.9457096904772908,9.641096954669521,1.0361839916229243,-0.02848961161254616,1.0648564859633431,0.40306544936369226,0.3770170953143197,-0.026048354049372585,0.9353743812810188,0,0,0.2887292,0,TRUE,TRUE,TRUE
1246,prediction,GROSSCON,9,0.965,0.9512591810194514,0.9025,6.345933306301394,1.015536686240627,-0.0531082951976598,1.1097621196232343,0.25407512402551385,0.23670453883664092,-0.017370585188873,0.9316320900934458,3e-6,4.74e-5,0.4289461,4.74e-5,TRUE,TRUE,TRUE
1247,prediction,GROSSCON,27,0.988,0.7867460375176494,0.9102167976213779,12.847690847339537,1.0485901157718909,-0.03531337082808182,1.0585488155854155,0.4089151195201134,0.3733055840909632,-0.0356095354291503,0.9129170487240965,0,0,0.4276661,0,TRUE,TRUE,TRUE
1248,prediction,GROSSCON,9,0.9659,0.9528326838389902,0.7511111111111112,10.474167237728073,1.0310985921073197,-0.13327648715657955,1.1798764424224033,0.251958224543081,0.22119334224334086,-0.03076488229974013,0.8778968920124302,5.26e-5,7.145e-4,0.1477768,7.145e-4,TRUE,TRUE,FALSE
1249,prediction,GROSSCON,9,1.0079,0.896727151866036,0.7285714285714286,7.260946789765252,1.0157128805889575,-0.16228311537788176,1.206588463721309,0.14822455327773135,0.11526778335860419,-0.03295676991912721,0.7776564733011855,1.146e-4,0.0029414,0.0685905,0.0029414,TRUE,TRUE,TRUE
1250,prediction,GROSSCON,37,0.9854,0.9367883785982255,0.8804909664526082,13.84395286854924,1.0542899905275926,-0.10340363741093014,1.1341050997082598,0.3161953170342143,0.2767565490525146,-0.03943876798169961,0.8752708662746197,0,0,0.0194881,0,TRUE,TRUE,FALSE
1251,prediction,GROSSCON,19,0.9659,0.9733354731502696,0.8924360277834089,8.660563300844139,1.0285795613661566,-0.056071296585228976,1.0721657161283367,0.3235288841576392,0.30271801989579855,-0.02081086426184052,0.9356754055637873,0,0,0.1515719,0,TRUE,TRUE,TRUE
1252,prediction,GROSSCON,32,1.0086,0.9039026852997766,0.9186882611932877,10.872824757356968,1.043133948744323,-0.09258289152419862,1.161197593992602,0.2809510451047074,0.23140745692830453,-0.049543588176403044,0.8236575765078974,0,0,0.0045129,0,TRUE,TRUE,FALSE
1253,prediction,GROSSCON,2,,,,,,,,,,,,,,,,,,
1270,prediction,GROSSCON,17,0.9755,0.47292353362439615,0.15033482680541502,20.64434746093524,1.0670642114829834,-0.5494681038768849,2.0694630250160433,0.18765916728791301,0.05867410855412475,-0.1289850587337882,0.3126631616355034,0,0.0124933,2.3e-6,0.0124933,TRUE,FALSE,FALSE
1271,prediction,GROSSCON,1,,,,,,,,,,,,,,,,,,
1274,prediction,GROSSCON,1,,,,,,,,,,,,,,,,,,
1294,prediction,GROSSCON,13,0.9914,0.9622392827922115,0.9430645112463296,9.53604709696182,1.0317278694892218,-0.07341841720006288,1.1177907159159755,0.3319159401717699,0.3032965637257969,-0.028619376445973,0.9137752274531854,1.38e-5,8.81e-5,0.1744058,8.81e-5,TRUE,TRUE,FALSE
1303,prediction,GROSSCON,3,,,,,,,,,,,,,,,,,,
1304,prediction,GROSSCON,10,1.0342,0.7496878203600877,0.6419646865180311,7.028092500261664,1.0031468371407026,0.005235061319395119,1.0205155445351972,0.09883364027010433,0.08788928051311337,-0.01094435975699106,0.8892648320239848,6e-7,3.344e-4,0.5541106,3.344e-4,TRUE,TRUE,TRUE
1310,prediction,GROSSCON,11,1.0177,0.46308929343896343,0.37268576172685763,17.0364034640635,1.062073483616375,-0.4527259856250118,1.6195025781236372,0.18992514922780535,0.08758350564102772,-0.10234164358677751,0.46114748887718876,0,0.0328941,0.0113667,0.0328941,TRUE,FALSE,FALSE
1311,prediction,GROSSCON,7,1.0224,0.8504410458158916,0.7740137221269296,12.915244803922443,1.0382304779893348,-0.21846196549119345,1.1623560679399831,0.20299807386316054,0.16168165947354712,-0.0413164143896133,0.7964689339000116,0.0017748,0.0067728,0.2097001,0.0067728,TRUE,TRUE,FALSE
1312,prediction,GROSSCON,25,1.0214,0.8575560639103342,0.5701020200521253,11.294628319976052,1.0404134377060674,-0.11554026668827148,1.1267666045825215,0.245446692621735,0.19253970226730957,-0.05290699035442531,0.7844461060391558,2.1e-6,2.16e-5,0.0023414,2.16e-5,TRUE,TRUE,FALSE
1313,prediction,GROSSCON,1,,,,,,,,,,,,,,,,,,
1321,prediction,GROSSCON,8,0.9974,0.9891198274721679,0.580498866213152,8.438370125910682,1.0299791561408829,-0.07161448862394881,1.1555348493115736,0.3238462055716819,0.2770500175568136,-0.04679618801486832,0.8554987299225585,0.0390784,0.0624486,0.0133223,0.0624486,TRUE,TRUE,TRUE
1323,prediction,GROSSCON,16,0.9659,0.6339832478190283,0.4799204936202894,14.858707599430875,1.0473382509077047,-0.39108940717225016,1.353381647267022,0.1713671138606614,0.08427586762339873,-0.0870912462372627,0.4917855341365174,0,5.51e-4,9.18e-5,5.51e-4,TRUE,TRUE,FALSE
1324,prediction,GROSSCON,4,,,,,,,,,,,,,,,,,,
1325,prediction,GROSSCON,12,1.1152,0.41093259270118276,0.5992025518341308,11.828925841758439,1.0931238796894776,-0.4949001853238956,1.8102190212277474,0.21064061385445004,0.06024283913283185,-0.15039777472161822,0.28599821292990957,0.0028531,0.0182691,0.0163834,0.0182691,FALSE,TRUE,FALSE
1327,prediction,GROSSCON,13,1.0236,0.8436854863600929,0.7895816304907215,8.963510686468574,1.023301751827744,-0.2435032641368084,1.499338023227219,0.1552617389877394,0.09682535733768695,-0.058436381650052396,0.6236266447159473,1e-7,2.77e-5,0.0015996,2.77e-5,TRUE,TRUE,TRUE
1328,prediction,GROSSCON,48,1.017,0.637073387493852,0.683133718082099,14.877529832923386,1.0612034736816613,-0.09077574665081958,1.08178936111514,0.26167619405402026,0.1850142224835704,-0.07666197157044988,0.7070349794424796,0,0,0.0020538,0,TRUE,TRUE,FALSE
1330,prediction,GROSSCON,51,1.0002,0.6633535440558466,0.868724388447666,14.275537445020984,1.0618542380496263,-0.02804339278077557,1.0842446610454677,0.3692988933327752,0.31985216588038773,-0.04944672745238757,0.8661064835419608,0,0,0.1977264,0,TRUE,TRUE,TRUE
1331,prediction,GROSSCON,15,1.0466,0.6976284559132168,0.6538125518031496,8.874122089230989,1.0314715666385665,-0.17499620398699184,1.4316599854609067,0.18931142978156956,0.12630279218273685,-0.06300863759883267,0.6671693955746203,5.8e-6,0.0011461,0.0370902,0.0011461,TRUE,TRUE,FALSE
1333,prediction,GROSSCON,101,1.0252,0.7877554097313281,0.8313172255660706,11.962824998260059,1.0339189698299607,-0.06095234694463319,1.0829293591595996,0.24982827677233627,0.21036444208560548,-0.03946383468673084,0.8420361570091863,0,0,0.002483,0,TRUE,TRUE,FALSE
1334,prediction,GROSSCON,104,1.044,0.5065474690563646,0.32428639929758424,13.370442979052976,1.0503150903595921,-0.26077292221788273,1.4242866019103926,0.1797842546308273,0.08694411397915423,-0.09284014065167306,0.4836024943212473,0,0,0,0,TRUE,TRUE,FALSE
1335,prediction,GROSSCON,55,0.9968,0.6163311625814138,0.342587323235412,10.030507846764605,1.0236974196755229,-0.19873393529541725,1.3604698090312295,0.13823929693702908,0.07747581825311277,-0.060763478683916274,0.5604471374619672,0,0,0,0,TRUE,TRUE,TRUE
1336,prediction,GROSSCON,18,0.9858,0.9521511978583835,0.8964777951197879,6.123533827315208,1.0112644070151282,-0.03389474401107564,1.085512574303173,0.21902780909344807,0.19730130665940232,-0.021726502434045676,0.9008048223466635,0,0,0.0858638,0,TRUE,TRUE,TRUE
1338,prediction,GROSSCON,34,1.023,0.7542013697743535,0.6318585653804378,12.357453196768226,1.0320812027476765,-0.04726102269667255,1.1404569397904658,0.23709371532523132,0.17155276669700814,-0.06554094862822321,0.7235652217169994,0,0,5.181e-4,0,TRUE,TRUE,TRUE
1339,prediction,GROSSCON,10,0.9846,0.948211994981552,0.7937190082644625,7.039732181184305,1.0134215228493608,-0.06237699067384223,1.1332209354898943,0.2070994063028291,0.17868363237798845,-0.02841577392484066,0.8627916205453048,2.3e-6,1.077e-4,0.0915566,1.077e-4,TRUE,TRUE,TRUE
1341,prediction,GROSSCON,23,0.9829,0.9785956325569938,0.8946494639049545,6.199671070839133,1.0081889345367676,-0.018152891371094482,1.031634903077375,0.2488959409443322,0.23550771058043032,-0.013388230363901875,0.9462095271095796,1e-7,3e-7,0.1470289,3e-7,TRUE,TRUE,TRUE
1342,prediction,GROSSCON,9,1.0422,0.9500331019030055,0.9344444444444444,6.988466533951108,1.0161513463050478,-0.09279119147794589,1.1280762964132578,0.19500331638293167,0.16471439361291798,-0.03028892277001371,0.8446748325524128,5.6e-4,2.346e-4,0.1419444,2.346e-4,TRUE,TRUE,TRUE
1343,prediction,GROSSCON,3,,,,,,,,,,,,,,,,,,
1345,prediction,GROSSCON,18,1.0073,0.4999101556374076,0.4700423884212233,18.133775446671653,1.1022947514861945,-0.3046154424368904,1.3248380463956968,0.27679335207136735,0.1480367526039152,-0.12875659946745216,0.5348277026745425,0,0.0014651,0.0065199,0.0014651,TRUE,FALSE,FALSE
1346,prediction,GROSSCON,38,1.0368,0.6057716371235755,0.7444888093374951,11.047934971096057,1.0390705151256425,-0.11751343016876946,1.3097621820607657,0.20667050028752157,0.14424371213463036,-0.06242678815289121,0.69794049917118,0,1.1e-6,0.0112015,1.1e-6,TRUE,TRUE,FALSE
1347,prediction,GROSSCON,14,1.0431,0.19268098039220335,0.7818702531337824,18.254860707791778,1.1070229569941923,-0.32288089790987723,1.1643362926374823,0.20594190493676165,0.0987283562648578,-0.10721354867190376,0.47939906302786806,0.0175604,2.76e-5,0.2052326,2.76e-5,TRUE,FALSE,FALSE
1348,prediction,GROSSCON,5,,,,,,,,,,,,,,,,,,
1349,prediction,GROSSCON,21,0.9953,0.996246400611406,0.698239956496058,7.8231696030047875,1.025507994191223,-0.026222940245057266,1.0336627238331204,0.48186647375057257,0.46310391709308374,-0.01876255665748887,0.961062747297084,0.0029337,0.0038535,0.088899,0.0038535,TRUE,TRUE,TRUE
1350,prediction,GROSSCON,27,1.0138,0.6050034803789908,0.6712633681106406,15.34795349313427,1.08188654345312,-0.2318195215046371,1.3174838887638907,0.26815734794106527,0.17256257947728745,-0.09559476846377787,0.64351240345356,0,1e-7,0.0037856,1e-7,TRUE,FALSE,FALSE
1351,prediction,GROSSCON,21,0.9925,0.9488267319724257,0.9011431277056274,10.232861033523633,1.0192922950004777,-0.025230169290909245,1.0712783607440401,0.3198495242310247,0.2970964436819644,-0.02275308054906036,0.9288631721314491,0,0,0.1696237,0,TRUE,TRUE,TRUE
1361,prediction,GROSSCON,12,1.0293,0.5300318490207967,0.6355322998679643,18.709142012631,1.104199011080876,-0.17076579919137785,1.1143310672907318,0.31280622672676883,0.1935349193749019,-0.11927130735186696,0.6187054567297714,1.07e-5,4.073e-4,0.0856245,4.073e-4,TRUE,FALSE,FALSE
1362,prediction,GROSSCON,5,,,,,,,,,,,,,,,,,,
1363,prediction,GROSSCON,65,1.0255,0.9200636700523795,0.793693524283251,13.805698789813809,1.0554863340146345,-0.05857597354436824,1.1321063846105723,0.35475699048257764,0.3009506680355918,-0.05380632244698593,0.8483290706300305,0,0,7.542e-4,0,TRUE,TRUE,FALSE
1364,prediction,GROSSCON,32,1.0228,0.9702113496775374,0.8111553154255172,15.330764844578216,1.0464986661036355,-0.04714176516878092,1.1488842759122366,0.49620402471345254,0.4701134773561688,-0.026090547357283764,0.9474197183863021,2e-7,5.2e-6,0.209429,5.2e-6,TRUE,FALSE,TRUE
1365,prediction,GROSSCON,37,0.9869,0.9624174779181989,0.8683529532104377,8.606526039556133,1.017510590325967,-0.040890025271750854,1.0352346209463814,0.27264024460429326,0.2537072266534176,-0.01893301795087565,0.9305567746304119,0,0,0.0369445,0,TRUE,TRUE,TRUE
1366,prediction,GROSSCON,44,0.9759,0.8919135961730185,0.739951684529022,10.285475122865178,1.022344144285551,-0.04381408764151308,1.0620642931975284,0.2591982148428626,0.22740337175056038,-0.03179484309230212,0.8773338654682571,0,0,0.0326967,0,TRUE,TRUE,TRUE
1367,prediction,GROSSCON,87,1.0154,0.779912361143536,0.7902260695872069,12.316935097635778,1.0367747532396627,-0.1001453442549066,1.1357768358530704,0.23934880848926304,0.19111914858342693,-0.04822965990583608,0.7984963442673686,0,0,4.56e-5,0,TRUE,TRUE,FALSE
1368,prediction,GROSSCON,41,1.021,0.6663004918339716,0.7273731659353784,17.295156878543164,1.064099762014462,-0.11889769067309934,1.1839015484540092,0.2527729757736875,0.18130307209781812,-0.07146990367586943,0.7172565482638549,0,0,0.0020792,0,TRUE,FALSE,FALSE
1369,prediction,GROSSCON,40,1.0291,0.9328553230479882,0.8994633429929468,10.771584856013298,1.0427118165227458,-0.04577544903372835,1.0795148521343476,0.3604491971386821,0.318263041244445,-0.04218615589423719,0.8829622697758257,0,2e-7,0.0247133,2e-7,TRUE,TRUE,TRUE
1370,prediction,GROSSCON,40,1.0186,0.8346363044978506,0.8772410711544897,11.365706563002506,1.0272894035461508,-0.08304984679323893,1.0821161653241878,0.2208826416583385,0.19094857617625052,-0.02993406548208788,0.8644797741581249,0,0,0.0374621,0,TRUE,TRUE,TRUE
1371,prediction,GROSSCON,28,0.9934,0.726177181400391,0.7051877698299199,15.77305635373992,1.038695053407989,-0.14944285268853832,1.270353717084842,0.1995976345644981,0.13827791490265473,-0.06131971966184336,0.6927833348544602,0,0,8.03e-4,0,TRUE,FALSE,FALSE
1372,prediction,GROSSCON,12,1.0116,0.34695004654615186,0.2750745757738766,15.221658093003976,1.0538266236994485,-0.29377303820187806,1.1372105410321487,0.1825408295996531,0.08013152986825657,-0.10240929973139654,0.43897866600037017,2.26e-4,0.0152101,0.0374,0.0152101,TRUE,FALSE,FALSE
1374,prediction,GROSSCON,8,0.8471,0.9900119700159361,0.8067986230636834,42.06015127499844,1.2666877394469354,-0.1003121303331266,1.1236357791494427,0.6627502396604199,0.5945615101172743,-0.06818872954314575,0.8971124784834719,0.0127446,0.0158725,0.0766998,0.0158725,FALSE,FALSE,FALSE
1376,prediction,GROSSCON,8,0.9837,0.9665433861178494,0.47675736961451276,7.072972712473767,1.0049759606099693,3.2221556393306755e-4,0.9994990629619811,0.2614966355844127,0.23686550679223908,-0.02463112879217348,0.9058070910276689,0.0037299,0.01167,0.2598217,0.01167,TRUE,TRUE,TRUE
1377,prediction,GROSSCON,5,,,,,,,,,,,,,,,,,,
1378,prediction,GROSSCON,13,0.9158,0.9067305853808669,0.9565269894940226,19.648719963343257,1.0243056723624364,-0.06345120896441139,0.9263399196509937,0.3159527275247799,0.3258378061683692,0.009885078643589295,1.0312865748019662,0,0,0.7544334,0,TRUE,FALSE,TRUE
1379,prediction,GROSSCON,14,0.9898,0.7900027537141207,0.7363121460037758,13.689246279385817,1.0454196722201858,-0.15618375468253956,1.3215111647031783,0.23160761810397454,0.1581711906463197,-0.0734364274576548,0.6829274094745569,0,5.98e-5,0.0117375,5.98e-5,TRUE,TRUE,FALSE
1380,prediction,GROSSCON,7,0.9615,0.9945159537229358,0.7971938775510201,11.637256383410262,1.0715218197045553,-0.08377734969452827,1.1106373395854998,0.5020667257159727,0.4587248046330065,-0.04334192108296617,0.9136729863522459,0.016854,0.0248702,0.0305986,0.0248702,TRUE,TRUE,FALSE
1381,prediction,GROSSCON,17,0.94,0.9875775111975006,0.8904327662437526,16.532308575974568,1.0435138764456982,-0.03428122233573387,1.0425537773007494,0.6127977896681318,0.597627311209962,-0.015170478458169668,0.9752439080004104,0.0044721,0.0038334,0.5924435,0.0038334,TRUE,FALSE,TRUE
1382,prediction,GROSSCON,13,1.0248,0.9886737813025509,0.9296642583935404,8.875860745555883,1.0361301787600332,-0.052342731467229134,1.1482006197720587,0.4547475278527302,0.42319556148445897,-0.031551966368271185,0.930616519198562,0.0010802,0.0029946,0.0586496,0.0029946,TRUE,TRUE,FALSE
1383,prediction,GROSSCON,11,1.0058,0.8422781401487881,0.8979659609796596,11.139634656771957,1.0213841520210418,-0.06327133980484846,1.0850383633181575,0.2111933141526236,0.19207234056648845,-0.019120973586135237,0.9094622210799858,2.4e-6,3.85e-5,0.4778516,3.85e-5,TRUE,TRUE,TRUE
1384,prediction,GROSSCON,27,0.9927,0.6908590059189194,0.6811919754039484,19.623673346852637,1.0761933631149854,-0.22339160971390318,1.332356942101446,0.2532775646267061,0.16174217798265023,-0.09153538664405585,0.638596546129281,0,1e-7,2.056e-4,1e-7,TRUE,FALSE,FALSE
1385,prediction,GROSSCON,4,,,,,,,,,,,,,,,,,,
1386,prediction,GROSSCON,31,1.0361,0.9757616896462009,0.8157816383427244,16.31689130132167,1.061003588801522,-0.05394725479919356,1.0695266884839514,0.5234769659746078,0.5012943110026499,-0.022182654971957916,0.9576243914941731,3e-7,3.4e-6,0.2641072,3.4e-6,TRUE,FALSE,FALSE
1387,prediction,GROSSCON,29,0.982,0.9427689233614419,0.9616992343232877,16.57731048180651,1.039329979781982,-0.04455750980008403,1.063499084583609,0.43146325168061794,0.426457894401143,-0.005005357279474781,0.98839911102515,0,0,0.8181894,0,TRUE,FALSE,TRUE
1388,prediction,GROSSCON,19,0.9747,0.9767918693185993,0.8809633733456449,14.480066396968535,1.0458096077320091,-0.04077088078047637,1.065147805373189,0.5339653774086192,0.5129784300024972,-0.020986947406122104,0.9606960520399775,8.302e-4,0.00169,0.4614092,0.00169,TRUE,TRUE,TRUE
1389,prediction,GROSSCON,18,1.0045,0.9259678488859141,0.963193359468604,17.44088024752919,1.0785006869865084,-0.06005262203031246,1.1347230269883963,0.46660063709970295,0.4217594878611287,-0.04484114923857428,0.9038982254347145,1.7e-6,2.69e-5,0.2106161,2.69e-5,TRUE,FALSE,FALSE
1390,prediction,GROSSCON,9,0.9673,0.995316528702405,0.9669444444444444,12.528840631439383,1.0203648287218563,-0.034348837868282696,1.0349396304706975,0.5610198956315429,0.5639897458066457,0.0029698501751028853,1.0052936628419564,0.017544,0.0182805,0.8823319,0.0182805,TRUE,TRUE,TRUE
1391,prediction,GROSSCON,18,0.9995,0.8334720125457276,0.7811751059710531,15.280428527206025,1.0444407321942093,-0.048807927477591974,1.1361167330175719,0.31470405426621667,0.2637865032541573,-0.050917551012059414,0.838204972825082,0,3.9e-6,0.1011211,3.9e-6,TRUE,FALSE,TRUE
1392,prediction,GROSSCON,22,1.0108,0.9267366772523574,0.9014540605550186,14.462761791740544,1.0618035943194262,-0.04606116514837282,1.0886123199276174,0.5035801489728878,0.471804618759309,-0.03177553021357899,0.9369007490100855,4e-7,2.5e-6,0.3733962,2.5e-6,TRUE,TRUE,TRUE
1393,prediction,GROSSCON,7,0.9755,0.9993977192142934,0.9999999999999996,2.123170895856702,1.0003682256865833,3.245248470022364e-4,1.005031094655009,0.48381346836687883,0.48207297429952334,-0.0017404940673555044,0.9964025514353069,6.779e-4,7.011e-4,0.7653255,7.011e-4,TRUE,FALSE,TRUE
1394,prediction,GROSSCON,19,1.088,0.6837792302950655,0.8089740622444412,12.586948014182283,1.0653447696104448,-0.12076479101194179,1.1520625963398563,0.28361817569724074,0.19364867094762211,-0.08996950474961866,0.6827794815038223,0,6.5e-6,0.0211646,6.5e-6,TRUE,TRUE,FALSE
1395,prediction,GROSSCON,12,0.9864,0.8344141275898956,0.8780869480170181,16.304536803334663,1.0704943653813441,-0.12636627563305605,1.179742648527218,0.3225886836142814,0.2751883469798208,-0.0474003366344606,0.8530626179958095,1.011e-4,2.8e-6,0.3264231,2.8e-6,TRUE,FALSE,FALSE
1396,prediction,GROSSCON,18,1.0124,0.823813066838199,0.46299008946771414,10.672686983986333,1.0332097196628918,-0.1492878008839581,1.331521129879669,0.210597549262159,0.14475982144561733,-0.06583772781654171,0.6873765718204793,5.3e-6,0.0027493,0.0043413,0.0027493,TRUE,TRUE,FALSE
1397,prediction,GROSSCON,19,1.0315,0.8408839238340554,0.8202208770389539,21.853954782848,1.1262500808730913,-0.13908859234853282,1.1420035293545878,0.40362222104740386,0.3226435150231959,-0.08097870602420805,0.7993700500084772,1e-7,8e-7,0.0557593,8e-7,TRUE,FALSE,FALSE
1398,prediction,GROSSCON,6,1.0001,0.9362730433061719,0.7844897959183674,8.553846586166665,1.0088848761056155,-0.006681552354468224,1.0715191101598864,0.27769784172661865,0.24693089382940017,-0.030766947897218483,0.8892071047224513,0.0025103,0.019003,0.4061311,0.019003,TRUE,TRUE,TRUE
1399,prediction,GROSSCON,21,1.0984,0.4601307712787642,0.7234392264202006,14.020925554192095,1.108904090123284,-0.22022596664608707,1.3138099923871789,0.29103596324036834,0.16286221263929357,-0.1281737506010749,0.5595948034256668,4.8e-6,8.44e-5,0.0237588,8.44e-5,TRUE,TRUE,FALSE
1400,prediction,GROSSCON,6,0.9608,0.9925383621854648,0.6865306122448979,12.03602043285673,1.007444201539314,-0.022230961803690517,1.2254895032953672,0.5018733761794067,0.4798805623780225,-0.0219928138013841,0.9561785604791229,0.0887642,0.1320309,0.5102397,0.1320309,TRUE,TRUE,TRUE
1401,prediction,GROSSCON,10,0.9881,0.9822373300467204,0.9521028466483009,9.312086034685908,1.0212134952245275,-0.04028617316802848,1.0321347566987902,0.3813443072702333,0.3751948094396058,-0.006149497830627351,0.9838741585664486,1e-7,1e-6,0.7420341,1e-6,TRUE,TRUE,TRUE
1402,prediction,GROSSCON,25,1.0037,0.9833787276997896,0.9513751479289944,11.052928049662265,1.022830709170807,-0.015987488704300036,1.0262295350808923,0.5213467988465207,0.5129148069917983,-0.008431991854722333,0.9838265203250923,2.37e-5,4.41e-5,0.6610995,4.41e-5,TRUE,TRUE,TRUE
1403,prediction,GROSSCON,24,1.0344,0.3802760102253631,0.6539886578449902,15.43228450298127,1.067472647188855,-0.19478181639660977,1.3720916935835614,0.2253295819920253,0.12727674982203727,-0.09805283216998795,0.5648470506928016,1e-7,2.4e-6,0.0187762,2.4e-6,TRUE,FALSE,FALSE
1404,prediction,GROSSCON,9,0.9624,0.8770766273472972,0.9586134453781513,9.732136952093656,1.0256380581415672,-0.06437488152838414,1.1090941959707152,0.24756216479765966,0.1990100438761227,-0.04855212092153697,0.8038790743277746,3e-6,1.73e-5,0.1530585,1.73e-5,TRUE,TRUE,TRUE
1405,prediction,GROSSCON,12,1.0265,0.7791489153158438,0.7519194092620669,12.969730829672041,1.0590608858343493,-0.12524271441719223,1.2200429105584238,0.2787524503679511,0.21150438523081308,-0.06724806513713796,0.7587534565225487,7.03e-5,8.92e-5,0.1449854,8.92e-5,TRUE,TRUE,FALSE
1406,prediction,GROSSCON,24,1.0521,0.8764161770882984,0.7564725684134879,13.077549910947797,1.0354885498643658,-0.08210074759196975,1.1699987121814974,0.2656891919880433,0.2237598530750709,-0.041929338912972465,0.8421865089835521,0,1e-7,0.0302349,1e-7,TRUE,TRUE,FALSE
1407,prediction,GROSSCON,26,1.009,0.9802424524992059,0.7958751037684005,12.579330730544108,1.0385653813337208,-0.07193383197309934,1.1470731287413252,0.395156661415135,0.3734601534829119,-0.021696507932223247,0.9450939081868857,2.44e-5,1.112e-4,0.1607901,1.112e-4,TRUE,TRUE,FALSE
1408,prediction,GROSSCON,42,1.0086,0.9522082300815851,0.8819050899080975,15.044274391139773,1.0461117046070985,-0.052649322523855076,1.0637692953849345,0.3978234107424992,0.3687411061579387,-0.02908230458456055,0.9268964475210711,0,0,0.0868719,0,TRUE,FALSE,FALSE
1409,prediction,GROSSCON,32,0.9932,0.83836681635572885,0.847054445731673,14.94765985906166,1.0431638084573072,-0.07046066216169036,1.1028934256834049,0.2917110349307833,0.2526947267870894,-0.03901630814369406,0.8662501466461434,0,0,0.073361,0,TRUE,TRUE,FALSE
1410,prediction,GROSSCON,17,1.0079,0.9663252324974752,0.8766099577085739,9.70545689886848,1.0371273857919503,-0.07878446943599168,1.107710495586293,0.31815856007705284,0.28057288900256766,-0.037585671074485176,0.8818649698899108,2.6e-6,7.2e-6,0.0331883,7.2e-6,TRUE,TRUE,FALSE
1411,prediction,GROSSCON,38,1.0466,0.7145641593306846,0.8300680650872893,17.155439034888452,1.0602406670506268,-0.05811391859406916,1.10116982630314,0.33641092212671875,0.2769844344510463,-0.05942648767567261,0.8233514913844325,0,0,0.0504534,0,TRUE,FALSE,FALSE
1412,prediction,GROSSCON,5,,,,,,,,,,,,,,,,,,
1413,prediction,GROSSCON,26,1.0169,0.9199303266007985,0.8404084090404199,15.771257411979636,1.0592047391874246,-0.06958020151188309,1.040660347014268,0.4036956319634972,0.3773757360631281,-0.026319895900369168,0.9348026240156366,0,0,0.297435,0,TRUE,FALSE,FALSE
1414,prediction,GROSSCON,4,,,,,,,,,,,,,,,,,,
1417,prediction,GROSSCON,13,1.0266,0.9411721991874319,0.5832930805458278,11.286623299261676,1.0264772100492168,-0.030369555615519177,1.065065753561994,0.31055967591629885,0.2760942357963888,-0.03446544011991004,0.8890215221334821,3.5e-6,2.033e-4,0.1460466,2.033e-4,TRUE,TRUE,TRUE
1418,prediction,GROSSCON,7,1.1008,0.863180967150395,0.6173469387755098,12.9686878101271,1.033816418196384,-0.08548073780099595,1.143115507037352,0.2726721874368814,0.22654436704110323,-0.0461278203957782,0.8308304897929643,3.89e-5,0.0070618,0.3096337,0.0070618,FALSE,TRUE,FALSE
1421,prediction,GROSSCON,23,0.9984,0.934972275664315,0.7424580918308361,10.612684869375208,1.0234957029287233,-0.05299995777717653,1.065574648154532,0.2809893095221575,0.2505831867419891,-0.030406122780168486,0.8917890405443673,0,0,0.058773,0,TRUE,TRUE,TRUE
1424,prediction,GROSSCON,7,1.0292,0.9822228282630754,0.8622448979591831,4.527751337874022,1.0177253352605038,-0.024178101394692116,1.0208610980391233,0.40277275467148865,0.3808394893517779,-0.021933265319710755,0.9455443173220595,0.0035384,0.0046264,0.4246461,0.0046264,TRUE,FALSE,TRUE
1425,prediction,GROSSCON,7,0.9629,0.9136178190463086,0.7795454545454543,7.404270108868602,1.0148780077614248,-0.11017040261290444,1.1333466504567444,0.1857019562715765,0.1507515616783195,-0.03495039459325698,0.8117930726473099,7.88e-5,0.0034942,0.1518788,0.0034942,TRUE,TRUE,TRUE
1426,prediction,GROSSCON,1,,,,,,,,,,,,,,,,,,
1427,prediction,GROSSCON,53,1.0309,0.8279720998780623,0.7142976171121855,16.19753136905299,1.0619742569818214,-0.10390340949716896,1.1156216291951857,0.3177672494254847,0.2597899767139622,-0.05797727271152252,0.8175479920717322,0,0,0.0053936,0,TRUE,FALSE,FALSE
1428,prediction,GROSSCON,34,1.0175,0.8036854366673923,0.8393556480041984,13.020014360933457,1.0496933386618712,-0.05937638977988428,1.1068838293075904,0.3338964153742444,0.28544622758101956,-0.04845018779322489,0.8548945554299529,0,0,0.1025254,0,TRUE,TRUE,FALSE
1429,prediction,GROSSCON,18,1.0418,0.8584869457709313,0.7604415944858198,10.987349141345797,1.0289881214878163,-0.11448567589547559,1.215216928432735,0.21903413352652126,0.16996831659141096,-0.04906581693511024,0.7759900881879256,1e-7,1.89e-5,0.0205064,1.89e-5,TRUE,TRUE,TRUE
1431,prediction,GROSSCON,21,0.9897,0.8101567087334165,0.7097748580204718,11.502175601811082,1.0241749266759719,-0.2134836238011642,1.291691438488971,0.1578444881889764,0.10906200150698454,-0.0487824866819919,0.6909458971821175,0,3e-7,0.0016795,3e-7,TRUE,TRUE,TRUE
1432,prediction,GROSSCON,26,1.0339,0.9394026002780104,0.9169830882119018,8.510075696166968,1.0221762261846168,-0.03998544523876515,1.0374029269310685,0.30124938514510574,0.27755738285789583,-0.023692002287209947,0.9213541887370229,0,0,0.1219367,0,TRUE,TRUE,TRUE
1433,prediction,GROSSCON,15,1.0483,0.8678043321732848,0.8586917562724015,9.304112084464348,1.0328777466604138,-0.12604977350802998,1.2172385958553116,0.22688920772399992,0.17290777648307654,-0.05398143124092351,0.7620802162322797,3e-7,1e-5,0.0240071,1e-5,TRUE,TRUE,FALSE
1436,prediction,GROSSCON,1,,,,,,,,,,,,,,,,,,
1437,prediction,GROSSCON,6,1.0076,0.9215290282927667,0.5951020408163266,7.7995203816653165,1.012571174425481,-0.11052161878176157,1.29144443754847,0.16268389137255784,0.13082974072757547,-0.03185415064498245,0.8041960370124529,0.0119858,0.0193242,0.2334829,0.0193242,TRUE,TRUE,TRUE
1438,prediction,GROSSCON,20,1.0282,0.43442283299920365,0.29047113963755694,9.720344301624952,1.0139811911808838,-0.1879232689763607,1.1843741812623305,0.10345940754669779,0.054316840990537185,-0.04914256655616057,0.5250063022642049,0,0.0019736,0.0038557,0.0019736,TRUE,TRUE,TRUE
1439,prediction,GROSSCON,10,0.9958,0.9687121864639486,0.9342572062084258,5.120284788498945,1.0082336644089729,-0.0430218320444656,1.131234502390673,0.2069422498335866,0.19181419528841712,-0.015128054545169505,0.9268972162169165,0.0012241,0.0034398,0.3112062,0.0034398,TRUE,TRUE,TRUE
1440,prediction,GROSSCON,13,1.0227,0.9329899358047306,0.6260113512860767,9.328754206901861,1.0321685873040207,-0.08010797838238837,1.1553595526546383,0.2535349140743964,0.2030410700609212,-0.05049384401347514,0.8008406684427752,1.333e-4,1.046e-4,0.0486056,1.046e-4,TRUE,TRUE,FALSE
1441,prediction,GROSSCON,17,1.0267,0.646397492769114,0.6263323818470877,10.208481826469516,1.026567977989411,-0.3407387744408031,1.5443321065913826,0.13815098960415834,0.07444846014538074,-0.06370252945877762,0.5388919786872077,0,3.38e-5,8.422e-4,3.38e-5,TRUE,TRUE,TRUE
1443,prediction,GROSSCON,25,0.9988,0.9204092527807592,0.9241721668097197,8.810388128982511,1.0275724234214685,-0.04593933182710113,1.0790278029550409,0.27439875522075474,0.24177336487584758,-0.03262539034490724,0.8811022655016776,0,0,0.0664446,0,TRUE,TRUE,TRUE
1444,prediction,GROSSCON,45,1.0267,0.8283383007448244,0.8636881826715122,12.387179903212454,1.045526172680692,-0.0829652182707618,1.1104066665341752,0.29130310530696196,0.24606353826790842,-0.04523956703905347,0.8446993313326263,0,0,0.018176,0,TRUE,TRUE,FALSE
1445,prediction,GROSSCON,12,0.9944,0.9569060809615211,0.8877561035455773,7.483792425833941,1.0148783457924897,-0.060936542905610735,1.0856534036675716,0.24315241135943536,0.2328677494027896,-0.010284661956645697,0.9577028173434707,5e-7,2.46e-5,0.5249526,2.46e-5,TRUE,TRUE,TRUE
1446,prediction,GROSSCON,60,1.0065,0.9204362429734723,0.7924774898177779,10.976041735472236,1.0339267916463095,-0.05763555402508484,1.1042294095448961,0.3298724514767882,0.29896532298426876,-0.030907128492519552,0.9063058210706806,0,0,0.0206097,0,TRUE,TRUE,FALSE
1447,prediction,GROSSCON,48,0.9923,0.5640396639452824,0.672608442051423,13.499462006203913,1.0678636157840038,-0.09679782237202551,1.159645015238004,0.2663677931668925,0.19565827919327794,-0.07070951397361455,0.7345418035231025,0,0,0.0394547,0,TRUE,TRUE,FALSE
1448,prediction,GROSSCON,35,1.0321,0.8952940042699425,0.8895078815840063,9.552454632717271,1.0342329114424085,-0.06765465371891492,1.1051513180822392,0.26988568386132367,0.23061872511968715,-0.03926695874163643,0.8545052179877272,0,0,0.0304709,0,TRUE,TRUE,FALSE
1450,prediction,GROSSCON,21,1.0274,0.701061987791124,0.8821835440766623,17.352520481454395,1.1097295700221024,-0.058381629192441345,1.1136518706068301,0.4231621476962446,0.336055078869982,-0.08710706882626276,0.7941520306093393,2e-7,5e-7,0.1432304,5e-7,TRUE,FALSE,FALSE
1451,prediction,GROSSCON,35,1.1077,0.1623356496127449,0.5109476208527682,16.76229724912604,1.1784581639180016,-0.32437295901267793,1.3670162713803362,0.2950585414368027,0.10693796086800753,-0.1881205805687953,0.36242963971579195,4.1e-6,6.8e-6,0.003369,6.8e-6,FALSE,FALSE,FALSE
1452,prediction,GROSSCON,17,0.9965,0.9633951188920061,0.6243433370294291,8.51570006723825,1.0196644595498547,-0.06903233844006158,1.0955156869620422,0.23904688700999233,0.20582751629544582,-0.033219370714546566,0.8610340794224278,3.13e-5,1.898e-4,0.0080151,1.898e-4,TRUE,TRUE,TRUE
1453,prediction,GROSSCON,35,1.0957,0.1192960712519934,0.3338199686654323,19.61817152219233,1.1332293827142526,-0.44766271009708714,1.8133156766147631,0.2500641553016292,0.07436680145524469,-0.17569735384638444,0.29739088901223343,0,2.771e-4,6.98e-5,2.771e-4,TRUE,FALSE,FALSE
1456,prediction,GROSSCON,12,1.0329,0.5756283295768823,0.4229546677099126,12.230789390421876,1.0286649316238592,-0.09560708288457072,1.438710242563147,0.16790066567448578,0.08995667144385255,-0.07794399423063321,0.5357731673217685,1.6e-6,0.0124777,0.0151572,0.0124777,TRUE,TRUE,TRUE
1458,prediction,GROSSCON,20,1.0483,0.5576222833070221,0.6147318597699066,11.551577931661912,1.0276931897331416,-0.22613249403575206,1.4565200426238327,0.15438068345791914,0.0871530217876386,-0.06722766167028055,0.564533203478106,0,9.79e-4,0.0029492,9.79e-4,TRUE,TRUE,TRUE
1460,prediction,GROSSCON,20,1.0207,0.9383843572613777,0.6940267963140936,5.9196108681468145,1.0108371549750907,-0.042172358084316706,1.0616174775408511,0.1883454644964167,0.1663742708522996,-0.02197119364411706,0.8833463088539889,2.45e-5,5.06e-5,0.1154533,5.06e-5,TRUE,TRUE,TRUE
1466,prediction,GROSSCON,16,0.991,0.9648828816960779,0.7061444165294986,10.96454939700449,1.0196230690245514,-0.040039199009761696,1.05436293935978,0.3236211031175061,0.3006051927783053,-0.02301591033920071,0.9288800695706059,0,1.9e-6,0.1672029,1.9e-6,TRUE,TRUE,TRUE
1467,prediction,GROSSCON,6,1.0675,0.9294313811792314,0.8889795918367347,6.495774689691522,1.002394768528234,-0.00786099190868312,1.1320843010464348,0.1685636856368564,0.15369621796954047,-0.014867467667315929,0.9117991066038648,0.0201558,0.0809946,0.5979416,0.0809946,TRUE,TRUE,TRUE
1468,prediction,GROSSCON,2,,,,,,,,,,,,,,,,,,
1469,prediction,GROSSCON,12,1.043,0.2493701373436072,0.5913151673510015,9.872281677813394,1.0512648878931472,-0.3003361931668817,0.8762691684958022,0.1572313749322904,0.08547507780982862,-0.07175629712246187,0.5436260914632165,0.0112471,1.641e-4,0.2396636,1.641e-4,TRUE,TRUE,FALSE
1471,prediction,GROSSCON,26,1.0321,0.43307033263874023,0.8765236708875558,8.702084058503228,1.0739806083217052,-0.0834848202800281,1.176769706871184,0.2922579456612092,0.21100749302083452,-0.08125045264037473,0.7219906119008936,2e-7,0,0.1308782,0,TRUE,TRUE,FALSE
1472,prediction,GROSSCON,6,0.9793,0.6833170177513455,0.6588235294117647,4.425915417363938,1.002700344469617,-0.10680712787068643,1.2047570486084418,0.06335362843508308,0.045324533041693905,-0.018029095393389157,0.7154212656996727,0.0025274,0.0581128,0.3308431,0.0581128,TRUE,FALSE,TRUE
1473,prediction,GROSSCON,24,1.0561,0.5994696449816581,0.7432406251182505,15.0476188413917,1.0922779663800604,-0.06945685468516906,1.122483393537502,0.3476998355499138,0.26702307250998936,-0.08067676303992459,0.7679700857139372,1.486e-4,1.5e-6,0.2350402,1.5e-6,TRUE,FALSE,FALSE
1483,prediction,GROSSCON,36,1.0352,0.8421498950640967,0.8742870129656919,10.154008882708993,1.038723194817535,-0.048205611051868505,1.0464902381066843,0.31157132360659173,0.2644847315095506,-0.04708659209704112,0.8488737938010773,0,0,0.0383175,0,TRUE,TRUE,TRUE
1484,prediction,GROSSCON,5,,,,,,,,,,,,,,,,,,
1487,prediction,GROSSCON,7,1.0617,0.7372191482934185,0.8779220779220774,10.004483606941882,1.0338174011042738,-0.12821643707749045,1.1926555968305772,0.20446554149085797,0.15023277076662936,-0.054232770724228566,0.7347583835946587,0.017347,0.0034854,0.3608174,0.0034854,TRUE,TRUE,FALSE
1489,prediction,GROSSCON,27,1.0197,0.21424236331910035,0.5171164075477332,11.290252133987286,1.0362922845449056,-0.33222716832976357,1.2356947906625664,0.13884221994000634,0.06721339281415795,-0.0716288271258484,0.4840990935120518,4e-7,3.78e-5,0.0135833,3.78e-5,TRUE,TRUE,FALSE
1491,prediction,GROSSCON,5,,,,,,,,,,,,,,,,,,
1492,prediction,GROSSCON,2,,,,,,,,,,,,,,,,,,
1493,prediction,GROSSCON,7,0.9752,0.991808126945752,0.9298469387755098,7.533641743715511,1.036134175721017,-0.04439602243982569,1.0409901494762452,0.4758789860997545,0.4635404202837081,-0.012338565816046424,0.974072051558377,4.82e-5,2.871e-4,0.5407073,2.871e-4,TRUE,TRUE,TRUE
1494,prediction,GROSSCON,17,0.9849,0.9095176183137386,0.9231064975009614,11.04082106228936,1.0247568427760079,-0.06319100100865085,1.0899422355425459,0.2959002367533123,0.2768795516110981,-0.019020685142214132,0.935719263523025,0,1e-7,0.4229103,1e-7,TRUE,TRUE,TRUE
1495,prediction,GROSSCON,14,0.9975,0.858724453183661,0.738466368796039,9.163571101109124,1.0139076409500023,-0.044715378238066615,1.0620742218906944,0.18759585985766056,0.1629890606603815,-0.02460679919727909,0.8688307982065828,8.4e-6,1.13e-5,0.276056,1.13e-5,TRUE,TRUE,TRUE
1496,prediction,GROSSCON,14,0.9643,0.9645933106679604,0.8458343418695841,12.796436956468153,1.042543506631282,-0.05489157400757759,1.1018235464885626,0.3992397350734734,0.35617685620077305,-0.04306287887270029,0.8921377931864038,0.0018148,0.0062541,0.1227207,0.0062541,TRUE,TRUE,FALSE
1497,prediction,GROSSCON,30,0.9982,0.8908143757183603,0.8225880365178683,13.8013617483183,1.0618913626245894,-0.05334929214741716,1.0834281843154456,0.3883264421983426,0.32977929097890557,-0.05854715121943702,0.8492321282887724,0,1e-6,0.0341003,1e-6,TRUE,TRUE,FALSE
1498,prediction,GROSSCON,41,0.992,0.8515551568680898,0.8859773035110852,11.25199543655925,1.028561972081819,-0.052523046210842854,1.1008948315169262,0.2394592639982198,0.20353260152899935,-0.03592666246922031,0.8499675399090532,0,0,0.0129902,0,TRUE,TRUE,TRUE
1499,prediction,GROSSCON,55,0.9953,0.9715852674469931,0.9414628087205543,13.15454755893087,1.0415055805640596,-0.0294310079363142,1.0991330727088688,0.49317979961591596,0.46685475949168065,-0.026325040124235324,0.9466218199838332,2e-7,1.8e-6,0.1460278,1.8e-6,TRUE,TRUE,TRUE
1500,prediction,GROSSCON,27,1.0325,0.7827257661913629,0.8281641128053904,14.713050402172478,1.0505654259311112,-0.05259733285487244,1.0732935894972946,0.3287041391180038,0.27994751573135274,-0.048756623386651196,0.8516701873074145,0,0,0.0914766,0,TRUE,TRUE,FALSE
1501,prediction,GROSSCON,22,0.9987,0.866291625448775,0.8320572819467439,15.730600589480783,1.0466304536553268,-0.056133459004001275,1.1840158166059096,0.29761419039485615,0.2506347353358492,-0.04697945505900683,0.8421464547887406,0,2e-7,0.0496732,2e-7,TRUE,FALSE,FALSE
1502,prediction,GROSSCON,11,0.9947,0.981813555878718,0.9461983471074379,7.222466215929008,1.0098565415082132,-0.01435400171552351,1.0234668833690048,0.3424896096692204,0.3343915006028799,-0.008098109066340368,0.9763551686307753,3e-7,1.1e-6,0.6151839,1.1e-6,TRUE,TRUE,TRUE
1503,prediction,GROSSCON,10,0.9476,0.7807565272464472,0.7243163340724316,14.386554770023865,1.0412340369370472,-0.23240115369114903,1.3844268073279904,0.20718887191547314,0.14165879759411384,-0.06553007432135938,0.6837181760027456,5.4e-6,0.003599,0.0446359,0.003599,TRUE,TRUE,FALSE
1504,prediction,GROSSCON,15,1.0857,0.7940968906430084,0.7607462305136721,15.622545713177601,1.0885863968509615,-0.0445169721777276,1.1213046670443263,0.4469233629678195,0.3700318823185569,-0.07689148064926264,0.8279537678704904,3e-7,1.19e-5,0.1937956,1.19e-5,TRUE,FALSE,TRUE
1505,prediction,GROSSCON,13,0.9806,0.9961127686820963,0.8419574930563941,8.854851102565792,1.0214349231283455,-0.025856667719466563,1.0515586998608046,0.547731689136495,0.5358083041182842,-0.011923385018210558,0.9782313398061595,0.0036727,0.0051774,0.394373,0.0051774,TRUE,TRUE,TRUE
1506,prediction,GROSSCON,10,0.9558,0.9887557916402746,0.9521028466483009,10.333691899066501,1.0553032070876578,-0.056245184642716835,1.0812703134479034,0.4583162268751789,0.42659514171268603,-0.031721085162492814,0.9307877764250928,9.8e-6,1.33e-5,0.1034697,1.33e-5,TRUE,TRUE,FALSE
1507,prediction,GROSSCON,34,1.0112,0.9877876545432147,0.9596185006565418,6.8528584971808675,1.0190047413020045,-0.024616065779514567,1.048028325427771,0.40892316226390135,0.397220438712674,-0.011702723551227543,0.9713816075214762,0,0,0.1828801,0,TRUE,TRUE,TRUE
1508,prediction,GROSSCON,33,0.9862,0.9211188154660196,0.7974711160526915,19.734538030748748,1.0798425516194132,-0.08947681503977983,1.1738224280291563,0.48772178980514913,0.4457045115135333,-0.04201727829161599,0.9138499054791003,2e-7,5.1e-6,0.1898337,5.1e-6,TRUE,FALSE,FALSE
1509,prediction,GROSSCON,21,0.9729,0.9233459007778808,0.7590967104259119,13.025760205937573,1.0174877049769495,-0.049570187553440295,0.9905896599391614,0.23897476149105806,0.2242196706532143,-0.014755090837843793,0.9382566981308781,2.33e-5,1.455e-4,0.442552,1.455e-4,TRUE,TRUE,TRUE
1510,prediction,GROSSCON,14,0.9855,0.9913227480150696,0.8889795918367347,12.088412890310133,1.014259593532746,-0.025794210207650763,1.1312132371005135,0.47681908661798766,0.46509795669446813,-0.011721129923519442,0.975418077311762,4.585e-4,0.0013089,0.4867951,0.0013089,TRUE,TRUE,TRUE
1511,prediction,GROSSCON,21,1.0315,0.7201347886365292,0.8339323399750741,13.697337176037975,1.06030459740456,-0.034486405019130216,1.0843962329065127,0.3287910282771289,0.2503384893409322,-0.07845253893619665,0.7613908769126412,0,0,0.0434353,0,TRUE,TRUE,TRUE
1512,prediction,GROSSCON,22,1.0049,0.9941089327718499,0.9730803161927801,6.345408785510025,1.016824016088587,-0.022903912653396707,1.038484118165153,0.4699041637725741,0.4618934521584026,-0.008010711614171577,0.982952456624648,6e-6,6.5e-6,0.4311099,6.5e-6,TRUE,TRUE,TRUE
1513,prediction,GROSSCON,18,0.9996,0.9943987159441798,0.6901511351376681,8.857063053508208,1.0251232575657214,-0.028054088529807918,1.0649289237069421,0.4450826460474543,0.4194389666563392,-0.02564367939111487,0.9423844546201858,0.0066719,0.0107816,0.0486619,0.0107816,TRUE,TRUE,TRUE
1514,prediction,GROSSCON,22,1.015,0.9704929342111581,0.8254199584816037,9.760548263301661,1.0232755189017297,-0.042105720211298145,1.0565309895436796,0.35850632871486887,0.344455677226599,-0.014050651488269929,0.9608078006917286,0,0,0.3483575,0,TRUE,TRUE,TRUE
1515,prediction,GROSSCON,10,0.9891,0.9828928020050092,0.9521028466483009,7.2684263390592365,1.0211972007732533,-0.03285996557287296,1.0358891572546463,0.3651629512608977,0.344690211987528,-0.020472739273369626,0.9439353329720943,0.0020675,0.0017309,0.3459276,0.0017309,TRUE,TRUE,TRUE
1516,prediction,GROSSCON,12,1.1026,0.8032916301255811,0.5494645214924937,26.70555867609643,1.1773950491252956,-0.23944793105896073,1.4429996449782225,0.40068614030579347,0.27434161159205867,-0.1263445287137348,0.684679563367698,5.35e-5,0.0040916,0.0273822,0.0040916,FALSE,FALSE,FALSE
1517,prediction,GROSSCON,4,,,,,,,,,,,,,,,,,,
1518,prediction,GROSSCON,14,0.9886,0.9291205903438707,0.730931046975003,17.78127242165083,1.0483032296150134,-0.09189372000749134,1.1712621093032176,0.3451489391735059,0.303393649557427,-0.04175528961607904,0.8790224019924084,2.6e-6,1.52e-4,0.1357388,1.52e-4,TRUE,FALSE,FALSE
1519,prediction,GROSSCON,39,0.9812,0.9364765554580685,0.83189320070279,18.143077314677136,1.0654610737805164,-0.0820830228797779,1.1249875539648508,0.42709456724478956,0.3894309858032868,-0.03766358144150273,0.9118144216057988,0,0,0.0646594,0,TRUE,FALSE,FALSE
1520,prediction,GROSSCON,19,1.0277,0.8848948892532278,0.7716841489148686,8.054915719160403,1.0232630159044016,-0.08584477784417033,1.1453638852878338,0.2133915826073115,0.1745490304555972,-0.03884255215171427,0.8179752374619512,1e-6,7e-6,0.0510886,7e-6,TRUE,TRUE,TRUE
1521,prediction,GROSSCON,18,0.9901,0.9139453145279588,0.8994633429929466,20.480581226534618,1.06937279998888,-0.08303073248536798,1.1180551215970982,0.37906084840707527,0.3472565332639375,-0.03180431514313777,0.916097071811059,0,0,0.2537854,0,TRUE,FALSE,FALSE
1522,prediction,GROSSCON,34,0.9906,0.8148255415022962,0.9436481021436632,13.95737602103335,1.054329330909175,-0.041893661935570384,1.1037366407410005,0.42380902770216944,0.38238965247211254,-0.04141937523005695,0.9022687755033756,0,0,0.270735,0,TRUE,TRUE,TRUE
1523,prediction,GROSSCON,12,0.9698,0.8841003187154977,0.8520710059171601,17.83726288828013,1.0576780396487335,-0.12193402398125651,1.1777039603645767,0.3098548775177867,0.245269163943328,-0.06458571357445869,0.7915614106453717,9.9e-6,1.059e-4,0.0682256,1.059e-4,TRUE,FALSE,FALSE
1524,prediction,GROSSCON,3,,,,,,,,,,,,,,,,,,
1525,prediction,GROSSCON,31,1.0401,0.5765403130621869,0.7320788575648352,17.360050205455305,1.1183718704112504,-0.08525348319054259,1.0614292616855177,0.3705472425625243,0.2566129691594894,-0.11393427340303502,0.6925242983455467,0,0,0.0126548,0,TRUE,FALSE,FALSE
1527,prediction,GROSSCON,9,1.0421,0.9255804825858585,0.7511111111111112,12.281415319569222,1.0575355086993095,-0.06746400377917669,1.1817073125023512,0.40155745842640855,0.34478770381237833,-0.056769754614030145,0.8586260734976886,1.456e-4,7.129e-4,0.1991012,7.129e-4,TRUE,TRUE,FALSE
1529,prediction,GROSSCON,29,1.0175,0.8605148746607357,0.928845764189062,12.460520892586532,1.0544011721295485,-0.06514961021418741,1.12128465399252,0.36887517674099396,0.3275653897532555,-0.04130978698773837,0.888011474904032,0,4e-7,0.1907367,4e-7,TRUE,TRUE,FALSE
1532,prediction,GROSSCON,18,1.0155,0.9142064342613107,0.87612691048936,11.749676944118484,1.0430982218197105,-0.0633948825251232,1.084134749437283,0.3476987917469145,0.30345029714073185,-0.04424849460618253,0.8727390038260752,0,6e-7,0.0918258,6e-7,TRUE,TRUE,FALSE
1533,prediction,GROSSCON,27,1.0185,0.745218833490883,0.8371314124235824,14.809297550427189,1.0586835469882376,-0.08246089231001989,1.0747339573678047,0.30599178074894584,0.23923977572975105,-0.06675200501919482,0.7818503331827655,0,0,0.0476678,0,TRUE,TRUE,FALSE
1534,prediction,GROSSCON,13,1.0612,0.6300906078080883,0.27762472984079634,8.70981420910803,1.0083434920446108,-0.11056900021065955,1.1648977727184049,0.09998854655824072,0.06230737242277132,-0.03768117413546934,0.6231450957883349,1.3e-6,0.0287157,0.0461514,0.0287157,TRUE,TRUE,TRUE
1535,prediction,GROSSCON,16,0.9786,0.7846761862881458,0.8420761245674739,15.141071755449678,1.0809377477894793,-0.05702012158087428,1.1626293871183295,0.392301958324504,0.3094054593851498,-0.08289649893935411,0.7886921102984046,3e-6,1.21e-5,0.1228509,1.21e-5,TRUE,FALSE,FALSE
1540,prediction,GROSSCON,5,,,,,,,,,,,,,,,,,,
1542,prediction,GROSSCON,47,1.0145,0.8768576661719338,0.9152441599879813,12.018473688058457,1.030384898660442,-0.0403876791173561,1.0932262639918389,0.31508852036559615,0.2882926976092846,-0.02679582275631166,0.9149577943200834,0,0,0.1360452,0,TRUE,TRUE,TRUE
1543,prediction,GROSSCON,10,1.0567,0.2707984823872842,0.4690174471992652,18.820397355494517,1.1077718577771756,-0.6208036765470415,2.264384112417701,0.23361700908335478,0.051337387044107514,-0.1822796220392473,0.21975021102076644,2.814e-4,0.0505443,0.0047895,0.0505443,TRUE,FALSE,FALSE
1544,prediction,GROSSCON,19,0.9914,0.7809144386113817,0.8426258798884834,9.858555866881773,1.0292080356116013,-0.08339515250786807,1.1287726094461707,0.22227704694451497,0.1772156818144089,-0.04506136513010612,0.7972738717310994,0,0,0.0911485,0,TRUE,TRUE,TRUE
1545,prediction,GROSSCON,8,1.0284,0.9208332567097949,0.7230349971313828,6.319784379495444,1.0036528329029442,-0.023786416617693335,0.946765259757185,0.14226817616648124,0.13325074366626774,-0.009017432500213559,0.9366166577572388,0.0026943,0.0124432,0.6400805,0.0124432,TRUE,TRUE,TRUE
1546,prediction,GROSSCON,5,,,,,,,,,,,,,,,,,,
1547,prediction,GROSSCON,11,1.0381,0.9207824593896466,0.793719008264463,7.74230797812359,1.0286535977150957,-0.061107872343759986,1.15366949152605,0.2816694124107633,0.2358791771466474,-0.045790235264115915,0.8374327021446715,1.45e-5,1.155e-4,0.1023647,1.155e-4,TRUE,TRUE,TRUE
1548,prediction,GROSSCON,3,,,,,,,,,,,,,,,,,,
1549,prediction,GROSSCON,9,1.0101,0.7440775664567181,0.686344537815126,19.34713577688853,1.1123060896746222,-0.3519518943511417,2.3704833425990146,0.28479555156144704,0.13330683178844419,-0.15148871977300282,0.46807905199910416,0.0067417,0.0505124,0.0195864,0.0505124,TRUE,FALSE,FALSE
1550,prediction,GROSSCON,28,0.999,0.523318981272332,0.8005927002736429,9.274057295733678,1.0400564909494603,-0.17552946655290236,1.263917185863377,0.17624498668530442,0.11304878517394688,-0.06319620151135748,0.6414297921324826,3e-7,0,0.031028,0,TRUE,TRUE,FALSE
1551,prediction,GROSSCON,15,1.0634,0.3417177709611575,0.7056606184513159,16.871089857956495,1.1471005141495267,-0.1208755847962986,1.1017932948134461,0.3443208260361282,0.2035684353632198,-0.14075239067290857,0.591217318181794,8.456e-4,1.6e-6,0.1574631,1.6e-6,TRUE,FALSE,FALSE
1552,prediction,GROSSCON,10,1.0189,0.3673574712072535,0.12942444973230227,7.061760776201267,1.0042280929754233,-0.07845876969710033,0.8645711259222248,0.05822630827894358,0.023920526029545326,-0.03430578224939819,0.4108198980253005,2.96e-5,0.2076287,0.0248001,0.2076287,TRUE,TRUE,TRUE
1553,prediction,GROSSCON,1,,,,,,,,,,,,,,,,,,
1555,prediction,GROSSCON,31,0.9952,0.7521196969173756,0.2629212274369582,11.137826760697795,1.024948645329317,-0.21462572394803534,1.3686582021779659,0.14507040931986998,0.0847803314223742,-0.0602900778974958,0.5844081630419855,0,2.47e-4,1.12e-5,2.47e-4,TRUE,TRUE,TRUE
1556,prediction,GROSSCON,25,1.0481,0.5040324733134691,0.5660440027102505,9.30446369743401,1.0318366195262503,-0.22051049384225715,1.4355574001090565,0.14342553684280188,0.07595367108774974,-0.06747186575505212,0.5295686720768352,1.5e-6,3.8e-6,0.0075139,3.8e-6,TRUE,TRUE,FALSE
1559,prediction,GROSSCON,14,1.0228,0.9258651760492997,0.7085569375679266,10.31979628191573,1.0217400921940014,-0.09373971825791937,1.2220444630033986,0.2164401765118844,0.17558000422043396,-0.04086017229145045,0.8112172474170626,1.195e-4,0.001604,0.0306416,0.001604,TRUE,TRUE,TRUE
1560,prediction,GROSSCON,5,,,,,,,,,,,,,,,,,,
1562,prediction,GROSSCON,10,1.0207,0.903984589925255,0.8598347107438014,6.453304144813386,1.0095193741563513,-0.048594061790637307,1.1385489342805457,0.17981456148350808,0.1537983982378995,-0.026016163245608653,0.8553167049933565,1.3e-6,2.047e-4,0.189209,2.047e-4,TRUE,TRUE,TRUE
1563,prediction,GROSSCON,9,1.0692,0.30147989263710656,0.42250000000000004,17.033525919858004,1.0656857989803348,-0.4815657681707866,2.2351661007874437,0.19746403677888183,0.06133919705474506,-0.13612483972413672,0.31063477712365484,8e-7,0.1269147,0.0075533,0.1269147,TRUE,FALSE,FALSE
1564,prediction,GROSSCON,24,1.0532,0.5333684842354598,0.43024465634783776,18.29304578531661,1.1241069491725557,-0.19915705373229703,1.31380071421025,0.2885440451584634,0.1328628310487619,-0.1556812141097015,0.46045944554425255,1.02e-5,4.201e-4,0.0025511,4.201e-4,TRUE,FALSE,FALSE
1565,prediction,GROSSCON,36,1.0192,0.695762996866667,0.8928268243956037,8.176186959760622,1.038851376718634,-0.04381848700083222,1.048354264579146,0.27616633630487664,0.23289269656440367,-0.04327363974047299,0.8433058847089147,0,0,0.1647942,0,TRUE,TRUE,TRUE
1566,prediction,GROSSCON,44,1.0327,0.712199062920757,0.865103941596598,12.381916827010038,1.0572770611166515,-0.06685024299038261,1.0364832507492168,0.32032950013683564,0.26242631487291357,-0.057903185263922116,0.8192386738056052,0,0,0.0360227,0,TRUE,TRUE,FALSE
1567,prediction,GROSSCON,9,1.0101,0.6017471433339772,0.31021222048141295,1.7260989787799899,1.0005399683793834,-0.32193368772970576,1.4874965429537514,0.019692968486041,0.007640786274931987,-0.012052182211109074,0.3879956584680469,4.044e-4,0.1361704,0.0017009,0.1361704,TRUE,FALSE,TRUE
1568,prediction,GROSSCON,2,,,,,,,,,,,,,,,,,,
1569,prediction,GROSSCON,14,1.1195,0.7117996670832006,0.7689940828402366,23.79563086087885,1.1102284216394787,-0.1606544356969592,1.223264033235766,0.3648522677148005,0.31384663282264835,-0.051005634892152214,0.8602019518430879,1e-6,8.669e-4,0.4272309,8.669e-4,FALSE,FALSE,FALSE
1570,prediction,GROSSCON,6,1.0398,0.9793853752267078,0.9420415224913492,2.307431741840738,0.9985967687680138,0.25624908977861705,0.693409675854519,0.037323037323037295,0.053163954989322394,0.01584091766628513,1.4244273457484038,0.0012552,0.0030735,0.0295961,0.0030735,TRUE,FALSE,TRUE
1576,prediction,GROSSCON,37,1.042,0.7848169777961375,0.7389680174164653,14.644571894504793,1.0567870669059678,-0.10476599543530223,1.1567018043337718,0.2899391704338171,0.22728143341217913,-0.06265773702163806,0.7838935079800107,0,0,0.0041666,0,TRUE,TRUE,FALSE
1578,prediction,GROSSCON,8,1.0504,0.9795470879359303,0.8185941043083904,7.955199328277414,1.0427184629858521,-0.09455055325828562,1.0906349076767312,0.2781426574329408,0.22821037044142894,-0.04993228699151193,0.8204795788882172,0.0557565,0.0381099,0.2220281,0.0381099,TRUE,TRUE,FALSE
1579,prediction,GROSSCON,44,1.0396,0.8370344515235512,0.8836914425075126,11.553969190321963,1.0534444793103437,-0.03663825285628341,1.0422577239787578,0.4051761978358388,0.3602828180140459,-0.04489337982179293,0.8892003526821631,0,0,0.1024485,0,TRUE,TRUE,TRUE
1580,prediction,GROSSCON,20,1.023,0.9675816516935382,0.8676955281623107,7.443557845736308,1.0235480538466957,-0.0759516564634608,1.0773261560548926,0.24006351073213764,0.2099961993400662,-0.0300673113920715,0.8747526798205475,1.56e-5,6.9e-6,0.0404279,6.9e-6,TRUE,TRUE,TRUE
1581,prediction,GROSSCON,3,,,,,,,,,,,,,,,,,,
1582,prediction,GROSSCON,15,0.9742,0.9770621299730715,0.9715441932168551,10.908629902972422,1.0243280216009543,-0.05308163225762502,1.0656025688522688,0.36963442600836366,0.3592525706906189,-0.010381855317744753,0.9719131807341184,1e-7,1.6e-6,0.5331023,1.6e-6,TRUE,TRUE,TRUE
1583,prediction,GROSSCON,15,1.0286,0.8509905574651947,0.6325868898543316,9.815105653804387,1.0382988165371292,-0.1328908632052361,1.1817697155280646,0.240130676254651,0.17406429592267234,-0.06606638033197855,0.7248732175229577,2.18e-5,0.0019356,0.0144615,0.0019356,TRUE,TRUE,FALSE
1584,prediction,GROSSCON,13,1.0229,0.9801237189399192,0.948415221142494,3.4373983259779908,1.0034623829212275,-0.00988636181952603,0.959940315107128,0.15760301107821056,0.15423155158699553,-0.0033714594912151027,0.9786078992517339,4.041e-4,8.3e-5,0.7052087,8.3e-5,TRUE,FALSE,TRUE
1585,prediction,GROSSCON,15,0.992,0.734262498653377,0.895727040816326,14.912394067130341,1.0989420436271244,-0.044837622250837435,1.1343709590097222,0.4501347708894878,0.36756825208462623,-0.08256651880486163,0.8165737815772234,4.24e-5,8.9e-6,0.2728711,8.9e-6,TRUE,TRUE,TRUE
1586,prediction,GROSSCON,28,0.9844,0.665810260773663,0.6074733846078847,20.602412884578904,1.113746797045761,-0.1067814673898024,1.1136403449011432,0.34013717608307126,0.23360089319015065,-0.10653628289292055,0.6867843611810862,3.6e-6,5e-6,0.0336722,5e-6,TRUE,FALSE,FALSE
1589,prediction,GROSSCON,32,1.0125,0.9399677447300028,0.7985095664071004,11.147035564532251,1.0406123609732956,-0.06545972585831229,1.1413650892271066,0.3513256254455863,0.3100740761144752,-0.041251549331111144,0.8825831469629015,0,2e-7,0.0230249,2e-7,TRUE,TRUE,FALSE
1590,prediction,GROSSCON,23,0.9862,0.9498866224040686,0.8268548060935603,15.17923158092643,1.0505216995520328,-0.06979261399659978,1.0728689123733879,0.385097951353395,0.3472404822842116,-0.037857469069183386,0.901693922452362,5.95e-5,4.122e-4,0.1294926,4.122e-4,TRUE,FALSE,FALSE
1602,prediction,GROSSCON,33,1.0346,0.9374391970156853,0.9321679082266064,13.604185361387108,1.0644531979219534,-0.03824482778276897,1.0782340909507862,0.4836914616506341,0.4521957642623668,-0.0314956973882671,0.9348847356519681,7e-7,0,0.3127955,0,TRUE,TRUE,TRUE
1603,prediction,GROSSCON,7,1.0935,0.8057586203855978,0.7795454545454543,15.676007963867821,1.0723220001945357,-0.06676195007294713,1.0114912367539575,0.4161930648216786,0.3534081940545391,-0.06278487076713936,0.8491448414835073,2.295e-4,0.0032347,0.4652982,0.0032347,TRUE,FALSE,FALSE
1604,prediction,GROSSCON,2,,,,,,,,,,,,,,,,,,
1608,prediction,GROSSCON,4,,,,,,,,,,,,,,,,,,
1614,prediction,GROSSCON,15,1.041,0.66744797307121,0.3758273703041144,14.087301323037194,1.0319691338599206,-0.2995855326327141,1.4355663166850858,0.15650778795374012,0.08601425253754133,-0.07049353541619884,0.5495844881723396,1.2e-6,0.0092673,0.0026239,0.0092673,TRUE,TRUE,FALSE
1625,prediction,GROSSCON,1,,,,,,,,,,,,,,,,,,
1722,prediction,GROSSCON,4,,,,,,,,,,,,,,,,,,
1735,prediction,GROSSCON,1,,,,,,,,,,,,,,,,,,
1746,prediction,GROSSCON,1,,,,,,,,,,,,,,,,,,
1832,prediction,GROSSCON,10,0.9652,0.9265495593970063,0.9053810835629014,11.132798042122305,1.0396014617829856,-0.13466063718669746,1.1664487933389958,0.275398326870172,0.24215983206702543,-0.03323849480314658,0.8793075644979652,3.5e-6,7.87e-5,0.2208146,7.87e-5,TRUE,TRUE,FALSE
1836,prediction,GROSSCON,9,1.0932,0.8516474894041207,0.9586134453781513,8.707314782761662,1.063402002763117,-0.07207213451910427,1.116681237001648,0.36062115396047445,0.29558026459857734,-0.06504088936189704,0.819642057467805,0.0031054,2.221e-4,0.3309243,2.221e-4,TRUE,TRUE,FALSE
1837,prediction,GROSSCON,1,,,,,,,,,,,,,,,,,,
1840,prediction,GROSSCON,12,0.9805,0.9817089202022442,0.9860628881607905,9.069821684631844,1.033047837407652,-0.03725817543563152,1.075524538196789,0.390842744866474,0.3645324698912385,-0.026310274975235626,0.932683220244439,4.2e-6,9e-7,0.1823112,9e-7,TRUE,TRUE,TRUE
1841,prediction,GROSSCON,4,,,,,,,,,,,,,,,,,,
1842,prediction,GROSSCON,2,,,,,,,,,,,,,,,,,,
1844,prediction,GROSSCON,1,,,,,,,,,,,,,,,,,,
1851,prediction,GROSSCON,15,0.98740000000000006,0.5995420173274589,0.746989795918367,16.390252324192648,1.0673837690927448,-0.20172678312580317,1.3205308738820831,0.2506637960324387,0.1708626865301839,-0.07980110950225477,0.6816408641161424,1e-6,2.3e-6,0.0843716,2.3e-6,TRUE,FALSE,FALSE
1863,prediction,GROSSCON,6,1.0742,0.6724723390100786,0.36,17.718297474538367,1.0692032194902157,-0.15862176010944198,1.4386864326726474,0.2742395437262358,0.13693550579072697,-0.13730403793550877,0.499328083507261,0.0233255,0.164539,0.0930701,0.164539,TRUE,FALSE,FALSE
1867,prediction,GROSSCON,2,,,,,,,,,,,,,,,,,,
1869,prediction,GROSSCON,8,1.0268,0.9596715126239739,0.8622448979591839,5.934561304668127,1.0144208703078783,-0.07908152609718892,1.1879805636942873,0.22230957776441748,0.19088521556395474,-0.03142436220046278,0.8586459363718317,9.459e-4,0.0056552,0.097219,0.0056552,TRUE,TRUE,TRUE
1870,prediction,GROSSCON,11,0.9658,0.9111659638982086,0.9285950413223141,16.199779368567977,1.0476162917276708,-0.10476927196671082,1.123344482340124,0.3397253673813538,0.32820554557821435,-0.011519821803139357,0.9660907812332781,0,2.24e-5,0.7478531,2.24e-5,TRUE,FALSE,FALSE
1871,prediction,GROSSCON,6,1.0253,0.34014359749387807,0.007346938775510205,17.17130655583426,1.0329059821555195,-0.4511890988832834,1.7439482243410918,0.13267116459277387,0.02524525617713479,-0.10742590841563904,0.19028442431046363,0.0090325,0.5996701,0.0102541,0.5996701,TRUE,FALSE,FALSE
1873,prediction,GROSSCON,1,,,,,,,,,,,,,,,,,,
1874,prediction,GROSSCON,15,1.0511,0.4801264552970366,0.6342984693877548,14.964446492112776,1.0570162849959914,-0.2544985657954827,1.2260986566605272,0.20035688755354658,0.103329792538367,-0.09702709501517957,0.5157286769627598,3e-7,5.272e-4,0.0128141,5.272e-4,TRUE,TRUE,FALSE
1875,prediction,GROSSCON,6,1.04,0.2583140147173689,0.09877551020408167,15.28452282870177,1.0422939928202146,-0.8576921002462088,3.331466397592323,0.14099125364431492,0.01916337020581436,-0.12182788343850051,0.13591885815951882,0.0019183,0.4448726,0.0039139,0.4448726,TRUE,FALSE,FALSE
1876,prediction,GROSSCON,7,0.8773,0.7284214168865423,0.7971938775510201,19.82030152518906,1.0572198401223887,-0.23287141382771115,1.410114683184825,0.24451698706323288,0.16208716178605082,-0.08242982527718216,0.6628871218020305,1.327e-4,0.0038182,0.1461298,0.0038182,FALSE,FALSE,FALSE
1877,prediction,GROSSCON,6,0.9474,0.6505660531303635,0.5102040816326531,29.03102867483307,1.109138938297333,-0.42293268773691983,1.3259971776336505,0.2646359904947073,0.17106372554087268,-0.09357226495383472,0.6464114167581216,5.328e-4,0.0540409,0.2210306,0.0540409,TRUE,FALSE,FALSE
1879,prediction,GROSSCON,22,1.0311,0.896581724683288,0.9148634039468182,13.184634717853017,1.065209343658885,-0.057368981733407175,1.079576951918661,0.408006872298441,0.36323259128014207,-0.04477428101829901,0.8902609635811515,0,0,0.1370883,0,TRUE,TRUE,FALSE
1880,prediction,GROSSCON,11,0.9904,0.8876934833892246,0.47735537190082644,11.318179848196294,1.0248424725089909,-0.11260251973880915,1.198451054454876,0.22211282051282039,0.16841109087116612,-0.05370172964165437,0.7582231880282004,1.43e-5,0.0033195,0.0230372,0.0033195,TRUE,TRUE,TRUE
1882,prediction,GROSSCON,20,1.0421,0.6004327169860246,0.776518740460173,15.761147470817896,1.0821221018590572,-0.17236668056299978,1.3765871031685692,0.2924612470567063,0.19683132149102425,-0.09562992556568209,0.673016761953627,0,1.5e-6,0.0325132,1.5e-6,TRUE,FALSE,FALSE
1883,prediction,GROSSCON,2,,,,,,,,,,,,,,,,,,
1887,prediction,GROSSCON,21,1.0068,0.9572123303011941,0.8827943188151249,13.487782726171925,1.0551771344363474,-0.08199420525923108,1.071449562886235,0.3714113887075159,0.33228224514057236,-0.03912914356694354,0.8946474320480317,0,0,0.0315923,0,TRUE,TRUE,FALSE
1888,prediction,GROSSCON,22,0.9835,0.8769484528644501,0.8413568254393604,10.37595611392524,1.0288235462358315,-0.11264602286798386,1.1829641032376177,0.21644514987788507,0.17078507364841689,-0.04566007622946824,0.7890455098890928,0,0,0.0052072,0,TRUE,TRUE,TRUE
1889,prediction,GROSSCON,13,0.9664,0.9680884180488324,0.9085293202498314,9.300220079447502,1.0294568271609637,-0.09171306520965199,1.0851842689952054,0.27633310642160197,0.24067974121316377,-0.035653365208438155,0.870976859522428,1.78e-5,1.63e-5,0.04882,1.63e-5,TRUE,TRUE,TRUE
1890,prediction,GROSSCON,32,1.0103,0.9291995475401995,0.9454042178411389,9.2677168078947,1.0326166406098969,-0.047863529424781434,1.0989515062739494,0.3291009879927177,0.2955393287990039,-0.033561659193713976,0.8980201809833023,0,0,0.0446134,0,TRUE,TRUE,TRUE
1891,prediction,GROSSCON,20,1.0162,0.9197581098341269,0.684641280052336,9.032644522143581,1.0398398850895318,-0.10340628782234369,1.1306025137192715,0.2623883647059327,0.20436710426719298,-0.058021260438739765,0.7788725864282662,5.6e-6,1.58e-5,0.0091327,1.58e-5,TRUE,TRUE,FALSE
1892,prediction,GROSSCON,18,0.9813,0.8841862329207181,0.910216718266254,11.93647953838613,1.0419183757002823,-0.051061396257466446,1.1152182589867488,0.34235811708811703,0.30487848947514634,-0.037479627612970697,0.8905250796103542,0,0,0.2229622,0,TRUE,TRUE,FALSE
1893,prediction,GROSSCON,14,1.0333,0.7779956598558692,0.7629810717916446,10.356272427630588,1.0387415394019144,-0.11772611205958522,1.2842718081700302,0.23077986111904317,0.16299558258271038,-0.0677842785363329,0.7062816564337575,2e-7,7.7e-5,0.0285098,7.7e-5,TRUE,TRUE,FALSE
1894,prediction,GROSSCON,14,1.0071,0.8194779628580976,0.8661906375562765,12.23516339099457,1.061230876111106,-0.16846462054554373,1.2022542979680741,0.2859442476991907,0.2176397634860325,-0.06830448421315811,0.7611265665850584,1e-7,1.39e-5,0.0523469,1.39e-5,TRUE,TRUE,FALSE
1895,prediction,GROSSCON,28,1.0135,0.8856672894325824,0.926399732382283,10.776634570397189,1.048196638447522,-0.03565051343785887,1.0776363207447937,0.38606461763445427,0.3456781069330894,-0.04038651070136488,0.8953892461090417,0,0,0.1653049,0,TRUE,TRUE,TRUE
1896,prediction,GROSSCON,6,0.9999,0.915215863399055,0.5951020408163266,17.207179403477554,1.0523510382688248,-0.15649319678291118,1.0852907279523571,0.31583355609017205,0.25134445214130435,-0.0644891039488677,0.7958130074992543,0.0020234,0.0257699,0.1573124,0.0257699,TRUE,FALSE,FALSE
1901,prediction,GROSSCON,1,,,,,,,,,,,,,,,,,,
1902,prediction,GROSSCON,2,,,,,,,,,,,,,,,,,,
1915,prediction,GROSSCON,2,,,,,,,,,,,,,,,,,,
1922,prediction,GROSSCON,4,,,,,,,,,,,,,,,,,,
1949,prediction,GROSSCON,3,,,,,,,,,,,,,,,,,,
1963,prediction,GROSSCON,2,,,,,,,,,,,,,,,,,,
1976,prediction,GROSSCON,1,,,,,,,,,,,,,,,,,,
1977,prediction,GROSSCON,9,1.0295,0.49246691207644194,0.5927170868347339,7.473399428646601,1.0160867712859238,-0.28211108805575025,1.7044181741343525,0.10172651933701662,0.046071803122996406,-0.05565471621402019,0.4528986484867536,0.0021702,0.0330845,0.0432387,0.0330845,TRUE,TRUE,TRUE
1978,prediction,GROSSCON,46,0.9909,0.7992675786800144,0.32069275352394006,12.087470179238851,1.02690303253111,-0.0722864428825248,1.076928857141751,0.19674095254816876,0.13991190383034294,-0.0568290487178259,0.711147841962836,0,0,1.36e-5,0,TRUE,TRUE,TRUE
1990,prediction,GROSSCON,3,,,,,,,,,,,,,,,,,,
1993,prediction,GROSSCON,7,1.0186,0.758819301263952,0.9120129870129868,7.838010106487396,1.0189830600024496,-0.10922373439250407,1.2111172216293817,0.16577846374870153,0.13435386000131044,-0.03142460374739112,0.8104421826768361,0.0066185,5.405e-4,0.461522,5.405e-4,TRUE,TRUE,TRUE
1995,prediction,GROSSCON,4,,,,,,,,,,,,,,,,,,
2001,prediction,GROSSCON,1,,,,,,,,,,,,,,,,,,
2002,prediction,GROSSCON,1,,,,,,,,,,,,,,,,,,
2061,prediction,GROSSCON,4,,,,,,,,,,,,,,,,,,
2062,prediction,GROSSCON,3,,,,,,,,,,,,,,,,,,
2063,prediction,GROSSCON,1,,,,,,,,,,,,,,,,,,
2072,prediction,GROSSCON,1,,,,,,,,,,,,,,,,,,
2086,prediction,GROSSCON,1,,,,,,,,,,,,,,,,,,
2107,prediction,GROSSCON,4,,,,,,,,,,,,,,,,,,
2108,prediction,GROSSCON,8,1.048,0.4972787523276388,0.17570281124497997,18.29332690498804,1.043408049804163,-0.40988878945439833,1.901931692795239,0.16137758818021022,0.06281305055602818,-0.098564537624182,0.38923032165956667,7.6e-4,0.1166037,0.0055544,0.1166037,TRUE,FALSE,FALSE
2126,prediction,GROSSCON,2,,,,,,,,,,,,,,,,,,
2134,prediction,GROSSCON,4,,,,,,,,,,,,,,,,,,
2135,prediction,GROSSCON,11,1.096,0.6105172213223441,0.4404132231404958,11.199908587354116,1.0420479057450562,-0.12109561048064356,1.074186084739185,0.23495971176194963,0.1549869082097208,-0.07997280355222876,0.6596318451681897,6e-7,0.0087585,0.0967599,0.0087585,TRUE,TRUE,FALSE
2139,prediction,GROSSCON,7,1.0803,0.906165957175569,0.9298469387755098,8.850474161152007,1.0286876540733796,-0.21164762131097808,1.385345872352017,0.20229434806939003,0.14257668465080572,-0.05971766341858421,0.7047981617454773,3.8e-6,0.0026084,0.0280953,0.0026084,TRUE,TRUE,TRUE
2142,prediction,GROSSCON,1,,,,,,,,,,,,,,,,,,
2171,prediction,GROSSCON,2,,,,,,,,,,,,,,,,,,
2175,prediction,GROSSCON,3,,,,,,,,,,,,,,,,,,
2176,prediction,GROSSCON,1,,,,,,,,,,,,,,,,,,
2177,prediction,GROSSCON,43,1.0101,0.9446119333756167,0.9281491335353497,7.02571490420449,1.0138554714833594,-0.06051328236460105,1.079665062898105,0.20284951197517362,0.18037211945899104,-0.022477392516182606,0.8891917841097216,0,0,0.0029485,0,TRUE,TRUE,TRUE
2179,prediction,GROSSCON,99,0.9847,0.7843653531889002,0.7826136173551226,13.202808098107049,1.0383028263717817,-0.09170218399621584,1.1735806478275221,0.23591379519267436,0.18203173990632696,-0.05388205528634741,0.7716027787084642,0,0,1.5e-6,0,TRUE,TRUE,FALSE
2180,prediction,GROSSCON,80,1.0116,0.9188985240527014,0.8190463497458101,6.932033379844754,1.0125176414364216,-0.0727809340306223,1.1125297080285823,0.17263525271378555,0.14964401730912208,-0.02299123540466361,0.8668218973631006,0,0,7.85e-5,0,TRUE,TRUE,TRUE
2238,prediction,GROSSCON,12,1.0503,0.9596618174223116,0.9687277634646058,2.971117469766546,1.0023425535770056,-0.009016177773428122,1.030342029653804,0.13736156300149546,0.13415796291328763,-0.0032036000882078586,0.9766776089452839,1.15e-4,4.78e-5,0.7513975,4.78e-5,TRUE,FALSE,TRUE
2240,prediction,GROSSCON,15,1.0353,0.8766484190351167,0.5204591836734692,4.924186350743678,1.0053632625697426,-0.10296375537360117,1.1981994338456086,0.09602003348664562,0.07090675394397292,-0.025113279542672708,0.7384579172619695,1e-7,1.519e-4,0.0051974,1.519e-4,TRUE,FALSE,TRUE
2241,prediction,GROSSCON,2,,,,,,,,,,,,,,,,,,
2243,prediction,GROSSCON,69,1.0452,0.48796910081460787,0.7063995420286994,13.82466335440084,1.0660539138109155,-0.1875563998420769,1.1939611119541311,0.2266798222249956,0.13402473617064042,-0.09265508605435525,0.5912512849847364,0,0,1.29e-5,0,TRUE,TRUE,FALSE
2246,prediction,GROSSCON,6,1.0696,0.9662493103424491,1,4.67858141484263,1.0093398961112967,-0.22139932581000704,1.4465304189369352,0.12031403336604511,0.08377652266652269,-0.03653751069952248,0.696315469797607,2.46e-4,0.0032846,0.0056683,0.0032846,TRUE,FALSE,TRUE
2248,prediction,GROSSCON,9,1.1417,0.680288921331229,0.6400000000000001,16.18200631548553,1.1352522975418848,-0.14294934012359112,1.2163975439039476,0.38053458477861674,0.23032880647666273,-0.15020577830195395,0.6052769332665545,0.0036133,0.0088979,0.1130746,0.0088979,FALSE,FALSE,FALSE
2250,prediction,GROSSCON,18,1.0113,0.9484380291143485,0.688146395552724,8.561108998682638,1.0188689624799776,-0.0965739491569073,1.1174271189751452,0.21176527277417007,0.17993627927241837,-0.0318289935017518,0.8496968219350358,1e-7,9.5e-6,0.0029488,9.5e-6,TRUE,TRUE,TRUE
