boro,boro_name,NBHD_NAME,NEIGHBORHOOD,decile,cutoff,predicted,actual,n,median_sales_ratio,r,spearmans,cod,prd,prb,clapp,gini,ci,ki,mki,gini_p_value,ci_p_value,ki_p_value,mki_p_value,accuracy,uniformity,vertical_equity
All,All,All,All,All,NA,prediction,GROSSCON,20710,1.0037,0.9548741329943173,0.9565546430283309,10.883754073064331,1.0413892441406285,-0.0239955569936313,1.0375807157421355,0.4783532888368486,0.4545726040488471,-0.02378068478800125,0.9502863566678422,0,0,0,0,TRUE,TRUE,TRUE
1,Manhattan,ALPHABET CITY,1010,1,"$390,000",prediction,GROSSCON,7,1.1067,0.8850976341756458,0.7346938775510199,5.831810335265188,0.995608595039946,0.04770604521959921,0.8607892738712362,0.13877312276083947,0.15423361537815775,0.015460492617318319,1.1114084075485045,0.0221799,0.0259187,0.6077977,0.0259187,FALSE,TRUE,TRUE
1,Manhattan,ALPHABET CITY,1010,2,"$420,000",prediction,GROSSCON,19,1.0051,0.0040641293877076105,0.06416585325573405,6.285190242520937,1.0035322107054423,0.1603392681396394,1.1524329424863633,0.03678830803873048,0.002718727344337815,-0.03406958069439269,0.07390194029786869,0,0.7080601,3.066e-4,0.7080601,TRUE,TRUE,TRUE
1,Manhattan,ALPHABET CITY,1010,3,"$440,000",prediction,GROSSCON,3,NA,NA,NA,NA,NA,NA,NA,NA,NA,NA,NA,NA,NA,NA,NA,NA,NA,NA
1,Manhattan,ALPHABET CITY,1010,4,"$480,000",prediction,GROSSCON,6,1.0212,0.2549944437545092,0.18367346938775508,8.152259083455204,1.002092613398522,1.5198677539378687,NA,0.018372703412073456,-0.04034690673617627,-0.05871961014824966,-2.1960244952119012,0.0011161,0.1860304,0.071844,0.1860304,TRUE,TRUE,TRUE
1,Manhattan,ALPHABET CITY,1010,5,"$620,000",prediction,GROSSCON,8,1.008,0.6044921605668447,0.7174502712477397,4.7746098630712295,0.9982421531254942,0.7028353996369254,0.33846954154290654,0.02319269676782635,0.05741589123933961,0.03422319447151326,2.4756022041812997,0.0025288,1.387e-4,8.738e-4,1.387e-4,TRUE,FALSE,TRUE
1,Manhattan,ALPHABET CITY,1010,6,"$700,000",prediction,GROSSCON,3,NA,NA,NA,NA,NA,NA,NA,NA,NA,NA,NA,NA,NA,NA,NA,NA,NA,NA
1,Manhattan,ALPHABET CITY,1010,7,"$770,000",prediction,GROSSCON,10,0.9689,0.1963905064539633,0.14578512396694213,5.910179670085802,1.0014267822392628,0.34376482743865633,0.5099758292811357,0.03849014987176875,0.02278556267905743,-0.015704587192711388,0.5919842545422228,5e-7,0.2310697,0.3893741,0.2310697,TRUE,TRUE,TRUE
1,Manhattan,ALPHABET CITY,1010,8,"$1,015,000",prediction,GROSSCON,3,NA,NA,NA,NA,NA,NA,NA,NA,NA,NA,NA,NA,NA,NA,NA,NA,NA,NA
1,Manhattan,ALPHABET CITY,1010,9,"$1,160,000",prediction,GROSSCON,2,NA,NA,NA,NA,NA,NA,NA,NA,NA,NA,NA,NA,NA,NA,NA,NA,NA,NA
1,Manhattan,CHELSEA,1030,1,"$479,000",prediction,GROSSCON,14,1.2061,0.21715977100991107,0.4977224972829369,17.978441731242604,0.997357346888813,0.650155253694455,0.6438750280079523,0.09559774418602132,0.08829472510418875,-0.007303019081832564,0.9236067844067337,2e-7,0.1352984,0.894101,0.1352984,FALSE,FALSE,TRUE
1,Manhattan,CHELSEA,1030,2,"$550,000",prediction,GROSSCON,26,1.1708,0.058228139670849464,0.044306391940617064,8.074603308883907,1.001749675142031,0.6526372991605761,0.6371635019147218,0.03391639943672009,0.01355270259586418,-0.020363696840855892,0.3995914313118732,0,0.1906418,0.0490609,0.1906418,FALSE,TRUE,TRUE
1,Manhattan,CHELSEA,1030,3,"$647,000",prediction,GROSSCON,44,1.0968,0.013711263415219724,0.007616790499547295,9.922895367670158,1.0017946403245683,0.9960881693745379,0.46430701484232206,0.029952079785609008,0.009314612236300628,-0.02063746754930844,0.3109838215901101,0,0.1927738,0.0054381,0.1927738,TRUE,TRUE,TRUE
1,Manhattan,CHELSEA,1030,4,"$741,000",prediction,GROSSCON,32,1.0729,0.11730615277494297,0.10964665133758483,11.702524082360005,0.9996387120833486,1.0028253859408012,0.27846525240763126,0.02507245498795669,0.031786931615100725,0.006714476627144042,1.267802918795523,0,0.0241103,0.6194721,0.0241103,TRUE,TRUE,TRUE
1,Manhattan,CHELSEA,1030,5,"$850,000",prediction,GROSSCON,42,1.0046,0.01966652342194066,0.020208318890609176,9.904555593138202,1.0011596476977742,0.966303637267505,0.3581313594650385,0.0259237412347926,0.011682387762600853,-0.014241353472191846,0.45064435942299885,0,0.1903999,0.1172168,0.1903999,TRUE,TRUE,TRUE
1,Manhattan,CHELSEA,1030,6,"$985,000",prediction,GROSSCON,42,0.9597,0.03228694873388271,0.03218658735721942,10.028957512420313,1.0018636060618793,0.8556760131442052,0.6031675914415767,0.03299109578585108,0.011252370841386085,-0.021738724944464907,0.3410729644879482,0,0.2382705,0.0224513,0.2382705,TRUE,TRUE,TRUE
1,Manhattan,CHELSEA,1030,7,"$1,250,000",prediction,GROSSCON,39,0.9041,0.19731510949870087,0.2648770650748671,11.753148365999337,0.9992431382781498,0.7591551236245794,0.4705137483037907,0.04835063305626125,0.052937669842524036,0.0045870367862628145,1.0948702529070347,0,0.0011495,0.7602405,0.0011495,TRUE,TRUE,TRUE
1,Manhattan,CHELSEA,1030,8,"$1,554,000",prediction,GROSSCON,47,0.9374,0.29748418628636814,0.4315306241439576,10.653607765158592,0.9981273231811605,0.6578102517383866,0.5268347145923747,0.049739993301192824,0.06343905060860569,0.013699057307412854,1.275413332375425,0,1.18e-5,0.2969454,1.18e-5,TRUE,TRUE,TRUE
1,Manhattan,CHELSEA,1030,9,"$2,229,800",prediction,GROSSCON,29,0.9764,0.5950542217333157,0.5981639106394872,8.248412287427934,0.9980488340017266,0.3012193777818547,0.6533765866633631,0.06616422648381808,0.07588418546649531,0.009719958982677225,1.146906561131707,0,3e-7,0.3962271,3e-7,TRUE,TRUE,TRUE
1,Manhattan,CHELSEA,1030,10,"$5,225,000",prediction,GROSSCON,24,0.964,0.8090390908346271,0.7330968560125684,8.82372491335133,0.9991209575971814,0.0895591596630182,0.896448864903597,0.13677006302085318,0.13919517607930898,0.0024251130584557624,1.0177313149156475,0,1e-7,0.862777,1e-7,TRUE,TRUE,TRUE
1,Manhattan,CHINATOWN,1040,10,"$3,500,000",prediction,GROSSCON,1,NA,NA,NA,NA,NA,NA,NA,NA,NA,NA,NA,NA,NA,NA,NA,NA,NA,NA
1,Manhattan,CIVIC CENTER,1050,1,"$582,000",prediction,GROSSCON,1,NA,NA,NA,NA,NA,NA,NA,NA,NA,NA,NA,NA,NA,NA,NA,NA,NA,NA
1,Manhattan,CIVIC CENTER,1050,2,"$702,000",prediction,GROSSCON,1,NA,NA,NA,NA,NA,NA,NA,NA,NA,NA,NA,NA,NA,NA,NA,NA,NA,NA
1,Manhattan,CIVIC CENTER,1050,3,"$795,250",prediction,GROSSCON,3,NA,NA,NA,NA,NA,NA,NA,NA,NA,NA,NA,NA,NA,NA,NA,NA,NA,NA
1,Manhattan,CIVIC CENTER,1050,4,"$851,000",prediction,GROSSCON,3,NA,NA,NA,NA,NA,NA,NA,NA,NA,NA,NA,NA,NA,NA,NA,NA,NA,NA
1,Manhattan,CIVIC CENTER,1050,5,"$904,000",prediction,GROSSCON,5,NA,NA,NA,NA,NA,NA,NA,NA,NA,NA,NA,NA,NA,NA,NA,NA,NA,NA
1,Manhattan,CIVIC CENTER,1050,6,"$960,999",prediction,GROSSCON,13,0.9612,0.2875300397429223,0.35669794377730096,4.516871917633567,1.0007501550811309,0.2688561296687555,0.8005122556468534,0.03208858468280465,0.020501889286386358,-0.01158669539641824,0.638915349151338,0,0.0804422,0.2610271,0.0804422,TRUE,FALSE,TRUE
1,Manhattan,CIVIC CENTER,1050,7,"$1,352,500",prediction,GROSSCON,2,NA,NA,NA,NA,NA,NA,NA,NA,NA,NA,NA,NA,NA,NA,NA,NA,NA,NA
1,Manhattan,CIVIC CENTER,1050,8,"$2,090,000",prediction,GROSSCON,3,NA,NA,NA,NA,NA,NA,NA,NA,NA,NA,NA,NA,NA,NA,NA,NA,NA,NA
1,Manhattan,CIVIC CENTER,1050,9,"$2,574,999",prediction,GROSSCON,6,0.902,0.6443539010374136,0.36,8.265288465614137,0.9970045441036881,0.4144197267447711,0.5771233008000272,0.056248042593172495,0.07458053789685658,0.018332495303684,1.325922369179638,0.0018361,0.0859733,0.5764241,0.0859733,TRUE,TRUE,TRUE
1,Manhattan,CIVIC CENTER,1050,10,"$4,400,000",prediction,GROSSCON,5,NA,NA,NA,NA,NA,NA,NA,NA,NA,NA,NA,NA,NA,NA,NA,NA,NA,NA
1,Manhattan,CLINTON,1060,1,"$359,000",prediction,GROSSCON,12,1.0432,0.5072820716729652,0.37014034916132826,7.501041442640596,1.0051062800200372,-0.01357305086594994,0.8389448071693891,0.08195876288659787,0.059486710881226534,-0.022472052005371362,0.7258126988023874,0,0.0132657,0.2648453,0.0132657,TRUE,TRUE,TRUE
1,Manhattan,CLINTON,1060,2,"$409,200",prediction,GROSSCON,16,1.0354,0.4315232163965329,0.5010850732045397,5.402438993802971,1.000012721194825,0.3457656181250711,0.6795307516979435,0.038654661521604614,0.041426571261754565,0.0027719097401500436,1.0717095851065943,0,8.466e-4,0.7998989,8.466e-4,TRUE,TRUE,TRUE
1,Manhattan,CLINTON,1060,3,"$462,750",prediction,GROSSCON,8,0.984,0.45928203303784165,0.11244979919678716,6.4104382297308655,0.9990191426877811,0.5372800898441386,0.538039570374454,0.034077873000877314,0.032517832370762355,-0.0015600406301149472,0.9542213027768818,0.0022967,0.2743122,0.9473735,0.2743122,TRUE,TRUE,TRUE
1,Manhattan,CLINTON,1060,4,"$515,000",prediction,GROSSCON,15,1.0863,0.0576866929408892,0.04496167085370343,5.059339999866906,1.0011483974421655,0.34808950222336144,0.7236630099878456,0.024992880791640863,0.010855623635864045,-0.014137257155776847,0.4343486341716485,0,0.2261456,0.1486067,0.2261456,TRUE,TRUE,TRUE
1,Manhattan,CLINTON,1060,5,"$624,176",prediction,GROSSCON,12,1.0156,0.4861349748877335,0.2991109468197083,5.078965501178457,0.9996728067210418,0.3964319041624254,0.5457617947789274,0.029693049164806633,0.029949767968198378,2.5671880339183306e-4,1.0086457541617606,1e-7,0.0350584,0.9816908,0.0350584,TRUE,TRUE,TRUE
1,Manhattan,CLINTON,1060,6,"$666,350",prediction,GROSSCON,9,0.9805,0.22485705525699615,0.1177170868347339,8.617228525729727,0.9994615410231881,0.8608494492842386,0.2652554254971138,0.023714766563112225,0.027473604458325564,0.00375883789521338,1.158501998542131,4.03e-5,0.3203486,0.8827206,0.3203486,TRUE,TRUE,TRUE
1,Manhattan,CLINTON,1060,7,"$707,500",prediction,GROSSCON,8,0.9892,0.659992998678951,0.6944444444444446,4.60900444138219,1.004216129180186,-0.3819419363476521,1.534955699220245,0.05737193024873598,0.028795622944545823,-0.028576307304190078,0.501911349674002,5.5e-5,0.0173347,0.021192,0.0173347,TRUE,FALSE,TRUE
1,Manhattan,EAST VILLAGE,1070,1,"$403,900",prediction,GROSSCON,6,1.1591,0.7304025320073844,0.8889795918367347,11.340522622112683,0.9926475271805132,0.24380368658603593,0.6141199231151209,0.1042448173741362,0.15579920883696094,0.05155439146282481,1.494551122650015,0.012338,0.0134229,0.2672018,0.0134229,FALSE,TRUE,TRUE
1,Manhattan,EAST VILLAGE,1070,2,"$483,000",prediction,GROSSCON,7,1.0626,0.44763418258329524,0.04761904761904762,4.577776619337312,0.9994021469137995,0.4519689520999836,0.5140161095100627,0.03235747303543923,0.036897552961316006,0.004540079925876859,1.1403100891378115,0.0018443,0.0132228,0.381739,0.0132228,TRUE,FALSE,TRUE
1,Manhattan,EAST VILLAGE,1070,3,"$589,600",prediction,GROSSCON,4,NA,NA,NA,NA,NA,NA,NA,NA,NA,NA,NA,NA,NA,NA,NA,NA,NA,NA
1,Manhattan,EAST VILLAGE,1070,4,"$653,600",prediction,GROSSCON,7,0.9575,0.1034844447981241,0.23668831168831161,7.4725776596875075,1.0001719318132556,0.8580158230587006,0.5643817213579002,0.024456721915285584,0.02063181366135619,-0.003824908253929289,0.8436050314846668,6.23e-5,0.4296731,0.8788359,0.4296731,TRUE,TRUE,TRUE
1,Manhattan,EAST VILLAGE,1070,5,"$727,000",prediction,GROSSCON,7,1.0993,0.005137852973117504,0.502809917355372,6.111919570241255,1.0022988170962697,0.33380732989426637,2.0246772463963745,0.03298810893747605,0.007979682441663314,-0.025008426495812752,0.2418957223885618,3.492e-4,0.6946057,0.2888509,0.6946057,TRUE,TRUE,TRUE
1,Manhattan,EAST VILLAGE,1070,6,"$834,000",prediction,GROSSCON,14,0.9899,0.2441287391997911,0.13530795914901877,8.078742079770555,0.9987551391393067,1.0444383461739233,0.20226753368999822,0.0190362784790029,0.04178979345039384,0.022753514971390994,2.195271176374547,0,0.0827841,0.3185476,0.0827841,TRUE,TRUE,TRUE
1,Manhattan,EAST VILLAGE,1070,7,"$856,000",prediction,GROSSCON,5,NA,NA,NA,NA,NA,NA,NA,NA,NA,NA,NA,NA,NA,NA,NA,NA,NA,NA
1,Manhattan,EAST VILLAGE,1070,8,"$904,000",prediction,GROSSCON,2,NA,NA,NA,NA,NA,NA,NA,NA,NA,NA,NA,NA,NA,NA,NA,NA,NA,NA
1,Manhattan,EAST VILLAGE,1070,9,"$1,150,000",prediction,GROSSCON,1,NA,NA,NA,NA,NA,NA,NA,NA,NA,NA,NA,NA,NA,NA,NA,NA,NA,NA
1,Manhattan,EAST VILLAGE,1070,10,"$2,542,950",prediction,GROSSCON,1,NA,NA,NA,NA,NA,NA,NA,NA,NA,NA,NA,NA,NA,NA,NA,NA,NA,NA
1,Manhattan,FASHION,1080,1,"$528,500",prediction,GROSSCON,1,NA,NA,NA,NA,NA,NA,NA,NA,NA,NA,NA,NA,NA,NA,NA,NA,NA,NA
1,Manhattan,FASHION,1080,2,"$617,000",prediction,GROSSCON,2,NA,NA,NA,NA,NA,NA,NA,NA,NA,NA,NA,NA,NA,NA,NA,NA,NA,NA
1,Manhattan,FASHION,1080,3,"$811,000",prediction,GROSSCON,5,NA,NA,NA,NA,NA,NA,NA,NA,NA,NA,NA,NA,NA,NA,NA,NA,NA,NA
1,Manhattan,FASHION,1080,4,"$953,000",prediction,GROSSCON,2,NA,NA,NA,NA,NA,NA,NA,NA,NA,NA,NA,NA,NA,NA,NA,NA,NA,NA
1,Manhattan,FASHION,1080,5,"$1,084,500",prediction,GROSSCON,2,NA,NA,NA,NA,NA,NA,NA,NA,NA,NA,NA,NA,NA,NA,NA,NA,NA,NA
1,Manhattan,FASHION,1080,6,"$1,312,000",prediction,GROSSCON,5,NA,NA,NA,NA,NA,NA,NA,NA,NA,NA,NA,NA,NA,NA,NA,NA,NA,NA
1,Manhattan,FASHION,1080,7,"$1,572,500",prediction,GROSSCON,5,NA,NA,NA,NA,NA,NA,NA,NA,NA,NA,NA,NA,NA,NA,NA,NA,NA,NA
1,Manhattan,FASHION,1080,8,"$2,278,500",prediction,GROSSCON,7,1.0553,0.025758674175293473,0.02629870129870129,11.113374771855447,1.009593808567668,0.3943340873193269,0.6938751073464006,0.056444089031054336,-0.029159246784175877,-0.08560333581523016,-0.5166040817512899,0.0018635,0.3040339,0.0062512,0.3040339,TRUE,TRUE,TRUE
1,Manhattan,FASHION,1080,9,"$3,077,500",prediction,GROSSCON,5,NA,NA,NA,NA,NA,NA,NA,NA,NA,NA,NA,NA,NA,NA,NA,NA,NA,NA
1,Manhattan,FASHION,1080,10,"$4,585,000",prediction,GROSSCON,6,0.9283,0.6756408353904433,0.7067226890756302,9.278794314744793,0.9970628183987887,0.2763897814263031,0.6423770495944906,0.0961643157634249,0.12681264453297947,0.030648328769554624,1.3187079170297746,0.039232,0.04434,0.48229,0.04434,TRUE,TRUE,TRUE
1,Manhattan,FINANCIAL,1090,1,"$400,000",prediction,GROSSCON,1,NA,NA,NA,NA,NA,NA,NA,NA,NA,NA,NA,NA,NA,NA,NA,NA,NA,NA
1,Manhattan,FINANCIAL,1090,2,"$441,000",prediction,GROSSCON,5,NA,NA,NA,NA,NA,NA,NA,NA,NA,NA,NA,NA,NA,NA,NA,NA,NA,NA
1,Manhattan,FINANCIAL,1090,3,"$473,000",prediction,GROSSCON,1,NA,NA,NA,NA,NA,NA,NA,NA,NA,NA,NA,NA,NA,NA,NA,NA,NA,NA
1,Manhattan,FINANCIAL,1090,4,"$632,000",prediction,GROSSCON,1,NA,NA,NA,NA,NA,NA,NA,NA,NA,NA,NA,NA,NA,NA,NA,NA,NA,NA
1,Manhattan,FINANCIAL,1090,6,"$1,139,000",prediction,GROSSCON,1,NA,NA,NA,NA,NA,NA,NA,NA,NA,NA,NA,NA,NA,NA,NA,NA,NA,NA
1,Manhattan,FINANCIAL,1090,7,"$1,333,250",prediction,GROSSCON,2,NA,NA,NA,NA,NA,NA,NA,NA,NA,NA,NA,NA,NA,NA,NA,NA,NA,NA
1,Manhattan,FINANCIAL,1090,8,"$1,460,400",prediction,GROSSCON,4,NA,NA,NA,NA,NA,NA,NA,NA,NA,NA,NA,NA,NA,NA,NA,NA,NA,NA
1,Manhattan,FINANCIAL,1090,10,"$2,940,000",prediction,GROSSCON,3,NA,NA,NA,NA,NA,NA,NA,NA,NA,NA,NA,NA,NA,NA,NA,NA,NA,NA
1,Manhattan,FLATIRON,1100,1,"$537,000",prediction,GROSSCON,1,NA,NA,NA,NA,NA,NA,NA,NA,NA,NA,NA,NA,NA,NA,NA,NA,NA,NA
1,Manhattan,FLATIRON,1100,2,"$687,000",prediction,GROSSCON,11,1.1585,0.14186633965109305,0.35400083787180564,7.790980716398001,1.0006841391830494,0.6642811082642912,0.6081027759417472,0.028311738541868112,0.03603848108381793,0.007726742541949912,1.272916568882672,2.175e-4,0.0772075,0.7057889,0.0772075,FALSE,TRUE,TRUE
1,Manhattan,FLATIRON,1100,3,"$763,819",prediction,GROSSCON,11,1.0805,4.243264224384994e-5,0.015200166805671395,6.4585011943532304,1.0025889600785673,0.8545089531098743,0.7668376491384796,0.029452582883577518,-0.004396768424603728,-0.03384935130818128,-0.1492829488667827,7.35e-5,0.7893843,0.0599924,0.7893843,TRUE,TRUE,TRUE
1,Manhattan,FLATIRON,1100,4,"$837,044",prediction,GROSSCON,18,1.026,0.17588702290677172,0.20299104039545846,7.651726374581405,1.0000583310093825,0.7265609391248625,0.5127619140726334,0.028027625232688338,0.02834056602468311,3.129407919947586e-4,1.0111654408604611,0,0.0367169,0.9803847,0.0367169,TRUE,TRUE,TRUE
1,Manhattan,FLATIRON,1100,5,"$910,000",prediction,GROSSCON,30,1.0056,0.03706667582152944,0.06660479853519154,9.067763970618772,1.0008594466797651,0.9020576124015531,0.29058088001556015,0.023788456428134763,0.01460702459830142,-0.00918143182983323,0.6140383526955407,0,0.1085409,0.3219671,0.1085409,TRUE,TRUE,TRUE
1,Manhattan,FLATIRON,1100,6,"$991,000",prediction,GROSSCON,44,1.0328,0.039783782465295285,0.07379905290105317,8.269045670714755,1.0016215885481012,0.7572401852802745,0.7488790068410509,0.03166990465973548,0.012949186729530023,-0.01872071793020543,0.40887987724173364,0,0.1863465,0.0578729,0.1863465,TRUE,TRUE,TRUE
1,Manhattan,FLATIRON,1100,7,"$1,372,500",prediction,GROSSCON,16,0.9425,0.47541946606666496,0.45863961404286185,9.27342899675072,0.9978908789963351,0.49836760243003575,0.5256280602020683,0.0522225754230103,0.06382055535814676,0.01159797993513641,1.222087475410607,0,0.0035433,0.5055703,0.0035433,TRUE,TRUE,TRUE
1,Manhattan,FLATIRON,1100,8,"$1,759,000",prediction,GROSSCON,24,0.9627,0.4857917630295339,0.4947344889646679,9.876097063950724,0.9976555611843335,0.43631725173199537,0.5986454373987564,0.05874251272652612,0.06845188571312534,0.009709372986599187,1.165286987837938,0,5.084e-4,0.5472593,5.084e-4,TRUE,TRUE,TRUE
1,Manhattan,FLATIRON,1100,9,"$2,365,000",prediction,GROSSCON,29,0.9872,0.19785699230926698,0.37790541969131003,9.367922752532797,1.0040684687862367,0.39836253094526847,0.6935067256005918,0.07223568476421746,0.048673131150293515,-0.023562553613923926,0.673810060902256,0,0.0041308,0.1276399,0.0041308,TRUE,TRUE,TRUE
1,Manhattan,FLATIRON,1100,10,"$7,500,000",prediction,GROSSCON,14,0.962,0.9090001801077522,0.7234343678299722,6.999224449976305,1.003205586788732,0.01140895459193972,0.8791601999532547,0.17820789770171083,0.16768451499530224,-0.010523382706408601,0.9409488420988904,7.44e-5,0.0012155,0.5833558,0.0012155,TRUE,TRUE,TRUE
1,Manhattan,GRAMERCY,1110,1,"$480,000",prediction,GROSSCON,19,1.1103,0.31273340057931237,0.326244749196936,11.658693681426048,0.9992726525468392,0.5470696739500219,0.5612521288497866,0.05614503722391231,0.05564453932828036,-5.004978956319776e-4,0.9910856253663893,0,0.0123761,0.9794522,0.0123761,FALSE,TRUE,TRUE
1,Manhattan,GRAMERCY,1110,2,"$540,000",prediction,GROSSCON,43,1.0848,0.07490324854552323,0.16492812524897688,9.722186008660504,1.0032702154787723,0.5624098688085315,0.7535389741870757,0.04528256325396242,0.023543843495005483,-0.021738719758956904,0.5199317751285913,0,0.0128218,0.0256639,0.0128218,TRUE,TRUE,TRUE
1,Manhattan,GRAMERCY,1110,3,"$600,000",prediction,GROSSCON,79,1.0444,0.16333213500495794,0.2250173771313298,9.232031073381604,0.9993881043307761,0.9733178300997926,0.3578802016717225,0.025271713129744952,0.03329631977136807,0.008024606641623196,1.3175331486403332,0,1e-7,0.1483045,1e-7,TRUE,TRUE,TRUE
1,Manhattan,GRAMERCY,1110,4,"$680,000",prediction,GROSSCON,72,1.0302,0.11313826909819265,0.1088268372164995,11.094089654186224,0.9998075797772297,0.9787629274881092,0.3568996680182611,0.027276746744759307,0.02573462638167091,-0.001542120363088532,0.9434639190106163,0,3.527e-4,0.8170198,3.527e-4,TRUE,TRUE,TRUE
1,Manhattan,GRAMERCY,1110,5,"$750,000",prediction,GROSSCON,76,1.0247,0.10813130960673639,0.10854775567188422,8.058978006086923,1.000472519695493,0.7837929235770652,0.3857318742488772,0.027325594658897084,0.020714788654547955,-0.006610806004349199,0.7580727487591319,0,9.3e-6,0.1270382,9.3e-6,TRUE,TRUE,TRUE
1,Manhattan,GRAMERCY,1110,6,"$830,000",prediction,GROSSCON,73,0.987,0.10146104077547542,0.1338553163534401,9.62619190492142,1.0005362838162417,0.8203756551435105,0.3877308448152666,0.0303608844294727,0.025053110060727184,-0.005307774368745533,0.825177215075034,0,5e-7,0.2588764,5e-7,TRUE,TRUE,TRUE
1,Manhattan,GRAMERCY,1110,7,"$936,500",prediction,GROSSCON,49,0.9575,0.22657965512289316,0.20275936179437218,11.103543859071193,0.9999552352535525,0.6092843111802692,0.5796645783666861,0.05000600939218135,0.048658710652399816,-0.0013472987397814638,0.9730572633937872,0,6.43e-5,0.9020271,6.43e-5,TRUE,TRUE,TRUE
1,Manhattan,GRAMERCY,1110,8,"$1,204,000",prediction,GROSSCON,39,0.9346,0.06075391581776096,0.06179923054359206,16.82514751481009,1.003160890121498,0.8767993408456878,0.5019749679604343,0.05168400724336543,0.02790035357332583,-0.023783653670039658,0.5398256648705823,0,0.1726266,0.2344483,0.1726266,TRUE,FALSE,TRUE
1,Manhattan,GRAMERCY,1110,9,"$1,700,000",prediction,GROSSCON,34,0.865,0.022872134707834193,0.03778801089930983,19.30618019242556,1.0079139057721849,0.8054537346661252,0.47496907451392567,0.06418929581938379,0.020564208858500015,-0.04362508696088386,0.320368195288567,0,0.4661469,0.1241735,0.4661469,FALSE,FALSE,TRUE
1,Manhattan,GRAMERCY,1110,10,"$5,400,000",prediction,GROSSCON,15,0.9466,0.6859194556627976,0.4833918987988754,11.804905693929076,1.014142490677391,-0.05171353393255086,1.1992866547466348,0.14039380888552797,0.09762525024825856,-0.042768558637269395,0.695367203320616,6e-7,0.0031237,0.0472478,0.0031237,TRUE,TRUE,TRUE
1,Manhattan,GREENWICH VILLAGE-CENTRAL,1120,1,"$514,684",prediction,GROSSCON,11,1.0812,0.18625441386038635,0.31614273576890395,9.559167619797257,1.0035531670717563,1.2437113573060805,0.0754728703230027,0.024381412190706067,-0.027055779626791444,-0.051437191817497604,-1.1096887832077613,1.784e-4,0.0223153,6.791e-4,0.0223153,TRUE,TRUE,TRUE
1,Manhattan,GREENWICH VILLAGE-CENTRAL,1120,2,"$680,000",prediction,GROSSCON,29,1.0214,0.25696492026910445,0.24686400748602758,7.253228748619164,1.000168654684308,0.5298137491104159,0.6346912417601311,0.0350459006835495,0.03466872613411664,-3.7717454943273946e-4,0.9892376985017901,0,6.225e-4,0.9663104,6.225e-4,TRUE,TRUE,TRUE
1,Manhattan,GREENWICH VILLAGE-CENTRAL,1120,3,"$802,000",prediction,GROSSCON,33,1.0342,0.16844959724183273,0.2172894313191676,12.267152609502283,0.9991450751289542,0.9589117517245375,0.40435647896037935,0.03292241405612926,0.04401382558801196,0.011091411531882776,1.3368954510131952,0,0.0016798,0.3952263,0.0016798,TRUE,TRUE,TRUE
1,Manhattan,GREENWICH VILLAGE-CENTRAL,1120,4,"$946,000",prediction,GROSSCON,35,1.1215,0.016989893911297214,0.016869599363836,15.626437938498919,1.0007450444358992,1.259058697909427,0.2612169540502238,0.02636907860489327,0.012953399698509132,-0.013415678906384261,0.4912344451847912,0,0.3375677,0.3152656,0.3375677,FALSE,FALSE,TRUE
1,Manhattan,GREENWICH VILLAGE-CENTRAL,1120,5,"$1,200,000",prediction,GROSSCON,48,1.0996,0.07829552082028989,0.0513848676249172,14.01403133498792,0.9992432056822546,1.2544737094091647,0.18699647307706038,0.025554924022911124,0.036976010583645455,0.01142108656073426,1.446923127241339,0,0.0027046,0.3345099,0.0027046,TRUE,TRUE,TRUE
1,Manhattan,GREENWICH VILLAGE-CENTRAL,1120,6,"$1,541,000",prediction,GROSSCON,58,0.9941,0.006535412026058987,0.0036279278042091593,11.546899646458547,1.0023399151151093,1.093698243324576,0.4690812714245004,0.031950136497160816,0.005301723785138003,-0.026648412712022784,0.1659374377198423,0,0.5233455,0.0017799,0.5233455,TRUE,TRUE,TRUE
1,Manhattan,GREENWICH VILLAGE-CENTRAL,1120,7,"$1,833,000",prediction,GROSSCON,52,0.9732,0.06468083877042037,0.0772142920859406,16.42206628511792,1.0018775398234336,0.9190082041203871,0.48915201826504195,0.04319389158628785,0.030588844400784885,-0.012605047185503026,0.7081752367618439,0,0.0233509,0.338442,0.0233509,TRUE,FALSE,TRUE
1,Manhattan,GREENWICH VILLAGE-CENTRAL,1120,8,"$2,238,000",prediction,GROSSCON,68,0.9875,0.10616975811076548,0.10205739210914944,12.815378655821217,1.0029867388867724,0.6170723471311003,0.5553795890874734,0.05273969074182223,0.03314530054928489,-0.01959439019253735,0.6284697555687575,0,9.849e-4,0.0453959,9.849e-4,TRUE,TRUE,TRUE
1,Manhattan,GREENWICH VILLAGE-CENTRAL,1120,9,"$3,064,999",prediction,GROSSCON,95,0.9271,0.15728290707766346,0.16336170930816973,12.085297706353995,1.0048121166876132,0.39379067384770233,0.6149768167063824,0.06573376682539232,0.042861321002486005,-0.022872445822906436,0.6520441939123552,0,1e-7,0.0034262,1e-7,TRUE,TRUE,TRUE
1,Manhattan,GREENWICH VILLAGE-CENTRAL,1120,10,"$10,500,000",prediction,GROSSCON,80,0.9564,0.892350160003112,0.7261084028927978,9.238820087285685,1.003357992657713,0.039134578890691815,0.9238102830648263,0.16715544280945488,0.15853828252292074,-0.00861716028653414,0.9484482219561527,0,0,0.2344632,0,TRUE,TRUE,TRUE
1,Manhattan,GREENWICH VILLAGE-WEST,1121,1,"$500,000",prediction,GROSSCON,7,1.1697,0.8720705516530332,0.7346938775510199,32.96608456354394,1.0452691406984729,4.241679910807706,NA,0.07152244138405088,-0.12052922381446872,-0.19205166519851968,-1.6851944855638878,0.0092782,0.0170785,0.0109932,0.0170785,FALSE,FALSE,FALSE
1,Manhattan,GREENWICH VILLAGE-WEST,1121,2,"$600,000",prediction,GROSSCON,32,1.0799,0.08196041443304962,0.274653312788906,11.715375642050912,1.0009880644033864,0.9718772763012974,0.48915055289709036,0.039015330538976316,0.030024077441705363,-0.008991253097271019,0.7695456382642025,0,0.1143838,0.628382,0.1143838,TRUE,TRUE,TRUE
1,Manhattan,GREENWICH VILLAGE-WEST,1121,3,"$690,000",prediction,GROSSCON,38,1.0638,0.18580417974745692,0.21713103211218368,8.12761517726915,1.0001693619767573,0.6923132962621332,0.5334847601531366,0.03180180829103979,0.03047893731098761,-0.001322870980052139,0.958402649058643,0,2.66e-5,0.8371023,2.66e-5,TRUE,TRUE,TRUE
1,Manhattan,GREENWICH VILLAGE-WEST,1121,4,"$785,000",prediction,GROSSCON,44,1.0214,0.26743891728797337,0.30030433779126225,7.956479316971417,0.9989633163814235,0.8820061990239597,0.3408333823093019,0.02285929198911055,0.038461154064053905,0.015601862074943323,1.6825172924155052,0,0,0.0041548,0,TRUE,TRUE,TRUE
1,Manhattan,GREENWICH VILLAGE-WEST,1121,5,"$895,000",prediction,GROSSCON,48,1.0365,0.29975958614695875,0.3334523791607674,10.002864408167717,0.9985667260503824,0.8372437673173728,0.28659736155015786,0.027800218050253737,0.04528609308596152,0.017485875035707824,1.6289833771842792,0,1e-7,0.0183384,1e-7,TRUE,TRUE,TRUE
1,Manhattan,GREENWICH VILLAGE-WEST,1121,6,"$1,040,000",prediction,GROSSCON,51,1.026,0.14222791115920155,0.1846430199407395,7.370652953590468,1.0004106429091435,0.7165681387449092,0.6515693962814928,0.02981901268495854,0.025139569695577194,-0.004679442989381401,0.8430718334365946,0,1.816e-4,0.4541318,1.816e-4,TRUE,TRUE,TRUE
1,Manhattan,GREENWICH VILLAGE-WEST,1121,7,"$1,251,000",prediction,GROSSCON,62,0.9475,0.16773189181253684,0.23924205090691583,13.055063410456064,1.0006030502624619,0.7324264152098002,0.48838156371199215,0.04993875160766112,0.047431745761350626,-0.0025070058463105374,0.9497983877128805,0,9.4e-6,0.799797,9.4e-6,TRUE,TRUE,TRUE
1,Manhattan,GREENWICH VILLAGE-WEST,1121,8,"$1,580,000",prediction,GROSSCON,47,0.9157,0.07698064538996914,0.09622607919669982,12.355229502514428,1.0023931327905125,0.7776459020073524,0.4889383876655863,0.047148678128686124,0.029303384182282607,-0.017845293946403558,0.6215101959444733,0,0.0367992,0.1959993,0.0367992,TRUE,TRUE,TRUE
1,Manhattan,GREENWICH VILLAGE-WEST,1121,9,"$2,150,000",prediction,GROSSCON,41,0.8821,0.1731792389549471,0.2632717503561781,14.396958345777106,0.9996632281199781,0.7314879131656936,0.46581207868491975,0.05671436830852855,0.06482107749129021,0.00810670918276168,1.1429392484574785,0,8.11e-5,0.6004264,8.11e-5,FALSE,TRUE,TRUE
1,Manhattan,GREENWICH VILLAGE-WEST,1121,10,"$12,300,000",prediction,GROSSCON,31,0.9517,0.9374560487933375,0.42105272309175656,10.242633783216123,0.999226272430577,0.05350389784404159,0.8846883493427138,0.18497376456372905,0.17376519357818468,-0.01120857098554435,0.9394045365731705,2.85e-5,7.871e-4,0.4367091,7.871e-4,TRUE,TRUE,TRUE
1,Manhattan,HARLEM-CENTRAL,1130,1,"$298,000",prediction,GROSSCON,5,NA,NA,NA,NA,NA,NA,NA,NA,NA,NA,NA,NA,NA,NA,NA,NA,NA,NA
1,Manhattan,HARLEM-CENTRAL,1130,2,"$377,000",prediction,GROSSCON,3,NA,NA,NA,NA,NA,NA,NA,NA,NA,NA,NA,NA,NA,NA,NA,NA,NA,NA
1,Manhattan,HARLEM-CENTRAL,1130,3,"$415,300",prediction,GROSSCON,2,NA,NA,NA,NA,NA,NA,NA,NA,NA,NA,NA,NA,NA,NA,NA,NA,NA,NA
1,Manhattan,HARLEM-CENTRAL,1130,4,"$427,600",prediction,GROSSCON,1,NA,NA,NA,NA,NA,NA,NA,NA,NA,NA,NA,NA,NA,NA,NA,NA,NA,NA
1,Manhattan,HARLEM-CENTRAL,1130,5,"$542,500",prediction,GROSSCON,2,NA,NA,NA,NA,NA,NA,NA,NA,NA,NA,NA,NA,NA,NA,NA,NA,NA,NA
1,Manhattan,HARLEM-CENTRAL,1130,6,"$681,000",prediction,GROSSCON,2,NA,NA,NA,NA,NA,NA,NA,NA,NA,NA,NA,NA,NA,NA,NA,NA,NA,NA
1,Manhattan,HARLEM-CENTRAL,1130,7,"$803,500",prediction,GROSSCON,1,NA,NA,NA,NA,NA,NA,NA,NA,NA,NA,NA,NA,NA,NA,NA,NA,NA,NA
1,Manhattan,HARLEM-CENTRAL,1130,8,"$904,000",prediction,GROSSCON,1,NA,NA,NA,NA,NA,NA,NA,NA,NA,NA,NA,NA,NA,NA,NA,NA,NA,NA
1,Manhattan,HARLEM-CENTRAL,1130,9,"$1,250,000",prediction,GROSSCON,1,NA,NA,NA,NA,NA,NA,NA,NA,NA,NA,NA,NA,NA,NA,NA,NA,NA,NA
1,Manhattan,HARLEM-EAST,1131,2,"$410,000",prediction,GROSSCON,1,NA,NA,NA,NA,NA,NA,NA,NA,NA,NA,NA,NA,NA,NA,NA,NA,NA,NA
1,Manhattan,HARLEM-UPPER,1132,2,"$628,000",prediction,GROSSCON,1,NA,NA,NA,NA,NA,NA,NA,NA,NA,NA,NA,NA,NA,NA,NA,NA,NA,NA
1,Manhattan,HARLEM-UPPER,1132,3,"$648,500",prediction,GROSSCON,1,NA,NA,NA,NA,NA,NA,NA,NA,NA,NA,NA,NA,NA,NA,NA,NA,NA,NA
1,Manhattan,HARLEM-UPPER,1132,4,"$664,400",prediction,GROSSCON,4,NA,NA,NA,NA,NA,NA,NA,NA,NA,NA,NA,NA,NA,NA,NA,NA,NA,NA
1,Manhattan,HARLEM-UPPER,1132,5,"$677,000",prediction,GROSSCON,2,NA,NA,NA,NA,NA,NA,NA,NA,NA,NA,NA,NA,NA,NA,NA,NA,NA,NA
1,Manhattan,HARLEM-UPPER,1132,7,"$749,000",prediction,GROSSCON,2,NA,NA,NA,NA,NA,NA,NA,NA,NA,NA,NA,NA,NA,NA,NA,NA,NA,NA
1,Manhattan,HARLEM-WEST,1133,1,"$426,400",prediction,GROSSCON,1,NA,NA,NA,NA,NA,NA,NA,NA,NA,NA,NA,NA,NA,NA,NA,NA,NA,NA
1,Manhattan,HARLEM-WEST,1133,5,"$552,000",prediction,GROSSCON,1,NA,NA,NA,NA,NA,NA,NA,NA,NA,NA,NA,NA,NA,NA,NA,NA,NA,NA
1,Manhattan,INWOOD,1140,1,"$288,200",prediction,GROSSCON,46,1.1165,0.7073214579833622,0.6517058906332912,9.147026589625975,0.997273050716093,0.17467016392782148,0.7829545083285003,0.10119567523379243,0.10896203171473227,0.007766356480939984,1.0767459326991717,0,0,0.3396454,0,FALSE,TRUE,TRUE
1,Manhattan,INWOOD,1140,2,"$330,000",prediction,GROSSCON,36,1.0478,0.22325019399366813,0.08287883090463735,5.575416674429256,1.0015969808271288,0.20956047161546543,0.7291768171295694,0.0355308856544956,0.01815616226786888,-0.017374723386626795,0.5109966141688778,0,0.0081057,0.0056302,0.0081057,TRUE,TRUE,TRUE
1,Manhattan,INWOOD,1140,3,"$380,500",prediction,GROSSCON,20,0.9775,0.004792338028489368,0.01753701814000525,10.248915575030303,1.0011238304603245,1.1470849816051005,0.3148978712387199,0.021851819774987836,0.009299130205577434,-0.012552689569410391,0.4255540408685642,0,0.440999,0.320642,0.440999,TRUE,TRUE,TRUE
1,Manhattan,INWOOD,1140,4,"$404,600",prediction,GROSSCON,10,0.9272,0.05961368460595654,0.010679970436067995,12.449033766507846,1.0047883282685317,1.3081563710358544,0.6667385358864893,0.033180838197402356,-0.024143359719126192,-0.05732419791652848,-0.7276295907743632,1.76e-5,0.4776815,0.1182689,0.4776815,TRUE,TRUE,TRUE
1,Manhattan,INWOOD,1140,5,"$422,000",prediction,GROSSCON,1,NA,NA,NA,NA,NA,NA,NA,NA,NA,NA,NA,NA,NA,NA,NA,NA,NA,NA
1,Manhattan,INWOOD,1140,6,"$463,999",prediction,GROSSCON,7,0.98,0.04139178931747323,0.08163265306122446,13.394133479873165,1.0006583589515428,0.9676659279257929,0.624688801936626,0.028441584967320334,0.024197675691793798,-0.004243909275526561,0.8507850641796882,0.0370268,0.7149695,0.9482906,0.7149695,TRUE,TRUE,TRUE
1,Manhattan,INWOOD,1140,7,"$534,000",prediction,GROSSCON,4,NA,NA,NA,NA,NA,NA,NA,NA,NA,NA,NA,NA,NA,NA,NA,NA,NA,NA
1,Manhattan,INWOOD,1140,8,"$575,000",prediction,GROSSCON,1,NA,NA,NA,NA,NA,NA,NA,NA,NA,NA,NA,NA,NA,NA,NA,NA,NA,NA
1,Manhattan,JAVITS CENTER,1150,1,"$352,500",prediction,GROSSCON,8,1.0697,2.301071468541887e-4,0.014172335600907034,7.153388723352052,1.0060557857340784,-0.15341767326353806,1.3178087735394488,0.048978171150116816,0.001063412119934578,-0.0479147590301823,0.02171196055228867,1.73e-5,0.9545093,0.0458029,0.9545093,TRUE,TRUE,TRUE
1,Manhattan,JAVITS CENTER,1150,2,"$385,000",prediction,GROSSCON,8,1.008,0.028686501100847007,0.07202380952380955,6.9551759384521485,1.002105064172735,0.283441891613062,0.6536058427539092,0.02637477585176331,0.010051891061876617,-0.01632288478988677,0.38111759198910955,0.0162117,0.5460395,0.3938504,0.5460395,TRUE,TRUE,TRUE
1,Manhattan,JAVITS CENTER,1150,3,"$407,500",prediction,GROSSCON,2,NA,NA,NA,NA,NA,NA,NA,NA,NA,NA,NA,NA,NA,NA,NA,NA,NA,NA
1,Manhattan,JAVITS CENTER,1150,4,"$485,000",prediction,GROSSCON,2,NA,NA,NA,NA,NA,NA,NA,NA,NA,NA,NA,NA,NA,NA,NA,NA,NA,NA
1,Manhattan,JAVITS CENTER,1150,5,"$490,000",prediction,GROSSCON,6,0.9797,0.6013144629020972,0.5252100840336135,5.899839459188301,0.9980374200682404,0.717156815285863,0.3533791648664041,0.026260387811634207,0.05682142677980258,0.030561038968168263,2.1637695218891175,0.0011425,0.0986678,0.2950906,0.0986678,TRUE,TRUE,TRUE
1,Manhattan,KIPS BAY,1160,1,"$413,500",prediction,GROSSCON,9,1.1365,0.22903772834715916,0.1765536723163842,10.393717916840602,0.9993975861963383,0.683590069971057,0.44577938089172686,0.039880614648023074,0.03713431637363423,-0.0027462982743887664,0.9311370123397813,5.86e-5,0.2852371,0.9313123,0.2852371,FALSE,TRUE,TRUE
1,Manhattan,KIPS BAY,1160,2,"$465,000",prediction,GROSSCON,18,1.0298,0.1998072927964181,0.1276840194639685,6.326781904919801,1.0018557847174188,0.1957133847781492,0.8635319061442028,0.037822460257884966,0.0197538042492763,-0.018068656008608696,0.5222770838964164,0,0.0511304,0.0668252,0.0511304,TRUE,TRUE,TRUE
1,Manhattan,KIPS BAY,1160,3,"$525,000",prediction,GROSSCON,24,1.0228,0.07069895522953647,0.08231079490322639,9.12837388954788,1.0008663182498339,0.9073291814631496,0.34048647736837995,0.03010649631223448,0.02162754525965419,-0.008478951052580275,0.7183680570251404,0,0.1066241,0.5173749,0.1066241,TRUE,TRUE,TRUE
1,Manhattan,KIPS BAY,1160,4,"$570,000",prediction,GROSSCON,15,1.038,0.23421100507936968,0.14402171275883377,8.092573470095838,0.9993782564351619,0.9699079030647653,0.2655144599884049,0.016526253590846106,0.02934832581198365,0.012822072221137551,1.775860793291936,1e-7,0.0166439,0.2331252,0.0166439,TRUE,TRUE,TRUE
1,Manhattan,KIPS BAY,1160,5,"$617,500",prediction,GROSSCON,14,1.0834,0.2389789448139841,0.19170741153120008,12.064293075336012,0.9986105246198348,1.050266956321696,0.2817436876340693,0.02486109873131888,0.04412338544805684,0.019262286716738027,1.7747962760982972,0,0.0992728,0.4450272,0.0992728,TRUE,TRUE,TRUE
1,Manhattan,KIPS BAY,1160,6,"$650,000",prediction,GROSSCON,14,0.9835,0.3678236775224369,0.47647577092511023,10.581538278792653,0.9978068324787741,0.8459894357905472,0.29124310023595257,0.029647603284536642,0.06586729318134367,0.036219689896807024,2.2216734536413045,2e-6,0.005142,0.0950236,0.005142,TRUE,TRUE,TRUE
1,Manhattan,KIPS BAY,1160,7,"$751,500",prediction,GROSSCON,5,NA,NA,NA,NA,NA,NA,NA,NA,NA,NA,NA,NA,NA,NA,NA,NA,NA,NA
1,Manhattan,KIPS BAY,1160,8,"$825,000",prediction,GROSSCON,3,NA,NA,NA,NA,NA,NA,NA,NA,NA,NA,NA,NA,NA,NA,NA,NA,NA,NA
1,Manhattan,KIPS BAY,1160,9,"$1,006,250",prediction,GROSSCON,4,NA,NA,NA,NA,NA,NA,NA,NA,NA,NA,NA,NA,NA,NA,NA,NA,NA,NA
1,Manhattan,LITTLE ITALY,1170,10,"$4,450,000",prediction,GROSSCON,3,NA,NA,NA,NA,NA,NA,NA,NA,NA,NA,NA,NA,NA,NA,NA,NA,NA,NA
1,Manhattan,LOWER EAST SIDE,1180,1,"$535,900",prediction,GROSSCON,1,NA,NA,NA,NA,NA,NA,NA,NA,NA,NA,NA,NA,NA,NA,NA,NA,NA,NA
1,Manhattan,LOWER EAST SIDE,1180,2,"$603,000",prediction,GROSSCON,8,1.5125,0.17233777496005578,0.2046485260770976,20.353147532396516,1.0051508295879783,1.3916540177779526,0.06592991062180568,0.025715066141179237,-0.05540155805411342,-0.08111662419529263,-2.1544396483349972,6.5e-6,0.3456716,0.1877407,0.3456716,FALSE,FALSE,TRUE
1,Manhattan,LOWER EAST SIDE,1180,3,"$629,600",prediction,GROSSCON,19,1.1027,0.45488089202705007,0.3505542617605963,5.969843176898101,0.999333760289509,0.5442635461910696,0.5171211012694974,0.027418458509535906,0.03516101567391179,0.007742557164375823,1.2823848452925533,0,0.0014791,0.3948934,0.0014791,FALSE,TRUE,TRUE
1,Manhattan,LOWER EAST SIDE,1180,4,"$701,000",prediction,GROSSCON,44,1.0773,0.40999955176333225,0.3009417760272545,5.432722408543532,0.9993005223297986,0.6053572083892599,0.49732643818887645,0.024983852172045715,0.03158356152054146,0.006599709348495747,1.2641589977017371,0,9e-7,0.1856355,9e-7,TRUE,TRUE,TRUE
1,Manhattan,LOWER EAST SIDE,1180,5,"$783,500",prediction,GROSSCON,32,0.9926,0.1640692078772732,0.22740358065092922,7.519347937000685,0.9999703325694427,0.8140219478263314,0.46652826438970846,0.026486503138988704,0.028966101651990542,0.0024795985130018636,1.0936174360197766,0,0.0084605,0.8126612,0.0084605,TRUE,TRUE,TRUE
1,Manhattan,LOWER EAST SIDE,1180,6,"$819,600",prediction,GROSSCON,45,0.9955,0.09651528914148406,0.04538273867699562,9.217200272040792,1.0005821152264667,0.8099838153462201,0.3688871790998948,0.028584065845936844,0.021008435279497292,-0.007575630566439605,0.7349701540966593,0,0.026561,0.4067015,0.026561,TRUE,TRUE,TRUE
1,Manhattan,LOWER EAST SIDE,1180,7,"$875,500",prediction,GROSSCON,22,0.9418,0.08610228843857727,0.07044882786102563,10.038927041328371,1.0019397741095788,0.6684482441986197,0.4083215706417747,0.03908893952963219,0.02142816442013629,-0.01766077510949601,0.5481899657035174,0,0.1185094,0.1895298,0.1185094,TRUE,TRUE,TRUE
1,Manhattan,LOWER EAST SIDE,1180,8,"$949,400",prediction,GROSSCON,8,0.9015,9.440126896293949e-5,0.002267573696145125,19.583283525473615,1.0059762162097827,1.1313074987914795,0.6831450526991526,0.04130155325594821,-0.03439313222491971,-0.07569468548086793,-0.8327321738188226,0.0074427,0.6336113,0.2951825,0.6336113,TRUE,FALSE,TRUE
1,Manhattan,LOWER EAST SIDE,1180,9,"$1,125,000",prediction,GROSSCON,4,NA,NA,NA,NA,NA,NA,NA,NA,NA,NA,NA,NA,NA,NA,NA,NA,NA,NA
1,Manhattan,LOWER EAST SIDE,1180,10,"$3,065,500",prediction,GROSSCON,1,NA,NA,NA,NA,NA,NA,NA,NA,NA,NA,NA,NA,NA,NA,NA,NA,NA,NA
1,Manhattan,MANHATTAN VALLEY,1190,1,"$424,898",prediction,GROSSCON,3,NA,NA,NA,NA,NA,NA,NA,NA,NA,NA,NA,NA,NA,NA,NA,NA,NA,NA
1,Manhattan,MANHATTAN VALLEY,1190,2,"$529,000",prediction,GROSSCON,3,NA,NA,NA,NA,NA,NA,NA,NA,NA,NA,NA,NA,NA,NA,NA,NA,NA,NA
1,Manhattan,MANHATTAN VALLEY,1190,3,"$592,000",prediction,GROSSCON,6,1.0406,0.27134501827189456,0.06612244897959185,3.7048470830154363,1.001687218120528,-0.30843430701676905,1.891773795630861,0.03442514459496471,0.008502974672634117,-0.02592216992233057,0.24699895302336358,0.0013255,0.5037125,0.0370595,0.5037125,TRUE,FALSE,TRUE
1,Manhattan,MANHATTAN VALLEY,1190,4,"$634,000",prediction,GROSSCON,5,NA,NA,NA,NA,NA,NA,NA,NA,NA,NA,NA,NA,NA,NA,NA,NA,NA,NA
1,Manhattan,MANHATTAN VALLEY,1190,5,"$729,500",prediction,GROSSCON,5,NA,NA,NA,NA,NA,NA,NA,NA,NA,NA,NA,NA,NA,NA,NA,NA,NA,NA
1,Manhattan,MANHATTAN VALLEY,1190,6,"$1,173,948",prediction,GROSSCON,1,NA,NA,NA,NA,NA,NA,NA,NA,NA,NA,NA,NA,NA,NA,NA,NA,NA,NA
1,Manhattan,MANHATTAN VALLEY,1190,7,"$1,384,000",prediction,GROSSCON,3,NA,NA,NA,NA,NA,NA,NA,NA,NA,NA,NA,NA,NA,NA,NA,NA,NA,NA
1,Manhattan,MANHATTAN VALLEY,1190,8,"$1,525,000",prediction,GROSSCON,8,1.0989,0.0687691918344091,1.434308663224326e-4,5.179394169174779,1.0026063213992127,-0.11568847854359074,1.3948707959422906,0.03530013706298005,0.005850353570682965,-0.02944978349229696,0.16573175226615286,5.978e-4,0.7024796,0.0773938,0.7024796,TRUE,TRUE,TRUE
1,Manhattan,MANHATTAN VALLEY,1190,9,"$1,760,000",prediction,GROSSCON,2,NA,NA,NA,NA,NA,NA,NA,NA,NA,NA,NA,NA,NA,NA,NA,NA,NA,NA
1,Manhattan,MANHATTAN VALLEY,1190,10,"$3,482,500",prediction,GROSSCON,3,NA,NA,NA,NA,NA,NA,NA,NA,NA,NA,NA,NA,NA,NA,NA,NA,NA,NA
1,Manhattan,MIDTOWN CBD,1200,1,"$373,025",prediction,GROSSCON,10,1.0808,0.44085770761569,0.44181818181818183,9.69247392112951,1.0002455151545522,0.3305804321910947,0.6812475255642959,0.06721475208214675,0.0699659181205499,0.002751166038403128,1.0409309854336848,1.7e-6,0.0123801,0.907691,0.0123801,TRUE,TRUE,TRUE
1,Manhattan,MIDTOWN CBD,1200,2,"$430,000",prediction,GROSSCON,19,1.0681,0.007481979677551705,2.1059463105522412e-4,11.32144209300244,1.0030089792502956,0.8766252602267166,0.5243453555609706,0.03729882409659166,0.00256644296613548,-0.03473238113045627,0.06880761064984844,0,0.8931376,0.0747365,0.8931376,TRUE,TRUE,TRUE
1,Manhattan,MIDTOWN CBD,1200,3,"$460,000",prediction,GROSSCON,4,NA,NA,NA,NA,NA,NA,NA,NA,NA,NA,NA,NA,NA,NA,NA,NA,NA,NA
1,Manhattan,MIDTOWN CBD,1200,4,"$497,400",prediction,GROSSCON,3,NA,NA,NA,NA,NA,NA,NA,NA,NA,NA,NA,NA,NA,NA,NA,NA,NA,NA
1,Manhattan,MIDTOWN CBD,1200,5,"$630,000",prediction,GROSSCON,4,NA,NA,NA,NA,NA,NA,NA,NA,NA,NA,NA,NA,NA,NA,NA,NA,NA,NA
1,Manhattan,MIDTOWN CBD,1200,6,"$900,000",prediction,GROSSCON,6,0.9177,0.5192170464212634,0.40645161290322585,11.61722686064524,1.0024882079924182,1.8269533510246554,0.05013172508403538,0.014705882352941142,-0.05515068669851399,-0.069856569051455,-3.750246695498975,0.0051818,0.056264,0.0337492,0.056264,TRUE,TRUE,TRUE
1,Manhattan,MIDTOWN CBD,1200,7,"$990,000",prediction,GROSSCON,14,0.9875,0.05035863051604487,0.09483182916845341,11.173804499582234,1.0014047545140625,0.8552382261488767,0.33505186631042566,0.04068938623912443,0.022913996853225378,-0.017775389385899062,0.5631443226635033,0,0.3269823,0.4326289,0.3269823,TRUE,TRUE,TRUE
1,Manhattan,MIDTOWN CBD,1200,8,"$1,105,000",prediction,GROSSCON,3,NA,NA,NA,NA,NA,NA,NA,NA,NA,NA,NA,NA,NA,NA,NA,NA,NA,NA
1,Manhattan,MIDTOWN CBD,1200,9,"$1,697,973",prediction,GROSSCON,2,NA,NA,NA,NA,NA,NA,NA,NA,NA,NA,NA,NA,NA,NA,NA,NA,NA,NA
1,Manhattan,MIDTOWN CBD,1200,10,"$4,999,000",prediction,GROSSCON,5,NA,NA,NA,NA,NA,NA,NA,NA,NA,NA,NA,NA,NA,NA,NA,NA,NA,NA
1,Manhattan,MIDTOWN EAST,1201,1,"$300,000",prediction,GROSSCON,264,1.0607,0.37548651065488586,0.343594523669755,10.859178099705963,1.0057762997162674,0.11408556522641174,0.8461065983274886,0.08131722818539602,0.0630245580127144,-0.01829267017268171,0.7750455766768622,0,0,5e-7,0,TRUE,TRUE,TRUE
1,Manhattan,MIDTOWN EAST,1201,2,"$350,000",prediction,GROSSCON,130,1.0306,0.04282483174192271,0.07451692632780954,11.564599890796538,1.0018413257040086,0.912644868426873,0.4665086343600644,0.03580471042326268,0.019016034684671532,-0.016788675738591306,0.531104272590807,0,1.087e-4,6.182e-4,1.087e-4,TRUE,TRUE,TRUE
1,Manhattan,MIDTOWN EAST,1201,3,"$449,000",prediction,GROSSCON,122,1.0372,0.02675512620358091,0.05746255307009505,11.01157935098259,1.001327307983376,1.0101582918397516,0.3854468284804309,0.02934888933714993,0.013915887766200825,-0.015433001570949,0.4741538123075122,0,2.622e-4,5.48e-5,2.622e-4,TRUE,TRUE,TRUE
1,Manhattan,MIDTOWN EAST,1201,4,"$530,000",prediction,GROSSCON,128,1.0362,0.004149617929329372,0.008010491085524771,11.5944037515075,1.001418696590083,1.1797380864398785,0.3578761981033036,0.024817808942606264,0.0046683605018490795,-0.020149448440757247,0.18810526395159022,0,0.3383907,5.36e-5,0.3383907,TRUE,TRUE,TRUE
1,Manhattan,MIDTOWN EAST,1201,5,"$625,000",prediction,GROSSCON,107,1.0146,0.029885540942795625,0.04699253741750937,10.2026038077998,1.0009878751237773,1.0313977178177192,0.3402144133960433,0.026341669021660043,0.013626668713537621,-0.012715000308122419,0.5173046818837805,0,0.0041338,0.0071969,0.0041338,TRUE,TRUE,TRUE
1,Manhattan,MIDTOWN EAST,1201,6,"$717,500",prediction,GROSSCON,84,0.973,0.11168691307318546,0.13274799769332826,11.746061458193816,0.9994528841331246,0.9902737825863209,0.28485414261384673,0.03185768496225496,0.03767537236645263,0.005817687404197602,1.1826148827540366,0,2e-6,0.4306288,2e-6,TRUE,TRUE,TRUE
1,Manhattan,MIDTOWN EAST,1201,7,"$860,000",prediction,GROSSCON,100,0.9561,0.0816810376645833,0.10151955914745639,14.31983441856648,1.0023083337912466,0.7839428003813325,0.474624436503548,0.04844460649559718,0.033048789453488964,-0.015395817042108162,0.6821975002829787,0,5.69e-5,0.0523915,5.69e-5,TRUE,TRUE,TRUE
1,Manhattan,MIDTOWN EAST,1201,8,"$1,150,000",prediction,GROSSCON,101,0.9803,0.14145579175922643,0.18108999615538426,13.787767342305642,1.0001988676145857,0.7737167024958991,0.4173706210025466,0.04951343453923642,0.04713025758577819,-0.0023831769534582697,0.9518680742785125,0,1.2e-6,0.7922441,1.2e-6,TRUE,TRUE,TRUE
1,Manhattan,MIDTOWN EAST,1201,9,"$1,535,000",prediction,GROSSCON,57,0.8906,0.15075559333984095,0.23922371617417293,16.607748597925394,1.0015059249220732,0.6580414088545306,0.4852300255692178,0.0676760971234042,0.06863411047751378,9.580133541095031e-4,1.0141558599687344,0,2.47e-5,0.9520481,2.47e-5,FALSE,FALSE,TRUE
1,Manhattan,MIDTOWN EAST,1201,10,"$6,540,500",prediction,GROSSCON,18,0.9105,0.8900129174312271,0.6051168379892085,16.96992230063726,0.968621942182297,0.24038716623568687,0.7007884440099983,0.19718746211559962,0.24794576964533618,0.050758307529736604,1.2574114347086636,0,8e-6,0.0713033,8e-6,TRUE,FALSE,FALSE
1,Manhattan,MIDTOWN WEST,1202,1,"$435,000",prediction,GROSSCON,12,1.2132,0.17609525393558584,0.01866028708133971,9.07011288328061,1.001360579673836,0.48663385875294096,0.6810288653832706,0.04255449050613587,0.011701696790442088,-0.03085279371569377,0.2749814802448355,8.8e-5,0.6717772,0.2066477,0.6717772,FALSE,TRUE,TRUE
1,Manhattan,MIDTOWN WEST,1202,2,"$513,000",prediction,GROSSCON,23,1.0603,0.36836160721125105,0.39054855118165754,7.199980294423961,0.9976942704622094,0.75112622734979,0.4227823508369296,0.0343131937664967,0.0573277989980998,0.023014605231603112,1.6707217459330337,0,0.0021598,0.1728829,0.0021598,TRUE,TRUE,TRUE
1,Manhattan,MIDTOWN WEST,1202,3,"$573,400",prediction,GROSSCON,23,1.0345,0.11156308564205897,0.10185614320896612,10.469078515450136,0.9994351635345635,1.1341823957653878,0.2995957039294222,0.024726715340244454,0.032201897988263,0.007475182648018574,1.3023119951501285,0,0.11679,0.7064518,0.11679,TRUE,TRUE,TRUE
1,Manhattan,MIDTOWN WEST,1202,4,"$650,000",prediction,GROSSCON,21,1.0761,0.042122535093982116,0.03436442208778948,16.28904707705011,0.9997773568159828,1.2426968796474298,0.13502034824694814,0.021463638014998537,0.030966023750254267,0.009502385735255622,1.4427201823202322,0,0.1814866,0.6787349,0.1814866,TRUE,FALSE,TRUE
1,Manhattan,MIDTOWN WEST,1202,5,"$775,000",prediction,GROSSCON,25,1.0154,0.043410055064218175,0.034400382226469184,9.003392149282146,1.0008291164147194,0.9956709768111872,0.4111867347355751,0.0254919382235346,0.016819901930915215,-0.00867203629261937,0.6598125957871198,0,0.0940882,0.3850762,0.0940882,TRUE,TRUE,TRUE
1,Manhattan,MIDTOWN WEST,1202,6,"$854,000",prediction,GROSSCON,22,0.9781,0.09908931871289407,0.135712241694084,8.160774434879551,1.0008193389507765,0.7643569131487795,0.6521526318769613,0.032776014835678734,0.022671345103218096,-0.010104669732460598,0.6917053588387743,0,0.073074,0.4036185,0.073074,TRUE,TRUE,TRUE
1,Manhattan,MIDTOWN WEST,1202,7,"$995,000",prediction,GROSSCON,19,0.932,7.299435242251917e-4,0.05377030967921121,16.6488078255123,1.006062115675305,1.0328937492358246,0.5628620165100348,0.04842374070099929,0.006021261201493932,-0.042402479499505374,0.12434523054865289,0,0.7913053,0.0817836,0.7913053,TRUE,FALSE,TRUE
1,Manhattan,MIDTOWN WEST,1202,8,"$1,300,000",prediction,GROSSCON,12,0.9091,0.006487083454998597,0.008919382504288167,16.121476106412107,1.0113408063548217,0.6213373738372011,0.5237498600494056,0.05754352030947775,-0.004318042032845968,-0.06186156234232363,-0.0750395875960092,7.23e-5,0.8271795,0.0199796,0.8271795,TRUE,FALSE,TRUE
1,Manhattan,MIDTOWN WEST,1202,9,"$2,075,999",prediction,GROSSCON,14,0.9332,0.0736326726561216,0.04461441642058383,22.119823461236994,1.0002439875335156,0.9851527629369394,0.17923412636382682,0.04687484912024363,0.04180605446814558,-0.005068794652098063,0.8918653660282603,0,0.4000319,0.9165686,0.4000319,TRUE,FALSE,TRUE
1,Manhattan,MIDTOWN WEST,1202,10,"$5,600,000",prediction,GROSSCON,14,0.8627,0.8387242370206957,0.738466368796039,11.804922476643476,0.9907126146798586,0.14903657076606233,0.8547261164574164,0.16681851306559825,0.18238204623003945,0.01556353316444124,1.0932961988356844,0,2.083e-4,0.5635439,2.083e-4,FALSE,TRUE,TRUE
1,Manhattan,MORNINGSIDE HEIGHTS,1210,1,"$335,500",prediction,GROSSCON,12,1.0171,0.6318091876108153,0.29197907048322563,7.038955153428396,0.9986954340867591,0.22507585171045355,0.8708840071142058,0.07466514676546016,0.07683813196743522,0.002172985201975049,1.0291030728004993,4e-7,0.0171871,0.9247305,0.0171871,TRUE,TRUE,TRUE
1,Manhattan,MORNINGSIDE HEIGHTS,1210,2,"$429,500",prediction,GROSSCON,14,1.1852,0.2774491147281463,0.3112369930954,12.207500221682807,0.9989657493747778,0.7016384345830637,0.38902778980412933,0.03798790410725989,0.04650592536268818,0.008518021255428283,1.22422982935245,0,0.0401839,0.6764756,0.0401839,FALSE,TRUE,TRUE
1,Manhattan,MORNINGSIDE HEIGHTS,1210,3,"$475,000",prediction,GROSSCON,5,NA,NA,NA,NA,NA,NA,NA,NA,NA,NA,NA,NA,NA,NA,NA,NA,NA,NA
1,Manhattan,MORNINGSIDE HEIGHTS,1210,4,"$524,200",prediction,GROSSCON,26,0.9943,0.17816051704888647,0.008758958867480685,4.804308959687263,1.0006648680294028,0.39058373818431485,0.5391830856939455,0.025102063199970708,0.015071469519972817,-0.010030593679997946,0.600407599961358,0,0.0288441,0.1235024,0.0288441,TRUE,FALSE,TRUE
1,Manhattan,MORNINGSIDE HEIGHTS,1210,5,"$605,000",prediction,GROSSCON,9,0.8425,0.04554190220548473,1.5888708424546295e-4,7.457952239549115,1.0003823668593164,1.0558057934676743,0.36341276698600067,0.02231417171567898,0.024915287769606394,0.0026011160539273328,1.116567896271034,3.27e-5,0.3676992,0.926058,0.3676992,FALSE,TRUE,TRUE
1,Manhattan,MORNINGSIDE HEIGHTS,1210,6,"$622,600",prediction,GROSSCON,3,NA,NA,NA,NA,NA,NA,NA,NA,NA,NA,NA,NA,NA,NA,NA,NA,NA,NA
1,Manhattan,MORNINGSIDE HEIGHTS,1210,7,"$645,000",prediction,GROSSCON,2,NA,NA,NA,NA,NA,NA,NA,NA,NA,NA,NA,NA,NA,NA,NA,NA,NA,NA
1,Manhattan,MORNINGSIDE HEIGHTS,1210,8,"$706,000",prediction,GROSSCON,1,NA,NA,NA,NA,NA,NA,NA,NA,NA,NA,NA,NA,NA,NA,NA,NA,NA,NA
1,Manhattan,MURRAY HILL,1220,1,"$380,700",prediction,GROSSCON,73,1.0535,0.13035847096153613,0.13271576088312187,9.21235167992033,1.000835562819071,0.6849605550380626,0.6033006444751837,0.03500638194598538,0.021465755037000437,-0.01354062690898493,0.6131954759027081,0,3.061e-4,0.0083812,3.061e-4,TRUE,TRUE,TRUE
1,Manhattan,MURRAY HILL,1220,2,"$419,000",prediction,GROSSCON,121,1.0402,0.24154215833085516,0.30032702625166974,8.244535036149971,1.0000388098266473,0.613554820680554,0.596229874204823,0.03742884878782538,0.037050157174235834,-3.78691613589639e-4,0.9898823601084726,0,0,0.9176283,0,TRUE,TRUE,TRUE
1,Manhattan,MURRAY HILL,1220,3,"$460,000",prediction,GROSSCON,91,1.0565,0.1769687529246725,0.17910096113994767,8.859883780160654,0.9998984026802129,0.7778735623307212,0.4145518929969734,0.0294348490972581,0.029652497945339175,2.176488480810655e-4,1.0073942573091472,0,1e-7,0.9654962,1e-7,TRUE,TRUE,TRUE
1,Manhattan,MURRAY HILL,1220,4,"$510,000",prediction,GROSSCON,60,0.9923,0.12624519783802748,0.11838496690625036,7.692508107217437,1.000007042026661,0.8976424182663346,0.46793214048228315,0.0262082088946088,0.025558212324319644,-6.4999657028919e-4,0.975198741245425,0,2.607e-4,0.9208432,2.607e-4,TRUE,TRUE,TRUE
1,Manhattan,MURRAY HILL,1220,5,"$560,000",prediction,GROSSCON,50,1.0019,0.11825970909164639,0.1733910616077607,9.376311077333325,0.9998390219589657,0.9310540658805158,0.35206474290988277,0.025953971838008644,0.02896957355146824,0.0030156017134594895,1.1161903747249704,0,7.748e-4,0.7125815,7.748e-4,TRUE,TRUE,TRUE
1,Manhattan,MURRAY HILL,1220,6,"$625,000",prediction,GROSSCON,38,0.9542,0.011792026393567938,0.031199918141134195,10.149410853162808,1.0014705618371733,0.99828127294148306,0.43986373994407013,0.02775163810799975,0.009637295630322028,-0.018114342477677684,0.3472694329904831,0,0.3873669,0.1101075,0.3873669,TRUE,TRUE,TRUE
1,Manhattan,MURRAY HILL,1220,7,"$719,500",prediction,GROSSCON,44,0.9286,0.25921718690398077,0.3481536942690163,12.345739316250642,0.9987321102736234,0.6879622745021937,0.49165367073037936,0.05077516532823135,0.061093463238849545,0.010318297910618173,1.203215446841313,0,6.09e-5,0.4549828,6.09e-5,TRUE,TRUE,TRUE
1,Manhattan,MURRAY HILL,1220,8,"$861,300",prediction,GROSSCON,24,0.9093,0.01466311716003851,0.014634903802454172,13.99866489005936,1.0111215170880266,0.7828021396387129,0.7840566453172957,0.0556132638516772,-0.00796784490286782,-0.06358110875454503,-0.14327238415854004,0,0.660485,0.0030567,0.660485,TRUE,TRUE,TRUE
1,Manhattan,MURRAY HILL,1220,9,"$1,110,750",prediction,GROSSCON,3,NA,NA,NA,NA,NA,NA,NA,NA,NA,NA,NA,NA,NA,NA,NA,NA,NA,NA
1,Manhattan,MURRAY HILL,1220,10,"$4,100,000",prediction,GROSSCON,4,NA,NA,NA,NA,NA,NA,NA,NA,NA,NA,NA,NA,NA,NA,NA,NA,NA,NA
1,Manhattan,SOHO,1230,1,"$515,000",prediction,GROSSCON,2,NA,NA,NA,NA,NA,NA,NA,NA,NA,NA,NA,NA,NA,NA,NA,NA,NA,NA
1,Manhattan,SOHO,1230,2,"$650,000",prediction,GROSSCON,9,1.0397,0.7917225572163321,0.44445235721407217,5.365548265157572,0.997803618988096,0.31023548843405463,0.6235139075629231,0.04590585927923516,0.05608211858162158,0.010176259302386376,1.2216766979676057,1.141e-4,0.0131996,0.4054249,0.0131996,TRUE,TRUE,TRUE
1,Manhattan,SOHO,1230,3,"$820,000",prediction,GROSSCON,7,1.0411,0.052186208413620955,0.02678571428571429,7.622590966646517,1.0012451927645156,0.7401230511558207,0.6240509372022338,0.028633879781420832,0.008479818780230073,-0.0201540610011908,0.2961463428973411,0.0014289,0.7658683,0.4716186,0.7658683,TRUE,TRUE,TRUE
1,Manhattan,SOHO,1230,4,"$1,105,000",prediction,GROSSCON,10,1.0872,0.21199844900269454,0.20661157024793386,13.631148524105368,0.9979586441276026,1.210243326337707,0.23341935166018424,0.02196223316912967,0.045318345905631316,0.02335611273650161,2.063467114506877,1e-7,0.3116757,0.5851392,0.3116757,TRUE,TRUE,TRUE
1,Manhattan,SOHO,1230,5,"$1,287,500",prediction,GROSSCON,7,0.9982,0.34007933162614873,0.13227513227513227,7.26670708308146,0.9989142991125237,0.7042185968320754,0.4686655525526132,0.028564190259041142,0.039496045764726186,0.01093185550568504,1.3827118992888268,2.034e-4,0.1893902,0.6806625,0.1893902,TRUE,TRUE,TRUE
1,Manhattan,SOHO,1230,6,"$1,990,000",prediction,GROSSCON,8,1.0155,0.06832142440440016,5.668934240362813e-4,7.867646009209277,1.0007144801536016,0.7952556429482909,0.2437446866097296,0.029100385822293035,0.010715710587561787,-0.01838467523473132,0.3682325950246589,6.4e-6,0.7252975,0.5320222,0.7252975,TRUE,TRUE,TRUE
1,Manhattan,SOHO,1230,7,"$2,500,000",prediction,GROSSCON,15,0.9294,0.04265792572372391,0.07213388048217487,6.763986529219294,1.0040422691468098,0.11956337537920016,1.20512255281366,0.04066481475348523,0.006393970770067945,-0.03427084398341735,0.1572359497720309,3e-7,0.6314523,0.0180628,0.6314523,TRUE,TRUE,TRUE
1,Manhattan,SOHO,1230,8,"$3,280,000",prediction,GROSSCON,10,0.975,0.5633861512726701,0.5500369549150036,16.10053005625051,0.9924714359193133,0.901995367999518,0.256633913670292,0.0385231366523807,0.11616011410722159,0.07763697745484101,3.0153337500891935,5.411e-4,0.0052152,0.0272486,0.0052152,TRUE,FALSE,TRUE
1,Manhattan,SOHO,1230,9,"$4,350,000",prediction,GROSSCON,14,0.947,0.08727775310708318,0.04296411553048719,11.167874074523029,1.003175547935439,0.5979697171588053,0.4568582718437447,0.052656771269188274,0.02899211368046875,-0.02366465758871958,0.5505866193781117,0,0.1905249,0.2708548,0.1905249,TRUE,TRUE,TRUE
1,Manhattan,SOHO,1230,10,"$9,750,000",prediction,GROSSCON,34,0.9664,0.9447072700390088,0.9380232085101419,4.2027005787868985,1.005232983399244,-0.0033145259029114475,0.9829348760629314,0.20249342612704976,0.19524365941769012,-0.007249766709359688,0.9641975206404433,0,0,0.3861277,0,TRUE,FALSE,TRUE
1,Manhattan,SOUTHBRIDGE,1240,6,"$1,479,600",prediction,GROSSCON,1,NA,NA,NA,NA,NA,NA,NA,NA,NA,NA,NA,NA,NA,NA,NA,NA,NA,NA
1,Manhattan,SOUTHBRIDGE,1240,8,"$1,738,800",prediction,GROSSCON,1,NA,NA,NA,NA,NA,NA,NA,NA,NA,NA,NA,NA,NA,NA,NA,NA,NA,NA
1,Manhattan,SOUTHBRIDGE,1240,9,"$1,868,399",prediction,GROSSCON,1,NA,NA,NA,NA,NA,NA,NA,NA,NA,NA,NA,NA,NA,NA,NA,NA,NA,NA
1,Manhattan,TRIBECA,1250,8,"$4,320,000",prediction,GROSSCON,3,NA,NA,NA,NA,NA,NA,NA,NA,NA,NA,NA,NA,NA,NA,NA,NA,NA,NA
1,Manhattan,TRIBECA,1250,9,"$5,206,350",prediction,GROSSCON,8,0.9144,0.3157929818591464,0.2998866213151928,10.011334640415965,1.0069690745285182,0.0021101322398257593,1.2837339980463456,0.0774506878402983,0.03703716007186252,-0.040413527768435716,0.47820311355055245,1.13e-5,0.2272407,0.1538161,0.2272407,TRUE,TRUE,TRUE
1,Manhattan,TRIBECA,1250,10,"$6,300,000",prediction,GROSSCON,19,0.9661,0.7723230834302138,0.6767559276046002,8.827886447559658,1.0016689054575552,0.06014997911135287,0.8901818924299951,0.16343663508430445,0.1579044185141445,-0.005532216570159975,0.9661506946266584,0,2.3e-5,0.807908,2.3e-5,TRUE,TRUE,TRUE
1,Manhattan,UPPER EAST SIDE (59-79),1270,1,"$425,000",prediction,GROSSCON,121,1.0852,0.36039066872127334,0.3584905185102476,10.772816855090039,1.0063342944796239,0.10834952369022732,0.9135148245765569,0.07563257049616728,0.05574861660849355,-0.019883953887673778,0.7370980021275167,0,0,1.418e-4,0,TRUE,TRUE,TRUE
1,Manhattan,UPPER EAST SIDE (59-79),1270,2,"$520,000",prediction,GROSSCON,152,1.0508,0.1719076211089515,0.18538871598924406,10.160798941816534,1.0002749342672235,0.7110069209160623,0.4727808636556741,0.03713539955602173,0.03383514293923503,-0.00330025661678666,0.911129093634547,0,0,0.3382239,0,TRUE,TRUE,TRUE
1,Manhattan,UPPER EAST SIDE (59-79),1270,3,"$630,000",prediction,GROSSCON,144,1.0687,0.06532794433553432,0.0637441423653582,10.782926956509389,1.000464539357275,0.9652568325790704,0.33868579433282797,0.027460923259905953,0.021828754200041073,-0.005632169059864841,0.7949024143668141,0,0,0.0789356,0,TRUE,TRUE,TRUE
1,Manhattan,UPPER EAST SIDE (59-79),1270,4,"$760,000",prediction,GROSSCON,114,1.0566,0.02044283200067694,0.02748117517594507,11.147194656196548,1.0009676279018034,1.1277626673371282,0.268354193170955,0.025451680195184328,0.013337148251697215,-0.012114531943487309,0.524018381081991,0,0.0169639,0.0304844,0.0169639,TRUE,TRUE,TRUE
1,Manhattan,UPPER EAST SIDE (59-79),1270,5,"$950,000",prediction,GROSSCON,118,1.0374,0.024343349767565286,0.023783640980245394,10.399646163326924,1.001099973313166,1.013177279720154,0.33511452984946505,0.02671936707035409,0.013551540417542907,-0.013167826652811156,0.5071804426302754,0,0.0025137,0.0037606,0.0025137,TRUE,TRUE,TRUE
1,Manhattan,UPPER EAST SIDE (59-79),1270,6,"$1,269,800",prediction,GROSSCON,126,1.0073,0.028897837041459398,0.0358640309883161,14.575162584017717,1.0009387956909437,1.162401820019465,0.30774695873195923,0.03039087562849863,0.020527808400556118,-0.00986306722794237,0.67545959028921565,0,3.735e-4,0.0830255,3.735e-4,TRUE,TRUE,TRUE
1,Manhattan,UPPER EAST SIDE (59-79),1270,7,"$1,650,000",prediction,GROSSCON,141,1.0128,0.1403005537319025,0.19815108041812454,14.025431049984704,1.0002459603021319,0.816116011662785,0.4547747931977313,0.04716880462966842,0.04513358979653619,-0.0020352148331323266,0.9568525246906067,0,0,0.687694,0,TRUE,TRUE,TRUE
1,Manhattan,UPPER EAST SIDE (59-79),1270,8,"$2,200,000",prediction,GROSSCON,164,0.996,0.14736776690144315,0.17834446667144113,13.049909283840359,1.0015594536801304,0.6638980272468272,0.513529565587868,0.0525902429044667,0.04259341279646138,-0.009996830108005315,0.8099109348826337,0,0,0.0524842,0,TRUE,TRUE,TRUE
1,Manhattan,UPPER EAST SIDE (59-79),1270,9,"$3,404,400",prediction,GROSSCON,191,0.9618,0.14514813625060244,0.18700736559780204,15.17192678962876,1.0033039157778432,0.6026606925506788,0.5599433942522877,0.06703690530215847,0.04987811754152003,-0.0171587877606386,0.7440396795869683,0,0,0.0017293,0,TRUE,FALSE,TRUE
1,Manhattan,UPPER EAST SIDE (59-79),1270,10,"$36,000,000",prediction,GROSSCON,248,0.9456,0.9488772708786073,0.7506806281664418,14.457666423061175,0.986323494655447,0.08545725531097001,0.8414628303165795,0.3016610447596315,0.3162669554400648,0.014605910680433268,1.0484182858017728,0,0,0.007202,0,TRUE,TRUE,TRUE
1,Manhattan,UPPER EAST SIDE (79-96),1271,1,"$383,800",prediction,GROSSCON,172,1.0468,0.45669935464843686,0.4958407760868536,8.280192349209173,1.0031064491533521,0.15921667710895798,0.8262981347340744,0.07369502762489953,0.06198939440715138,-0.011705633217748162,0.8411611529976118,0,0,5.962e-4,0,TRUE,TRUE,TRUE
1,Manhattan,UPPER EAST SIDE (79-96),1271,2,"$507,500",prediction,GROSSCON,95,1.0494,0.09793488598079242,0.14794364271419122,13.833033887564902,1.0001403605433998,0.9918776470444322,0.4074592695384502,0.03808663434859224,0.03575422174218007,-0.0023324126064121647,0.938760338205142,0,1.96e-5,0.768927,1.96e-5,TRUE,TRUE,TRUE
1,Manhattan,UPPER EAST SIDE (79-96),1271,3,"$621,800",prediction,GROSSCON,126,1.0651,0.10696501096751651,0.1093801341626568,10.810428510752251,1.0003370047429512,0.8908853525984747,0.37270531674447116,0.03165142849888617,0.028705262621184592,-0.0029461658777016277,0.9069183914462111,0,0,0.4373695,0,TRUE,TRUE,TRUE
1,Manhattan,UPPER EAST SIDE (79-96),1271,4,"$735,000",prediction,GROSSCON,129,1.0604,0.030793098012984126,0.04340122237067831,11.55628669345377,1.0007631424599437,1.0985418804575364,0.35711418939236494,0.025706798230641217,0.015662325865984136,-0.010044472364656967,0.6092678569093658,0,0.0013189,0.0374296,0.0013189,TRUE,TRUE,TRUE
1,Manhattan,UPPER EAST SIDE (79-96),1271,5,"$940,000",prediction,GROSSCON,106,1.0256,0.11092231759370738,0.10183436660309556,9.49555707993808,1.0002068862948132,0.8937615854641673,0.3612466891740245,0.02783917506886526,0.024546625007403077,-0.003292550061462235,0.8817296111211069,0,0,0.4030538,0,TRUE,TRUE,TRUE
1,Manhattan,UPPER EAST SIDE (79-96),1271,6,"$1,235,000",prediction,GROSSCON,118,0.9938,0.04806674821923742,0.07154924403362682,13.067452103629712,1.0007623610198704,1.0602816041513596,0.3382731788380838,0.0305068657696207,0.0216485816255591,-0.008858284144061698,0.7096298187117303,0,0.0024392,0.2049954,0.0024392,TRUE,TRUE,TRUE
1,Manhattan,UPPER EAST SIDE (79-96),1271,7,"$1,675,000",prediction,GROSSCON,136,1.0065,0.0835228156399905,0.11046084539363343,12.860927025919795,1.002379539675154,0.7582521531445022,0.5315350216867311,0.04745824628576216,0.02963741285005528,-0.01782083343570683,0.6244944802974476,0,9e-7,0.0021955,9e-7,TRUE,TRUE,TRUE
1,Manhattan,UPPER EAST SIDE (79-96),1271,8,"$2,198,050",prediction,GROSSCON,138,0.9692,0.1278282660009817,0.1746333292641158,12.69373792336983,1.0023525857054165,0.6496577011759933,0.575181389257207,0.05341010570332514,0.03887241635978375,-0.014537689343541545,0.7278101371996283,0,0,0.0038305,0,TRUE,TRUE,TRUE
1,Manhattan,UPPER EAST SIDE (79-96),1271,9,"$3,150,000",prediction,GROSSCON,197,0.9728,0.16916495618366623,0.23145646601876016,15.344263642373745,1.0010170556174927,0.6811122177603024,0.5387465073366525,0.06456021441019823,0.059488538498671174,-0.005071675911527092,0.9214427034070384,0,0,0.4043871,0,TRUE,FALSE,TRUE
1,Manhattan,UPPER EAST SIDE (79-96),1271,10,"$19,500,000",prediction,GROSSCON,222,0.9491,0.9161634479781401,0.769136825817921,13.47654742646821,0.9901126101542029,0.09017532712364379,0.8435036265840821,0.2594729499134552,0.27271076774744984,0.013237817833994756,1.0510181035765402,0,0,0.0342372,0,TRUE,TRUE,TRUE
1,Manhattan,UPPER EAST SIDE (96-110),1272,2,"$640,000",prediction,GROSSCON,4,NA,NA,NA,NA,NA,NA,NA,NA,NA,NA,NA,NA,NA,NA,NA,NA,NA,NA
1,Manhattan,UPPER EAST SIDE (96-110),1272,3,"$726,000",prediction,GROSSCON,8,1.1778,0.11968225825434926,0.04703149949194368,5.776808461768822,1.0020119784958879,0.1535647534599755,1.5554042007709379,0.03458646616541351,0.0077404443482090865,-0.026846021817204368,0.2237998039808309,0.0021993,0.6673128,0.1336746,0.6673128,FALSE,TRUE,TRUE
1,Manhattan,UPPER EAST SIDE (96-110),1272,4,"$825,000",prediction,GROSSCON,4,NA,NA,NA,NA,NA,NA,NA,NA,NA,NA,NA,NA,NA,NA,NA,NA,NA,NA
1,Manhattan,UPPER EAST SIDE (96-110),1272,5,"$999,000",prediction,GROSSCON,6,0.9126,0.027885436685456927,0.2946938775510204,11.803897134911043,1.0024288905916834,1.2733766262452682,NA,0.027646951405274917,-0.019895564495130368,-0.047542515900405306,-0.71962959689417,4.009e-4,0.6512759,0.2993807,0.6512759,TRUE,TRUE,TRUE
1,Manhattan,UPPER EAST SIDE (96-110),1272,6,"$1,425,000",prediction,GROSSCON,7,0.9768,0.41380238202915,0.5624999999999997,8.717652665342584,0.998052852744721,0.7859411589874059,0.39500042557616144,0.029106029106029156,0.05195101847559063,0.022844989369561534,1.7848885633399145,9.167e-4,0.181192,0.5075006,0.181192,TRUE,TRUE,TRUE
1,Manhattan,UPPER EAST SIDE (96-110),1272,7,"$1,995,000",prediction,GROSSCON,5,NA,NA,NA,NA,NA,NA,NA,NA,NA,NA,NA,NA,NA,NA,NA,NA,NA,NA
1,Manhattan,UPPER EAST SIDE (96-110),1272,8,"$2,600,000",prediction,GROSSCON,5,NA,NA,NA,NA,NA,NA,NA,NA,NA,NA,NA,NA,NA,NA,NA,NA,NA,NA
1,Manhattan,UPPER EAST SIDE (96-110),1272,9,"$3,600,000",prediction,GROSSCON,7,0.9659,0.3990185904377693,0.3265306122448978,12.809829975496575,1.0002198153084974,0.3869718126643384,0.5927750461949322,0.08659508139937651,0.09691760311734383,0.010322521717967298,1.1192044807990844,1.912e-4,0.055115,0.8277078,0.055115,TRUE,TRUE,TRUE
1,Manhattan,UPPER EAST SIDE (96-110),1272,10,"$12,000,000",prediction,GROSSCON,15,0.9936,0.8486355148726079,0.7373271889400923,14.982511104004233,1.0503725432639726,-0.07812457828376357,1.1543621945805047,0.2807783518702645,0.22244212416880263,-0.0583362277014618,0.7922338837275584,2.728e-4,1.869e-4,0.1078855,1.869e-4,TRUE,TRUE,FALSE
1,Manhattan,UPPER WEST SIDE (59-79),1280,1,"$440,000",prediction,GROSSCON,50,1.1024,0.07977116273543823,0.04882040033919784,16.489680429346475,1.0121226794025,0.3239007631350399,0.825024818959252,0.07029421076225797,0.024460856633304186,-0.04583335412895379,0.34797825266198956,0,0.0708133,6.554e-4,0.0708133,FALSE,FALSE,TRUE
1,Manhattan,UPPER WEST SIDE (59-79),1280,2,"$579,000",prediction,GROSSCON,57,1.0695,0.22526617420201714,0.20585233504845016,12.026263518542114,0.9981338632327108,0.9788054914426275,0.35140431601163835,0.033394784576136406,0.04950725228433571,0.016112467708199324,1.482484552983554,0,3.7e-5,0.1392758,3.7e-5,TRUE,TRUE,TRUE
1,Manhattan,UPPER WEST SIDE (59-79),1280,3,"$718,700",prediction,GROSSCON,52,1.0456,0.011929843808013482,0.01925225381742582,15.199469333466453,1.0009250739433935,1.2508641027259948,0.3373409189614936,0.025891111327855525,0.011044617654754445,-0.014846493673101185,0.42657951274852085,0,0.4057452,0.2622529,0.4057452,TRUE,FALSE,TRUE
1,Manhattan,UPPER WEST SIDE (59-79),1280,4,"$806,000",prediction,GROSSCON,57,1.0701,0.023351384663149007,0.06295215340572756,13.781991507781147,1.000693932251165,1.2386829046359054,0.30834971625314234,0.027059621070853863,0.017793964775565527,-0.009265656295288333,0.6575836641974118,0,0.0457347,0.2903207,0.0457347,TRUE,TRUE,TRUE
1,Manhattan,UPPER WEST SIDE (59-79),1280,5,"$975,000",prediction,GROSSCON,89,1.0302,0.0779570548785929,0.13139118395570845,8.835349480885037,0.9999780117391229,1.094079945478949,0.376925784257453,0.023441125803242212,0.023288537397625583,-1.5258840561669003e-4,0.9934905683755332,0,1.19e-5,0.9756539,1.19e-5,TRUE,TRUE,TRUE
1,Manhattan,UPPER WEST SIDE (59-79),1280,6,"$1,229,999",prediction,GROSSCON,74,1.0388,0.14217569932721205,0.12916287166369358,10.772595840227376,0.9997476991598462,0.895103941614676,0.36342201466192414,0.031808548154891,0.0345003380174624,0.0026917898625713585,1.0846247319891409,0,4.3e-6,0.6970073,4.3e-6,TRUE,TRUE,TRUE
1,Manhattan,UPPER WEST SIDE (59-79),1280,7,"$1,575,000",prediction,GROSSCON,88,0.9989,0.10296099065798851,0.13937139965638062,12.208539748355387,1.0020951910276186,0.7283879822530244,0.5611141856729857,0.04719079299725145,0.031238791608546732,-0.01595200138870473,0.6619679311251705,0,2.357e-4,0.0514489,2.357e-4,TRUE,TRUE,TRUE
1,Manhattan,UPPER WEST SIDE (59-79),1280,8,"$2,073,000",prediction,GROSSCON,93,0.9416,0.1796653300828471,0.23957342406311488,13.40120055995764,1.0008781343079576,0.7040699300601606,0.5406561141323918,0.052697516235769376,0.04777488749606286,-0.004922628739706539,0.906587082440801,0,0,0.488007,0,TRUE,TRUE,TRUE
1,Manhattan,UPPER WEST SIDE (59-79),1280,9,"$2,902,500",prediction,GROSSCON,102,0.96,0.21714155940718147,0.2985399978045791,16.664700290519043,0.998542038174123,0.7127226764196205,0.44540315402085384,0.06519440562892306,0.07299294387400056,0.007798538245077505,1.1196197460479296,0,0,0.4822293,0,TRUE,FALSE,TRUE
1,Manhattan,UPPER WEST SIDE (59-79),1280,10,"$13,315,000",prediction,GROSSCON,98,0.9433,0.7184738529833266,0.5628444144759288,15.57493648931024,1.0149608229369123,0.06186443660315791,0.9602026123125404,0.2129542028187263,0.18985663836483446,-0.02309756445389183,0.8915374096957676,0,0,0.081516,0,TRUE,FALSE,TRUE
1,Manhattan,UPPER WEST SIDE (79-96),1281,1,"$502,249",prediction,GROSSCON,29,1.15,0.08082722590043201,0.12139367157412932,16.77319307979171,1.0080596660901642,0.5739356556229732,0.804902527075894,0.07002675044291806,0.023248547109015204,-0.04677820333390285,0.33199522985100066,0,0.2394252,0.0121824,0.2394252,FALSE,FALSE,TRUE
1,Manhattan,UPPER WEST SIDE (79-96),1281,2,"$675,000",prediction,GROSSCON,40,1.1118,0.07019942073995394,0.05900321738602564,13.02131957909434,1.0013617071550676,0.8946475810384511,0.44898394626254895,0.041957624507455306,0.02716664713458962,-0.014790977372865662,0.6474781986230537,0,0.0392782,0.2464566,0.0392782,FALSE,TRUE,TRUE
1,Manhattan,UPPER WEST SIDE (79-96),1281,3,"$775,000",prediction,GROSSCON,39,1.0609,0.22578338083041075,0.2633073506160647,8.102744952507054,0.9996281194456375,0.7483155024777245,0.4237352044546125,0.028460356047149107,0.03402852656473044,0.005568170517581478,1.1956465515876533,0,1.216e-4,0.4877552,1.216e-4,TRUE,TRUE,TRUE
1,Manhattan,UPPER WEST SIDE (79-96),1281,4,"$916,999",prediction,GROSSCON,45,1.0578,0.18716846894934258,0.15511710150856048,9.707208471085702,0.9992395574997167,0.9363793145462395,0.29422755458135963,0.02342714351207678,0.034805737217832367,0.01137859370575554,1.4857012849172118,0,2.895e-4,0.2049275,2.895e-4,TRUE,TRUE,TRUE
1,Manhattan,UPPER WEST SIDE (79-96),1281,5,"$1,197,500",prediction,GROSSCON,77,1.0825,0.0036145845627621417,0.01797583588464938,9.651801022205305,1.0011531257489747,1.165469687876206,0.361270588038587,0.02206496978354335,0.006054181496050814,-0.01601078828749257,0.27437977733221597,0,0.2935072,0.0073415,0.2935072,TRUE,TRUE,TRUE
1,Manhattan,UPPER WEST SIDE (79-96),1281,6,"$1,400,000",prediction,GROSSCON,72,1.0424,0.09252105551187162,0.15161715687367217,9.699510489180033,1.0005091161707804,0.8784704215710589,0.4506368406035514,0.030120067182652574,0.024979365780449646,-0.005140701402202833,0.8293263633500905,0,6.683e-4,0.4678622,6.683e-4,TRUE,TRUE,TRUE
1,Manhattan,UPPER WEST SIDE (79-96),1281,7,"$1,700,000",prediction,GROSSCON,90,0.98,0.08968632709811537,0.15267515747253094,11.08138726457327,1.0037214986976213,0.5646838658854462,0.650513305421552,0.0492730400049941,0.029505537566222054,-0.01976750243877192,0.5988170724443143,0,1.62e-5,0.004333,1.62e-5,TRUE,TRUE,TRUE
1,Manhattan,UPPER WEST SIDE (79-96),1281,8,"$2,150,000",prediction,GROSSCON,109,0.9426,0.13417414776771242,0.19877538317845836,13.375803001095592,1.0008393295638718,0.7831251760813359,0.5023282869131995,0.04954698688497815,0.04346558105706065,-0.006081405827917509,0.8772598252637381,0,1.6e-6,0.4745362,1.6e-6,TRUE,TRUE,TRUE
1,Manhattan,UPPER WEST SIDE (79-96),1281,9,"$3,292,500",prediction,GROSSCON,100,0.9439,0.2436030647331994,0.3408071062483473,12.132765145448783,1.0021263562512417,0.4823702966436088,0.6384911898739959,0.06948842843812475,0.05972799598559069,-0.009760432452534029,0.8595387365649649,0,0,0.1955837,0,TRUE,TRUE,TRUE
1,Manhattan,UPPER WEST SIDE (79-96),1281,10,"$14,160,000",prediction,GROSSCON,113,0.9399,0.8017433338006684,0.6599212136841337,15.790822228663561,1.0068017925578752,0.06134969060593289,0.8640604482633273,0.25039720784150016,0.24007225269368573,-0.010324955147814325,0.95876569376784,0,0,0.4382322,0,TRUE,FALSE,TRUE
1,Manhattan,UPPER WEST SIDE (96-116),1282,1,"$487,500",prediction,GROSSCON,19,1.1148,0.37337956273001505,0.23487188974192957,15.056951087496826,1.0001410197816292,0.4336795739445018,0.49242841960385053,0.07517772640667483,0.07409517921444495,-0.0010825471922299046,0.9856001605266181,0,0.0082343,0.9633467,0.0082343,FALSE,FALSE,TRUE
1,Manhattan,UPPER WEST SIDE (96-116),1282,2,"$600,000",prediction,GROSSCON,18,1.0377,0.0013977277453583422,4.735778971208396e-4,10.506123573291248,1.0028531004153112,1.032449467728516,0.40125234192401343,0.032261238027644405,-0.00411539930778311,-0.03637663733542757,-0.1275648288592253,0,0.8418515,0.0839008,0.8418515,TRUE,TRUE,TRUE
1,Manhattan,UPPER WEST SIDE (96-116),1282,3,"$687,250",prediction,GROSSCON,25,1.0776,0.22377517751681847,0.2753251341681574,9.262606994551968,0.9994700549833804,0.7551499782799497,0.4229318292667802,0.03257736040483522,0.03739642046219722,0.004819060057361999,1.1479266581907255,0,0.008599,0.7124827,0.008599,TRUE,TRUE,TRUE
1,Manhattan,UPPER WEST SIDE (96-116),1282,4,"$779,000",prediction,GROSSCON,38,1.0918,0.031341090189404175,0.03449775002861151,10.7018511328931,1.0008021369038869,1.0784975088405162,0.407234793010092,0.026985258160379975,0.014809953316087365,-0.01217530484429247,0.5488164400010002,0,0.1583246,0.240276,0.1583246,TRUE,TRUE,TRUE
1,Manhattan,UPPER WEST SIDE (96-116),1282,5,"$920,000",prediction,GROSSCON,38,1.0618,0.036485579086197095,0.02432378933377098,9.667388036409603,1.0007791912913222,0.9686762429415015,0.35727668252472716,0.02476360628318586,0.013999092025436722,-0.010764514257749108,0.5653091018064642,0,0.1432396,0.2593488,0.1432396,TRUE,TRUE,TRUE
1,Manhattan,UPPER WEST SIDE (96-116),1282,6,"$1,150,000",prediction,GROSSCON,34,0.9931,0.2410957299391707,0.28562185846005084,11.544854590673543,0.9984438406529708,0.9183700881325232,0.3716848815708756,0.0320572248364674,0.04839591241637856,0.01633868757991114,1.5096725516091685,0,0.0019104,0.2569226,0.0019104,TRUE,TRUE,TRUE
1,Manhattan,UPPER WEST SIDE (96-116),1282,7,"$1,350,000",prediction,GROSSCON,43,0.9721,0.1956569926593515,0.24533591733805352,10.330505646195117,1.0007904693820047,0.6016581233755122,0.6585909826297112,0.04932800892271846,0.03981016169001608,-0.009517847232702293,0.8070498396232898,0,0.0014642,0.4052306,0.0014642,TRUE,TRUE,TRUE
1,Manhattan,UPPER WEST SIDE (96-116),1282,8,"$1,657,500",prediction,GROSSCON,49,1.0039,0.24044433064471848,0.25951142521214593,12.290452245175544,0.9995381567024813,0.6421289850088238,0.4962118239304145,0.05123108946489925,0.05298031060867296,0.0017492211437737176,1.0341437428335816,0,7.2e-5,0.8842376,7.2e-5,TRUE,TRUE,TRUE
1,Manhattan,UPPER WEST SIDE (96-116),1282,9,"$2,205,000",prediction,GROSSCON,45,0.906,0.3379247121897216,0.3636721025031025,11.711988961271192,0.999726800024398,0.4603486228790234,0.6002763048724898,0.07049796180612194,0.0710699964291193,5.720346229973251e-4,1.0081142008696728,0,5.6e-6,0.9665332,5.6e-6,TRUE,TRUE,TRUE
1,Manhattan,UPPER WEST SIDE (96-116),1282,10,"$3,200,000",prediction,GROSSCON,17,0.8702,0.3970374987375643,0.39571905449296296,12.420872036911447,0.9968440303588116,0.6780157379670859,0.33165147849501747,0.044589426029036774,0.07453531749006666,0.029945891461029887,1.6715917680018777,0,0.0040565,0.2003464,0.0040565,FALSE,TRUE,TRUE
1,Manhattan,WASHINGTON HEIGHTS LOWER,1290,1,"$348,600",prediction,GROSSCON,7,1.1665,0.8249640644217883,0.7346938775510199,8.103984668245639,1.0138402964408602,-0.4197354607030569,1.8789973540301554,0.10002187151063076,0.048437582287915296,-0.051584289222715386,0.4842699057352394,0.0017073,0.0499328,0.0020263,0.0499328,FALSE,TRUE,TRUE
1,Manhattan,WASHINGTON HEIGHTS LOWER,1290,2,"$402,000",prediction,GROSSCON,9,1.1614,0.05688852501533734,0.011935028248587571,9.68166095763447,1.005455559287281,0.8730483575804225,0.2675117358089899,0.03895202020202017,-0.006075897551773124,-0.04502791775379329,-0.15598414460305587,3.1e-5,0.7934233,0.1245801,0.7934233,FALSE,TRUE,TRUE
1,Manhattan,WASHINGTON HEIGHTS LOWER,1290,3,"$441,000",prediction,GROSSCON,3,NA,NA,NA,NA,NA,NA,NA,NA,NA,NA,NA,NA,NA,NA,NA,NA,NA,NA
1,Manhattan,WASHINGTON HEIGHTS LOWER,1290,4,"$477,400",prediction,GROSSCON,6,1.1725,0.16846116392706206,0.07012987012987013,14.127126208530608,1.0037932138550714,1.4825290434616933,0.2908158835344975,0.023567220139260797,-0.024791351149829232,-0.04835857128909006,-1.0519421044711714,0.0082558,0.5199165,0.2833817,0.5199165,FALSE,TRUE,TRUE
1,Manhattan,WASHINGTON HEIGHTS LOWER,1290,5,"$590,000",prediction,GROSSCON,5,NA,NA,NA,NA,NA,NA,NA,NA,NA,NA,NA,NA,NA,NA,NA,NA,NA,NA
1,Manhattan,WASHINGTON HEIGHTS LOWER,1290,6,"$621,000",prediction,GROSSCON,1,NA,NA,NA,NA,NA,NA,NA,NA,NA,NA,NA,NA,NA,NA,NA,NA,NA,NA
1,Manhattan,WASHINGTON HEIGHTS LOWER,1290,7,"$717,436",prediction,GROSSCON,1,NA,NA,NA,NA,NA,NA,NA,NA,NA,NA,NA,NA,NA,NA,NA,NA,NA,NA
1,Manhattan,WASHINGTON HEIGHTS LOWER,1290,8,"$791,000",prediction,GROSSCON,5,NA,NA,NA,NA,NA,NA,NA,NA,NA,NA,NA,NA,NA,NA,NA,NA,NA,NA
1,Manhattan,WASHINGTON HEIGHTS UPPER,1291,1,"$340,000",prediction,GROSSCON,71,1.0532,0.604217090274077,0.6250570534654045,6.689807494052795,1.0015999856320734,0.09047197900850279,0.8692874071459592,0.06690178148281282,0.06525260236117703,-0.0016491791216358131,0.9753492495254481,0,0,0.7299023,0,TRUE,TRUE,TRUE
1,Manhattan,WASHINGTON HEIGHTS UPPER,1291,2,"$368,000",prediction,GROSSCON,34,1.0369,0.47544283788431285,0.2830316393966135,9.48624397429681,0.9978426375347649,0.6680527857131722,0.4641011102535259,0.03354813926327997,0.05097173754062673,0.0174235982773468,1.5193610930433292,0,4.45e-5,0.0894418,4.45e-5,TRUE,TRUE,TRUE
1,Manhattan,WASHINGTON HEIGHTS UPPER,1291,3,"$399,000",prediction,GROSSCON,42,1.0044,0.05080517506917615,0.03894663382518386,8.781206243671702,1.0008535213076535,0.9025491937832216,0.4063207128630198,0.025773588721618782,0.015523098147551123,-0.010250490574067692,0.6022870278259057,0,0.0810048,0.2465042,0.0810048,TRUE,TRUE,TRUE
1,Manhattan,WASHINGTON HEIGHTS UPPER,1291,4,"$441,000",prediction,GROSSCON,37,0.9832,0.05416961536721647,0.11024216675278146,7.617629150535023,1.0007821468450921,0.8960228475103396,0.3520481948196802,0.024479719048307005,0.016435834505271706,-0.008043884543035174,0.6714061739368093,0,0.0431854,0.3208457,0.0431854,TRUE,TRUE,TRUE
1,Manhattan,WASHINGTON HEIGHTS UPPER,1291,5,"$536,250",prediction,GROSSCON,12,1.0175,0.007798242316960873,0.26151392467181944,12.735127280533861,1.0017342542108603,1.312571655645528,0.3523167646487132,0.03218933377906905,0.012482086387033818,-0.019707247392035228,0.3877708831349041,1e-7,0.773558,0.6512699,0.773558,TRUE,TRUE,TRUE
1,Manhattan,WASHINGTON HEIGHTS UPPER,1291,6,"$575,000",prediction,GROSSCON,18,0.9083,0.010657055618083125,0.10589387880553629,11.600132187452106,1.0025336262427647,0.9965723753674601,0.6480951881091622,0.036262345365348884,0.018641323465498173,-0.017621021899850715,0.5140683339062561,0,0.4245819,0.4673731,0.4245819,TRUE,TRUE,TRUE
1,Manhattan,WASHINGTON HEIGHTS UPPER,1291,7,"$649,050",prediction,GROSSCON,9,0.9278,0.28098063729620865,0.34027777777777785,12.13218864636815,0.9981173738198899,0.6337590179034732,0.5053852567082854,0.05819805504763695,0.07988863178326652,0.021690576735629612,1.3727027770580174,5e-6,0.1026609,0.6355762,0.1026609,TRUE,TRUE,TRUE
1,Manhattan,WASHINGTON HEIGHTS UPPER,1291,8,"$699,400",prediction,GROSSCON,11,0.9151,0.102768141046828,0.09489683747674611,10.221584159243932,1.0065841954927623,0.20747253481976546,2.544904696252872,0.041134556727836266,-0.027953868891202813,-0.0690884256190392,-0.6795714142772311,3.23e-5,0.073399,1.451e-4,0.073399,TRUE,TRUE,TRUE
2,Bronx,BAYCHESTER,2020,1,"$130,000",prediction,GROSSCON,2,NA,NA,NA,NA,NA,NA,NA,NA,NA,NA,NA,NA,NA,NA,NA,NA,NA,NA
2,Bronx,BAYCHESTER,2020,2,"$165,000",prediction,GROSSCON,1,NA,NA,NA,NA,NA,NA,NA,NA,NA,NA,NA,NA,NA,NA,NA,NA,NA,NA
2,Bronx,BAYCHESTER,2020,3,"$175,000",prediction,GROSSCON,4,NA,NA,NA,NA,NA,NA,NA,NA,NA,NA,NA,NA,NA,NA,NA,NA,NA,NA
2,Bronx,BAYCHESTER,2020,4,"$185,000",prediction,GROSSCON,1,NA,NA,NA,NA,NA,NA,NA,NA,NA,NA,NA,NA,NA,NA,NA,NA,NA,NA
2,Bronx,BAYCHESTER,2020,5,"$185,000",prediction,GROSSCON,1,NA,NA,NA,NA,NA,NA,NA,NA,NA,NA,NA,NA,NA,NA,NA,NA,NA,NA
2,Bronx,BAYCHESTER,2020,7,"$195,000",prediction,GROSSCON,2,NA,NA,NA,NA,NA,NA,NA,NA,NA,NA,NA,NA,NA,NA,NA,NA,NA,NA
2,Bronx,BEDFORD PARK/NORWOOD,2030,1,"$119,000",prediction,GROSSCON,26,1.0842,0.4296081683599919,0.4321988375129467,9.986635030982823,1.0091680272307855,-0.08753120504848741,1.0166118928513097,0.08198456393434235,0.05827148961964729,-0.02371307431469508,0.7107617193196768,0,5.6e-5,0.0609884,5.6e-5,TRUE,TRUE,TRUE
2,Bronx,BEDFORD PARK/NORWOOD,2030,2,"$134,896",prediction,GROSSCON,14,1.0166,0.10659444498681553,0.1166367713004485,7.936244483584389,1.0010058102050081,0.6417922316686647,0.49163106232475545,0.03241368382132861,0.02435469405481937,-0.008058989766509178,0.7513707540638678,0,0.0484648,0.5123575,0.0484648,TRUE,TRUE,TRUE
2,Bronx,BEDFORD PARK/NORWOOD,2030,3,"$148,200",prediction,GROSSCON,21,0.9998,0.16500644977338977,0.24611223028461773,5.7486507173325645,1.0004514422426147,0.5941902364843815,0.6149987907430727,0.0263645360029278,0.019686393185779742,-0.0066781428171480235,0.7466997782018113,0,2.82e-5,0.0556518,2.82e-5,TRUE,TRUE,TRUE
2,Bronx,BEDFORD PARK/NORWOOD,2030,4,"$166,600",prediction,GROSSCON,15,0.9907,0.37463127908755994,0.633427495291902,5.274701929746961,0.9991256339572853,0.7140542295509894,0.4753676084374232,0.02210778655775551,0.03710891172181427,0.01500112516405883,1.6785448703726689,0,0.0077189,0.2218525,0.0077189,TRUE,TRUE,TRUE
2,Bronx,BEDFORD PARK/NORWOOD,2030,5,"$175,000",prediction,GROSSCON,14,0.9556,0.05433601654629241,0.018942492485093387,5.52381909407189,1.0004360105663785,0.8269698734005279,0.4780506320076505,0.017447199265381044,0.008307376459909874,-0.00913982280547114,0.4761438402548306,7.6e-6,0.4148174,0.363968,0.4148174,TRUE,TRUE,TRUE
2,Bronx,BEDFORD PARK/NORWOOD,2030,6,"$190,000",prediction,GROSSCON,2,NA,NA,NA,NA,NA,NA,NA,NA,NA,NA,NA,NA,NA,NA,NA,NA,NA,NA
2,Bronx,BEDFORD PARK/NORWOOD,2030,7,"$211,000",prediction,GROSSCON,4,NA,NA,NA,NA,NA,NA,NA,NA,NA,NA,NA,NA,NA,NA,NA,NA,NA,NA
2,Bronx,BEDFORD PARK/NORWOOD,2030,9,"$240,000",prediction,GROSSCON,1,NA,NA,NA,NA,NA,NA,NA,NA,NA,NA,NA,NA,NA,NA,NA,NA,NA,NA
2,Bronx,BRONXDALE,2060,1,"$120,450",prediction,GROSSCON,4,NA,NA,NA,NA,NA,NA,NA,NA,NA,NA,NA,NA,NA,NA,NA,NA,NA,NA
2,Bronx,BRONXDALE,2060,2,"$145,000",prediction,GROSSCON,3,NA,NA,NA,NA,NA,NA,NA,NA,NA,NA,NA,NA,NA,NA,NA,NA,NA,NA
2,Bronx,BRONXDALE,2060,3,"$160,700",prediction,GROSSCON,5,NA,NA,NA,NA,NA,NA,NA,NA,NA,NA,NA,NA,NA,NA,NA,NA,NA,NA
2,Bronx,BRONXDALE,2060,4,"$182,000",prediction,GROSSCON,7,0.9498,0.5385572116915427,0.6546280991735539,4.5494648113260405,0.9991694538625913,0.5791470166696315,0.46257120502164356,0.02271782950959597,0.036534471417558285,0.013816641907962423,1.608184945754887,0.0021478,0.0366933,0.2839658,0.0366933,TRUE,FALSE,TRUE
2,Bronx,BRONXDALE,2060,5,"$192,500",prediction,GROSSCON,1,NA,NA,NA,NA,NA,NA,NA,NA,NA,NA,NA,NA,NA,NA,NA,NA,NA,NA
2,Bronx,BRONXDALE,2060,6,"$205,000",prediction,GROSSCON,2,NA,NA,NA,NA,NA,NA,NA,NA,NA,NA,NA,NA,NA,NA,NA,NA,NA,NA
2,Bronx,CITY ISLAND,2080,7,"$416,500",prediction,GROSSCON,1,NA,NA,NA,NA,NA,NA,NA,NA,NA,NA,NA,NA,NA,NA,NA,NA,NA,NA
2,Bronx,CITY ISLAND,2080,9,"$445,500",prediction,GROSSCON,1,NA,NA,NA,NA,NA,NA,NA,NA,NA,NA,NA,NA,NA,NA,NA,NA,NA,NA
2,Bronx,COUNTRY CLUB,2100,4,"$266,400",prediction,GROSSCON,1,NA,NA,NA,NA,NA,NA,NA,NA,NA,NA,NA,NA,NA,NA,NA,NA,NA,NA
2,Bronx,COUNTRY CLUB,2100,5,"$276,500",prediction,GROSSCON,2,NA,NA,NA,NA,NA,NA,NA,NA,NA,NA,NA,NA,NA,NA,NA,NA,NA,NA
2,Bronx,COUNTRY CLUB,2100,6,"$281,000",prediction,GROSSCON,3,NA,NA,NA,NA,NA,NA,NA,NA,NA,NA,NA,NA,NA,NA,NA,NA,NA,NA
2,Bronx,COUNTRY CLUB,2100,7,"$284,500",prediction,GROSSCON,2,NA,NA,NA,NA,NA,NA,NA,NA,NA,NA,NA,NA,NA,NA,NA,NA,NA,NA
2,Bronx,FIELDSTON,2140,1,"$170,000",prediction,GROSSCON,1,NA,NA,NA,NA,NA,NA,NA,NA,NA,NA,NA,NA,NA,NA,NA,NA,NA,NA
2,Bronx,FIELDSTON,2140,3,"$182,000",prediction,GROSSCON,9,1.0999,0.14786299110238876,0.13124999999999998,4.781470745139474,1.0009795494209053,0.24926043873556403,1.2640760157407693,0.02556461731493104,0.012069746996389928,-0.013494870318541062,0.4721270358833294,0.0010579,0.0104719,0.0068364,0.0104719,TRUE,FALSE,TRUE
2,Bronx,FIELDSTON,2140,4,"$200,000",prediction,GROSSCON,6,0.9876,0.06008053393412989,0.1420168067226891,4.040334580523881,1.0011179996585875,0.005779610735539105,0.3939231426876926,0.018140071407230576,-0.0073403309798812846,-0.02548040238711177,-0.40464730348059597,0.0159922,0.4907985,0.0633866,0.4907985,TRUE,FALSE,TRUE
2,Bronx,FIELDSTON,2140,5,"$215,000",prediction,GROSSCON,2,NA,NA,NA,NA,NA,NA,NA,NA,NA,NA,NA,NA,NA,NA,NA,NA,NA,NA
2,Bronx,FIELDSTON,2140,6,"$220,000",prediction,GROSSCON,2,NA,NA,NA,NA,NA,NA,NA,NA,NA,NA,NA,NA,NA,NA,NA,NA,NA,NA
2,Bronx,FIELDSTON,2140,7,"$260,000",prediction,GROSSCON,1,NA,NA,NA,NA,NA,NA,NA,NA,NA,NA,NA,NA,NA,NA,NA,NA,NA,NA
2,Bronx,FIELDSTON,2140,8,"$305,000",prediction,GROSSCON,1,NA,NA,NA,NA,NA,NA,NA,NA,NA,NA,NA,NA,NA,NA,NA,NA,NA,NA
2,Bronx,FIELDSTON,2140,9,"$385,795",prediction,GROSSCON,4,NA,NA,NA,NA,NA,NA,NA,NA,NA,NA,NA,NA,NA,NA,NA,NA,NA,NA
2,Bronx,FORDHAM,2150,1,"$190,000",prediction,GROSSCON,1,NA,NA,NA,NA,NA,NA,NA,NA,NA,NA,NA,NA,NA,NA,NA,NA,NA,NA
2,Bronx,FORDHAM,2150,2,"$195,000",prediction,GROSSCON,1,NA,NA,NA,NA,NA,NA,NA,NA,NA,NA,NA,NA,NA,NA,NA,NA,NA,NA
2,Bronx,FORDHAM,2150,3,"$200,000",prediction,GROSSCON,3,NA,NA,NA,NA,NA,NA,NA,NA,NA,NA,NA,NA,NA,NA,NA,NA,NA,NA
2,Bronx,FORDHAM,2150,4,"$210,000",prediction,GROSSCON,5,NA,NA,NA,NA,NA,NA,NA,NA,NA,NA,NA,NA,NA,NA,NA,NA,NA,NA
2,Bronx,FORDHAM,2150,5,"$230,000",prediction,GROSSCON,6,0.9597,0.10318065658591215,0.2925714285714286,2.808331524099339,1.0004434131185225,1.1521555465183633,NA,0.00912280701754381,-0.0068927350852174924,-0.016015542102761304,-0.7555498074180917,0.0406421,0.052068,0.0342301,0.052068,TRUE,FALSE,TRUE
2,Bronx,FORDHAM,2150,6,"$240,000",prediction,GROSSCON,2,NA,NA,NA,NA,NA,NA,NA,NA,NA,NA,NA,NA,NA,NA,NA,NA,NA,NA
2,Bronx,FORDHAM,2150,7,"$240,000",prediction,GROSSCON,1,NA,NA,NA,NA,NA,NA,NA,NA,NA,NA,NA,NA,NA,NA,NA,NA,NA,NA
2,Bronx,FORDHAM,2150,8,"$256,000",prediction,GROSSCON,2,NA,NA,NA,NA,NA,NA,NA,NA,NA,NA,NA,NA,NA,NA,NA,NA,NA,NA
2,Bronx,HIGHBRIDGE/MORRIS HEIGHTS,2160,1,"$125,000",prediction,GROSSCON,1,NA,NA,NA,NA,NA,NA,NA,NA,NA,NA,NA,NA,NA,NA,NA,NA,NA,NA
2,Bronx,KINGSBRIDGE HTS/UNIV HTS,2180,1,"$145,800",prediction,GROSSCON,5,NA,NA,NA,NA,NA,NA,NA,NA,NA,NA,NA,NA,NA,NA,NA,NA,NA,NA
2,Bronx,KINGSBRIDGE HTS/UNIV HTS,2180,2,"$162,400",prediction,GROSSCON,15,1.0119,7.743706107013736e-4,0.0012242306994740344,3.9882596731051128,1.0023190638813477,-1.228198731215818,2.0315965082730756,0.02572385738214884,3.786756832153331e-4,-0.02534518169893355,0.01472079702471499,1.02e-5,0.8111457,5.67e-5,0.8111457,TRUE,FALSE,TRUE
2,Bronx,KINGSBRIDGE HTS/UNIV HTS,2180,3,"$165,000",prediction,GROSSCON,10,0.9914,0.6905462680623969,0.1582089195138291,2.1367108249384,1.000002947993036,0.13321850042989108,0.8197523904397316,0.023619047619047533,0.019639680789976174,-0.0039793668290715135,0.8315187431239873,0.0060165,0.1061693,0.5778384,0.1061693,TRUE,FALSE,TRUE
2,Bronx,KINGSBRIDGE HTS/UNIV HTS,2180,5,"$182,000",prediction,GROSSCON,3,NA,NA,NA,NA,NA,NA,NA,NA,NA,NA,NA,NA,NA,NA,NA,NA,NA,NA
2,Bronx,KINGSBRIDGE HTS/UNIV HTS,2180,6,"$249,199",prediction,GROSSCON,19,0.9426,0.006536228243158983,0.0706232136604591,3.9726396415678997,1.0002177365223588,1.1089974483746923,0.38116446191011155,0.009411764705882444,7.145996282890153e-4,-0.00869716507759347,0.07592621050565328,1e-7,0.9166707,0.2066047,0.9166707,TRUE,FALSE,TRUE
2,Bronx,KINGSBRIDGE HTS/UNIV HTS,2180,7,"$265,000",prediction,GROSSCON,2,NA,NA,NA,NA,NA,NA,NA,NA,NA,NA,NA,NA,NA,NA,NA,NA,NA,NA
2,Bronx,KINGSBRIDGE HTS/UNIV HTS,2180,8,"$266,000",prediction,GROSSCON,1,NA,NA,NA,NA,NA,NA,NA,NA,NA,NA,NA,NA,NA,NA,NA,NA,NA,NA
2,Bronx,KINGSBRIDGE/JEROME PARK,2190,1,"$150,000",prediction,GROSSCON,7,1.2021,0.28954035295830527,0.23214285714285707,9.097181043279152,1.0014947714201203,0.3168318913444128,NA,0.05382436260623231,0.03947970380891928,-0.014344658797313068,0.7334913391867627,0.0123244,0.327576,0.6767496,0.327576,FALSE,TRUE,TRUE
2,Bronx,KINGSBRIDGE/JEROME PARK,2190,2,"$170,000",prediction,GROSSCON,7,1.0588,0.20955143221897202,0.11571428571428569,8.26188858944955,0.9994716991430079,1.0032833154522718,0.1574311788850422,0.016819571865443455,0.028739473652756538,0.011919901787313045,1.7086923426275182,0.0014295,0.0034464,0.0161374,0.0034464,TRUE,TRUE,TRUE
2,Bronx,KINGSBRIDGE/JEROME PARK,2190,3,"$195,000",prediction,GROSSCON,9,1.035,0.17457102854168197,0.2885885885885886,5.466979381143334,1.0014390038760113,0.268067354663728,0.7716476976472062,0.03323262839879159,0.022484771171235273,-0.010747857227556246,0.6765872052435311,3.233e-4,0.001904,0.1924221,0.001904,TRUE,TRUE,TRUE
2,Bronx,KINGSBRIDGE/JEROME PARK,2190,4,"$205,000",prediction,GROSSCON,22,0.9971,0.3029759405977025,0.33734947196197007,8.383045162580617,0.9990112252149346,0.780411957535861,0.3647939079470522,0.02681902250257137,0.04048538587679059,0.013666363374219247,1.5095772365644162,0,2.803e-4,0.1553033,2.803e-4,TRUE,TRUE,TRUE
2,Bronx,KINGSBRIDGE/JEROME PARK,2190,5,"$220,000",prediction,GROSSCON,5,NA,NA,NA,NA,NA,NA,NA,NA,NA,NA,NA,NA,NA,NA,NA,NA,NA,NA
2,Bronx,KINGSBRIDGE/JEROME PARK,2190,6,"$227,600",prediction,GROSSCON,9,0.9808,0.3959058361896728,0.5059523809523809,3.172896695049669,1.0000567794833246,0.347049697966119,0.5963664884535165,0.02504038772213241,0.029412662922748314,0.004372275200615883,1.174608925753634,2.1e-5,0.0229981,0.7170199,0.0229981,TRUE,FALSE,TRUE
2,Bronx,KINGSBRIDGE/JEROME PARK,2190,7,"$271,000",prediction,GROSSCON,10,0.9287,0.48091669191145037,0.4806700545830981,6.3971692225642,0.9989105052530267,0.6991503260117775,0.40978337949302474,0.021855566339552122,0.04044573572743954,0.018590169387887476,1.8505919773053439,3.27e-5,0.0070787,0.1165018,0.0070787,TRUE,TRUE,TRUE
2,Bronx,KINGSBRIDGE/JEROME PARK,2190,8,"$294,500",prediction,GROSSCON,6,0.9525,0.12831637793026157,0.013445378151260507,4.593096979011031,1.0010268591228746,0.19096068192327742,0.8324291341704234,0.027306967984934073,0.007648174461714501,-0.019658793523219614,0.2800814233910645,0.0028349,0.6427148,0.2158357,0.6427148,TRUE,FALSE,TRUE
2,Bronx,KINGSBRIDGE/JEROME PARK,2190,9,"$330,200",prediction,GROSSCON,1,NA,NA,NA,NA,NA,NA,NA,NA,NA,NA,NA,NA,NA,NA,NA,NA,NA,NA
2,Bronx,KINGSBRIDGE/JEROME PARK,2190,10,"$590,000",prediction,GROSSCON,1,NA,NA,NA,NA,NA,NA,NA,NA,NA,NA,NA,NA,NA,NA,NA,NA,NA,NA
2,Bronx,MELROSE/CONCOURSE,2200,1,"$163,000",prediction,GROSSCON,7,1.192,0.003898184640038548,0.05487012987012984,52.00403677252622,1.0141347973836736,1.6546928493791024,0.09091446071420806,0.06926406926406929,0.056122891465053955,-0.0131411777990155,0.8102742455267161,0.0037152,0.6924985,0.9278985,0.6924985,FALSE,FALSE,TRUE
2,Bronx,MELROSE/CONCOURSE,2200,2,"$242,700",prediction,GROSSCON,1,NA,NA,NA,NA,NA,NA,NA,NA,NA,NA,NA,NA,NA,NA,NA,NA,NA,NA
2,Bronx,MELROSE/CONCOURSE,2200,3,"$272,000",prediction,GROSSCON,3,NA,NA,NA,NA,NA,NA,NA,NA,NA,NA,NA,NA,NA,NA,NA,NA,NA,NA
2,Bronx,MELROSE/CONCOURSE,2200,4,"$280,400",prediction,GROSSCON,3,NA,NA,NA,NA,NA,NA,NA,NA,NA,NA,NA,NA,NA,NA,NA,NA,NA,NA
2,Bronx,MELROSE/CONCOURSE,2200,5,"$295,000",prediction,GROSSCON,2,NA,NA,NA,NA,NA,NA,NA,NA,NA,NA,NA,NA,NA,NA,NA,NA,NA,NA
2,Bronx,MELROSE/CONCOURSE,2200,6,"$324,000",prediction,GROSSCON,20,1.0195,0.004738820557640288,0.010159249792508415,10.321068793215556,1.0004840636003889,1.2269327753377381,0.22343137192244117,0.01527285319818264,0.007751578481428402,-0.007521274716754192,0.5075396444163363,0,0.5807728,0.5964998,0.5807728,TRUE,TRUE,TRUE
2,Bronx,MELROSE/CONCOURSE,2200,7,"$361,800",prediction,GROSSCON,10,0.9111,0.04570208500644154,0.08264122708567154,14.46280946558058,0.9999431538482798,1.183247483827768,0.18615467000867544,0.02319265656401069,0.03368666754078114,0.010494010976770453,1.452471278907082,3.4e-6,0.208161,0.6938741,0.208161,TRUE,TRUE,TRUE
2,Bronx,MELROSE/CONCOURSE,2200,8,"$403,668",prediction,GROSSCON,11,0.8833,0.05310969475672574,0.05612287256122873,6.192063516519123,1.001925378756404,0.4239972484904682,0.8931820958184767,0.0331443206583148,0.008888537941621743,-0.024255782716692997,0.2681768026943093,0,0.5858248,0.1466503,0.5858248,FALSE,TRUE,TRUE
2,Bronx,MELROSE/CONCOURSE,2200,9,"$450,600",prediction,GROSSCON,16,0.8641,0.2947982884398968,0.2386929089942571,6.5502647109198415,1.0024725456737922,0.1078919506150011,0.7915942076552417,0.04785343761296326,0.030386278713747262,-0.017467158899215976,0.6349863297076025,2e-7,0.0386935,0.2108372,0.0386935,FALSE,TRUE,TRUE
2,Bronx,MELROSE/CONCOURSE,2200,10,"$600,000",prediction,GROSSCON,4,NA,NA,NA,NA,NA,NA,NA,NA,NA,NA,NA,NA,NA,NA,NA,NA,NA,NA
2,Bronx,MORRIS PARK/VAN NEST,2210,1,"$145,600",prediction,GROSSCON,2,NA,NA,NA,NA,NA,NA,NA,NA,NA,NA,NA,NA,NA,NA,NA,NA,NA,NA
2,Bronx,MORRIS PARK/VAN NEST,2210,2,"$174,000",prediction,GROSSCON,1,NA,NA,NA,NA,NA,NA,NA,NA,NA,NA,NA,NA,NA,NA,NA,NA,NA,NA
2,Bronx,MORRIS PARK/VAN NEST,2210,3,"$190,900",prediction,GROSSCON,3,NA,NA,NA,NA,NA,NA,NA,NA,NA,NA,NA,NA,NA,NA,NA,NA,NA,NA
2,Bronx,MORRIS PARK/VAN NEST,2210,4,"$199,000",prediction,GROSSCON,6,1.0588,0.5205456449908779,0.49870129870129865,4.487437779109679,0.9993817609228134,0.385684030433579,0.5545606727933701,0.03452665075576758,0.038049977910785425,0.0035233271550178177,1.102046595250176,0.0089105,0.0601511,0.7056852,0.0601511,TRUE,FALSE,TRUE
2,Bronx,MORRIS PARK/VAN NEST,2210,5,"$204,500",prediction,GROSSCON,5,NA,NA,NA,NA,NA,NA,NA,NA,NA,NA,NA,NA,NA,NA,NA,NA,NA,NA
2,Bronx,MORRIS PARK/VAN NEST,2210,7,"$225,000",prediction,GROSSCON,1,NA,NA,NA,NA,NA,NA,NA,NA,NA,NA,NA,NA,NA,NA,NA,NA,NA,NA
2,Bronx,PARKCHESTER,2250,1,"$114,000",prediction,GROSSCON,3,NA,NA,NA,NA,NA,NA,NA,NA,NA,NA,NA,NA,NA,NA,NA,NA,NA,NA
2,Bronx,PARKCHESTER,2250,3,"$130,500",prediction,GROSSCON,3,NA,NA,NA,NA,NA,NA,NA,NA,NA,NA,NA,NA,NA,NA,NA,NA,NA,NA
2,Bronx,PARKCHESTER,2250,4,"$169,000",prediction,GROSSCON,2,NA,NA,NA,NA,NA,NA,NA,NA,NA,NA,NA,NA,NA,NA,NA,NA,NA,NA
2,Bronx,PELHAM PARKWAY NORTH,2280,1,"$82,000",prediction,GROSSCON,5,NA,NA,NA,NA,NA,NA,NA,NA,NA,NA,NA,NA,NA,NA,NA,NA,NA,NA
2,Bronx,PELHAM PARKWAY NORTH,2280,2,"$100,000",prediction,GROSSCON,1,NA,NA,NA,NA,NA,NA,NA,NA,NA,NA,NA,NA,NA,NA,NA,NA,NA,NA
2,Bronx,PELHAM PARKWAY SOUTH,2290,1,"$120,000",prediction,GROSSCON,18,1.0551,0.019117390765214556,0.0220281543274244,14.774111253134729,1.0345231727469777,-1.1633678805326846,0.5726445900387448,0.0688936412116618,0.01090325804632497,-0.05799038316533683,0.15826218290345323,1.214e-4,0.3124425,0.0039948,0.3124425,TRUE,TRUE,FALSE
2,Bronx,PELHAM PARKWAY SOUTH,2290,2,"$130,000",prediction,GROSSCON,22,1.0455,0.04302001954008036,0.013923733593075948,6.84035905103365,1.0010385108420832,0.6557392736876217,0.4425201493488513,0.024707562069281992,0.008462538821442175,-0.016245023247839736,0.342508046634166,0,0.407172,0.1152164,0.407172,TRUE,TRUE,TRUE
2,Bronx,PELHAM PARKWAY SOUTH,2290,3,"$148,200",prediction,GROSSCON,6,0.8966,0.26847390633394924,0.041176470588235294,8.433522272849856,0.9995542973660843,0.7329532717617515,0.4501376279273424,0.027662406690529977,0.019366531450071802,-0.008295875240458167,0.7001029110276961,0.0056295,0.6146826,0.8054242,0.6146826,FALSE,TRUE,TRUE
2,Bronx,PELHAM PARKWAY SOUTH,2290,4,"$155,000",prediction,GROSSCON,3,NA,NA,NA,NA,NA,NA,NA,NA,NA,NA,NA,NA,NA,NA,NA,NA,NA,NA
2,Bronx,PELHAM PARKWAY SOUTH,2290,5,"$160,000",prediction,GROSSCON,11,0.9425,0.31234659457256003,0.21793045664013397,5.5811487338824985,0.9993502602771438,0.77854825977989806,0.40909679743126903,0.020745788377815582,0.0336480781097692,0.012902289731953542,1.6219233271342162,5.3e-6,0.0643018,0.4364678,0.0643018,TRUE,TRUE,TRUE
2,Bronx,PELHAM PARKWAY SOUTH,2290,6,"$169,597",prediction,GROSSCON,5,NA,NA,NA,NA,NA,NA,NA,NA,NA,NA,NA,NA,NA,NA,NA,NA,NA,NA
2,Bronx,PELHAM PARKWAY SOUTH,2290,7,"$204,600",prediction,GROSSCON,2,NA,NA,NA,NA,NA,NA,NA,NA,NA,NA,NA,NA,NA,NA,NA,NA,NA,NA
2,Bronx,RIVERDALE,2300,1,"$169,212",prediction,GROSSCON,26,1.0705,0.3085781625743977,0.40049734773632056,11.26657077495661,1.0194896994985954,-0.015581146226801129,0.9785125218182308,0.09742163839188747,0.06128252823485277,-0.03613911015703465,0.6290443195826609,0,7.646e-4,0.0529729,7.646e-4,TRUE,TRUE,TRUE
2,Bronx,RIVERDALE,2300,2,"$215,100",prediction,GROSSCON,53,1.0357,0.008848895004806283,0.0796095422222251,11.340234461144874,1.0012583838667866,1.3410773277385621,0.4791149000531821,0.025405397629019572,0.010473776046166752,-0.014931621582852878,0.41226577907220024,0,0.4610106,0.2954622,0.4610106,TRUE,TRUE,TRUE
2,Bronx,RIVERDALE,2300,3,"$248,600",prediction,GROSSCON,46,1.0573,0.0675383732460088,0.24455744284631953,11.858303988894948,0.9995171555287253,1.2827382843091786,0.32279246598129274,0.023669743912339378,0.03134449874621355,0.007674754833874073,1.3242432559599049,0,2.621e-4,0.3364622,2.621e-4,TRUE,TRUE,TRUE
2,Bronx,RIVERDALE,2300,4,"$280,000",prediction,GROSSCON,59,1.0515,0.005431101418968173,0.051717362401248405,9.24953660279806,1.0009494642659913,1.3424918833249804,0.4547369533487516,0.021417288128071716,0.006345739575231957,-0.015071548552839705,0.2962905264796202,0,0.554965,0.1631708,0.554965,TRUE,TRUE,TRUE
2,Bronx,RIVERDALE,2300,5,"$319,500",prediction,GROSSCON,77,1.0324,0.12100513636561565,0.11712398279535302,8.800398739848335,0.9999068128008151,0.9574072015383102,0.32130975872429485,0.02271637113673747,0.0253598524103198,0.0026434812735824263,1.1163689947513993,0,1e-7,0.543804,1e-7,TRUE,TRUE,TRUE
2,Bronx,RIVERDALE,2300,6,"$350,000",prediction,GROSSCON,69,1.0084,0.209620092881066,0.1388488424769967,9.621505967246954,0.9991864257395862,0.9792005402048941,0.2418686350415624,0.019944510533970058,0.03242919699693608,0.012484686462965947,1.625971063150511,0,3e-7,0.0291764,3e-7,TRUE,TRUE,TRUE
2,Bronx,RIVERDALE,2300,7,"$391,050",prediction,GROSSCON,99,0.9999,0.04284014243692794,0.06697385663264904,10.057534327701935,1.0001139588731955,1.1931412457070307,0.3167493255662325,0.020998728854553,0.01994130375933173,-0.0010574250952210804,0.9496433759135814,0,3.91e-4,0.8465506,3.91e-4,TRUE,TRUE,TRUE
2,Bronx,RIVERDALE,2300,8,"$475,000",prediction,GROSSCON,116,0.9853,0.06619680408482262,0.05990844307534378,7.6153168529508415,1.000708501232798,0.8287746017618964,0.5045069624724907,0.025006461390543466,0.015526489428732268,-0.00947997196181134,0.620899102285765,0,5.7e-6,0.0042954000000000004,5.7e-6,TRUE,TRUE,TRUE
2,Bronx,RIVERDALE,2300,9,"$584,499",prediction,GROSSCON,114,0.9684,0.38026544712826277,0.4064321781032917,8.589968709425984,0.9994511594556453,0.4644832260927771,0.5897163019788425,0.04834563908833939,0.052444177758013855,0.004098538669674594,1.084775767720961,0,0,0.36046280000000003,0,TRUE,TRUE,TRUE
2,Bronx,RIVERDALE,2300,10,"$1,300,000",prediction,GROSSCON,133,0.9318,0.3539777473091677,0.23950056817939586,12.270939537259034,1.0164483502160848,0.02593859892785775,1.046156283438338,0.11453555340786924,0.06798295420473366,-0.04655259920313554,0.5935532870098554,0,0,1e-7,0,TRUE,TRUE,TRUE
2,Bronx,SCHUYLERVILLE/PELHAM BAY,2310,1,"$116,250",prediction,GROSSCON,12,1.1632,0.4099330811087381,0.4966672844082037,19.06578980908266,1.0512696109754285,-0.4862496557812501,0.7566630183144913,0.12913153526688523,0.09840166452814315,-0.030729870738741935,0.762026598109979,9.79e-5,0.002465,0.4049506,0.002465,FALSE,FALSE,FALSE
2,Bronx,SCHUYLERVILLE/PELHAM BAY,2310,2,"$135,000",prediction,GROSSCON,8,0.9614,0.038415009535859274,0.013030888030888034,8.264114521676628,1.0040388560354891,0.839524727583974,1.1828916746061597,0.03078610880771767,-0.00860104834729989,-0.03938715715501773,-0.2793808207792682,0.0032776,0.6160515,0.0833744,0.6160515,TRUE,TRUE,TRUE
2,Bronx,SCHUYLERVILLE/PELHAM BAY,2310,3,"$141,000",prediction,GROSSCON,7,0.9071,0.13515399145451534,0.04675324675324674,12.033021145015855,0.9991628152845169,1.04980367116635,0.170030744474012,0.022381266283705393,0.03541046731276948,0.013029201029064054,1.582147625782464,2.567e-4,0.3247959,0.6993214,0.3247959,TRUE,TRUE,TRUE
2,Bronx,SCHUYLERVILLE/PELHAM BAY,2310,4,"$159,000",prediction,GROSSCON,2,NA,NA,NA,NA,NA,NA,NA,NA,NA,NA,NA,NA,NA,NA,NA,NA,NA,NA
2,Bronx,SCHUYLERVILLE/PELHAM BAY,2310,5,"$165,000",prediction,GROSSCON,2,NA,NA,NA,NA,NA,NA,NA,NA,NA,NA,NA,NA,NA,NA,NA,NA,NA,NA
2,Bronx,SCHUYLERVILLE/PELHAM BAY,2310,6,"$174,000",prediction,GROSSCON,3,NA,NA,NA,NA,NA,NA,NA,NA,NA,NA,NA,NA,NA,NA,NA,NA,NA,NA
2,Bronx,SCHUYLERVILLE/PELHAM BAY,2310,7,"$186,500",prediction,GROSSCON,2,NA,NA,NA,NA,NA,NA,NA,NA,NA,NA,NA,NA,NA,NA,NA,NA,NA,NA
2,Bronx,VAN CORTLANDT PARK,2340,2,"$240,000",prediction,GROSSCON,1,NA,NA,NA,NA,NA,NA,NA,NA,NA,NA,NA,NA,NA,NA,NA,NA,NA,NA
2,Bronx,VAN CORTLANDT PARK,2340,4,"$285,000",prediction,GROSSCON,1,NA,NA,NA,NA,NA,NA,NA,NA,NA,NA,NA,NA,NA,NA,NA,NA,NA,NA
2,Bronx,VAN CORTLANDT PARK,2340,5,"$310,000",prediction,GROSSCON,2,NA,NA,NA,NA,NA,NA,NA,NA,NA,NA,NA,NA,NA,NA,NA,NA,NA,NA
2,Bronx,VAN CORTLANDT PARK,2340,6,"$331,460",prediction,GROSSCON,1,NA,NA,NA,NA,NA,NA,NA,NA,NA,NA,NA,NA,NA,NA,NA,NA,NA,NA
2,Bronx,VAN CORTLANDT PARK,2340,7,"$364,230",prediction,GROSSCON,2,NA,NA,NA,NA,NA,NA,NA,NA,NA,NA,NA,NA,NA,NA,NA,NA,NA,NA
2,Bronx,VAN CORTLANDT PARK,2340,8,"$395,000",prediction,GROSSCON,2,NA,NA,NA,NA,NA,NA,NA,NA,NA,NA,NA,NA,NA,NA,NA,NA,NA,NA
2,Bronx,VAN CORTLANDT PARK,2340,9,"$422,500",prediction,GROSSCON,2,NA,NA,NA,NA,NA,NA,NA,NA,NA,NA,NA,NA,NA,NA,NA,NA,NA,NA
2,Bronx,VAN CORTLANDT PARK,2340,10,"$515,000",prediction,GROSSCON,1,NA,NA,NA,NA,NA,NA,NA,NA,NA,NA,NA,NA,NA,NA,NA,NA,NA,NA
2,Bronx,WESTCHESTER,2360,1,"$129,500",prediction,GROSSCON,3,NA,NA,NA,NA,NA,NA,NA,NA,NA,NA,NA,NA,NA,NA,NA,NA,NA,NA
2,Bronx,WESTCHESTER,2360,2,"$139,000",prediction,GROSSCON,1,NA,NA,NA,NA,NA,NA,NA,NA,NA,NA,NA,NA,NA,NA,NA,NA,NA,NA
2,Bronx,WESTCHESTER,2360,3,"$139,500",prediction,GROSSCON,1,NA,NA,NA,NA,NA,NA,NA,NA,NA,NA,NA,NA,NA,NA,NA,NA,NA,NA
2,Bronx,WESTCHESTER,2360,4,"$140,000",prediction,GROSSCON,1,NA,NA,NA,NA,NA,NA,NA,NA,NA,NA,NA,NA,NA,NA,NA,NA,NA,NA
2,Bronx,WILLIAMSBRIDGE,2370,1,"$107,500",prediction,GROSSCON,4,NA,NA,NA,NA,NA,NA,NA,NA,NA,NA,NA,NA,NA,NA,NA,NA,NA,NA
2,Bronx,WILLIAMSBRIDGE,2370,3,"$120,000",prediction,GROSSCON,2,NA,NA,NA,NA,NA,NA,NA,NA,NA,NA,NA,NA,NA,NA,NA,NA,NA,NA
2,Bronx,WOODLAWN,2380,1,"$120,500",prediction,GROSSCON,12,1.088,0.005969265811284329,0.001798201798201798,14.092579645674169,1.0162540778653841,-0.1977158434532544,1.6429934493452818,0.07586206896551727,-0.0052054170135301114,-0.08106748597904738,-0.06861686063289854,2.5e-6,0.7957709,6.393e-4,0.7957709,TRUE,TRUE,TRUE
2,Bronx,WOODLAWN,2380,2,"$131,000",prediction,GROSSCON,10,1.0398,0.7725256091659548,0.8691061558986087,5.977174987687903,0.997681095308752,0.6012901304919187,0.44768575552206,0.028547721516366052,0.061638590214670386,0.033090868698304264,2.159142199118531,9e-7,7.36e-5,0.0033564,7.36e-5,TRUE,TRUE,TRUE
2,Bronx,WOODLAWN,2380,3,"$144,909",prediction,GROSSCON,7,1.011,0.17785858136857494,0.09705882352941178,8.49535455180089,1.000139277438034,0.731077553743212,0.25756820706490297,0.02595296025952959,0.0307693069771771,0.004816346717647386,1.1855798594643447,0.0200932,0.0265032,0.6794021,0.0265032,TRUE,TRUE,TRUE
2,Bronx,WOODLAWN,2380,4,"$157,000",prediction,GROSSCON,5,NA,NA,NA,NA,NA,NA,NA,NA,NA,NA,NA,NA,NA,NA,NA,NA,NA,NA
2,Bronx,WOODLAWN,2380,5,"$165,000",prediction,GROSSCON,6,0.886,0.3948238094831145,0.23591836734693877,5.754991600294561,0.9991891172977128,0.6297015688500219,0.3995776155348702,0.02996005797387008,0.04354452028002326,0.013584462306153233,1.4534190927801733,8.59e-5,0.1808188,0.6399549,0.1808188,FALSE,TRUE,TRUE
2,Bronx,WOODLAWN,2380,6,"$173,000",prediction,GROSSCON,2,NA,NA,NA,NA,NA,NA,NA,NA,NA,NA,NA,NA,NA,NA,NA,NA,NA,NA
3,Brooklyn,BATH BEACH,3010,1,"$256,000",prediction,GROSSCON,4,NA,NA,NA,NA,NA,NA,NA,NA,NA,NA,NA,NA,NA,NA,NA,NA,NA,NA
3,Brooklyn,BATH BEACH,3010,2,"$272,000",prediction,GROSSCON,10,1.0595,0.16617205390617562,0.16472323408299025,5.191498634437668,1.0019158488979305,0.07464074183447349,-8.787889713155947,0.022776351709245076,-0.011601824601241593,-0.03437817631048657,-0.5093802883511106,7e-7,0.1284631,7.375e-4,0.1284631,TRUE,TRUE,TRUE
3,Brooklyn,BATH BEACH,3010,3,"$285,000",prediction,GROSSCON,14,1.0137,0.262526397586711,0.25278396436525613,6.015691650684482,1.0007182195688833,0.3566894003367673,0.6369702826740854,0.03422175417611578,0.02280984088651785,-0.01141191328959798,0.6665304405242122,0,0.099752,0.353918,0.099752,TRUE,TRUE,TRUE
3,Brooklyn,BATH BEACH,3010,4,"$290,000",prediction,GROSSCON,7,1.0063,8.083801858159854e-4,0.09166666666666672,7.370893656657983,1.0033809702104324,0.2200033126800605,2.769534669489465,0.03669250645994843,0.0010015373307177442,-0.03569096912923067,0.027295418801952746,1.315e-4,0.9521889,0.0936609,0.9521889,TRUE,TRUE,TRUE
3,Brooklyn,BATH BEACH,3010,5,"$310,000",prediction,GROSSCON,4,NA,NA,NA,NA,NA,NA,NA,NA,NA,NA,NA,NA,NA,NA,NA,NA,NA,NA
3,Brooklyn,BATH BEACH,3010,6,"$329,000",prediction,GROSSCON,1,NA,NA,NA,NA,NA,NA,NA,NA,NA,NA,NA,NA,NA,NA,NA,NA,NA,NA
3,Brooklyn,BATH BEACH,3010,7,"$340,000",prediction,GROSSCON,1,NA,NA,NA,NA,NA,NA,NA,NA,NA,NA,NA,NA,NA,NA,NA,NA,NA,NA
3,Brooklyn,BAY RIDGE,3020,1,"$230,125",prediction,GROSSCON,46,1.0612,0.39825754496937993,0.46029233536543934,10.168173128983069,0.9981933734722493,0.444193262042379,0.6527018922223186,0.059654951376119876,0.06934953757007063,0.009694586193950727,1.1625110065521154,0,0,0.1498253,0,TRUE,TRUE,TRUE
3,Brooklyn,BAY RIDGE,3020,2,"$280,000",prediction,GROSSCON,37,1.1208,0.28115217666945724,0.4057131830706073,7.308799792364495,0.9993983609765953,0.6635167584952063,0.49171595571323584,0.03303132280610925,0.03919459093037588,0.00616326812426678,1.1865885953294835,0,1e-7,0.293849,1e-7,FALSE,TRUE,TRUE
3,Brooklyn,BAY RIDGE,3020,3,"$310,000",prediction,GROSSCON,72,1.056,0.026793534134394816,0.056119023439572376,7.830646900324563,1.001335158248923,0.8578224915661605,0.4784558495068846,0.026670679563763653,0.009896139822963406,-0.01677453974080031,0.37104940649539475,0,0.0346582,5.001e-4,0.0346582,TRUE,TRUE,TRUE
3,Brooklyn,BAY RIDGE,3020,4,"$338,000",prediction,GROSSCON,81,1.0329,0.035593712185361455,0.04450039693073968,6.7961899279884666,1.0014257138234381,0.6783279775480819,0.6384103549888426,0.027149960765311773,0.008732225354392845,-0.01841773541091894,0.32162939128625223,0,0.0225169,3e-6,0.0225169,TRUE,TRUE,TRUE
3,Brooklyn,BAY RIDGE,3020,5,"$360,000",prediction,GROSSCON,63,1.0196,0.1912536322278048,0.21826698397288344,7.279034067970865,1.000028063989059,0.6981561060822021,0.5379208129465786,0.027719750764664597,0.02798538221255096,2.656314478863836e-4,1.0095827502253363,0,3e-7,0.956688,3e-7,TRUE,TRUE,TRUE
3,Brooklyn,BAY RIDGE,3020,6,"$394,000",prediction,GROSSCON,48,0.9689,0.25473384222220663,0.2527650877066515,6.036036496875365,1.0003611639546566,0.4729910023718459,0.5980246744850148,0.030850314276842115,0.027313801479564054,-0.003536512797277933,0.8853654207363262,0,2.3e-6,0.4894601,2.3e-6,TRUE,TRUE,TRUE
3,Brooklyn,BAY RIDGE,3020,7,"$435,700",prediction,GROSSCON,29,0.9171,0.06648290262644935,0.08158245165875627,8.013778103035998,1.0010302355057137,0.7356280772232326,0.41153859453485137,0.028381586573540965,0.014542407537412603,-0.013839179036128376,0.5123888158870507,0,0.1106726,0.1204014,0.1106726,TRUE,TRUE,TRUE
3,Brooklyn,BAY RIDGE,3020,8,"$498,800",prediction,GROSSCON,13,0.9653,0.3512501606444982,0.6902491447945994,7.865921582269278,0.9977151686200605,0.8375104778517944,0.3869080980154321,0.0271790979931421,0.0707067733915215,0.043527675398379304,2.6015128761580844,3.79e-5,0.0076806,0.0795327,0.0076806,TRUE,TRUE,TRUE
3,Brooklyn,BAY RIDGE,3020,9,"$580,000",prediction,GROSSCON,3,NA,NA,NA,NA,NA,NA,NA,NA,NA,NA,NA,NA,NA,NA,NA,NA,NA,NA
3,Brooklyn,BENSONHURST,3040,1,"$246,000",prediction,GROSSCON,1,NA,NA,NA,NA,NA,NA,NA,NA,NA,NA,NA,NA,NA,NA,NA,NA,NA,NA
3,Brooklyn,BENSONHURST,3040,2,"$249,500",prediction,GROSSCON,4,NA,NA,NA,NA,NA,NA,NA,NA,NA,NA,NA,NA,NA,NA,NA,NA,NA,NA
3,Brooklyn,BENSONHURST,3040,3,"$284,000",prediction,GROSSCON,3,NA,NA,NA,NA,NA,NA,NA,NA,NA,NA,NA,NA,NA,NA,NA,NA,NA,NA
3,Brooklyn,BENSONHURST,3040,4,"$312,000",prediction,GROSSCON,4,NA,NA,NA,NA,NA,NA,NA,NA,NA,NA,NA,NA,NA,NA,NA,NA,NA,NA
3,Brooklyn,BENSONHURST,3040,5,"$327,000",prediction,GROSSCON,2,NA,NA,NA,NA,NA,NA,NA,NA,NA,NA,NA,NA,NA,NA,NA,NA,NA,NA
3,Brooklyn,BENSONHURST,3040,6,"$362,000",prediction,GROSSCON,1,NA,NA,NA,NA,NA,NA,NA,NA,NA,NA,NA,NA,NA,NA,NA,NA,NA,NA
3,Brooklyn,BOERUM HILL,3060,5,"$927,753",prediction,GROSSCON,1,NA,NA,NA,NA,NA,NA,NA,NA,NA,NA,NA,NA,NA,NA,NA,NA,NA,NA
3,Brooklyn,BOERUM HILL,3060,6,"$996,999",prediction,GROSSCON,1,NA,NA,NA,NA,NA,NA,NA,NA,NA,NA,NA,NA,NA,NA,NA,NA,NA,NA
3,Brooklyn,BOERUM HILL,3060,7,"$1,284,500",prediction,GROSSCON,3,NA,NA,NA,NA,NA,NA,NA,NA,NA,NA,NA,NA,NA,NA,NA,NA,NA,NA
3,Brooklyn,BOERUM HILL,3060,8,"$1,349,000",prediction,GROSSCON,6,0.9971,0.6302260739997385,0.3818181818181819,6.262310541244262,0.9979882037407156,0.4517544440954743,0.4558193466690889,0.04353591160220987,0.060669967450703854,0.017134055848494045,1.3935614350986567,0.0083613,0.0168068,0.0628625,0.0168068,TRUE,TRUE,TRUE
3,Brooklyn,BOERUM HILL,3060,9,"$1,624,600",prediction,GROSSCON,5,NA,NA,NA,NA,NA,NA,NA,NA,NA,NA,NA,NA,NA,NA,NA,NA,NA,NA
3,Brooklyn,BOERUM HILL,3060,10,"$1,835,000",prediction,GROSSCON,8,0.9303,0.7647744338571885,0.655328798185941,6.915143787256779,0.9979042215656257,0.17589681761773374,0.8534045751160758,0.08206737512778459,0.0953973170583206,0.013329941930536044,1.162426809798416,1.568e-4,0.0089887,0.5755306,0.0089887,TRUE,TRUE,TRUE
3,Brooklyn,BOROUGH PARK,3070,2,"$429,000",prediction,GROSSCON,2,NA,NA,NA,NA,NA,NA,NA,NA,NA,NA,NA,NA,NA,NA,NA,NA,NA,NA
3,Brooklyn,BOROUGH PARK,3070,4,"$478,800",prediction,GROSSCON,2,NA,NA,NA,NA,NA,NA,NA,NA,NA,NA,NA,NA,NA,NA,NA,NA,NA,NA
3,Brooklyn,BOROUGH PARK,3070,5,"$546,250",prediction,GROSSCON,6,1.0278,6.729663191029626e-4,0.013445378151260507,6.199152194637492,1.002518476322602,0.13169104168572915,0.5542223793539093,0.03245283018867924,0.008597783927796613,-0.023855046260882567,0.2649317140542048,0.0027171,0.6369405,0.3145322,0.6369405,TRUE,TRUE,TRUE
3,Brooklyn,BOROUGH PARK,3070,6,"$596,000",prediction,GROSSCON,5,NA,NA,NA,NA,NA,NA,NA,NA,NA,NA,NA,NA,NA,NA,NA,NA,NA,NA
3,Brooklyn,BOROUGH PARK,3070,7,"$647,500",prediction,GROSSCON,5,NA,NA,NA,NA,NA,NA,NA,NA,NA,NA,NA,NA,NA,NA,NA,NA,NA,NA
3,Brooklyn,BOROUGH PARK,3070,8,"$708,600",prediction,GROSSCON,6,0.9708,0.7326522076492208,0.6588235294117647,5.6559582644117805,0.9984229501487999,0.5107081949930835,0.5854627843844672,0.028388425025734784,0.058723558586992915,0.030335133561258193,2.0685740238762365,0.0213159,0.0087551,0.0670199,0.0087551,TRUE,TRUE,TRUE
3,Brooklyn,BOROUGH PARK,3070,9,"$751,000",prediction,GROSSCON,2,NA,NA,NA,NA,NA,NA,NA,NA,NA,NA,NA,NA,NA,NA,NA,NA,NA,NA
3,Brooklyn,BRIGHTON BEACH,3080,1,"$230,000",prediction,GROSSCON,17,1.0911,0.23709558496174388,0.353978663604219,11.908636901538413,1.0029310584177893,0.5006305035337253,0.6011015077516085,0.06701476706536026,0.053954445558893026,-0.013060321506467222,0.80511278217636,0,0.0397785,0.591179,0.0397785,TRUE,TRUE,TRUE
3,Brooklyn,BRIGHTON BEACH,3080,2,"$266,500",prediction,GROSSCON,21,1.0626,0.20881866828997905,0.16582401097252583,9.61045522111038,0.9992676483319768,0.8751702915299475,0.31570337826027517,0.027612810621691918,0.03921974798150164,0.0116069373598097,1.4203461038005114,0,6.201e-4,0.245522,6.201e-4,TRUE,TRUE,TRUE
3,Brooklyn,BRIGHTON BEACH,3080,3,"$294,500",prediction,GROSSCON,20,1.0218,0.23545455248872174,0.27423417011534335,4.6250445336927,1.000544728980339,0.3510178212818265,0.6156907976893943,0.025924496744537468,0.020702122192909653,-0.005222374551627828,0.7985544482082088,0,0.0032208,0.428558,0.0032208,TRUE,FALSE,TRUE
3,Brooklyn,BRIGHTON BEACH,3080,4,"$325,000",prediction,GROSSCON,18,0.9815,0.11654410615220362,0.2338983600882697,7.302349621396724,1.0001952469750435,0.8524336503862862,0.43003232613995007,0.02661347015913299,0.027142958807822366,5.294886486893612e-4,1.019895513269161,0,0.0247039,0.9637357,0.0247039,TRUE,TRUE,TRUE
3,Brooklyn,BRIGHTON BEACH,3080,5,"$355,000",prediction,GROSSCON,20,0.9409,0.24458985271119216,0.38108046266851586,6.453618275793252,0.9993354146937838,0.8377103979697005,0.4989951908837755,0.02644758808540551,0.03260517218517787,0.006157584099772388,1.2328221416594953,0,0.0020063,0.4579591,0.0020063,TRUE,TRUE,TRUE
3,Brooklyn,BRIGHTON BEACH,3080,6,"$400,000",prediction,GROSSCON,13,1.0767,0.07310542604241317,0.0727444903581267,7.9529267729481194,1.0006861910050202,0.8295818209710519,0.4793002429756659,0.029830116606353086,0.018965051176844817,-0.010865065429508183,0.635768590083415,0,0.3421989,0.5770274,0.3421989,TRUE,TRUE,TRUE
3,Brooklyn,BRIGHTON BEACH,3080,7,"$450,500",prediction,GROSSCON,16,0.8812,0.04608950047633748,0.19768065980101246,8.259237415915486,1.0016942100519632,0.7761090864828296,0.6794390276839393,0.03359525778880621,0.020143063541987007,-0.013452194246819144,0.5995805618940216,0,0.2797587,0.4828987,0.2797587,FALSE,TRUE,TRUE
3,Brooklyn,BRIGHTON BEACH,3080,8,"$535,000",prediction,GROSSCON,9,0.8402,0.4434156034242122,0.5102401129943502,12.633954724676052,0.9953330577826458,0.873617602005379,0.4451214683259263,0.03663629460895966,0.07818343448519263,0.041547139876232826,2.1340431754818368,4.15e-5,0.1050119,0.3346504,0.1050119,FALSE,TRUE,TRUE
3,Brooklyn,BROOKLYN HEIGHTS,3090,1,"$390,000",prediction,GROSSCON,1,NA,NA,NA,NA,NA,NA,NA,NA,NA,NA,NA,NA,NA,NA,NA,NA,NA,NA
3,Brooklyn,BROOKLYN HEIGHTS,3090,2,"$499,995",prediction,GROSSCON,2,NA,NA,NA,NA,NA,NA,NA,NA,NA,NA,NA,NA,NA,NA,NA,NA,NA,NA
3,Brooklyn,BROOKLYN HEIGHTS,3090,3,"$591,800",prediction,GROSSCON,2,NA,NA,NA,NA,NA,NA,NA,NA,NA,NA,NA,NA,NA,NA,NA,NA,NA,NA
3,Brooklyn,BROOKLYN HEIGHTS,3090,4,"$650,000",prediction,GROSSCON,27,1.1092,0.02337492579828273,0.004081777996946948,11.58813124326394,1.0006344944142114,1.233988562173344,0.3876066027715297,0.02558994191088296,0.016485396732540868,-0.009104545178342116,0.6442139177162378,0,0.2077766,0.4829508,0.2077766,FALSE,TRUE,TRUE
3,Brooklyn,BROOKLYN HEIGHTS,3090,5,"$750,000",prediction,GROSSCON,17,1.0038,0.14188629596248725,0.22682377298745587,8.901806914182503,0.9999011096176441,0.8731795824888483,0.4426534021956697,0.026740969059533905,0.029904821014852572,0.003163851955318721,1.1183147831432365,0,0.0444662,0.823073,0.0444662,TRUE,TRUE,TRUE
3,Brooklyn,BROOKLYN HEIGHTS,3090,6,"$897,000",prediction,GROSSCON,26,1.0501,0.01787246702202168,0.022208138583009844,7.387333160048248,1.0019200570291962,0.6943600441947003,0.6306259661549932,0.029476749242974394,0.007488713581030433,-0.021988035661943968,0.2540549339176321,0,0.3687822,0.0139298,0.3687822,TRUE,TRUE,TRUE
3,Brooklyn,BROOKLYN HEIGHTS,3090,7,"$1,170,000",prediction,GROSSCON,51,1.0183,0.22432671684148045,0.23379213768879692,7.673685875741566,0.9996215636784119,0.7359643877803775,0.40439429846077884,0.029271981021914882,0.03387866600887515,0.004606684986960286,1.1573752382358846,0,7e-7,0.4430012,7e-7,TRUE,TRUE,TRUE
3,Brooklyn,BROOKLYN HEIGHTS,3090,8,"$1,401,000",prediction,GROSSCON,35,0.997,0.06308293699909442,0.0602491228526286,9.947300240656434,1.0014491030930566,0.8196531754915449,0.4817277596956995,0.03573765445974317,0.021959156318607696,-0.013778498141135456,0.6144543241735037,0,0.0152147,0.1177754,0.0152147,TRUE,TRUE,TRUE
3,Brooklyn,BROOKLYN HEIGHTS,3090,9,"$1,890,000",prediction,GROSSCON,46,0.9611,0.5029704239696972,0.5379527402771206,9.098462119084815,0.9999232075797484,0.2771954710581816,0.7426556245864618,0.06939226248942082,0.07054672514277446,0.0011544626533535373,1.0166367634075846,0,0,0.892897,0,TRUE,TRUE,TRUE
3,Brooklyn,BROOKLYN HEIGHTS,3090,10,"$3,350,000",prediction,GROSSCON,78,0.937,0.868096619613804,0.7980383023076485,8.315327148945356,1.0013056475569069,0.048088072303130454,0.923992887379186,0.1694253232142472,0.16683428385158972,-0.0025910393626574373,0.9847068943797673,0,0,0.7165152,0,TRUE,TRUE,TRUE
3,Brooklyn,CARROLL GARDENS,3140,4,"$1,006,000",prediction,GROSSCON,1,NA,NA,NA,NA,NA,NA,NA,NA,NA,NA,NA,NA,NA,NA,NA,NA,NA,NA
3,Brooklyn,CARROLL GARDENS,3140,7,"$1,318,000",prediction,GROSSCON,3,NA,NA,NA,NA,NA,NA,NA,NA,NA,NA,NA,NA,NA,NA,NA,NA,NA,NA
3,Brooklyn,CARROLL GARDENS,3140,8,"$1,573,000",prediction,GROSSCON,2,NA,NA,NA,NA,NA,NA,NA,NA,NA,NA,NA,NA,NA,NA,NA,NA,NA,NA
3,Brooklyn,CARROLL GARDENS,3140,9,"$1,926,000",prediction,GROSSCON,10,0.9644,0.6149822733270327,0.5377777777777777,3.927790752485544,1.002019291068476,-0.051443682509924975,1.164799884725965,0.05465587044534412,0.03943511736241561,-0.015220753082928562,0.7215165917419746,1e-7,0.0070415,0.209351,0.0070415,TRUE,FALSE,TRUE
3,Brooklyn,CARROLL GARDENS,3140,10,"$2,670,000",prediction,GROSSCON,13,0.9194,0.9659222447839568,0.9271031998304728,3.7595701770971073,0.9996172838390336,0.020863751839161535,0.9527703835420833,0.1513983017839059,0.1538371531350888,0.002438851351182984,1.016108842189419,1.9e-6,1.5e-6,0.7863007,1.5e-6,TRUE,FALSE,TRUE
3,Brooklyn,CLINTON HILL,3150,1,"$498,600",prediction,GROSSCON,1,NA,NA,NA,NA,NA,NA,NA,NA,NA,NA,NA,NA,NA,NA,NA,NA,NA,NA
3,Brooklyn,CLINTON HILL,3150,2,"$618,000",prediction,GROSSCON,1,NA,NA,NA,NA,NA,NA,NA,NA,NA,NA,NA,NA,NA,NA,NA,NA,NA,NA
3,Brooklyn,CLINTON HILL,3150,3,"$689,000",prediction,GROSSCON,1,NA,NA,NA,NA,NA,NA,NA,NA,NA,NA,NA,NA,NA,NA,NA,NA,NA,NA
3,Brooklyn,CLINTON HILL,3150,4,"$715,000",prediction,GROSSCON,5,NA,NA,NA,NA,NA,NA,NA,NA,NA,NA,NA,NA,NA,NA,NA,NA,NA,NA
3,Brooklyn,CLINTON HILL,3150,5,"$762,000",prediction,GROSSCON,11,1.095,0.03270619551565418,0.13087501327386641,7.792669825445726,1.001789392730833,0.7702767572786092,0.6492664248921167,0.03268799248551896,0.014960330326114123,-0.017727662159404866,0.45767051411131277,1e-7,0.4962061,0.4331807,0.4962061,TRUE,TRUE,TRUE
3,Brooklyn,CLINTON HILL,3150,6,"$812,000",prediction,GROSSCON,14,1.0216,0.2066335101868466,0.3432840889794531,6.989299548644823,0.9995156557396414,0.7927143050961089,0.6416732614343043,0.029464595216336296,0.032357175045522615,0.002892579829186272,1.098171375101141,0,0.1329334,0.8858492,0.1329334,TRUE,TRUE,TRUE
3,Brooklyn,CLINTON HILL,3150,7,"$876,500",prediction,GROSSCON,29,1.0357,0.11131466285483277,0.03318904156529235,7.198646519112724,1.000872789455,0.6426723699197612,0.46215172678035066,0.028569880907240743,0.017181109546933405,-0.01138877136030739,0.601371409377452,0,0.0273938,0.1249027,0.0273938,TRUE,TRUE,TRUE
3,Brooklyn,CLINTON HILL,3150,8,"$975,000",prediction,GROSSCON,71,0.9626,9.593293914396034e-7,0.014471469623103568,6.735640764593749,1.0035060587680433,0.39227418275500703,1.322308343938675,0.03430566154494614,-9.586276396245745e-4,-0.035264289184570675,-0.027943715306832193,0,0.8176528,0,0.8176528,TRUE,TRUE,TRUE
3,Brooklyn,CLINTON HILL,3150,9,"$1,170,000",prediction,GROSSCON,60,0.9541,0.3204854947683366,0.24076726521973452,8.84548504677576,1.0041714832604078,0.11536164460010348,0.8727148272377857,0.062255508961302566,0.03881212722236287,-0.023443381738939697,0.6234328153431066,0,0,1.105e-4,0,TRUE,TRUE,TRUE
3,Brooklyn,CLINTON HILL,3150,10,"$2,250,000",prediction,GROSSCON,17,0.9204,0.7545370873133406,0.4123088657357162,6.550365472668754,0.9992955059539825,0.14799704024000016,0.9101062292223093,0.07991870333981944,0.07498111796527518,-0.004937585374544249,0.9382173988290383,7.76e-5,0.0067846,0.7435814,0.0067846,TRUE,TRUE,TRUE
3,Brooklyn,COBBLE HILL,3160,3,"$776,800",prediction,GROSSCON,1,NA,NA,NA,NA,NA,NA,NA,NA,NA,NA,NA,NA,NA,NA,NA,NA,NA,NA
3,Brooklyn,COBBLE HILL,3160,5,"$1,220,000",prediction,GROSSCON,2,NA,NA,NA,NA,NA,NA,NA,NA,NA,NA,NA,NA,NA,NA,NA,NA,NA,NA
3,Brooklyn,COBBLE HILL,3160,6,"$1,803,000",prediction,GROSSCON,1,NA,NA,NA,NA,NA,NA,NA,NA,NA,NA,NA,NA,NA,NA,NA,NA,NA,NA
3,Brooklyn,COBBLE HILL,3160,7,"$1,887,000",prediction,GROSSCON,1,NA,NA,NA,NA,NA,NA,NA,NA,NA,NA,NA,NA,NA,NA,NA,NA,NA,NA
3,Brooklyn,COBBLE HILL,3160,8,"$1,988,000",prediction,GROSSCON,3,NA,NA,NA,NA,NA,NA,NA,NA,NA,NA,NA,NA,NA,NA,NA,NA,NA,NA
3,Brooklyn,COBBLE HILL,3160,9,"$2,276,600",prediction,GROSSCON,4,NA,NA,NA,NA,NA,NA,NA,NA,NA,NA,NA,NA,NA,NA,NA,NA,NA,NA
3,Brooklyn,COBBLE HILL,3160,10,"$2,765,000",prediction,GROSSCON,12,0.9429,0.8202505599153824,0.8650300748202849,6.045021431017007,1.003096365355259,-0.002621156773758942,0.9685557389791039,0.10994681631869563,0.10619258362705732,-0.003754232691638252,0.9658541027622292,2.9e-6,6.03e-5,0.8194307,6.03e-5,TRUE,TRUE,TRUE
3,Brooklyn,CONEY ISLAND,3170,2,"$339,000",prediction,GROSSCON,1,NA,NA,NA,NA,NA,NA,NA,NA,NA,NA,NA,NA,NA,NA,NA,NA,NA,NA
3,Brooklyn,CONEY ISLAND,3170,3,"$356,000",prediction,GROSSCON,16,1.029,0.28746890406612363,0.17940633491671684,5.941374774714682,0.9996572264218271,0.6143752600251983,0.664943451472419,0.0235664290759649,0.022887358147851925,-6.790709281129955e-4,0.971184818628054,2.78e-5,0.0811416,0.9499238,0.0811416,TRUE,TRUE,TRUE
3,Brooklyn,CONEY ISLAND,3170,4,"$413,000",prediction,GROSSCON,17,1.0007,0.5236056754060059,0.25718464664267704,5.198441196874258,0.9992600960545678,0.44596868793518024,0.5874233797640778,0.030251375996056876,0.036127013668935684,0.00587563767287875,1.1942271212272977,0,0.0048818,0.562534,0.0048818,TRUE,TRUE,TRUE
3,Brooklyn,CONEY ISLAND,3170,5,"$440,000",prediction,GROSSCON,25,1.0124,0.2889558441994898,0.2312286734657089,4.478002789767788,1.0000047169594928,0.517032641438689,0.49519708397517637,0.020576882161636383,0.020536759443112514,-4.012271852385757e-5,0.9980501069982947,0,2.705e-4,0.9931988,2.705e-4,TRUE,FALSE,TRUE
3,Brooklyn,CONEY ISLAND,3170,6,"$450,000",prediction,GROSSCON,24,0.9707,6.071223358254895e-5,4.815858893022823e-4,6.25431368807092,1.0016398607915387,0.7999489200368413,0.4829700699118934,0.022887872616450578,3.920092622471966e-4,-0.02249586335420339,0.017127378713449305,0,0.9674525,0.030374,0.9674525,TRUE,TRUE,TRUE
3,Brooklyn,CONEY ISLAND,3170,7,"$480,000",prediction,GROSSCON,6,0.9285,0.09015054541091957,0.06806722689075631,3.9541204188611268,1.0009273637866756,0.4314364615352613,0.4579546061920892,0.016692426584234893,-0.0013594892487559208,-0.018051915832990865,-0.08144347629121318,0.0075124,0.9064845,0.2478732,0.9064845,TRUE,FALSE,TRUE
3,Brooklyn,CROWN HEIGHTS,3180,1,"$257,750",prediction,GROSSCON,3,NA,NA,NA,NA,NA,NA,NA,NA,NA,NA,NA,NA,NA,NA,NA,NA,NA,NA
3,Brooklyn,CROWN HEIGHTS,3180,2,"$375,000",prediction,GROSSCON,1,NA,NA,NA,NA,NA,NA,NA,NA,NA,NA,NA,NA,NA,NA,NA,NA,NA,NA
3,Brooklyn,CROWN HEIGHTS,3180,3,"$437,674",prediction,GROSSCON,1,NA,NA,NA,NA,NA,NA,NA,NA,NA,NA,NA,NA,NA,NA,NA,NA,NA,NA
3,Brooklyn,CROWN HEIGHTS,3180,4,"$576,000",prediction,GROSSCON,3,NA,NA,NA,NA,NA,NA,NA,NA,NA,NA,NA,NA,NA,NA,NA,NA,NA,NA
3,Brooklyn,CROWN HEIGHTS,3180,5,"$615,500",prediction,GROSSCON,2,NA,NA,NA,NA,NA,NA,NA,NA,NA,NA,NA,NA,NA,NA,NA,NA,NA,NA
3,Brooklyn,CROWN HEIGHTS,3180,6,"$659,999",prediction,GROSSCON,2,NA,NA,NA,NA,NA,NA,NA,NA,NA,NA,NA,NA,NA,NA,NA,NA,NA,NA
3,Brooklyn,CROWN HEIGHTS,3180,7,"$740,000",prediction,GROSSCON,6,0.8608,2.8549920672350446e-4,0.013445378151260507,10.8257498228105,1.0003364120002143,1.4000407083107076,0.17569999260805655,0.01269669017905581,0.006458406474584724,-0.006238283704471148,0.5086685099427433,5.556e-4,0.8317872,0.8405597,0.8317872,FALSE,TRUE,TRUE
3,Brooklyn,CROWN HEIGHTS,3180,8,"$757,000",prediction,GROSSCON,7,0.939,0.9538638547917068,0.7479249011857709,7.812679440732176,0.9939306645309787,0.9097448975063926,NA,0.023868785500031905,0.09017377523450193,0.06630498973447001,3.777895412164166,0.0390472,0.077196,0.0957873,0.077196,TRUE,TRUE,TRUE
3,Brooklyn,CROWN HEIGHTS,3180,9,"$995,000",prediction,GROSSCON,5,NA,NA,NA,NA,NA,NA,NA,NA,NA,NA,NA,NA,NA,NA,NA,NA,NA,NA
3,Brooklyn,CYPRESS HILLS,3190,3,"$295,000",prediction,GROSSCON,1,NA,NA,NA,NA,NA,NA,NA,NA,NA,NA,NA,NA,NA,NA,NA,NA,NA,NA
3,Brooklyn,DOWNTOWN-FULTON FERRY,3202,7,"$1,448,000",prediction,GROSSCON,1,NA,NA,NA,NA,NA,NA,NA,NA,NA,NA,NA,NA,NA,NA,NA,NA,NA,NA
3,Brooklyn,DOWNTOWN-FULTON FERRY,3202,10,"$1,550,000",prediction,GROSSCON,4,NA,NA,NA,NA,NA,NA,NA,NA,NA,NA,NA,NA,NA,NA,NA,NA,NA,NA
3,Brooklyn,DOWNTOWN-FULTON MALL,3200,3,"$462,000",prediction,GROSSCON,3,NA,NA,NA,NA,NA,NA,NA,NA,NA,NA,NA,NA,NA,NA,NA,NA,NA,NA
3,Brooklyn,DOWNTOWN-FULTON MALL,3200,4,"$528,200",prediction,GROSSCON,3,NA,NA,NA,NA,NA,NA,NA,NA,NA,NA,NA,NA,NA,NA,NA,NA,NA,NA
3,Brooklyn,DOWNTOWN-FULTON MALL,3200,5,"$585,000",prediction,GROSSCON,7,0.9947,1.7562051771611382e-4,0.08163265306122446,10.625891905328638,1.0014256551615657,1.112697918489414,0.3019300385531056,0.024344248242756845,-0.009379075775775639,-0.03372332401853241,-0.3852686549302757,0.0018094,0.7908098,0.3431499,0.7908098,TRUE,TRUE,TRUE
3,Brooklyn,DOWNTOWN-FULTON MALL,3200,6,"$661,000",prediction,GROSSCON,6,0.9489,0.015188842739111539,0.36,6.37113644292632,1.0038383265267363,-0.9183123736671212,NA,0.03970759262335932,-0.00456622978441731,-0.044273822407776595,-0.11499638942430153,0.0027719,0.6591452,0.0092606,0.6591452,TRUE,TRUE,TRUE
3,Brooklyn,DOWNTOWN-FULTON MALL,3200,7,"$701,000",prediction,GROSSCON,10,1.0826,0.41415879474232736,0.4336865588399331,10.529817436367349,0.9969307188286415,0.7215409153471264,0.36532403695717475,0.039148412070027255,0.06605512445356376,0.0269067123835365,1.6873002239632728,1.51e-5,0.0312836,0.2952285,0.0312836,TRUE,TRUE,TRUE
3,Brooklyn,DOWNTOWN-FULTON MALL,3200,8,"$753,200",prediction,GROSSCON,7,1.0298,0.3114183140527163,0.510204081632653,3.4433564187112013,1.0006657301581836,0.10292104514863296,1.3548428008617937,0.026609414137471164,0.01597303824736045,-0.010636375890110785,0.600277712423111,4.085e-4,0.2242817,0.3878092,0.2242817,TRUE,FALSE,TRUE
3,Brooklyn,DOWNTOWN-FULTON MALL,3200,9,"$940,000",prediction,GROSSCON,7,0.8472,0.6824047486414507,0.7795454545454543,11.161976890120528,1.011438096611498,1.1431896711741278,NA,0.04735457468576449,-0.048091633908267775,-0.09544620859403222,-1.0155646888900227,0.0034985,0.0232229,0.0047991,0.0232229,FALSE,TRUE,TRUE
3,Brooklyn,DOWNTOWN-METROTECH,3201,2,"$334,000",prediction,GROSSCON,5,NA,NA,NA,NA,NA,NA,NA,NA,NA,NA,NA,NA,NA,NA,NA,NA,NA,NA
3,Brooklyn,DOWNTOWN-METROTECH,3201,3,"$394,400",prediction,GROSSCON,11,1.0889,0.051234546904121,0.16855167915158656,7.369838034929524,1.0013897332814987,0.6624670760119913,0.5150716747235581,0.032238102254309724,0.015431729625012165,-0.01680637262929758,0.47867983987640406,0,0.283501,0.2573236,0.283501,TRUE,TRUE,TRUE
3,Brooklyn,DOWNTOWN-METROTECH,3201,4,"$488,000",prediction,GROSSCON,7,0.9881,0.06865772123905609,0.07305194805194803,4.728754493523044,1.0015228455628769,0.09881998276931137,0.7166727842063703,0.028819581523884735,0.005373632510096027,-0.02344594901378868,0.18645768695990714,0.0015799,0.6095904,0.043493,0.6095904,TRUE,FALSE,TRUE
3,Brooklyn,DOWNTOWN-METROTECH,3201,5,"$550,000",prediction,GROSSCON,4,NA,NA,NA,NA,NA,NA,NA,NA,NA,NA,NA,NA,NA,NA,NA,NA,NA,NA
3,Brooklyn,DOWNTOWN-METROTECH,3201,6,"$599,400",prediction,GROSSCON,11,1.0742,1.7523553880140062e-4,0.07794302471721826,11.449379822108233,1.0026980172479665,1.1253150445434394,0.5788421014549662,0.03206377325066429,0.006214634498916487,-0.025849138751747883,0.19382105937228208,1e-7,0.859536,0.4751716,0.859536,TRUE,TRUE,TRUE
3,Brooklyn,DOWNTOWN-METROTECH,3201,7,"$717,800",prediction,GROSSCON,14,0.9955,0.07500842117196747,3.118771593838477e-4,7.34768877319385,1.0001046132279086,0.9974939560080186,0.24487086366094613,0.01789240619950927,0.012885176204106582,-0.005007229995402648,0.7201477576816925,0,0.46092,0.7680949,0.46092,TRUE,TRUE,TRUE
3,Brooklyn,DOWNTOWN-METROTECH,3201,8,"$817,000",prediction,GROSSCON,9,0.9451,0.008632399977184164,0.055367231638418085,11.98214938995044,1.000921620027924,1.2560138807813155,0.2296032126706903,0.02238805970149249,0.01713123399849298,-0.005256825702999606,0.7651951185993633,1.56e-5,0.6345363,0.8858218,0.6345363,TRUE,TRUE,TRUE
3,Brooklyn,DOWNTOWN-METROTECH,3201,9,"$915,000",prediction,GROSSCON,14,0.9033,0.11833420109896309,0.13020283681076633,13.98755686639119,1.0007324204941495,0.797412020828168,0.3371857672734942,0.049207173735043644,0.04017515613126619,-0.0090320176037775,0.816449169537546,0,0.2733538,0.7976933,0.2733538,TRUE,TRUE,TRUE
3,Brooklyn,DYKER HEIGHTS,3210,5,"$450,000",prediction,GROSSCON,1,NA,NA,NA,NA,NA,NA,NA,NA,NA,NA,NA,NA,NA,NA,NA,NA,NA,NA
3,Brooklyn,FLATBUSH-CENTRAL,3230,1,"$303,400",prediction,GROSSCON,6,1.1308,0.7460524726390563,0.6865306122448979,4.090781191969711,1.0006427499834052,0.05584514112704952,0.8468061666121453,0.05665859564164643,0.051367753863036505,-0.005290841778609994,0.9066189036510314,8.924e-4,0.0398008,0.7501453,0.0398008,FALSE,FALSE,TRUE
3,Brooklyn,FLATBUSH-CENTRAL,3230,2,"$405,200",prediction,GROSSCON,8,1.1275,0.12276813630009734,0.29174201326100063,10.228606971878982,1.000620796459755,0.7728371931380524,0.42273619011692193,0.035181236673774076,0.04712646092973694,0.01194522425596293,1.3395339500634316,0.0031812,0.1031424,0.6843327,0.1031424,FALSE,TRUE,TRUE
3,Brooklyn,FLATBUSH-CENTRAL,3230,3,"$456,450",prediction,GROSSCON,7,1.0158,0.010734225657974588,0.27305194805194793,19.60764584902839,1.0002114728904206,1.4677616527203403,0.19546694466885292,0.022452504317789307,0.032335890079673496,0.009883385761884234,1.4401907966254657,3.462e-4,0.6858369,0.9019362,0.6858369,TRUE,FALSE,TRUE
3,Brooklyn,FLATBUSH-CENTRAL,3230,4,"$496,488",prediction,GROSSCON,11,1.0402,0.10040484109726618,0.04452861952861952,8.35534448213346,1.000274698490596,0.9327901388480401,0.2940462996647131,0.029023485784919683,0.025488334526096067,-0.0035351512588235206,0.8781968752815951,2e-7,0.3531292,0.8946329,0.3531292,TRUE,TRUE,TRUE
3,Brooklyn,FLATBUSH-CENTRAL,3230,5,"$530,000",prediction,GROSSCON,20,1.0372,0.07132402668929663,0.0045557513285771475,4.764361851226216,1.001180586582512,0.25346562802756945,0.704945550540863,0.02518866692830399,0.007331329296224203,-0.017857337632079775,0.29105666119972745,0,0.2926909,0.014021,0.2926909,TRUE,FALSE,TRUE
3,Brooklyn,FLATBUSH-CENTRAL,3230,6,"$567,000",prediction,GROSSCON,48,1.0176,0.22228127291732677,0.2137579947725632,6.520662877330624,1.0003024879598834,0.5599737121240063,0.5926202874273351,0.029934498539209466,0.028791689312288968,-0.0011428092269204842,0.9618230041360619,0,5.8e-6,0.8441964,5.8e-6,TRUE,TRUE,TRUE
3,Brooklyn,FLATBUSH-CENTRAL,3230,7,"$634,400",prediction,GROSSCON,24,0.9491,0.08186764735992667,0.15687886842604895,7.726422720529225,1.0008615138437618,0.7384267050002565,0.467901400762897,0.028243901880773768,0.02258533606963749,-0.005658565811136349,0.7996535381328385,0,0.0494412,0.6249883,0.0494412,TRUE,TRUE,TRUE
3,Brooklyn,FLATBUSH-CENTRAL,3230,8,"$719,146",prediction,GROSSCON,28,0.9407,0.15087863881563868,0.32291900102089083,5.607995517432973,1.0008179416563818,0.5072379533730925,0.6487957439110053,0.03057273708658755,0.023534424281193435,-0.007038312805394055,0.7697846684299051,0,0.0195741,0.4792547,0.0195741,TRUE,TRUE,TRUE
3,Brooklyn,FLATBUSH-CENTRAL,3230,9,"$814,500",prediction,GROSSCON,15,0.949,0.6723865908103703,0.6399999999999997,7.313393638305761,0.9974372259566954,0.3745178875408382,0.6027949032207749,0.05131110778102406,0.07149277584616825,0.020181668065144195,1.393319671663912,0,2.858e-4,0.174244,2.858e-4,TRUE,TRUE,TRUE
3,Brooklyn,FLATBUSH-CENTRAL,3230,10,"$1,225,000",prediction,GROSSCON,1,NA,NA,NA,NA,NA,NA,NA,NA,NA,NA,NA,NA,NA,NA,NA,NA,NA,NA
3,Brooklyn,FLATBUSH-EAST,3231,1,"$214,000",prediction,GROSSCON,19,1.1185,0.2857127055349417,0.49689518828126217,8.882449684787662,1.0020929386098307,0.33453875290365537,0.7690495526209505,0.06217943443319902,0.052290395315127414,-0.009889039118071562,0.8409596483432847,0,9.635e-4,0.4602153,9.635e-4,FALSE,TRUE,TRUE
3,Brooklyn,FLATBUSH-EAST,3231,2,"$240,000",prediction,GROSSCON,28,1.0023,0.15029970935606893,0.2706926525757161,7.848707772595624,0.9999458052989009,0.830677333894803,0.4571978507124427,0.030059882724684094,0.031601125885190026,0.0015412431605060458,1.0512724275946825,0,0.0086305,0.8920582,0.0086305,TRUE,TRUE,TRUE
3,Brooklyn,FLATBUSH-EAST,3231,3,"$253,800",prediction,GROSSCON,17,0.999,0.4102500678030152,0.5153620601733809,5.356960484784794,0.9991506763777025,0.673919007696065,0.45323668105990356,0.02251995438996574,0.036972664927376366,0.014452710537410549,1.6417735261422304,0,4.322e-4,0.0987275,4.322e-4,TRUE,TRUE,TRUE
3,Brooklyn,FLATBUSH-EAST,3231,4,"$267,200",prediction,GROSSCON,7,0.9549,0.04912216231428252,0.06363636363636363,6.94589110796076,1.0015448719263933,0.5753244327250394,0.5437714031547907,0.030587663782585792,0.012439145083423128,-0.018148518699162675,0.4066719567679066,0.0048558,0.5626341,0.4228318,0.5626341,TRUE,TRUE,TRUE
3,Brooklyn,FLATBUSH-EAST,3231,5,"$285,000",prediction,GROSSCON,8,0.9138,0.36169526255646817,0.32653061224489804,11.15144880031194,0.9974626814978427,0.9058068200015873,0.27878545360706014,0.03258944417744021,0.06059836420595319,0.02800892002851295,1.8594476136509825,1.98e-5,0.153002,0.4684847,0.153002,TRUE,TRUE,TRUE
3,Brooklyn,FLATBUSH-EAST,3231,6,"$300,000",prediction,GROSSCON,5,NA,NA,NA,NA,NA,NA,NA,NA,NA,NA,NA,NA,NA,NA,NA,NA,NA,NA
3,Brooklyn,FLATBUSH-EAST,3231,7,"$323,000",prediction,GROSSCON,3,NA,NA,NA,NA,NA,NA,NA,NA,NA,NA,NA,NA,NA,NA,NA,NA,NA,NA
3,Brooklyn,FLATBUSH-EAST,3231,8,"$399,939",prediction,GROSSCON,2,NA,NA,NA,NA,NA,NA,NA,NA,NA,NA,NA,NA,NA,NA,NA,NA,NA,NA
3,Brooklyn,FLATBUSH-LEFFERTS GARDEN,3232,1,"$257,000",prediction,GROSSCON,2,NA,NA,NA,NA,NA,NA,NA,NA,NA,NA,NA,NA,NA,NA,NA,NA,NA,NA
3,Brooklyn,FLATBUSH-LEFFERTS GARDEN,3232,2,"$337,000",prediction,GROSSCON,4,NA,NA,NA,NA,NA,NA,NA,NA,NA,NA,NA,NA,NA,NA,NA,NA,NA,NA
3,Brooklyn,FLATBUSH-LEFFERTS GARDEN,3232,3,"$409,750",prediction,GROSSCON,1,NA,NA,NA,NA,NA,NA,NA,NA,NA,NA,NA,NA,NA,NA,NA,NA,NA,NA
3,Brooklyn,FLATBUSH-LEFFERTS GARDEN,3232,4,"$440,000",prediction,GROSSCON,2,NA,NA,NA,NA,NA,NA,NA,NA,NA,NA,NA,NA,NA,NA,NA,NA,NA,NA
3,Brooklyn,FLATBUSH-LEFFERTS GARDEN,3232,5,"$502,500",prediction,GROSSCON,6,0.9387,0.022372509112445895,0.10476190476190479,10.109698835597102,1.002809039268746,1.0516541383062754,0.2098389642659872,0.030009680542110326,-0.018258974941379805,-0.04826865548349009,-0.6084361649821066,0.0037868,0.5407084,0.1333902,0.5407084,TRUE,TRUE,TRUE
3,Brooklyn,FLATBUSH-LEFFERTS GARDEN,3232,6,"$558,999",prediction,GROSSCON,4,NA,NA,NA,NA,NA,NA,NA,NA,NA,NA,NA,NA,NA,NA,NA,NA,NA,NA
3,Brooklyn,FLATBUSH-LEFFERTS GARDEN,3232,7,"$668,100",prediction,GROSSCON,3,NA,NA,NA,NA,NA,NA,NA,NA,NA,NA,NA,NA,NA,NA,NA,NA,NA,NA
3,Brooklyn,FLATBUSH-LEFFERTS GARDEN,3232,8,"$716,854",prediction,GROSSCON,5,NA,NA,NA,NA,NA,NA,NA,NA,NA,NA,NA,NA,NA,NA,NA,NA,NA,NA
3,Brooklyn,FLATBUSH-LEFFERTS GARDEN,3232,9,"$1,235,000",prediction,GROSSCON,1,NA,NA,NA,NA,NA,NA,NA,NA,NA,NA,NA,NA,NA,NA,NA,NA,NA,NA
3,Brooklyn,FLATBUSH-LEFFERTS GARDEN,3232,10,"$1,495,000",prediction,GROSSCON,4,NA,NA,NA,NA,NA,NA,NA,NA,NA,NA,NA,NA,NA,NA,NA,NA,NA,NA
3,Brooklyn,FLATBUSH-NORTH,3233,1,"$222,500",prediction,GROSSCON,3,NA,NA,NA,NA,NA,NA,NA,NA,NA,NA,NA,NA,NA,NA,NA,NA,NA,NA
3,Brooklyn,FLATBUSH-NORTH,3233,2,"$246,000",prediction,GROSSCON,6,1.1656,0.007862737076565495,0.021008403361344543,12.181330847982569,1.0023416162021996,0.8833470436602144,0.21221081510973544,0.03650385604113104,0.02054462495359911,-0.015959231087531923,0.5628069793626809,0.0026971,0.5482398,0.6728902,0.5482398,FALSE,TRUE,TRUE
3,Brooklyn,FLATBUSH-NORTH,3233,3,"$263,800",prediction,GROSSCON,2,NA,NA,NA,NA,NA,NA,NA,NA,NA,NA,NA,NA,NA,NA,NA,NA,NA,NA
3,Brooklyn,FLATBUSH-NORTH,3233,4,"$283,200",prediction,GROSSCON,2,NA,NA,NA,NA,NA,NA,NA,NA,NA,NA,NA,NA,NA,NA,NA,NA,NA,NA
3,Brooklyn,FLATBUSH-NORTH,3233,5,"$332,500",prediction,GROSSCON,3,NA,NA,NA,NA,NA,NA,NA,NA,NA,NA,NA,NA,NA,NA,NA,NA,NA,NA
3,Brooklyn,FLATBUSH-NORTH,3233,6,"$400,000",prediction,GROSSCON,4,NA,NA,NA,NA,NA,NA,NA,NA,NA,NA,NA,NA,NA,NA,NA,NA,NA,NA
3,Brooklyn,FLATBUSH-NORTH,3233,7,"$454,000",prediction,GROSSCON,2,NA,NA,NA,NA,NA,NA,NA,NA,NA,NA,NA,NA,NA,NA,NA,NA,NA,NA
3,Brooklyn,FLATLANDS,3240,1,"$200,500",prediction,GROSSCON,17,1.0355,0.7557504723930979,0.6849155503785674,5.490946277896399,1.001475160642613,0.03226254061722072,0.9884586500417039,0.07724361711583748,0.0746885894635839,-0.002555027652253554,0.9669224753105243,1.3e-6,2.37e-5,0.7948813,2.37e-5,TRUE,TRUE,TRUE
3,Brooklyn,FLATLANDS,3240,2,"$215,000",prediction,GROSSCON,15,0.9736,0.1151898800758714,0.11232992308998081,4.569229665000122,1.002239357578435,-0.4677037344124203,1.6592780759694483,0.03201442091031998,0.00671744529582317,-0.025296975614496824,0.20982560686136809,0,0.0142364,1.1e-6,0.0142364,TRUE,FALSE,TRUE
3,Brooklyn,FLATLANDS,3240,3,"$222,019",prediction,GROSSCON,7,1.05,0.04731114619685968,0.14318181818181813,2.521880336939682,1.0010578792491514,-1.2906275478105531,14.349508802938448,0.021248910090099295,6.383426415610295e-4,-0.020610567448538227,0.030041194529708617,2.36e-4,0.4915968,6.087e-4,0.4915968,TRUE,FALSE,TRUE
3,Brooklyn,FLATLANDS,3240,4,"$235,200",prediction,GROSSCON,3,NA,NA,NA,NA,NA,NA,NA,NA,NA,NA,NA,NA,NA,NA,NA,NA,NA,NA
3,Brooklyn,FORT GREENE,3250,4,"$599,000",prediction,GROSSCON,4,NA,NA,NA,NA,NA,NA,NA,NA,NA,NA,NA,NA,NA,NA,NA,NA,NA,NA
3,Brooklyn,FORT GREENE,3250,5,"$635,000",prediction,GROSSCON,7,1.0135,0.15944884658728528,0.4444805194805194,10.252489521452866,0.9988790010982911,1.1145050237866143,0.3915098442008939,0.026251426707973355,0.048075960348886865,0.02182453364091354,1.8313656199982655,3.189e-4,0.2535338,0.5880032,0.2535338,TRUE,TRUE,TRUE
3,Brooklyn,FORT GREENE,3250,6,"$685,000",prediction,GROSSCON,21,1.0331,0.08031273183796714,0.06915394159881526,7.0265809245920865,1.0008340749829427,0.7611522318945725,0.6478771982024671,0.028163749088256758,0.019064001842134935,-0.00909974724612181,0.6768985827275398,0,0.0994748,0.4272292,0.0994748,TRUE,TRUE,TRUE
3,Brooklyn,FORT GREENE,3250,7,"$890,000",prediction,GROSSCON,22,1.0165,0.0906205304761709,0.11982283020588227,7.380127849383291,1.001264683755618,0.5399773238320892,0.5753940663590001,0.030176247682306232,0.015651984895886924,-0.014524262786419283,0.5186855920812306,0,0.083928,0.1063192,0.083928,TRUE,TRUE,TRUE
3,Brooklyn,FORT GREENE,3250,8,"$965,000",prediction,GROSSCON,6,0.9253,0.6983310960319028,0.5951020408163266,12.287280767006017,0.9946574577917238,0.8189683004289713,0.2480747505414377,0.037534937136060986,0.10229780604932255,0.06476286891326155,2.725402354571735,3.82e-5,0.0511392,0.1480667,0.0511392,TRUE,TRUE,TRUE
3,Brooklyn,FORT GREENE,3250,9,"$1,210,000",prediction,GROSSCON,21,0.9815,0.15650797691934837,0.08197791533691422,6.989505373012769,1.0025044805096557,0.4239759291888022,1.1455766567943821,0.04320389432936643,0.011640611125244523,-0.031563283204121814,0.2694343022992779,0,0.4885295,0.0372627,0.4885295,TRUE,TRUE,TRUE
3,Brooklyn,FORT GREENE,3250,10,"$1,850,000",prediction,GROSSCON,10,0.8642,0.8023791976146744,0.9225424981522543,6.0197946310581045,0.9983174314246362,0.14400569142183073,0.8118863877762749,0.09662125206841951,0.10815899353852178,0.011537741470102253,1.119412046761019,1.04e-5,2.318e-4,0.5449843,2.318e-4,FALSE,TRUE,TRUE
3,Brooklyn,GOWANUS,3270,8,"$984,600",prediction,GROSSCON,2,NA,NA,NA,NA,NA,NA,NA,NA,NA,NA,NA,NA,NA,NA,NA,NA,NA,NA
3,Brooklyn,GOWANUS,3270,9,"$1,079,800",prediction,GROSSCON,1,NA,NA,NA,NA,NA,NA,NA,NA,NA,NA,NA,NA,NA,NA,NA,NA,NA,NA
3,Brooklyn,GRAVESEND,3280,2,"$293,000",prediction,GROSSCON,8,1.1023,0.008977411397607908,0.07025693133981709,6.101156016799724,1.0023275757139471,-0.0910590350319135,2.332867622493827,0.029508101722282735,-0.006013653941204638,-0.03552175566348743,-0.2037967063351758,0.0019169,0.64828,0.0113298,0.64828,FALSE,TRUE,TRUE
3,Brooklyn,GRAVESEND,3280,3,"$300,000",prediction,GROSSCON,15,1.0155,0.00919968980318955,0.018703739417839867,3.709874964399891,1.000831012575569,0.29927759670106596,0.8382767931566678,0.018361322580189528,0.0025447069150361956,-0.015816615665153355,0.13859061099344624,0,0.603724,0.0073414,0.603724,TRUE,FALSE,TRUE
3,Brooklyn,GRAVESEND,3280,4,"$310,800",prediction,GROSSCON,11,1.053,0.3564795678655486,0.6094183416549308,4.1451040315628855,0.9997148298349487,0.5555275864125299,0.5223405834503391,0.024257425742574272,0.029212701981926353,0.004955276239352164,1.2042787347651236,1e-7,8.499e-4,0.4169373,8.499e-4,TRUE,FALSE,TRUE
3,Brooklyn,GRAVESEND,3280,5,"$321,750",prediction,GROSSCON,6,0.9773,0.23713153043004062,0.16470588235294117,5.150130570342796,1.0006306846184692,0.378216775634861,0.7275473329783148,0.032617342879872745,0.027655012362971212,-0.004962330516901528,0.8478622082989058,0.0066255,0.2846486,0.8419003,0.2846486,TRUE,TRUE,TRUE
3,Brooklyn,GRAVESEND,3280,6,"$358,000",prediction,GROSSCON,3,NA,NA,NA,NA,NA,NA,NA,NA,NA,NA,NA,NA,NA,NA,NA,NA,NA,NA
3,Brooklyn,GRAVESEND,3280,7,"$375,500",prediction,GROSSCON,1,NA,NA,NA,NA,NA,NA,NA,NA,NA,NA,NA,NA,NA,NA,NA,NA,NA,NA
3,Brooklyn,GREENPOINT,3290,1,"$457,196",prediction,GROSSCON,1,NA,NA,NA,NA,NA,NA,NA,NA,NA,NA,NA,NA,NA,NA,NA,NA,NA,NA
3,Brooklyn,GREENPOINT,3290,6,"$907,000",prediction,GROSSCON,2,NA,NA,NA,NA,NA,NA,NA,NA,NA,NA,NA,NA,NA,NA,NA,NA,NA,NA
3,Brooklyn,GREENPOINT,3290,8,"$993,600",prediction,GROSSCON,2,NA,NA,NA,NA,NA,NA,NA,NA,NA,NA,NA,NA,NA,NA,NA,NA,NA,NA
3,Brooklyn,GREENPOINT,3290,9,"$1,039,199",prediction,GROSSCON,4,NA,NA,NA,NA,NA,NA,NA,NA,NA,NA,NA,NA,NA,NA,NA,NA,NA,NA
3,Brooklyn,KENSINGTON,3320,1,"$290,000",prediction,GROSSCON,3,NA,NA,NA,NA,NA,NA,NA,NA,NA,NA,NA,NA,NA,NA,NA,NA,NA,NA
3,Brooklyn,KENSINGTON,3320,2,"$343,000",prediction,GROSSCON,3,NA,NA,NA,NA,NA,NA,NA,NA,NA,NA,NA,NA,NA,NA,NA,NA,NA,NA
3,Brooklyn,KENSINGTON,3320,3,"$398,600",prediction,GROSSCON,9,1.0488,0.12137741809682018,0.2737891737891738,3.8562264116595864,1.0016037107175213,-0.25152966005572985,1.6907070654419791,0.0290592081365783,0.011364886324151582,-0.0176943218124267,0.3910941506298677,3.45e-5,0.161458,0.0988176,0.161458,TRUE,FALSE,TRUE
3,Brooklyn,KENSINGTON,3320,4,"$435,800",prediction,GROSSCON,7,1.0555,0.01242768213456574,0.08163265306122446,13.887747039871352,1.0022460607083568,1.434383445628502,0.5076692467559564,0.024738344433872527,9.401683087938578e-4,-0.023798176125078764,0.038004495867007736,1.14e-5,0.9887831,0.7290583,0.9887831,TRUE,TRUE,TRUE
3,Brooklyn,KENSINGTON,3320,5,"$499,500",prediction,GROSSCON,12,1.0323,0.292930719053118,0.2430193919555622,9.496895156651311,0.9988244841834856,0.8179236805487073,0.3526226928029288,0.030959657029790012,0.04372582256118782,0.012766165531397772,1.412348415846926,0,0.0946452,0.5915908,0.0946452,TRUE,TRUE,TRUE
3,Brooklyn,KENSINGTON,3320,6,"$540,000",prediction,GROSSCON,13,1.0322,0.07012023040950308,0.04617170958267879,5.983782857918136,1.0011822538839152,0.5474991757309013,0.5682782643735707,0.028191024647150727,0.010982707690541825,-0.017208316956608943,0.38958171361294647,0,0.4581636,0.2435346,0.4581636,TRUE,TRUE,TRUE
3,Brooklyn,KENSINGTON,3320,7,"$648,307",prediction,GROSSCON,8,0.9187,0.8445856196191559,0.6912020905923347,5.8796589911476085,0.9971857886560744,0.506713160176499,0.4855387671201608,0.03504809270421397,0.06431306452267026,0.02926497181845625,1.834994704717203,1.155e-4,0.0047296,0.0501339,0.0047296,TRUE,TRUE,TRUE
3,Brooklyn,KENSINGTON,3320,8,"$722,600",prediction,GROSSCON,11,0.9127,0.32111217547393195,0.4049586776859504,6.029378585703219,1.0007484247677365,0.3282085702387851,0.8001438178723472,0.04234029850746268,0.03896589777711927,-0.003374400730343344,0.9203028592311755,1e-7,0.0521021,0.8553499,0.0521021,TRUE,TRUE,TRUE
3,Brooklyn,KENSINGTON,3320,9,"$836,300",prediction,GROSSCON,7,0.9553,0.12488250326288391,0.03928571428571427,5.169693195495288,1.0024975563919623,-0.3387430345689232,1.7797047948862743,0.035056638213346265,0.00578932968897781,-0.029267308524368405,0.1651421808829891,0.0063956,0.6358075,0.0489709,0.6358075,TRUE,TRUE,TRUE
3,Brooklyn,KENSINGTON,3320,10,"$1,200,000",prediction,GROSSCON,1,NA,NA,NA,NA,NA,NA,NA,NA,NA,NA,NA,NA,NA,NA,NA,NA,NA,NA
3,Brooklyn,MADISON,3330,1,"$185,600",prediction,GROSSCON,33,1.1321,0.3280426349258088,0.2544187347938021,10.964890275696817,1.0052122856535783,0.15868247202430066,0.7779181027278521,0.07750321531245274,0.05222638625279678,-0.02527682905965594,0.6738608977994934,0,1.025e-4,0.0330423,1.025e-4,FALSE,TRUE,TRUE
3,Brooklyn,MADISON,3330,2,"$213,000",prediction,GROSSCON,22,0.972,0.17662466299306814,0.16725023228916913,5.413501321363853,1.0003540510191768,0.624313943784351,0.5363754604367842,0.027794326534081086,0.01965625218012373,-0.008138074353957319,0.7072037581490445,0,0.0847976,0.4359196,0.0847976,TRUE,TRUE,TRUE
3,Brooklyn,MADISON,3330,3,"$232,000",prediction,GROSSCON,15,0.9884,0.038949184256160625,0.05808747412008281,9.572943188832646,1.0013046407166721,0.8751456705073367,0.4182063201232753,0.0296010024950752,0.016241314027925013,-0.013359688467150122,0.5486744589352062,0,0.3684874,0.4636678,0.3684874,TRUE,TRUE,TRUE
3,Brooklyn,MADISON,3330,4,"$260,000",prediction,GROSSCON,12,0.9426,0.07654122795326371,0.12809021963951547,9.915309550972095,1.0006147699958359,0.8859192724553608,0.5097483585005461,0.028857571409791616,0.02575656690868874,-0.00310100450110294,0.8925410438367427,0,0.3079019,0.9012318,0.3079019,TRUE,TRUE,TRUE
3,Brooklyn,MADISON,3330,5,"$280,000",prediction,GROSSCON,10,0.9311,0.007956289187450638,0.0025186934277843364,8.259296062633,1.0006208038011757,1.3012785162307037,NA,0.013179127581115594,-0.004429504398537955,-0.017608631979653584,-0.33609997105461065,1.04e-5,0.7354782,0.2085488,0.7354782,TRUE,TRUE,TRUE
3,Brooklyn,MADISON,3330,6,"$300,000",prediction,GROSSCON,6,0.9177,0.5409081176586279,0.3033613445378151,4.023667329906491,0.9995975033663552,0.3723488013299311,0.6388404180686246,0.031994950385139546,0.03303069452326193,0.0010357441381224838,1.0323721126507395,0.0015135,0.151584,0.9500648,0.151584,TRUE,FALSE,TRUE
3,Brooklyn,MADISON,3330,7,"$335,000",prediction,GROSSCON,1,NA,NA,NA,NA,NA,NA,NA,NA,NA,NA,NA,NA,NA,NA,NA,NA,NA,NA
3,Brooklyn,MANHATTAN BEACH,3340,4,"$402,000",prediction,GROSSCON,2,NA,NA,NA,NA,NA,NA,NA,NA,NA,NA,NA,NA,NA,NA,NA,NA,NA,NA
3,Brooklyn,MANHATTAN BEACH,3340,5,"$420,000",prediction,GROSSCON,1,NA,NA,NA,NA,NA,NA,NA,NA,NA,NA,NA,NA,NA,NA,NA,NA,NA,NA
3,Brooklyn,MANHATTAN BEACH,3340,7,"$462,500",prediction,GROSSCON,1,NA,NA,NA,NA,NA,NA,NA,NA,NA,NA,NA,NA,NA,NA,NA,NA,NA,NA
3,Brooklyn,MARINE PARK,3350,1,"$180,000",prediction,GROSSCON,32,1.0448,0.6628744893799186,0.6902076507474993,5.249525627416334,1.0036616711797746,-0.1283975211213315,1.1011650123121832,0.06267672468617606,0.04824590829776277,-0.014430816388413365,0.7697579689961671,0,0,0.0036373,0,TRUE,TRUE,TRUE
3,Brooklyn,MARINE PARK,3350,2,"$192,600",prediction,GROSSCON,16,0.9672,0.04771930909799543,0.02728837046399367,6.617230005913462,1.0028628740518768,0.6062013051367482,0.5595027623393964,0.028037682902385216,-0.004240888299886382,-0.03227857120227164,-0.1512567324001505,0,0.6753192,0.010441,0.6753192,TRUE,TRUE,TRUE
3,Brooklyn,MARINE PARK,3350,3,"$214,800",prediction,GROSSCON,5,NA,NA,NA,NA,NA,NA,NA,NA,NA,NA,NA,NA,NA,NA,NA,NA,NA,NA
3,Brooklyn,MARINE PARK,3350,4,"$221,800",prediction,GROSSCON,1,NA,NA,NA,NA,NA,NA,NA,NA,NA,NA,NA,NA,NA,NA,NA,NA,NA,NA
3,Brooklyn,MIDWOOD,3360,1,"$185,000",prediction,GROSSCON,34,1.1279,0.42438933924532407,0.45708346094960756,9.263487964269142,1.0029831309316333,0.20348641158314798,0.8661886222801843,0.07237959484215727,0.05904507665410886,-0.013334518188048433,0.8157696486540454,0,1.61e-5,0.2456501,1.61e-5,FALSE,TRUE,TRUE
3,Brooklyn,MIDWOOD,3360,2,"$208,800",prediction,GROSSCON,11,1.0302,0.010880123896949687,0.00759632178103234,14.475168814682979,1.00233729182851,1.3396602167808571,0.3886979705426883,0.024226533822758266,-0.014635925637307333,-0.03886245946006556,-0.604127926197941,0,0.6858995,0.2936513,0.6858995,TRUE,TRUE,TRUE
3,Brooklyn,MIDWOOD,3360,3,"$249,100",prediction,GROSSCON,25,0.9496,0.013063152630679623,0.009807841963483986,12.622740108982237,1.0013719748141254,1.1477000720282051,0.34588933285874607,0.02773124583897085,0.009973167317871887,-0.01775807852109896,0.35963646840044006,0,0.0716146,0.0024831,0.0716146,TRUE,TRUE,TRUE
3,Brooklyn,MIDWOOD,3360,4,"$290,000",prediction,GROSSCON,15,0.9636,0.03460343329035712,0.05983436853002069,10.75994581436874,1.0019932402143839,1.3578311524038544,0.20861643419120085,0.020398649763926375,-0.010285380721429704,-0.030684030485356072,-0.5042187027309323,0,0.4651921,0.0516085,0.4651921,TRUE,TRUE,TRUE
3,Brooklyn,MIDWOOD,3360,5,"$317,000",prediction,GROSSCON,16,0.9711,0.01304552433473119,0.1304755643217181,7.225564895303087,1.0013808160620037,0.925755450985992,0.36818587375618583,0.025784531130344217,0.010973204072685629,-0.014811327057658632,0.4255731476060052,0,0.4952651,0.3749726,0.4952651,TRUE,TRUE,TRUE
3,Brooklyn,MIDWOOD,3360,6,"$346,400",prediction,GROSSCON,8,0.9725,0.47701611002335237,0.8067986230636834,4.361193461430695,1.000612529589404,0.16879399573016834,0.9481570830237842,0.0393534848953346,0.04149526462553806,0.002141779730203428,1.054424144034504,3.096e-4,0.008938,0.8895946,0.008938,TRUE,FALSE,TRUE
3,Brooklyn,MIDWOOD,3360,7,"$379,200",prediction,GROSSCON,7,0.8959,0.08123381453571395,0.0673076923076923,8.118686624088701,1.0006396106470805,0.8549986716239802,NA,0.02886836027713639,0.018780855295373957,-0.010087504981762392,0.6505688274317455,0.0013821,0.1142369,0.2579788,0.1142369,FALSE,TRUE,TRUE
3,Brooklyn,MIDWOOD,3360,8,"$437,400",prediction,GROSSCON,2,NA,NA,NA,NA,NA,NA,NA,NA,NA,NA,NA,NA,NA,NA,NA,NA,NA,NA
3,Brooklyn,OCEAN PARKWAY-NORTH,3400,1,"$232,700",prediction,GROSSCON,27,1.0977,0.39414900734320835,0.4056665553581062,11.587026543525608,1.0013648909634827,0.32018938710119255,0.7441994123762243,0.07979903944279128,0.07064021100171372,-0.009158828441077444,0.8852263322336915,0,1.052e-4,0.5403237,1.052e-4,TRUE,TRUE,TRUE
3,Brooklyn,OCEAN PARKWAY-NORTH,3400,2,"$265,000",prediction,GROSSCON,47,1.0657,0.09804473319639546,0.16259279271986954,6.314893492799231,1.0011265206017488,0.571934594056806,0.7289922097773387,0.02955865384447537,0.016960669052051586,-0.012597984792423798,0.5737970728061992,0,4.9e-6,4.322e-4,4.9e-6,TRUE,TRUE,TRUE
3,Brooklyn,OCEAN PARKWAY-NORTH,3400,3,"$285,000",prediction,GROSSCON,35,1.0058,0.053134528302914624,0.05736361201732494,7.017436233373897,1.0011377397260501,0.6498417550846015,0.4642286931075048,0.026126856775837006,0.011190406791509153,-0.014936449984327962,0.4283104886102607,0,0.0778352,0.0211756,0.0778352,TRUE,TRUE,TRUE
3,Brooklyn,OCEAN PARKWAY-NORTH,3400,4,"$313,200",prediction,GROSSCON,30,0.9903,0.1154099740366101,0.09427574487436387,8.760056380763107,1.0003745858447401,0.7937681145543384,0.36565327276463017,0.02813543216592191,0.023997832686636387,-0.004137599479285444,0.8529398995940415,0,0.0101932,0.64003,0.0101932,TRUE,TRUE,TRUE
3,Brooklyn,OCEAN PARKWAY-NORTH,3400,5,"$361,250",prediction,GROSSCON,40,1.0013,0.08169263465449002,0.10857769210649681,9.503415455270655,1.0009763590852818,0.7900512396063284,0.44817824399506545,0.031132959209299742,0.020788492948531544,-0.010344466260768308,0.6677326369387232,0,0.0258441,0.2559761,0.0258441,TRUE,TRUE,TRUE
3,Brooklyn,OCEAN PARKWAY-NORTH,3400,6,"$405,000",prediction,GROSSCON,28,0.9547,0.3061630295222609,0.280772501241369,6.146711987983972,0.9998109599335935,0.5692645535312638,0.45888326916833677,0.029803371072196706,0.03156038559510457,0.0017570145229078916,1.05895354987366,0,0.0011608,0.8391159,0.0011608,TRUE,TRUE,TRUE
3,Brooklyn,OCEAN PARKWAY-NORTH,3400,7,"$451,500",prediction,GROSSCON,15,0.9018,0.6855861869442786,0.6927155727155727,5.1995986060050825,0.9983405398327362,0.5356391190236622,0.45643495555623137,0.028016263165720187,0.04964780066476178,0.021631537499041485,1.7721064501388963,0,1.135e-4,0.0301303,1.135e-4,TRUE,TRUE,TRUE
3,Brooklyn,OCEAN PARKWAY-NORTH,3400,8,"$515,000",prediction,GROSSCON,16,0.947,0.39031378891611,0.259664541765266,5.074650556306277,1.0000357691989505,0.40131724679109715,0.6621058318210081,0.031132305683919462,0.02928253832232329,-0.001849767361596128,0.9405836695689567,0,0.0105863,0.8418897,0.0105863,TRUE,TRUE,TRUE
3,Brooklyn,OCEAN PARKWAY-NORTH,3400,9,"$625,000",prediction,GROSSCON,2,NA,NA,NA,NA,NA,NA,NA,NA,NA,NA,NA,NA,NA,NA,NA,NA,NA,NA
3,Brooklyn,OCEAN PARKWAY-SOUTH,3401,1,"$219,400",prediction,GROSSCON,22,1.0993,0.2674026537216387,0.17086835765395972,8.544027378854322,1.00328867855612,0.17476271390513848,0.9089439975599679,0.05364990171560302,0.02785229727126864,-0.02579760444433436,0.5191490828615712,0,0.0030441,1.935e-4,0.0030441,TRUE,TRUE,TRUE
3,Brooklyn,OCEAN PARKWAY-SOUTH,3401,2,"$229,000",prediction,GROSSCON,19,1.0222,0.23822260059654862,0.19723419667497333,6.350739015381304,1.0006882142034927,0.420108796230447,0.5318926593852461,0.03293010752688173,0.02621685671709688,-0.0067132508097849045,0.7961363835722483,0,0.0048152,0.4227595,0.0048152,TRUE,TRUE,TRUE
3,Brooklyn,OCEAN PARKWAY-SOUTH,3401,3,"$250,000",prediction,GROSSCON,23,1.032,0.4828954195129271,0.4136622947875874,5.228829173670235,0.9993174047823246,0.5029716930963902,0.5045268300186196,0.026913917826860062,0.035909172506033184,0.008995254679173132,1.3342231605610393,0,1.31e-5,0.1537424,1.31e-5,TRUE,TRUE,TRUE
3,Brooklyn,OCEAN PARKWAY-SOUTH,3401,4,"$280,000",prediction,GROSSCON,20,0.9671,0.41424195958123083,0.3489531218517672,6.230934495667235,0.9993915219473564,0.5572313318831278,0.4840380437267663,0.02764990470605491,0.03477233192627269,0.007122427220217901,1.2575931923070323,0,4.339e-4,0.3647712,4.339e-4,TRUE,TRUE,TRUE
3,Brooklyn,OCEAN PARKWAY-SOUTH,3401,5,"$299,000",prediction,GROSSCON,4,NA,NA,NA,NA,NA,NA,NA,NA,NA,NA,NA,NA,NA,NA,NA,NA,NA,NA
3,Brooklyn,OCEAN PARKWAY-SOUTH,3401,6,"$310,000",prediction,GROSSCON,6,0.9329,0.8427873602089414,0.8605042016806724,5.1139617344579404,0.998760662106381,0.8404510296296434,0.2888789620175217,0.014099389136536177,0.05077098907276897,0.03667159993623277,3.6009353725265147,0.0088701,0.0065895,0.0075973,0.0065895,TRUE,TRUE,TRUE
3,Brooklyn,OCEAN PARKWAY-SOUTH,3401,7,"$340,000",prediction,GROSSCON,1,NA,NA,NA,NA,NA,NA,NA,NA,NA,NA,NA,NA,NA,NA,NA,NA,NA,NA
3,Brooklyn,OLD MILL BASIN,3410,1,"$187,000",prediction,GROSSCON,11,1.0839,0.226163966232319,0.13072347199530815,9.574517119343335,1.0060190963092255,-0.01716505484597137,1.0531789855306812,0.06507304116865867,0.028303030356192554,-0.03677001081246607,0.43494248690230747,0,0.1814839,0.076203,0.1814839,TRUE,TRUE,TRUE
3,Brooklyn,OLD MILL BASIN,3410,2,"$202,000",prediction,GROSSCON,7,0.9952,0.015378185512160403,0,4.419575334135759,1.001919262254628,-0.4862613462862406,4.398511385821243,0.027434104357181334,-0.0032499055708548534,-0.030684009928036195,-0.11846224423959593,2.11e-5,0.7298543,0.0162641,0.7298543,TRUE,FALSE,TRUE
3,Brooklyn,OLD MILL BASIN,3410,3,"$211,000",prediction,GROSSCON,5,NA,NA,NA,NA,NA,NA,NA,NA,NA,NA,NA,NA,NA,NA,NA,NA,NA,NA
3,Brooklyn,PARK SLOPE,3420,1,"$474,000",prediction,GROSSCON,6,1.133,0.37553297059373403,0.062499999999999986,7.244701798549507,1.0031490896601751,1.9012627199713863,0.971361396576282,0.022693349549449956,-0.039846746107176166,-0.06254009565662602,-1.7558776865595904,0.0020336,0.1634313,0.0556955,0.1634313,FALSE,TRUE,TRUE
3,Brooklyn,PARK SLOPE,3420,2,"$675,000",prediction,GROSSCON,6,0.9837,0.31334915789875706,0.0033613445378151267,10.420407952926283,1.0051000342627947,1.8780103814298816,17.739604858167247,0.028697571743929343,-0.05970133044276536,-0.08839890218669473,-2.0803617454286667,2.253e-4,0.1638814,0.058008,0.1638814,TRUE,TRUE,TRUE
3,Brooklyn,PARK SLOPE,3420,3,"$750,000",prediction,GROSSCON,2,NA,NA,NA,NA,NA,NA,NA,NA,NA,NA,NA,NA,NA,NA,NA,NA,NA,NA
3,Brooklyn,PARK SLOPE,3420,4,"$859,200",prediction,GROSSCON,5,NA,NA,NA,NA,NA,NA,NA,NA,NA,NA,NA,NA,NA,NA,NA,NA,NA,NA
3,Brooklyn,PARK SLOPE,3420,5,"$995,000",prediction,GROSSCON,21,1.0478,0.011478972447165578,0.013100147149407979,8.304578787290096,1.001383353782681,0.9870742859563848,0.42405239683399326,0.025783820666819057,0.005899430642632725,-0.019884390024186214,0.22880358651519545,0,0.7100385,0.2162085,0.7100385,TRUE,TRUE,TRUE
3,Brooklyn,PARK SLOPE,3420,6,"$1,150,000",prediction,GROSSCON,13,1.147,0.45592811196063426,0.4383428206142887,8.085427178140664,0.9982664634482455,0.6504373470911572,0.3647289273941794,0.03169471183285566,0.05517326258299545,0.02347855075013968,1.7407718635826528,0,0.0051103,0.1773515,0.0051103,FALSE,TRUE,TRUE
3,Brooklyn,PARK SLOPE,3420,7,"$1,300,000",prediction,GROSSCON,34,1.033,0.42707408960496906,0.45492196867488416,5.9186722026097875,0.9988300414172896,0.5995412787732263,0.5380383177673042,0.030128775451959584,0.04321365195685785,0.013084876504898339,1.4342983180900366,0,2.8e-6,0.0932533,2.8e-6,TRUE,TRUE,TRUE
3,Brooklyn,PARK SLOPE,3420,8,"$1,461,000",prediction,GROSSCON,66,0.991,0.1537025074054234,0.32053722756572306,5.6355900640996746,1.001276614627436,0.471637637041472,0.7558184281354904,0.03344709286230017,0.02027265982816208,-0.013174433034138159,0.60611126687821415,0,1.632e-4,0.0104484,1.632e-4,TRUE,TRUE,TRUE
3,Brooklyn,PARK SLOPE,3420,9,"$1,723,000",prediction,GROSSCON,101,0.9556,0.603461328638365,0.67391313442104,6.2063225980576116,1.0005078515663874,0.1621318753402687,0.8717841562756217,0.062004421603031934,0.059856130885106086,-0.0021482907179258925,0.9653526206295453,0,0,0.5906386,0,TRUE,TRUE,TRUE
3,Brooklyn,PARK SLOPE,3420,10,"$3,945,000",prediction,GROSSCON,146,0.9174,0.8801873047563314,0.863644368091001,5.974676255456559,0.9959600094190495,0.10399984791044059,0.8515428755119712,0.12252168798261347,0.1325314941142699,0.010009806131656392,1.0816982388707916,0,0,0.029139,0,TRUE,TRUE,TRUE
3,Brooklyn,PARK SLOPE SOUTH,3430,3,"$767,500",prediction,GROSSCON,1,NA,NA,NA,NA,NA,NA,NA,NA,NA,NA,NA,NA,NA,NA,NA,NA,NA,NA
3,Brooklyn,PARK SLOPE SOUTH,3430,4,"$860,000",prediction,GROSSCON,1,NA,NA,NA,NA,NA,NA,NA,NA,NA,NA,NA,NA,NA,NA,NA,NA,NA,NA
3,Brooklyn,PARK SLOPE SOUTH,3430,7,"$1,127,499",prediction,GROSSCON,1,NA,NA,NA,NA,NA,NA,NA,NA,NA,NA,NA,NA,NA,NA,NA,NA,NA,NA
3,Brooklyn,PARK SLOPE SOUTH,3430,8,"$1,200,000",prediction,GROSSCON,3,NA,NA,NA,NA,NA,NA,NA,NA,NA,NA,NA,NA,NA,NA,NA,NA,NA,NA
3,Brooklyn,PARK SLOPE SOUTH,3430,9,"$1,395,500",prediction,GROSSCON,6,0.9299,0.6415671673350481,0.5102040816326531,5.957063952391352,1.0057524547195935,-0.25538164704326277,1.800490982640391,0.07624431272615777,0.03805667611682546,-0.03818763660933231,0.49914117861500673,0.0012112,0.1406488,0.0533711,0.1406488,TRUE,TRUE,TRUE
3,Brooklyn,PARK SLOPE SOUTH,3430,10,"$1,717,500",prediction,GROSSCON,4,NA,NA,NA,NA,NA,NA,NA,NA,NA,NA,NA,NA,NA,NA,NA,NA,NA,NA
3,Brooklyn,PROSPECT HEIGHTS,3440,4,"$797,400",prediction,GROSSCON,4,NA,NA,NA,NA,NA,NA,NA,NA,NA,NA,NA,NA,NA,NA,NA,NA,NA,NA
3,Brooklyn,PROSPECT HEIGHTS,3440,5,"$897,000",prediction,GROSSCON,3,NA,NA,NA,NA,NA,NA,NA,NA,NA,NA,NA,NA,NA,NA,NA,NA,NA,NA
3,Brooklyn,PROSPECT HEIGHTS,3440,6,"$1,030,000",prediction,GROSSCON,20,1.0289,0.3089654298651669,0.22588511087043256,4.66199295262604,1.000466207595831,0.3612430091503263,0.6268026186519486,0.02999113674412966,0.024175278369921224,-0.005815858374208471,0.80608076233233406,0,0.0132099,0.5093333,0.0132099,TRUE,FALSE,TRUE
3,Brooklyn,PROSPECT HEIGHTS,3440,7,"$1,273,800",prediction,GROSSCON,20,1.0506,0.4825161107538589,0.4511641093684437,5.892619241750775,0.9987691845503424,0.5490220975387632,0.5525772114492701,0.030988659317749384,0.0439692020605899,0.01298054274284053,1.4188804236330959,0,4.168e-4,0.2023671,4.168e-4,TRUE,TRUE,TRUE
3,Brooklyn,PROSPECT HEIGHTS,3440,8,"$1,571,000",prediction,GROSSCON,23,0.9861,0.2692805053717307,0.28914229472830033,7.717110747513142,0.999751282219616,0.6159414098661252,0.45149225055825387,0.032111252123769064,0.03567320506133819,0.0035619529375692147,1.110925382910642,0,0.0045727,0.7534454,0.0045727,TRUE,TRUE,TRUE
3,Brooklyn,PROSPECT HEIGHTS,3440,9,"$1,800,000",prediction,GROSSCON,29,0.9788,0.10853285303731942,0.1077418602617541,9.724515585690114,1.004039127874444,0.3559854661376971,0.805038103384166,0.0520891815390711,0.023829171114120744,-0.028260010424950424,0.4574687182644029,0,0.0236654,0.0072774,0.0236654,TRUE,TRUE,TRUE
3,Brooklyn,PROSPECT HEIGHTS,3440,10,"$2,555,000",prediction,GROSSCON,56,0.9303,0.7285545674244343,0.7996237651863967,9.776285857893601,0.9976067439763008,0.16249169698291563,0.8536715273837368,0.12211670899163855,0.1290769971969421,0.006960288205303437,1.0569970175480243,0,0,0.4812509,0,TRUE,TRUE,TRUE
3,Brooklyn,SHEEPSHEAD BAY,3480,1,"$195,500",prediction,GROSSCON,68,1.0703,0.5510836688566977,0.5046188619710827,7.569901698170471,1.00144766585328,0.14196175440196962,0.8305612304096227,0.06730003860541164,0.05964453079684286,-0.007655507808568779,0.886248091870289,0,0,0.1283724,0,TRUE,TRUE,TRUE
3,Brooklyn,SHEEPSHEAD BAY,3480,2,"$225,000",prediction,GROSSCON,75,1.0263,0.19276522438487154,0.18049104895266777,5.525149744279586,1.0009385562463038,0.3332129948891903,0.6936021547958243,0.029218771283069687,0.01803197667270644,-0.011186794610363454,0.6171367200219874,0,0,2.7e-6,0,TRUE,TRUE,TRUE
3,Brooklyn,SHEEPSHEAD BAY,3480,3,"$240,000",prediction,GROSSCON,43,0.9991,0.06389609167823179,0.07481587458362216,7.151978143295542,1.0017745584460456,0.4980759756956447,0.6599818841920088,0.032119370477175904,0.013866944503115854,-0.018252425974060044,0.4317315158144105,0,0.0206836,0.0035555,0.0206836,TRUE,TRUE,TRUE
3,Brooklyn,SHEEPSHEAD BAY,3480,4,"$260,000",prediction,GROSSCON,40,0.932,0.26474870237551545,0.3032893757479836,6.367190041038448,0.9997060540832156,0.6865243000912563,0.5314812981990861,0.025986476054665836,0.03060509380959139,0.004618617754925402,1.1777315918175848,0,4.44e-5,0.4899912,4.44e-5,TRUE,TRUE,TRUE
3,Brooklyn,SHEEPSHEAD BAY,3480,5,"$271,000",prediction,GROSSCON,12,0.8953,0.03900168266192547,0.00867617988633556,6.944460717401898,1.0015222875833008,0.6630117473735013,1.1274612986853414,0.028393463949162617,0.0012848958105972608,-0.027108568138565443,0.045253224928728394,9e-6,0.9377917,0.0924322,0.9377917,FALSE,TRUE,TRUE
3,Brooklyn,SHEEPSHEAD BAY,3480,6,"$287,179",prediction,GROSSCON,2,NA,NA,NA,NA,NA,NA,NA,NA,NA,NA,NA,NA,NA,NA,NA,NA,NA,NA
3,Brooklyn,SHEEPSHEAD BAY,3480,7,"$314,100",prediction,GROSSCON,2,NA,NA,NA,NA,NA,NA,NA,NA,NA,NA,NA,NA,NA,NA,NA,NA,NA,NA
3,Brooklyn,SUNSET PARK,3500,1,"$380,500",prediction,GROSSCON,2,NA,NA,NA,NA,NA,NA,NA,NA,NA,NA,NA,NA,NA,NA,NA,NA,NA,NA
3,Brooklyn,SUNSET PARK,3500,3,"$449,300",prediction,GROSSCON,2,NA,NA,NA,NA,NA,NA,NA,NA,NA,NA,NA,NA,NA,NA,NA,NA,NA,NA
3,Brooklyn,SUNSET PARK,3500,4,"$487,000",prediction,GROSSCON,5,NA,NA,NA,NA,NA,NA,NA,NA,NA,NA,NA,NA,NA,NA,NA,NA,NA,NA
3,Brooklyn,SUNSET PARK,3500,5,"$540,500",prediction,GROSSCON,9,1.0537,0.3112173539744719,0.2196078431372549,5.470910302408832,0.9994013710646673,0.7277980313157207,0.48429595251169294,0.023105478750640087,0.02271058799564993,-3.948907549901747e-4,0.9829092156344407,8.22e-5,0.3109566,0.9839152,0.3109566,TRUE,TRUE,TRUE
3,Brooklyn,SUNSET PARK,3500,6,"$573,000",prediction,GROSSCON,12,1.0113,0.46063320032488503,0.3930928720402405,4.987098473897919,1.0002251077034998,0.26759098954783855,0.6300170420027291,0.035996578021833356,0.03045837235760952,-0.005538205664223809,0.846146329218723,0,0.0342574,0.6325166,0.0342574,TRUE,FALSE,TRUE
3,Brooklyn,SUNSET PARK,3500,7,"$597,800",prediction,GROSSCON,17,0.973,0.05615893539546761,0.006220084068323737,6.57523022682097,1.0013706665817235,0.5989131968211681,0.7297372119320015,0.0276189332051898,0.005115135193968567,-0.02250379801122122,0.1852039380365162,0,0.64362490000000006,0.0353256,0.64362490000000006,TRUE,TRUE,TRUE
3,Brooklyn,SUNSET PARK,3500,8,"$624,200",prediction,GROSSCON,5,NA,NA,NA,NA,NA,NA,NA,NA,NA,NA,NA,NA,NA,NA,NA,NA,NA,NA
3,Brooklyn,WILLIAMSBURG-NORTH,3512,6,"$720,200",prediction,GROSSCON,2,NA,NA,NA,NA,NA,NA,NA,NA,NA,NA,NA,NA,NA,NA,NA,NA,NA,NA
3,Brooklyn,WILLIAMSBURG-NORTH,3512,8,"$837,500",prediction,GROSSCON,1,NA,NA,NA,NA,NA,NA,NA,NA,NA,NA,NA,NA,NA,NA,NA,NA,NA,NA
3,Brooklyn,WILLIAMSBURG-NORTH,3512,9,"$886,250",prediction,GROSSCON,1,NA,NA,NA,NA,NA,NA,NA,NA,NA,NA,NA,NA,NA,NA,NA,NA,NA,NA
3,Brooklyn,WILLIAMSBURG-SOUTH,3513,5,"$430,000",prediction,GROSSCON,9,1.0464,0.006053799002617631,2.8248587570621464e-4,3.1252730926560197,1.0016401363214023,-1.101799355662854,1.3822707877262126,0.024516129032258013,4.2219838909918596e-4,-0.02409393064315894,0.017221250081677224,2.558e-4,0.9018975,0.0037615,0.9018975,TRUE,FALSE,TRUE
3,Brooklyn,WILLIAMSBURG-SOUTH,3513,6,"$435,000",prediction,GROSSCON,1,NA,NA,NA,NA,NA,NA,NA,NA,NA,NA,NA,NA,NA,NA,NA,NA,NA,NA
3,Brooklyn,WILLIAMSBURG-SOUTH,3513,7,"$445,000",prediction,GROSSCON,1,NA,NA,NA,NA,NA,NA,NA,NA,NA,NA,NA,NA,NA,NA,NA,NA,NA,NA
3,Brooklyn,WINDSOR TERRACE,3520,4,"$640,000",prediction,GROSSCON,2,NA,NA,NA,NA,NA,NA,NA,NA,NA,NA,NA,NA,NA,NA,NA,NA,NA,NA
3,Brooklyn,WINDSOR TERRACE,3520,5,"$684,300",prediction,GROSSCON,7,1.1273,0.1540827834505612,0.2545454545454545,4.281841987564648,0.9999966139101519,0.8080193864828906,0.3984691981857705,0.015715317034153194,0.0187298277504864,0.0030145107163332004,1.191819911095767,2.132e-4,0.2675575,0.8537582,0.2675575,FALSE,FALSE,TRUE
3,Brooklyn,WINDSOR TERRACE,3520,6,"$745,000",prediction,GROSSCON,8,1.0455,0.009529963810356718,0.09580498866213157,5.603085772520604,1.0025192962021603,0.2685105996872585,1.0054992458031387,0.03092360553171855,-0.007667570161961676,-0.038591175693680195,-0.24795201045029974,6.2e-6,0.6275419,0.0307939,0.6275419,TRUE,TRUE,TRUE
3,Brooklyn,WINDSOR TERRACE,3520,7,"$807,500",prediction,GROSSCON,21,1.0242,0.604652402435084,0.485043323841891,7.377590895612922,0.99776484052064085,0.6312840835020057,0.39825984807283427,0.03020097862881736,0.057081559659789304,0.02688058103097196,1.890056622381201,0,8.6e-6,0.0098889,8.6e-6,TRUE,TRUE,TRUE
3,Brooklyn,WINDSOR TERRACE,3520,8,"$859,000",prediction,GROSSCON,19,0.9396,0.05256618347751685,0.15553448512631715,6.360475055699327,1.0025580574519313,0.33569902190500617,0.8158362319598651,0.035935713922531615,0.01699947199468598,-0.018936241927845637,0.47305229642389873,0,0.1438566,0.1376476,0.1438566,TRUE,TRUE,TRUE
3,Brooklyn,WINDSOR TERRACE,3520,9,"$937,500",prediction,GROSSCON,15,0.9334,0.47706431513303177,0.4040272888735005,7.482972492603719,0.9993096755322127,0.4200905625929444,0.5567462611912105,0.04077090060923063,0.04743247244722426,0.006661571837993612,1.1633903528852947,6e-6,0.0072652,0.6410864,0.0072652,TRUE,TRUE,TRUE
3,Brooklyn,WINDSOR TERRACE,3520,10,"$1,475,000",prediction,GROSSCON,4,NA,NA,NA,NA,NA,NA,NA,NA,NA,NA,NA,NA,NA,NA,NA,NA,NA,NA
4,Queens,ASTORIA,4040,1,"$343,000",prediction,GROSSCON,1,NA,NA,NA,NA,NA,NA,NA,NA,NA,NA,NA,NA,NA,NA,NA,NA,NA,NA
4,Queens,ASTORIA,4040,2,"$375,200",prediction,GROSSCON,1,NA,NA,NA,NA,NA,NA,NA,NA,NA,NA,NA,NA,NA,NA,NA,NA,NA,NA
4,Queens,ASTORIA,4040,4,"$457,060",prediction,GROSSCON,3,NA,NA,NA,NA,NA,NA,NA,NA,NA,NA,NA,NA,NA,NA,NA,NA,NA,NA
4,Queens,ASTORIA,4040,5,"$485,000",prediction,GROSSCON,3,NA,NA,NA,NA,NA,NA,NA,NA,NA,NA,NA,NA,NA,NA,NA,NA,NA,NA
4,Queens,ASTORIA,4040,6,"$497,000",prediction,GROSSCON,7,1.0638,9.919716144809237e-4,0.0029220779220779213,3.460150716051158,1.0004343021902895,0.7976269840420289,0.48096631097511405,0.01380670611439848,0.002162581459356238,-0.011644124655042273,0.1566326856990788,1.674e-4,0.8703442,0.409235,0.8703442,TRUE,FALSE,TRUE
4,Queens,ASTORIA,4040,7,"$526,000",prediction,GROSSCON,14,1.1985,0.14158182933118388,0.06264291865886613,6.617054536712495,0.9999825850481411,0.8325159931256869,0.32287763819786924,0.017207266622699214,0.015749181794477766,-0.001458084828221485,0.9152634256100886,3e-7,0.1539379,0.8858411,0.1539379,FALSE,TRUE,TRUE
4,Queens,ASTORIA,4040,8,"$569,000",prediction,GROSSCON,13,1.0803,0.004284538824356407,0.011606877131933792,9.569117109767621,1.0003704902379804,1.2777518310743505,0.4152546022270761,0.014929980180004595,-9.587195324409685e-4,-0.015888699712445505,-0.06421438748625596,0,0.9699925,0.5310596,0.9699925,TRUE,TRUE,TRUE
4,Queens,ASTORIA,4040,9,"$632,000",prediction,GROSSCON,44,1.0103,0.03570515418917744,0.010386011278062919,5.7992469122144366,1.0014325143161837,0.3757490017033549,0.7423469419267437,0.025026801325366933,0.005794147124084363,-0.019232654201282604,0.23151768573043602,0,0.2049424,8.64e-5,0.2049424,TRUE,TRUE,TRUE
4,Queens,ASTORIA,4040,10,"$785,000",prediction,GROSSCON,41,0.8931,0.5897753733741616,0.38360286565243445,7.547539346214192,1.0004606487388594,0.19687237490491988,0.7743775000083547,0.06258640696280428,0.05745788247851654,-0.005128524484287764,0.9180568955278787,0,2e-7,0.5045525,2e-7,FALSE,TRUE,TRUE
4,Queens,BAYSIDE,4050,1,"$226,800",prediction,GROSSCON,15,1.1623000000000001,0.04562842730068073,0.020518081559374193,11.491103034226596,1.0080165727456494,0.6317196663759115,0.651728796452942,0.04450590079416538,-0.005399523335447349,-0.049905424129612685,-0.12132151555407232,1e-7,0.7411467,0.0175515,0.7411467,FALSE,TRUE,TRUE
4,Queens,BAYSIDE,4050,2,"$255,000",prediction,GROSSCON,34,1.0854,0.04120641914850872,0.018116355892122824,8.030387795657923,1.0009738829591106,0.8272845497816295,0.3552876764569871,0.024940643446818702,0.012191322713859608,-0.012749320732958999,0.4888134798869717,0,0.1273712,0.1134905,0.1273712,TRUE,TRUE,TRUE
4,Queens,BAYSIDE,4050,3,"$280,000",prediction,GROSSCON,42,1.0424,0.040582099109203774,0.090670589929697,7.321176394583982,1.0003846456894419,1.0199387959774286,0.4236248013175685,0.019243443208471697,0.012006037652007225,-0.007237405556464446,0.6239027767505583,0,0.0431214,0.2143379,0.0431214,TRUE,TRUE,TRUE
4,Queens,BAYSIDE,4050,4,"$308,400",prediction,GROSSCON,31,1.0344,0.013816371387835952,0.057483373549299985,4.53851304870295,1.0004864564826024,0.9242203395790631,0.4450652001853113,0.014606933728366913,0.005725461051931739,-0.008881472676435175,0.39196871557050944,0,0.3371018,0.1523631,0.3371018,TRUE,FALSE,TRUE
4,Queens,BAYSIDE,4050,5,"$330,000",prediction,GROSSCON,36,0.9891,0.07650123265929665,0.033824694949894,8.151030466056305,0.9998642108144422,1.175996696059831,0.22378109700687676,0.013737352106643702,0.016715500510378713,0.0029781484037348376,1.216792026630389,0,0.0654952,0.7351149,0.0654952,TRUE,TRUE,TRUE
4,Queens,BAYSIDE,4050,6,"$360,237",prediction,GROSSCON,32,0.973,0.06955354327810706,0.022865965225331353,9.336946579686279,0.9997921919907312,1.1945545306525136,0.1858057867054905,0.012484167866626119,0.012528666842735242,4.4498976109167046e-5,1.0035644326946378,0,0.1141955,0.9951776,0.1141955,TRUE,TRUE,TRUE
4,Queens,BAYSIDE,4050,7,"$390,248",prediction,GROSSCON,34,0.9441,0.01325541714668378,0.0010931310383307253,8.102145031659475,1.00034545976599,1.1433583960705225,0.21255999374599965,0.015013587829712736,0.007395335871315494,-0.00761825195839735,0.4925761886628866,0,0.0152848,0.0149252,0.0152848,TRUE,TRUE,TRUE
4,Queens,BAYSIDE,4050,8,"$450,000",prediction,GROSSCON,37,0.9746,0.08070416763517603,0.11320658588206518,6.562182162770479,1.0003103336136518,0.8600623521402233,0.44311383941581445,0.01992786324419868,0.014004158412533356,-0.005923704831665381,0.7027425991901131,0,0.070003,0.4300724,0.070003,TRUE,TRUE,TRUE
4,Queens,BAYSIDE,4050,9,"$493,500",prediction,GROSSCON,48,0.9819,0.20381635092932007,0.210776944360947,7.783665037389542,0.9997717697451203,0.7753309095148768,0.47246216116847445,0.024808483164095094,0.028564212392526458,0.0037557292284312897,1.1513889101396937,0,5.81e-5,0.5629006,5.81e-5,TRUE,TRUE,TRUE
4,Queens,BAYSIDE,4050,10,"$790,000",prediction,GROSSCON,28,0.8993,0.2024067845306959,0.2428450483362834,9.220948443884968,1.008565775306556,0.0265242008249173,0.8957925259566449,0.0745476415027193,0.04235490722363261,-0.0321927342790866,0.5681589164975487,0,0.0044647,0.0462538,0.0044647,FALSE,TRUE,TRUE
4,Queens,BEECHHURST,4060,3,"$371,200",prediction,GROSSCON,3,NA,NA,NA,NA,NA,NA,NA,NA,NA,NA,NA,NA,NA,NA,NA,NA,NA,NA
4,Queens,BEECHHURST,4060,4,"$394,000",prediction,GROSSCON,3,NA,NA,NA,NA,NA,NA,NA,NA,NA,NA,NA,NA,NA,NA,NA,NA,NA,NA
4,Queens,BEECHHURST,4060,5,"$415,000",prediction,GROSSCON,16,1.05,0.16146561000425036,0.14117647058823532,3.9751329962209003,0.999960435297423,0.8164156195799396,NA,0.012698412698412572,0.013341496118077296,6.430834196645252e-4,1.0506428192985842,7.9e-4,7.9e-4,7.9e-4,7.9e-4,TRUE,FALSE,TRUE
4,Queens,BEECHHURST,4060,6,"$425,000",prediction,GROSSCON,12,0.9801,0.12346829185371345,0.049053136644377535,6.4625180139072524,1.0012565168239644,1.5813890888201025,0.5256325902340881,0.013720412521012219,-0.02127621601743644,-0.034996628538448635,-1.5506979826483265,1e-7,0.0057405,2.206e-4,0.0057405,TRUE,TRUE,TRUE
4,Queens,BEECHHURST,4060,7,"$439,932",prediction,GROSSCON,18,1.0111,0.22557308307123192,0.3470110420934815,5.048673150104224,0.9996660280385664,0.8887433582858881,0.5543991157235637,0.015583681447472762,0.02116179090483785,0.00557810945736517,1.3579455519651846,0,0.0169264,0.4740504,0.0169264,TRUE,TRUE,TRUE
4,Queens,BEECHHURST,4060,8,"$470,400",prediction,GROSSCON,44,1.0254,0.23322262449853798,0.20784158298191976,6.0080262616342415,0.9998693418562822,0.6930440848143115,0.43398472200381766,0.020052858566631582,0.02262901502237267,0.0025761564557410977,1.1284682903029037,0,0,0.4411843,0,TRUE,TRUE,TRUE
4,Queens,BEECHHURST,4060,9,"$558,000",prediction,GROSSCON,37,0.952,0.049866215440841286,0.021334579554438817,7.11298078118409,1.0014538399119535,0.6071987503678062,0.5194089955374687,0.02780577454577513,0.007787463771079703,-0.020018310774695437,0.28006642139242044,0,0.3130446,0.0093674,0.3130446,TRUE,TRUE,TRUE
4,Queens,BEECHHURST,4060,10,"$800,000",prediction,GROSSCON,20,0.9436,0.5389152290062276,0.45351990669444703,9.669640136131061,1.0025140282377176,0.1595245949542131,0.8099046818187873,0.08183569939832476,0.07003612710667774,-0.011799572291647058,0.8558138761151888,0,2.577e-4,0.4533645,2.577e-4,TRUE,TRUE,TRUE
4,Queens,BELLE HARBOR,4070,2,"$255,000",prediction,GROSSCON,2,NA,NA,NA,NA,NA,NA,NA,NA,NA,NA,NA,NA,NA,NA,NA,NA,NA,NA
4,Queens,BELLE HARBOR,4070,3,"$276,500",prediction,GROSSCON,1,NA,NA,NA,NA,NA,NA,NA,NA,NA,NA,NA,NA,NA,NA,NA,NA,NA,NA
4,Queens,BELLE HARBOR,4070,4,"$284,000",prediction,GROSSCON,4,NA,NA,NA,NA,NA,NA,NA,NA,NA,NA,NA,NA,NA,NA,NA,NA,NA,NA
4,Queens,BELLE HARBOR,4070,6,"$326,600",prediction,GROSSCON,1,NA,NA,NA,NA,NA,NA,NA,NA,NA,NA,NA,NA,NA,NA,NA,NA,NA,NA
4,Queens,BELLE HARBOR,4070,7,"$348,500",prediction,GROSSCON,2,NA,NA,NA,NA,NA,NA,NA,NA,NA,NA,NA,NA,NA,NA,NA,NA,NA,NA
4,Queens,BELLE HARBOR,4070,8,"$362,000",prediction,GROSSCON,1,NA,NA,NA,NA,NA,NA,NA,NA,NA,NA,NA,NA,NA,NA,NA,NA,NA,NA
4,Queens,BELLE HARBOR,4070,10,"$520,000",prediction,GROSSCON,1,NA,NA,NA,NA,NA,NA,NA,NA,NA,NA,NA,NA,NA,NA,NA,NA,NA,NA
4,Queens,BRIARWOOD,4100,1,"$178,200",prediction,GROSSCON,26,1.0641,0.26016334551761433,0.37722376738157515,7.886514540898518,1.0049787161647472,0.1470007832391547,1.0023296585875068,0.06215194072763459,0.03600534553817964,-0.026146595189455012,0.579311685470355,0,0.0114978,0.0488181,0.0114978,TRUE,TRUE,TRUE
4,Queens,BRIARWOOD,4100,2,"$199,200",prediction,GROSSCON,32,1.0626,0.05830232873017447,0.10889151979623361,6.205403029840814,1.0004800524857618,0.848821267480268,0.5846887295152121,0.019704972960043053,0.014790361811520042,-0.0049146111485229935,0.7505903124815905,0,0.0380878,0.4927407,0.0380878,TRUE,TRUE,TRUE
4,Queens,BRIARWOOD,4100,3,"$220,000",prediction,GROSSCON,16,0.9784,0.20126358222907514,0.32321604440863105,4.441904684630931,1.000387475248139,0.48998543129853017,0.645080331414917,0.02358134681756159,0.020922707531423022,-0.0026586392861385902,0.8872566818720173,0,0.0157442,0.7483212,0.0157442,TRUE,FALSE,TRUE
4,Queens,BRIARWOOD,4100,4,"$230,000",prediction,GROSSCON,15,0.9626,0.015633755376113105,0.035390092297321825,5.708924270138845,1.0002722517998308,1.090741109425406,0.30055272759383767,0.013166784766738712,0.005325113572232207,-0.007841671194506468,0.40443537785203604,0,0.4780604,0.3012155,0.4780604,TRUE,TRUE,TRUE
4,Queens,BRIARWOOD,4100,5,"$247,000",prediction,GROSSCON,11,0.9642,0.09998255516338071,0.08824609733700645,3.7790526185603928,1.0010517076279135,0.19442813420429617,1.2206319227631603,0.01657588694244084,-0.004607132621425078,-0.02118301956386592,-0.2779418463351722,2.04e-5,0.1644821,0.0012076,0.1644821,TRUE,FALSE,TRUE
4,Queens,BRIARWOOD,4100,6,"$270,000",prediction,GROSSCON,10,0.8736,0.10590603039181613,0.043118466898954703,8.244450441270962,1.0010064108982746,1.4635848811316834,NA,0.01293532338308458,-0.016262151364914042,-0.02919747474799855,-1.257189393979891,1.79e-5,0.1891549,0.0364428,0.1891549,FALSE,TRUE,TRUE
4,Queens,BRIARWOOD,4100,7,"$293,950",prediction,GROSSCON,5,NA,NA,NA,NA,NA,NA,NA,NA,NA,NA,NA,NA,NA,NA,NA,NA,NA,NA
4,Queens,BRIARWOOD,4100,8,"$318,400",prediction,GROSSCON,3,NA,NA,NA,NA,NA,NA,NA,NA,NA,NA,NA,NA,NA,NA,NA,NA,NA,NA
4,Queens,BRIARWOOD,4100,9,"$348,300",prediction,GROSSCON,3,NA,NA,NA,NA,NA,NA,NA,NA,NA,NA,NA,NA,NA,NA,NA,NA,NA,NA
4,Queens,BRIARWOOD,4100,10,"$515,000",prediction,GROSSCON,1,NA,NA,NA,NA,NA,NA,NA,NA,NA,NA,NA,NA,NA,NA,NA,NA,NA,NA
4,Queens,CORONA,4140,1,"$156,200",prediction,GROSSCON,39,1.0864,0.6648929994976022,0.6160161234899658,7.787996934944844,1.003202788964373,0.05120951236253616,0.9518719528907791,0.09135508454393904,0.08114499498022772,-0.0102100895637114,0.8882373147079662,0,0,0.217991,0,TRUE,TRUE,TRUE
4,Queens,CORONA,4140,2,"$182,400",prediction,GROSSCON,30,1.0224,3.935563423064385e-5,7.38841372165597e-4,7.904874654640634,1.0017994886573545,0.7834065297522264,0.5175042646930117,0.024899332675140426,0.0017340278006005537,-0.023165304874539893,0.06964153711363727,0,0.7669786,7.607e-4,0.7669786,TRUE,TRUE,TRUE
4,Queens,CORONA,4140,3,"$195,900",prediction,GROSSCON,12,0.8835,0.005396570996336026,0.0015056118258965237,11.656535143517383,1.0015656663243515,1.3404454179587748,0.2883116516885732,0.02098797776031206,-0.013182160902039632,-0.0341701386623517,-0.6280815165988559,2e-7,0.5193456,0.1040132,0.5193456,FALSE,TRUE,TRUE
4,Queens,CORONA,4140,4,"$210,000",prediction,GROSSCON,4,NA,NA,NA,NA,NA,NA,NA,NA,NA,NA,NA,NA,NA,NA,NA,NA,NA,NA
4,Queens,CORONA,4140,5,"$220,000",prediction,GROSSCON,6,1.0227,0.021218729190824712,8.403361344537817e-4,10.127172829197407,1.0008955754423856,1.3196765756167455,0.19428904919892503,0.014494914532190003,-0.006094450077880949,-0.020589364610071124,-0.42045436448392326,0.0053282,0.8097847,0.4514468,0.8097847,TRUE,TRUE,TRUE
4,Queens,CORONA,4140,6,"$232,400",prediction,GROSSCON,1,NA,NA,NA,NA,NA,NA,NA,NA,NA,NA,NA,NA,NA,NA,NA,NA,NA,NA
4,Queens,CORONA,4140,7,"$252,300",prediction,GROSSCON,10,0.9338,0.004942649933090459,3.408574458415391e-4,12.402578074366804,1.0004451245379438,1.2387863242785948,0.21637042731212644,0.016054767963164924,0.004358550522322653,-0.01169621744084227,0.27148013177908564,1.2e-6,0.8480319,0.6072914,0.8480319,TRUE,TRUE,TRUE
4,Queens,CORONA,4140,8,"$282,000",prediction,GROSSCON,2,NA,NA,NA,NA,NA,NA,NA,NA,NA,NA,NA,NA,NA,NA,NA,NA,NA,NA
4,Queens,DOUGLASTON,4150,1,"$216,500",prediction,GROSSCON,4,NA,NA,NA,NA,NA,NA,NA,NA,NA,NA,NA,NA,NA,NA,NA,NA,NA,NA
4,Queens,DOUGLASTON,4150,2,"$238,000",prediction,GROSSCON,6,1.1871,0.12196484551165954,0.06806722689075631,10.154104729414104,0.9998038565855136,0.9291000515813858,0.42791245104133396,0.02545454545454536,0.02199850546253014,-0.0034560399920152405,0.8642270003136809,0.0019258,0.3668929,0.8680214,0.3668929,FALSE,TRUE,TRUE
4,Queens,DOUGLASTON,4150,3,"$252,500",prediction,GROSSCON,8,1.0128,0.011649419469255786,0,5.095174431969609,1.0009263718956436,0.7807293222319258,0.6555306298670104,0.017647879464285685,-0.004474099202275142,-0.022121978666560863,-0.25352049867120824,1.563e-4,0.3320748,0.0018564,0.3320748,TRUE,TRUE,TRUE
4,Queens,DOUGLASTON,4150,4,"$271,000",prediction,GROSSCON,3,NA,NA,NA,NA,NA,NA,NA,NA,NA,NA,NA,NA,NA,NA,NA,NA,NA,NA
4,Queens,DOUGLASTON,4150,5,"$317,500",prediction,GROSSCON,2,NA,NA,NA,NA,NA,NA,NA,NA,NA,NA,NA,NA,NA,NA,NA,NA,NA,NA
4,Queens,DOUGLASTON,4150,6,"$331,600",prediction,GROSSCON,7,0.9728,0.09567315440579223,0.3822751322751323,6.6109985558859705,0.9997002150119625,1.196329818392197,0.2956078333485974,0.011761331038439536,0.021486003468477524,0.009724672430038009,1.8268343436856793,0.0027398,0.5153095,0.763164,0.5153095,TRUE,TRUE,TRUE
4,Queens,DOUGLASTON,4150,7,"$358,400",prediction,GROSSCON,4,NA,NA,NA,NA,NA,NA,NA,NA,NA,NA,NA,NA,NA,NA,NA,NA,NA,NA
4,Queens,DOUGLASTON,4150,8,"$401,000",prediction,GROSSCON,2,NA,NA,NA,NA,NA,NA,NA,NA,NA,NA,NA,NA,NA,NA,NA,NA,NA,NA
4,Queens,DOUGLASTON,4150,9,"$446,750",prediction,GROSSCON,6,0.9235,0.004482095190825729,0.23591836734693877,4.4314599820921075,1.0024920721239199,-0.6244499481173135,0.5889326363329586,0.02936288088642653,0.004512289921414358,-0.024850590965012104,0.15367326996515046,0.0333517,0.6750791,0.2082899,0.6750791,TRUE,FALSE,TRUE
4,Queens,DOUGLASTON,4150,10,"$930,000",prediction,GROSSCON,2,NA,NA,NA,NA,NA,NA,NA,NA,NA,NA,NA,NA,NA,NA,NA,NA,NA,NA
4,Queens,EAST ELMHURST,4160,1,"$135,000",prediction,GROSSCON,3,NA,NA,NA,NA,NA,NA,NA,NA,NA,NA,NA,NA,NA,NA,NA,NA,NA,NA
4,Queens,EAST ELMHURST,4160,2,"$145,000",prediction,GROSSCON,2,NA,NA,NA,NA,NA,NA,NA,NA,NA,NA,NA,NA,NA,NA,NA,NA,NA,NA
4,Queens,ELMHURST,4170,1,"$220,000",prediction,GROSSCON,13,1.0912,0.06522003230453223,0.010396182538939354,14.731489212268439,1.0215696086396917,-0.1165519765124871,0.2661992372002978,0.05437084395527319,-0.017237152308132244,-0.07160799626340537,-0.31702933142461315,0.0015488,0.3277587,0.0099002,0.3277587,TRUE,TRUE,TRUE
4,Queens,ELMHURST,4170,2,"$251,000",prediction,GROSSCON,21,1.093,0.005433153658391813,0.001976693484264254,5.849888832549886,1.0010962429690795,0.6881476035129324,0.3673805826325258,0.020868806752986812,0.002406399107775828,-0.018462407645210985,0.1153108146651214,0,0.6513834,0.0022566,0.6513834,TRUE,TRUE,TRUE
4,Queens,ELMHURST,4170,3,"$274,800",prediction,GROSSCON,19,1.0877,0.01604777846466317,0.005285070775460733,6.614303608493331,1.0009592928275093,0.8393775315746356,0.7340961321969071,0.021526470036135673,-0.002691988544331567,-0.024218458580467166,-0.1250548064690813,0,0.794971,0.0162299,0.794971,TRUE,TRUE,TRUE
4,Queens,ELMHURST,4170,4,"$287,400",prediction,GROSSCON,34,1.0414,0.01554118203081397,0.0119922367406136,5.74295625795623,1.0004466884407384,0.9834167837071218,0.3311464117946111,0.015146414168640262,0.004387693801325966,-0.010758720367314355,0.2896853177572747,0,0.3726713,0.0312771,0.3726713,TRUE,TRUE,TRUE
4,Queens,ELMHURST,4170,5,"$305,000",prediction,GROSSCON,30,0.9788,0.11751814005951754,0.1438817111394336,5.069536754607287,0.9999779069998255,0.929087127084177,0.3625541703515883,0.013975546173122402,0.013753584774335668,-2.2196139878676108e-4,0.9841178730306986,0,7.21e-4,0.9498679,7.21e-4,TRUE,TRUE,TRUE
4,Queens,ELMHURST,4170,6,"$320,000",prediction,GROSSCON,21,0.9943,0.17380723377961646,0.16336562321460543,6.970098026609432,0.9996296923717465,1.063297209165527,0.20972811801545727,0.012838617264093613,0.024833190726839226,0.011994573462745595,1.9342574216532946,0,0.00628,0.1583374,0.00628,TRUE,TRUE,TRUE
4,Queens,ELMHURST,4170,7,"$341,000",prediction,GROSSCON,10,0.9729,0.0470315648487943,0.06060606060606061,6.63032252914026,1.0001541203171673,1.0527340512007866,0.29482417780222703,0.015304264540769037,0.011179642198412288,-0.0041246223423567,0.7304919598475881,3.18e-5,0.3930708,0.7444586,0.3930708,TRUE,TRUE,TRUE
4,Queens,ELMHURST,4170,8,"$381,600",prediction,GROSSCON,16,0.9717,0.02133540242742185,0.057431722689075634,8.449673411955724,1.0006303819323812,0.9912203894929057,0.30247788314662893,0.02040216414673356,0.012348949716505256,-0.008053214430228347,0.6052764612465072,0,0.3316561,0.5348266,0.3316561,TRUE,TRUE,TRUE
4,Queens,ELMHURST,4170,9,"$439,447",prediction,GROSSCON,16,0.9016,0.2601585085212734,0.1122636165577342,7.639000829760552,0.9999411044466294,0.6198857781386408,0.5830833733136896,0.03208687766158439,0.029071826674600367,-0.003015050986983925,0.9060347654021289,0,0.0965942,0.8479166,0.0965942,TRUE,TRUE,TRUE
4,Queens,ELMHURST,4170,10,"$693,000",prediction,GROSSCON,7,0.955,0.5911626526119484,0.3265306122448978,5.467441038119778,1.0006819855091267,0.14826395269017623,1.0107979488003447,0.06272170261041449,0.04992068784845415,-0.012801014761960475,0.7959077284385628,9.383e-4,0.1423444,0.5952515,0.1423444,TRUE,TRUE,TRUE
4,Queens,FAR ROCKAWAY,4180,1,"$87,000",prediction,GROSSCON,4,NA,NA,NA,NA,NA,NA,NA,NA,NA,NA,NA,NA,NA,NA,NA,NA,NA,NA
4,Queens,FAR ROCKAWAY,4180,2,"$122,400",prediction,GROSSCON,1,NA,NA,NA,NA,NA,NA,NA,NA,NA,NA,NA,NA,NA,NA,NA,NA,NA,NA
4,Queens,FAR ROCKAWAY,4180,3,"$171,900",prediction,GROSSCON,1,NA,NA,NA,NA,NA,NA,NA,NA,NA,NA,NA,NA,NA,NA,NA,NA,NA,NA
4,Queens,FAR ROCKAWAY,4180,5,"$195,000",prediction,GROSSCON,1,NA,NA,NA,NA,NA,NA,NA,NA,NA,NA,NA,NA,NA,NA,NA,NA,NA,NA
4,Queens,FAR ROCKAWAY,4180,7,"$261,750",prediction,GROSSCON,1,NA,NA,NA,NA,NA,NA,NA,NA,NA,NA,NA,NA,NA,NA,NA,NA,NA,NA
4,Queens,FLORAL PARK,4190,1,"$249,000",prediction,GROSSCON,1,NA,NA,NA,NA,NA,NA,NA,NA,NA,NA,NA,NA,NA,NA,NA,NA,NA,NA
4,Queens,FLORAL PARK,4190,2,"$250,000",prediction,GROSSCON,2,NA,NA,NA,NA,NA,NA,NA,NA,NA,NA,NA,NA,NA,NA,NA,NA,NA,NA
4,Queens,FLORAL PARK,4190,3,"$260,000",prediction,GROSSCON,7,1.0588,0.03611811650737241,0.029411764705882356,2.7646833127395443,1.0004022995303818,0.6096015680913243,NA,0.0108985405290534,-7.377839491386741e-4,-0.011636324478192045,-0.067695665045414,0.003938,0.8961374,0.1473281,0.8961374,TRUE,FALSE,TRUE
4,Queens,FLORAL PARK,4190,4,"$305,000",prediction,GROSSCON,1,NA,NA,NA,NA,NA,NA,NA,NA,NA,NA,NA,NA,NA,NA,NA,NA,NA,NA
4,Queens,FLORAL PARK,4190,5,"$325,000",prediction,GROSSCON,4,NA,NA,NA,NA,NA,NA,NA,NA,NA,NA,NA,NA,NA,NA,NA,NA,NA,NA
4,Queens,FLORAL PARK,4190,6,"$335,000",prediction,GROSSCON,7,0.9823,0.36589123693903786,0.25,3.5073162704940986,1.0005900007652226,1.6124082033046332,NA,0.007268063274903866,-0.02375053978102725,-0.031018603055931192,-3.267794855754245,0.0124756,0.1210412,0.064943,0.1210412,TRUE,FALSE,TRUE
4,Queens,FLORAL PARK,4190,7,"$340,000",prediction,GROSSCON,4,NA,NA,NA,NA,NA,NA,NA,NA,NA,NA,NA,NA,NA,NA,NA,NA,NA,NA
4,Queens,FLORAL PARK,4190,8,"$370,000",prediction,GROSSCON,5,NA,NA,NA,NA,NA,NA,NA,NA,NA,NA,NA,NA,NA,NA,NA,NA,NA,NA
4,Queens,FLUSHING-NORTH,4210,1,"$230,000",prediction,GROSSCON,23,1.1045,0.10916814976542633,0.07961957212475895,7.368901058411054,1.0029489838047387,0.1624108676018074,0.7796335485677625,0.03407307778524987,0.013471721102962806,-0.020601356682287155,0.3953772884231363,2e-7,0.1021432,0.0166765,0.1021432,FALSE,TRUE,TRUE
4,Queens,FLUSHING-NORTH,4210,2,"$267,600",prediction,GROSSCON,58,1.0445,0.05351806100515864,0.04577181079747224,7.1703653604735,1.0008048059310404,0.8195804515387392,0.39881852071532775,0.023803760512733578,0.01194740356689698,-0.011856356945836678,0.5019124419650322,0,0.0026869,0.0024126,0.0026869,TRUE,TRUE,TRUE
4,Queens,FLUSHING-NORTH,4210,3,"$292,700",prediction,GROSSCON,54,1.0608,0.23687825496001297,0.2232279627966019,6.418200470130202,0.9997522241215138,0.7302647281885927,0.4011838922076956,0.0215592835260255,0.02521477905221309,0.003655495526187697,1.169555519865722,0,0,0.3174496,0,TRUE,TRUE,TRUE
4,Queens,FLUSHING-NORTH,4210,4,"$310,000",prediction,GROSSCON,75,1.0329,0.09837617547200202,0.12261734400661092,5.910623913101161,1.0000158257597156,0.9490112818522702,0.348869970222092,0.016040830951854046,0.01489466524737359,-0.0011461657044805147,0.9285469868786155,0,0,0.6214698,0,TRUE,TRUE,TRUE
4,Queens,FLUSHING-NORTH,4210,5,"$327,865",prediction,GROSSCON,83,1.0147,0.004511462359890967,0.021619628355248652,5.300789238422176,1.0004122915431397,1.092804456765416,0.3482598574950012,0.01290941543949817,0.003357946372958283,-0.009551469066540046,0.2601160671213735,0,0.1897409,4.125e-4,0.1897409,TRUE,TRUE,TRUE
4,Queens,FLUSHING-NORTH,4210,6,"$349,600",prediction,GROSSCON,80,0.9836,0.11654066334283109,0.13151617966047321,4.972970874667772,1.0000212254478995,0.8888299304535161,0.42017737725543247,0.013909678701215395,0.013801281361927879,-1.083973392875332e-4,0.9922070565671496,0,0,0.9557994,0,TRUE,FALSE,TRUE
4,Queens,FLUSHING-NORTH,4210,7,"$363,200",prediction,GROSSCON,92,0.9833,0.06931544248460532,0.05176004244334122,5.203545420738884,1.0002090217034543,0.888762160923296,0.4074378548388451,0.014988007831690173,0.010592105552627547,-0.004395902279062809,0.7067053654877136,0,2e-7,0.022689,2e-7,TRUE,TRUE,TRUE
4,Queens,FLUSHING-NORTH,4210,8,"$391,600",prediction,GROSSCON,79,0.9473,0.07902112309614152,0.08971378716043751,5.479727278158788,1.0005625825433715,0.6605639049010663,0.48313184301205625,0.020473732539395172,0.011299875455620766,-0.00917385708377437,0.5519206345925336,0,7.68e-5,0.0011202,7.68e-5,TRUE,TRUE,TRUE
4,Queens,FLUSHING-NORTH,4210,9,"$430,421",prediction,GROSSCON,53,0.9468,0.17685166578092423,0.1902157727160597,5.987349517726201,1.0001883494764015,0.6683608089216516,0.5708831002995154,0.02434960618199948,0.02180905002027064,-0.00254055616172881,0.8956633572329796,0,2e-6,0.5283119,2e-6,TRUE,TRUE,TRUE
4,Queens,FLUSHING-NORTH,4210,10,"$688,000",prediction,GROSSCON,17,0.944,0.028457026691186403,0.1975315341388708,8.479468825616163,1.0044398506156447,0.49310345436040826,1.116829086494684,0.04239842498106894,0.012006672551986236,-0.03039175242908264,0.28318675887954003,7.3e-6,0.5110939,0.1233924,0.5110939,TRUE,TRUE,TRUE
4,Queens,FLUSHING-SOUTH,4211,1,"$221,000",prediction,GROSSCON,11,1.1157,0.1358007972399027,0.07805988578484332,6.082691479074614,1.0007489268119523,0.4978064281573752,0.4164536792139399,0.025176803394625104,0.021131169519389474,-0.004045633875235567,0.8393110590004789,1.04e-4,0.0294501,0.6834122,0.0294501,FALSE,TRUE,TRUE
4,Queens,FLUSHING-SOUTH,4211,2,"$245,200",prediction,GROSSCON,16,1.0211,0.24753895651899985,0.265077932370553,7.097477216742096,0.9995543001018513,0.7639589469244084,0.4509607209599629,0.02304914085586072,0.02659579035258504,0.003546649496724204,1.1538733924575924,0,0.069702,0.7894951,0.069702,TRUE,TRUE,TRUE
4,Queens,FLUSHING-SOUTH,4211,3,"$265,000",prediction,GROSSCON,21,1.068,0.194789632790081,0.223599370220813,6.053649293183173,0.9997896939017045,0.7949303008733597,0.5084858251103016,0.019536636940332693,0.02357267086698833,0.004036033926655468,1.2065879577422731,0,0.0085708,0.617475,0.0085708,TRUE,TRUE,TRUE
4,Queens,FLUSHING-SOUTH,4211,4,"$285,000",prediction,GROSSCON,20,0.9978,0.00764351078634515,5.7220186137265504e-5,6.507576327284445,1.001104995838444,1.2725227774041543,0.6268723244243927,0.017537391849876738,-0.004864676572661956,-0.02240206842253864,-0.27738882807115905,0,0.624777,0.0349776,0.624777,TRUE,TRUE,TRUE
4,Queens,FLUSHING-SOUTH,4211,5,"$301,607",prediction,GROSSCON,11,0.9784,0.2485152935615314,0.31321548821548817,7.5151639798323036,0.9992602837886183,0.9757920569218247,0.275189228289313,0.01703396139817816,0.039496590113618384,0.0224626287154402,2.318696701863057,2.8e-6,0.0556676,0.2548834,0.0556676,TRUE,TRUE,TRUE
4,Queens,FLUSHING-SOUTH,4211,6,"$335,000",prediction,GROSSCON,14,0.995,0.045210213586639354,0.06760834670947029,5.408269978090596,1.0000191843194697,1.1626797143738974,0.25256559438909565,0.009289352213729106,0.012641025595235816,0.003351673381506689,1.360808084825686,0,0.1524223,0.7038164,0.1524223,TRUE,TRUE,TRUE
4,Queens,FLUSHING-SOUTH,4211,7,"$360,000",prediction,GROSSCON,18,0.9553,0.10962153689958513,0.10824153636713826,6.6601599833146645,1.0013598389019924,1.2893617332290446,0.9270376389458534,0.016390207142793076,-0.012877411360062603,-0.029267618502855614,-0.7856771575778995,0,0.0613651,4.098e-4,0.0613651,TRUE,TRUE,TRUE
4,Queens,FLUSHING-SOUTH,4211,8,"$381,800",prediction,GROSSCON,26,0.936,0.11362163780736562,0.16448550072706522,5.575147138017879,1.0002429677994318,0.7206498531167923,0.3993215052224987,0.019158279285118526,0.01727017392968302,-0.0018881053554356065,0.9014470283402617,0,0.0247546,0.8040487,0.0247546,TRUE,TRUE,TRUE
4,Queens,FLUSHING-SOUTH,4211,9,"$400,000",prediction,GROSSCON,6,0.9184,0.035160904539691555,0.0035650623885918006,2.399076402201047,1.0001194323533245,1.153143155902307,0.41328403178035794,0.0060098896918980545,-0.0010293480179000018,-0.007039237709797919,-0.17127569234552145,0.0013712,0.8907606,0.4000221,0.8907606,TRUE,FALSE,TRUE
4,Queens,FOREST HILLS,4220,1,"$237,200",prediction,GROSSCON,50,1.0591,0.2102801233123024,0.4379206908579848,9.636230212660568,1.0065293111615328,0.2300141794134467,0.8639003797444547,0.06388031025836767,0.04288327512104375,-0.020997035137323868,0.6713066193260471,0,4.1e-5,0.0458107,4.1e-5,TRUE,TRUE,TRUE
4,Queens,FOREST HILLS,4220,2,"$275,000",prediction,GROSSCON,35,1.0418,0.010084100277652566,0.034600403099977126,12.023866428147002,1.0023089945219936,1.432195438169117,0.3125186813960356,0.022679002153465577,-0.007075849595152303,-0.029754851748617906,-0.31200004071039644,0,0.5340899,0.0143655,0.5340899,TRUE,TRUE,TRUE
4,Queens,FOREST HILLS,4220,3,"$307,200",prediction,GROSSCON,53,1.0522,0.16262771727795217,0.13143716928416846,10.02121610243673,0.999282040665148,1.0742441098590334,0.28027736733228215,0.018236063451044587,0.031349850479915065,0.013113787028870562,1.7191128208165676,0,4.94e-5,0.0681391,4.94e-5,TRUE,TRUE,TRUE
4,Queens,FOREST HILLS,4220,4,"$330,000",prediction,GROSSCON,75,1.0715,0.006949426852601564,0.008395383541433214,8.860178158013232,1.0006069633176304,1.2354496427540818,0.3447469460987229,0.018142236041396694,0.004432255115007915,-0.013709980926388721,0.2443058895769348,0,0.4405761,0.01731,0.4405761,TRUE,TRUE,TRUE
4,Queens,FOREST HILLS,4220,5,"$355,000",prediction,GROSSCON,68,1.0285,0.04501084152219377,0.08588817697707858,6.474069978125844,1.0000072173672625,1.198163052101164,0.23601684640554682,0.01218034981046299,0.01250899258959545,3.286427791324285e-4,1.0269813908669658,0,0.0056358,0.9404031,0.0056358,TRUE,TRUE,TRUE
4,Queens,FOREST HILLS,4220,6,"$395,128",prediction,GROSSCON,77,1.0061,0.09977251444537767,0.06808876112523184,7.338079601950086,0.9997917081200745,1.098122673336075,0.23812191398221993,0.012726285108345158,0.017066566092764107,0.004340280984418919,1.3410485422468599,0,9e-7,0.1679938,9e-7,TRUE,TRUE,TRUE
4,Queens,FOREST HILLS,4220,7,"$445,000",prediction,GROSSCON,60,0.9914,0.013050631453613366,0.03045519676990658,9.609848169606789,1.0004636677019951,1.1827436316624402,0.2672072244803954,0.01695137189022227,0.007160874287471356,-0.009790497602751082,0.4224362685123783,0,0.1679058,0.0590715,0.1679058,TRUE,TRUE,TRUE
4,Queens,FOREST HILLS,4220,8,"$501,495",prediction,GROSSCON,79,0.9949,0.12192273953769871,0.11134935685784457,7.978920653849915,0.9998198595907483,0.973382048902669,0.37338819820535607,0.020811642978813626,0.023137313665036147,0.0023256706862225295,1.1117485384786803,0,3.6e-6,0.6121214,3.6e-6,TRUE,TRUE,TRUE
4,Queens,FOREST HILLS,4220,9,"$632,800",prediction,GROSSCON,109,0.9325,0.22884821099563288,0.22874494833178524,7.023581338811331,1.0001509825324357,0.5876088781903671,0.5112024422115973,0.030994754795912936,0.030373699369297454,-6.210554266155317e-4,0.9799625636432701,0,0,0.8502285,0,TRUE,TRUE,TRUE
4,Queens,FOREST HILLS,4220,10,"$1,480,350",prediction,GROSSCON,147,0.9379,0.7591306255143887,0.7043048529158195,9.493365742799929,1.0007636712142018,0.09545322577541032,0.8707051193279681,0.14076681073984118,0.14109003298264503,3.232222428038239e-4,1.002296153767391,0,0,0.9585086,0,TRUE,TRUE,TRUE
4,Queens,FRESH MEADOWS,4230,1,"$196,700",prediction,GROSSCON,2,NA,NA,NA,NA,NA,NA,NA,NA,NA,NA,NA,NA,NA,NA,NA,NA,NA,NA
4,Queens,FRESH MEADOWS,4230,2,"$213,400",prediction,GROSSCON,5,NA,NA,NA,NA,NA,NA,NA,NA,NA,NA,NA,NA,NA,NA,NA,NA,NA,NA
4,Queens,FRESH MEADOWS,4230,3,"$219,300",prediction,GROSSCON,3,NA,NA,NA,NA,NA,NA,NA,NA,NA,NA,NA,NA,NA,NA,NA,NA,NA,NA
4,Queens,FRESH MEADOWS,4230,4,"$226,800",prediction,GROSSCON,2,NA,NA,NA,NA,NA,NA,NA,NA,NA,NA,NA,NA,NA,NA,NA,NA,NA,NA
4,Queens,GLEN OAKS,4240,1,"$235,000",prediction,GROSSCON,6,1.2143,0.4221544049549308,0.6074826989619375,6.877223267749814,0.9988087449243029,0.61998208468974,0.43198941473412655,0.032784041630529025,0.045960280553191846,0.013176238922662883,1.4019101449161486,0.0018936,0.1359949,0.6012414,0.1359949,FALSE,TRUE,TRUE
4,Queens,GLEN OAKS,4240,2,"$250,000",prediction,GROSSCON,27,1.0879,0.0027979297195576277,1.9763851450300588e-4,7.453044069178858,1.0015538915343563,0.828970305223385,0.34759134905077743,0.024143146421339478,0.004128728069349501,-0.020014418351989936,0.17101035620196753,0,0.6007425,0.0194647,0.6007425,TRUE,TRUE,TRUE
4,Queens,GLEN OAKS,4240,3,"$290,000",prediction,GROSSCON,31,1.0058,0.15623937198441717,0.18175945203032798,12.462288704788644,0.9989315765040301,1.1966053368527583,0.2788876039127197,0.018737572449972525,0.03624386491777143,0.0175062924677989,1.934288180314655,0,0.0011382,0.0845753,0.0011382,TRUE,TRUE,TRUE
4,Queens,GLEN OAKS,4240,4,"$325,000",prediction,GROSSCON,9,1.0639,0.11736693494839376,0.26963768115942033,7.646825093059409,0.9995471675940867,1.1940473984645685,0.3636413236566562,0.015422548830013533,0.01493079012463789,-4.917587053756817e-4,0.9681143038809089,3.687e-4,0.6331496,0.9868888,0.6331496,TRUE,TRUE,TRUE
4,Queens,GLEN OAKS,4240,5,"$355,000",prediction,GROSSCON,19,1.0147,0.08619008491862608,0.1061139475423938,9.492705044125103,0.9996853176503023,1.1663262896917501,0.1689145036764524,0.01599309197188188,0.023984950158854792,0.007991858186972912,1.4997068860120162,0,0.1540879,0.6267314,0.1540879,TRUE,TRUE,TRUE
4,Queens,GLEN OAKS,4240,6,"$395,000",prediction,GROSSCON,20,0.9434,0.011039243231214229,0.044348700121273545,10.34432075379656,1.0000793239042642,1.3710277879998276,0.2155587564049843,0.01100744248948987,0.008465468335917537,-0.002541974153572319,0.7690676870672404,0,0.573589,0.8653101,0.573589,TRUE,TRUE,TRUE
4,Queens,GLEN OAKS,4240,7,"$473,500",prediction,GROSSCON,20,0.9502,0.3871117496288444,0.43078302354994163,10.387961929449466,0.9983396091530279,1.0698057025004593,0.1812062928330542,0.015591440654505405,0.05305558887033615,0.03746414821583078,3.4028663576386573,0,9.543e-4,0.0116001,9.543e-4,TRUE,TRUE,TRUE
4,Queens,GLEN OAKS,4240,8,"$575,000",prediction,GROSSCON,19,1.0016,0.22806888635498224,0.17971162474086452,10.060138284020349,0.9984111406430551,1.1702500525028376,0.23726692833824026,0.019841582080940074,0.04853507667473499,0.02869349459379494,2.4461293699637903,0,0.0280318,0.1721769,0.0280318,TRUE,TRUE,TRUE
4,Queens,GLEN OAKS,4240,9,"$740,000",prediction,GROSSCON,20,0.9222,0.0038897619654348326,0.012247024178659133,12.353970482696276,1.0023477259397409,1.1760755144929933,0.378723865627328,0.03193253728830214,0.006884302754343379,-0.025048234533958755,0.21558896783517653,0,0.528762,0.0341094,0.528762,TRUE,TRUE,TRUE
4,Queens,GLEN OAKS,4240,10,"$1,500,000",prediction,GROSSCON,60,0.9358,0.5686651130960148,0.48968098816311373,16.91537617593866,1.0090034685874816,0.16007328106871138,0.7665277691958532,0.14516802815867785,0.12681882498203112,-0.018349203176646765,0.8736002451132702,0,0,0.2000434,0,TRUE,FALSE,TRUE
4,Queens,GLENDALE,4250,1,"$199,100",prediction,GROSSCON,8,1.1326,0.6773235114349407,0.6095238095238097,3.8514181391086018,0.9998297744450864,0.17697159213902794,0.8292876801167431,0.04077442065121734,0.04304356110245617,0.0022691404512388456,1.0556510776854182,9.83e-5,0.0089944,0.8430982,0.0089944,FALSE,FALSE,TRUE
4,Queens,GLENDALE,4250,2,"$241,800",prediction,GROSSCON,5,NA,NA,NA,NA,NA,NA,NA,NA,NA,NA,NA,NA,NA,NA,NA,NA,NA,NA
4,Queens,GLENDALE,4250,3,"$263,600",prediction,GROSSCON,6,1.1114,0.014665782913864243,0.21428571428571433,5.23003085856274,1.0001928369331947,1.1454268384412125,0.31809482495168195,0.011191573403554889,0.018124436688592115,0.006932863285037142,1.6194717252924151,0.0295767,0.3294301,0.7262355,0.3294301,FALSE,TRUE,TRUE
4,Queens,GLENDALE,4250,4,"$297,000",prediction,GROSSCON,7,1.0508,0.4366320536966552,0.555702479338843,5.429850634293458,0.9986976976176667,0.7851734537030778,0.37098282204425354,0.021783181357649468,0.046216260777311,0.02443307941966151,2.121648808707244,0.0046228,0.089121,0.2949496,0.089121,TRUE,TRUE,TRUE
4,Queens,GLENDALE,4250,5,"$306,500",prediction,GROSSCON,12,0.9701,0.008868937654262058,5.0485927047835424e-5,6.833786769036415,1.0009255773164554,1.282507626630944,0.7463303440836963,0.01616950438816607,-0.006097055194548422,-0.0222665595827144,-0.37707124771311895,1e-7,0.7377046,0.2374559,0.7377046,TRUE,TRUE,TRUE
4,Queens,GLENDALE,4250,6,"$322,400",prediction,GROSSCON,7,0.8868,0.23732038082488033,0.4485690235690237,11.059960513882121,1.0015288509487315,1.5591991755440933,NA,0.011051693404634707,-0.04921205960596509,-0.06026375301059974,-4.452897651442908,1.034e-4,0.1461995,0.0901443,0.1461995,FALSE,TRUE,TRUE
4,Queens,GLENDALE,4250,7,"$338,500",prediction,GROSSCON,2,NA,NA,NA,NA,NA,NA,NA,NA,NA,NA,NA,NA,NA,NA,NA,NA,NA,NA
4,Queens,GLENDALE,4250,8,"$394,000",prediction,GROSSCON,7,0.9419,0.436042980538614,0.7124579124579128,7.171915586842852,0.9984613199412732,0.8110550878889622,0.3514699091261183,0.02304964539007097,0.06162439404702925,0.038574748656958265,2.673550634040336,0.001764,0.0362639,0.1590835,0.0362639,TRUE,TRUE,TRUE
4,Queens,GLENDALE,4250,9,"$434,050",prediction,GROSSCON,5,NA,NA,NA,NA,NA,NA,NA,NA,NA,NA,NA,NA,NA,NA,NA,NA,NA,NA
4,Queens,GLENDALE,4250,10,"$549,000",prediction,GROSSCON,3,NA,NA,NA,NA,NA,NA,NA,NA,NA,NA,NA,NA,NA,NA,NA,NA,NA,NA
4,Queens,HILLCREST,4270,1,"$215,000",prediction,GROSSCON,2,NA,NA,NA,NA,NA,NA,NA,NA,NA,NA,NA,NA,NA,NA,NA,NA,NA,NA
4,Queens,HILLCREST,4270,2,"$218,200",prediction,GROSSCON,7,1.0138,0.03205962242465379,0.10999999999999999,5.175458340958423,1.0006033436169777,0.6985062555303103,0.48473418864491863,0.017930438539641498,0.0050083651610900535,-0.012922073378551398,0.279321955791386,0.0066038,0.5072807,0.1205312,0.5072807,TRUE,TRUE,TRUE
4,Queens,HILLCREST,4270,3,"$231,500",prediction,GROSSCON,6,1.0417,0.010878191493616152,9.487666034155598e-4,5.504675559330882,1.001098682855317,0.766436276803482,0.18346614259444088,0.01993569131832793,-0.0012734753645820577,-0.02120916668290996,-0.0638791674814523,0.0021341,0.9443664,0.3071815,0.9443664,TRUE,TRUE,TRUE
4,Queens,HILLCREST,4270,4,"$259,000",prediction,GROSSCON,6,1.0226,0.5112622811323714,0.11786987522281639,6.276409554093954,1.0016998921105418,1.7285788476607808,1.0384903052136711,0.013251382452291032,-0.034056286828170274,-0.04730766928046129,-2.570017652934194,0.0096828,0.2067567,0.1248028,0.2067567,TRUE,TRUE,TRUE
4,Queens,HILLCREST,4270,5,"$267,500",prediction,GROSSCON,5,NA,NA,NA,NA,NA,NA,NA,NA,NA,NA,NA,NA,NA,NA,NA,NA,NA,NA
4,Queens,HILLCREST,4270,6,"$280,000",prediction,GROSSCON,1,NA,NA,NA,NA,NA,NA,NA,NA,NA,NA,NA,NA,NA,NA,NA,NA,NA,NA
4,Queens,HILLCREST,4270,8,"$301,200",prediction,GROSSCON,1,NA,NA,NA,NA,NA,NA,NA,NA,NA,NA,NA,NA,NA,NA,NA,NA,NA,NA
4,Queens,HOLLIS,4280,1,"$132,500",prediction,GROSSCON,4,NA,NA,NA,NA,NA,NA,NA,NA,NA,NA,NA,NA,NA,NA,NA,NA,NA,NA
4,Queens,HOLLIS,4280,3,"$145,500",prediction,GROSSCON,2,NA,NA,NA,NA,NA,NA,NA,NA,NA,NA,NA,NA,NA,NA,NA,NA,NA,NA
4,Queens,HOLLIS HILLS,4290,1,"$180,000",prediction,GROSSCON,4,NA,NA,NA,NA,NA,NA,NA,NA,NA,NA,NA,NA,NA,NA,NA,NA,NA,NA
4,Queens,HOLLIS HILLS,4290,2,"$222,000",prediction,GROSSCON,2,NA,NA,NA,NA,NA,NA,NA,NA,NA,NA,NA,NA,NA,NA,NA,NA,NA,NA
4,Queens,HOLLIS HILLS,4290,3,"$257,600",prediction,GROSSCON,3,NA,NA,NA,NA,NA,NA,NA,NA,NA,NA,NA,NA,NA,NA,NA,NA,NA,NA
4,Queens,HOLLIS HILLS,4290,4,"$284,400",prediction,GROSSCON,4,NA,NA,NA,NA,NA,NA,NA,NA,NA,NA,NA,NA,NA,NA,NA,NA,NA,NA
4,Queens,HOLLIS HILLS,4290,5,"$290,000",prediction,GROSSCON,3,NA,NA,NA,NA,NA,NA,NA,NA,NA,NA,NA,NA,NA,NA,NA,NA,NA,NA
4,Queens,HOLLIS HILLS,4290,6,"$309,177",prediction,GROSSCON,4,NA,NA,NA,NA,NA,NA,NA,NA,NA,NA,NA,NA,NA,NA,NA,NA,NA,NA
4,Queens,HOLLIS HILLS,4290,7,"$327,288",prediction,GROSSCON,3,NA,NA,NA,NA,NA,NA,NA,NA,NA,NA,NA,NA,NA,NA,NA,NA,NA,NA
4,Queens,HOLLISWOOD,4300,1,"$174,500",prediction,GROSSCON,27,1.0331,0.48650728233048607,0.5263304040307427,4.267055273247043,1.0015125123061865,-0.0303500187045279,1.0398260575288152,0.040030685542924854,0.028128277886709047,-0.011902407656215796,0.7026679035148483,0,6e-7,0.0137294,6e-7,TRUE,FALSE,TRUE
4,Queens,HOLLISWOOD,4300,2,"$182,000",prediction,GROSSCON,20,0.9895,0.07411558522174815,0.02890828808731483,5.033473820837915,1.0011030206244549,0.3947359592445929,0.7029362355953784,0.02509227237060073,0.009243279563727256,-0.015848992806873463,0.36837156185810904,0,0.1389427,0.0145347,0.1389427,TRUE,TRUE,TRUE
4,Queens,HOLLISWOOD,4300,3,"$190,000",prediction,GROSSCON,12,0.9501,0.10079075457231744,0.015021581099500228,2.8923802179148246,1.0007994949288384,0.10308315802418107,0.7112602446473212,0.02159424153559046,0.006990682126237119,-0.014603559409353413,0.32372899574709985,2e-7,0.2230313,0.0179555,0.2230313,TRUE,FALSE,TRUE
4,Queens,HOLLISWOOD,4300,4,"$200,000",prediction,GROSSCON,1,NA,NA,NA,NA,NA,NA,NA,NA,NA,NA,NA,NA,NA,NA,NA,NA,NA,NA
4,Queens,HOWARD BEACH,4310,1,"$169,200",prediction,GROSSCON,42,1.0596,0.7624680989287833,0.6394683572436987,6.833029360500557,1.0011123268386666,0.0623066408919031,0.918499557199503,0.08633125671725336,0.07855665203550163,-0.007774604681751663,0.9099444977707835,0,0,0.2181849,0,TRUE,TRUE,TRUE
4,Queens,HOWARD BEACH,4310,2,"$192,000",prediction,GROSSCON,20,1.0323,0.4650078708360173,0.5083665156822252,10.40560663676301,0.9977082310887632,0.8248270210083075,0.3086295449094547,0.025117911593726026,0.06029251100136351,0.0351745994076375,2.400379138862146,0,1.808e-4,0.0137082,1.808e-4,TRUE,TRUE,TRUE
4,Queens,HOWARD BEACH,4310,3,"$220,000",prediction,GROSSCON,28,1.0576,0.085001473652466,0.04000419075560334,5.512396301310739,1.0003912446018874,0.7162957316060579,0.5087848571792732,0.019290483334567895,0.010175926136334152,-0.00911455719823365,0.5275101696440819,0,0.0811462,0.09994,0.0811462,TRUE,TRUE,TRUE
4,Queens,HOWARD BEACH,4310,4,"$240,000",prediction,GROSSCON,27,0.9699,0.027885391093717005,0.015915811511345013,4.7000823725623,1.0004557287212634,0.813347038119458,0.44932398901205534,0.01566380464053661,0.005842888278276809,-0.00982091636225986,0.37301845958649776,0,0.3043678,0.0909274,0.3043678,TRUE,FALSE,TRUE
4,Queens,HOWARD BEACH,4310,5,"$260,000",prediction,GROSSCON,21,0.9361,0.11767401501227863,0.13905305924022499,6.373093237892248,0.9998726749440745,1.014039370274836,0.32874912693772684,0.013419713095788868,0.01761792806681785,0.004198214971028953,1.3128393983584108,0,0.0132152,0.5266827,0.0132152,TRUE,TRUE,TRUE
4,Queens,HOWARD BEACH,4310,6,"$275,500",prediction,GROSSCON,9,0.8969,0.39184122490986656,0.4407485875706215,4.964944852285714,0.9995403277488315,0.8912605621008551,0.24374754530651435,0.012682215743440264,0.02901401907022078,0.016331803326780567,2.2877720784105446,1.6e-6,0.0451776,0.2180472,0.0451776,FALSE,FALSE,TRUE
4,Queens,HOWARD BEACH,4310,7,"$290,000",prediction,GROSSCON,6,0.895,0.06927241133103985,0.030252100840336138,3.8387920474256667,1.0000884875301441,0.9544395952774959,0.25375903241747644,0.012801238116294482,0.015813492289447183,0.003012254173152789,1.2353095962896554,9.832e-4,0.4226033,0.8799393,0.4226033,FALSE,FALSE,TRUE
4,Queens,JACKSON HEIGHTS,4320,1,"$235,000",prediction,GROSSCON,34,1.1641,0.1098236182534908,0.09411167337750671,9.770113442900987,1.0021737586336128,0.6217830442876854,0.6945821228785057,0.03974312441874179,0.02807238658948745,-0.011670737829254457,0.7063457390443421,0,0.0222947,0.3078822,0.0222947,FALSE,TRUE,TRUE
4,Queens,JACKSON HEIGHTS,4320,2,"$280,000",prediction,GROSSCON,50,1.0272,0.010179010996259197,0.008306058421768424,7.038928580643231,1.0019384882073061,0.896497401081608,0.865761482910618,0.022835587366812352,-0.0064211505741734705,-0.02925673794098573,-0.28119051509511855,0,0.2041213,3e-7,0.2041213,TRUE,TRUE,TRUE
4,Queens,JACKSON HEIGHTS,4320,3,"$310,000",prediction,GROSSCON,30,1.0159,0.00022610958075124617,0.042916119072655995,12.78543836561986,1.001201865685173,1.5162736144452984,0.29212199380336185,0.020932182752723984,-9.606299359721489e-4,-0.02189281268869619,-0.045892487530812855,0,0.922839,0.0310979,0.922839,TRUE,TRUE,TRUE
4,Queens,JACKSON HEIGHTS,4320,4,"$335,000",prediction,GROSSCON,51,1.0594,0.09921226478763956,0.17940122363444402,6.795454895730287,0.9998313476348453,1.0596808798311617,0.25506563384692116,0.014963305861321005,0.020520201466710124,0.005556895605389216,1.3713681760494616,0,7.124e-4,0.3378606,7.124e-4,TRUE,TRUE,TRUE
4,Queens,JACKSON HEIGHTS,4320,5,"$365,000",prediction,GROSSCON,59,1.0557,0.03131984301520169,0.019913208117258968,7.691339680136402,1.0001667795060667,1.163378856473535,0.26432938298766606,0.01410985875422344,0.008818634919344186,-0.005291223834879319,0.624998100473862,0,0.0993012,0.3116391,0.0993012,TRUE,TRUE,TRUE
4,Queens,JACKSON HEIGHTS,4320,6,"$400,000",prediction,GROSSCON,59,1.016,0.09703761261969089,0.1521316978284556,6.618713166992786,0.9998012890368836,1.1396744083350565,0.2797043958322405,0.013141838611377096,0.018360114333004003,0.005218275721626888,1.3970734899384099,0,1.505e-4,0.2533777,1.505e-4,TRUE,TRUE,TRUE
4,Queens,JACKSON HEIGHTS,4320,7,"$440,000",prediction,GROSSCON,59,0.9882,3.985139416406987e-5,0.002976095086330571,6.693150669572977,1.00068179225487,1.129155579540137,0.36029722860469104,0.01533875207343936,1.7921937266312358e-4,-0.01515953270077628,0.01168409084422555,0,0.9541411,8.7e-6,0.9541411,TRUE,TRUE,TRUE
4,Queens,JACKSON HEIGHTS,4320,8,"$513,800",prediction,GROSSCON,67,1.0045,0.20120114741641654,0.26395281495281336,6.807971220646683,0.9994872111720704,0.9350725689820009,0.3161598144749083,0.01818808277073746,0.02875007463133531,0.010561991860597834,1.5807094674976336,0,0,0.0114512,0,TRUE,TRUE,TRUE
4,Queens,JACKSON HEIGHTS,4320,9,"$699,800",prediction,GROSSCON,87,0.9554,0.07548003239441294,0.08995638996123834,6.616217290311181,1.0012217741830072,0.613306508479637,0.6436342118640104,0.028391710328778196,0.014175106722647922,-0.014216603606130187,0.4992692077546273,0,2e-4,1.959e-4,2e-4,TRUE,TRUE,TRUE
4,Queens,JACKSON HEIGHTS,4320,10,"$1,350,000",prediction,GROSSCON,127,0.9329,0.9068939681800167,0.8101505877420363,7.588310689891617,0.9965673859078972,0.07047789935518048,0.8778380114075321,0.1556695300376456,0.16285875077625978,0.007189220738614267,1.0461825813752748,0,0,0.11611,0,TRUE,TRUE,TRUE
4,Queens,JAMAICA,4330,1,"$120,000",prediction,GROSSCON,80,1.0547,0.6893718409301347,0.6974075619319053,8.18886981859337,1.0026532910771055,0.06301522739992192,0.8795353619501332,0.10492113182584623,0.09697809302581695,-0.007943038800029306,0.924295147585584,0,0,0.1703293,0,TRUE,TRUE,TRUE
4,Queens,JAMAICA,4330,2,"$130,000",prediction,GROSSCON,16,0.9886,0.04315921483435935,0.03179650238473768,6.1937508378099855,1.0008534644768712,0.6864434747616804,1.3964941618882343,0.022439586174169947,0.007448917970266751,-0.014990668203903216,0.3319543378585622,0,0.4493239,0.1294589,0.4493239,TRUE,TRUE,TRUE
4,Queens,JAMAICA,4330,3,"$140,000",prediction,GROSSCON,6,0.8945,0.028575096904603855,0.06095238095238097,5.4135506273682426,1.0000165662672547,1.1985237771572281,0.10607570919809725,0.007299270072992594,0.004439712805929112,-0.002859557267063502,0.6082406544123273,0.0088847,0.7558979,0.8361585,0.7558979,FALSE,TRUE,TRUE
4,Queens,JAMAICA,4330,4,"$150,000",prediction,GROSSCON,3,NA,NA,NA,NA,NA,NA,NA,NA,NA,NA,NA,NA,NA,NA,NA,NA,NA,NA
4,Queens,JAMAICA,4330,5,"$165,000",prediction,GROSSCON,3,NA,NA,NA,NA,NA,NA,NA,NA,NA,NA,NA,NA,NA,NA,NA,NA,NA,NA
4,Queens,JAMAICA,4330,6,"$179,400",prediction,GROSSCON,2,NA,NA,NA,NA,NA,NA,NA,NA,NA,NA,NA,NA,NA,NA,NA,NA,NA,NA
4,Queens,JAMAICA,4330,7,"$208,000",prediction,GROSSCON,2,NA,NA,NA,NA,NA,NA,NA,NA,NA,NA,NA,NA,NA,NA,NA,NA,NA,NA
4,Queens,JAMAICA,4330,8,"$235,000",prediction,GROSSCON,2,NA,NA,NA,NA,NA,NA,NA,NA,NA,NA,NA,NA,NA,NA,NA,NA,NA,NA
4,Queens,JAMAICA,4330,9,"$285,204",prediction,GROSSCON,1,NA,NA,NA,NA,NA,NA,NA,NA,NA,NA,NA,NA,NA,NA,NA,NA,NA,NA
4,Queens,JAMAICA ESTATES,4350,1,"$158,400",prediction,GROSSCON,9,1.0688,0.6041863397042214,0.7802777777777777,5.588953076985705,1.0011679057136236,0.08128472384862713,0.8906308545340553,0.06257961783439485,0.05845272119272317,-0.004126896641671718,0.9340536618073841,3.12e-5,0.0061384,0.8170727,0.0061384,TRUE,TRUE,TRUE
4,Queens,JAMAICA ESTATES,4350,2,"$172,000",prediction,GROSSCON,2,NA,NA,NA,NA,NA,NA,NA,NA,NA,NA,NA,NA,NA,NA,NA,NA,NA,NA
4,Queens,JAMAICA ESTATES,4350,3,"$181,600",prediction,GROSSCON,4,NA,NA,NA,NA,NA,NA,NA,NA,NA,NA,NA,NA,NA,NA,NA,NA,NA,NA
4,Queens,JAMAICA ESTATES,4350,4,"$183,800",prediction,GROSSCON,1,NA,NA,NA,NA,NA,NA,NA,NA,NA,NA,NA,NA,NA,NA,NA,NA,NA,NA
4,Queens,JAMAICA ESTATES,4350,8,"$264,000",prediction,GROSSCON,1,NA,NA,NA,NA,NA,NA,NA,NA,NA,NA,NA,NA,NA,NA,NA,NA,NA,NA
4,Queens,JAMAICA HILLS,4360,1,"$137,500",prediction,GROSSCON,11,1.0373000000000001,0.7889165671485691,0.5833438545546366,7.72412527505853,1.0027843941380026,0.018275733228804117,0.82526101757914,0.1040586245772266,0.10762046847917413,0.0035618439019475096,1.0342292041281411,3.51e-5,3.008e-4,0.8352607,3.008e-4,TRUE,TRUE,TRUE
4,Queens,JAMAICA HILLS,4360,2,"$155,000",prediction,GROSSCON,1,NA,NA,NA,NA,NA,NA,NA,NA,NA,NA,NA,NA,NA,NA,NA,NA,NA,NA
4,Queens,JAMAICA HILLS,4360,3,"$175,000",prediction,GROSSCON,3,NA,NA,NA,NA,NA,NA,NA,NA,NA,NA,NA,NA,NA,NA,NA,NA,NA,NA
4,Queens,JAMAICA HILLS,4360,4,"$178,200",prediction,GROSSCON,1,NA,NA,NA,NA,NA,NA,NA,NA,NA,NA,NA,NA,NA,NA,NA,NA,NA,NA
4,Queens,JAMAICA HILLS,4360,5,"$187,500",prediction,GROSSCON,2,NA,NA,NA,NA,NA,NA,NA,NA,NA,NA,NA,NA,NA,NA,NA,NA,NA,NA
4,Queens,KEW GARDENS,4370,1,"$179,900",prediction,GROSSCON,40,1.0621,0.5050549603509162,0.6042087461223121,9.51688317602435,0.998070358702356,0.3619768543505781,0.6775381241966164,0.06657598070055554,0.07744463460151806,0.010868653900962536,1.1632518783290238,0,1e-7,0.3525395,1e-7,TRUE,TRUE,TRUE
4,Queens,KEW GARDENS,4370,2,"$210,000",prediction,GROSSCON,42,1.0863,0.061983471404631715,0.01881713827508352,8.304252026535348,1.0003881355099749,0.9069860906207254,0.33689022521608314,0.02060560285928481,0.011330282616906214,-0.009275320242378605,0.5498641653088453,0,0.017159399999999998,0.0334846,0.017159399999999998,TRUE,TRUE,TRUE
4,Queens,KEW GARDENS,4370,3,"$228,700",prediction,GROSSCON,37,1.0053,0.15604020104782318,0.17067453392681475,5.062744131446103,1.0001908046679782,0.664773099390377,0.468789234685754,0.01959720987869807,0.016731739817644836,-0.0028654700610532082,0.8537817332778583,0,2.8e-4,0.4969997,2.8e-4,TRUE,TRUE,TRUE
4,Queens,KEW GARDENS,4370,4,"$241,800",prediction,GROSSCON,21,0.9697,0.29877529162085487,0.2725143708750266,5.380558030070875,0.9996814101608293,0.7218838273187766,0.3344170891954277,0.017957410898764632,0.024792729248274237,0.006835318349509642,1.380640527080659,0,0.0043662,0.3823587,0.0043662,TRUE,TRUE,TRUE
4,Queens,KEW GARDENS,4370,5,"$260,000",prediction,GROSSCON,11,0.9631,0.0014189379697395076,0.004756871035940805,7.810578729186053,1.0006905609741703,1.2396352022097297,0.21469315110833823,0.014906693904642939,-0.0016100944890608065,-0.01651678839370362,-0.10801150807552738,3.5e-6,0.9364634,0.4251361,0.9364634,TRUE,TRUE,TRUE
4,Queens,KEW GARDENS,4370,6,"$276,600",prediction,GROSSCON,21,0.8981,0.11249935023056057,0.0597869196671592,5.726229079189487,0.9999960489747913,0.9269702198169198,0.4362688759788242,0.014615438744634494,0.012506730713117429,-0.002108708031517041,0.8557205111415985,0,0.0251576,0.6640559,0.0251576,FALSE,TRUE,TRUE
4,Queens,KEW GARDENS,4370,7,"$315,000",prediction,GROSSCON,16,0.9058,0.09820065064006016,0.06645302897278314,9.75666334584681,0.999667857874504,1.199503251556847,0.21319103829673938,0.012953873082827605,0.01886265000029978,0.005908776917472271,1.4561397876674556,0,0.1224723,0.601559,0.1224723,TRUE,TRUE,TRUE
4,Queens,KEW GARDENS,4370,8,"$345,400",prediction,GROSSCON,11,0.8958,0.046690718613535416,0.0021043771043771043,7.269904708963663,1.0001998530953962,1.022497830449071,0.23514180539381813,0.016215900810252232,0.008298102690642632,-0.007917798119609654,0.5117262856835065,1.5e-6,0.5860863,0.5920394,0.5860863,FALSE,TRUE,TRUE
4,Queens,KEW GARDENS,4370,9,"$389,100",prediction,GROSSCON,9,0.9287,0.3354619817575441,0.30504201680672266,4.300530617484989,1.0006297961976645,0.2730291315386591,0.710376849465425,0.03394318728935968,0.026443414164791602,-0.007499773124568056,0.7790492371669823,1.21e-5,0.1167624,0.6221054,0.1167624,TRUE,FALSE,TRUE
4,Queens,KEW GARDENS,4370,10,"$712,775",prediction,GROSSCON,2,NA,NA,NA,NA,NA,NA,NA,NA,NA,NA,NA,NA,NA,NA,NA,NA,NA,NA
4,Queens,LAURELTON,4380,3,"$260,000",prediction,GROSSCON,1,NA,NA,NA,NA,NA,NA,NA,NA,NA,NA,NA,NA,NA,NA,NA,NA,NA,NA
4,Queens,LITTLE NECK,4390,1,"$201,400",prediction,GROSSCON,19,1.1717,0.6758388065756309,0.4580514100816063,5.4524902467914504,0.998856392172479,0.2599353402997047,0.6453353991704736,0.049250924022070146,0.052229545663336534,0.0029786216412663056,1.060478492544253,0,1.848e-4,0.7587669,1.848e-4,FALSE,TRUE,TRUE
4,Queens,LITTLE NECK,4390,2,"$225,400",prediction,GROSSCON,18,1.0551,0.04029432596207844,0.008042233687999173,6.197999133395641,1.0007601628709086,0.8987480309912588,0.5745653924382992,0.02401464413871248,0.012738565962230655,-0.011276078176481897,0.5304499158367951,0,0.1924638,0.2510775,0.1924638,TRUE,TRUE,TRUE
4,Queens,LITTLE NECK,4390,3,"$251,760",prediction,GROSSCON,21,0.9519,0.008607833824078894,0.03490350775418649,6.7055347442828594,1.0009047548332217,1.12887755181818,0.4460278066529485,0.02106486096654793,0.0074927373735378605,-0.013572123593010152,0.3556984014960547,0,0.5490114,0.2877754,0.5490114,TRUE,TRUE,TRUE
4,Queens,LITTLE NECK,4390,4,"$270,000",prediction,GROSSCON,13,0.8941,0.46129879628853276,0.3759998907436457,12.256160419011824,0.9977340253910438,1.1106033810448057,0.18960316066639402,0.01694915254237296,0.0754604226812146,0.05851127013884178,4.452164938191678,2e-7,4.69e-5,6.337e-4,4.69e-5,FALSE,TRUE,TRUE
4,Queens,LITTLE NECK,4390,5,"$300,000",prediction,GROSSCON,10,1.099,0.043229597591924414,0.02969022191926078,11.439237833511848,0.9997372814332864,1.2147844357227306,0.11227305223207604,0.011501736111111166,0.019564998221087253,0.008063262109976122,1.7010473925050886,4e-7,0.4296538,0.7401053,0.4296538,TRUE,TRUE,TRUE
4,Queens,LITTLE NECK,4390,6,"$330,000",prediction,GROSSCON,15,1.0536,0.04075655906073936,0.09309384290719899,4.309005556429742,1.000730900302052,0.9048980845779406,0.5213511887450394,0.013745851316895326,-0.007412274159124062,-0.02115812547601931,-0.5392371842414381,0,0.1943869,0.0011858,0.1943869,TRUE,FALSE,TRUE
4,Queens,LITTLE NECK,4390,7,"$365,000",prediction,GROSSCON,15,0.9236,0.024777374189081436,0.0037804463281270436,7.466710617938347,1.0008717700640164,1.3875792917568406,0.5229377775603125,0.01367398344728321,-0.009229728487004256,-0.02290371193428751,-0.6749846175101077,0,0.5365508,0.1405884,0.5365508,TRUE,TRUE,TRUE
4,Queens,LITTLE NECK,4390,8,"$385,000",prediction,GROSSCON,29,0.9131,0.04718511366316455,0.01956257428198177,4.842873018714687,1.0002998335369289,0.8799045751257654,0.35377078611471974,0.014804474461275618,0.007674044900700852,-0.007130429560574772,0.5183598324124127,0,0.1434296,0.1694021,0.1434296,TRUE,FALSE,TRUE
4,Queens,LITTLE NECK,4390,9,"$399,600",prediction,GROSSCON,3,NA,NA,NA,NA,NA,NA,NA,NA,NA,NA,NA,NA,NA,NA,NA,NA,NA,NA
4,Queens,LONG ISLAND CITY,4400,6,"$405,100",prediction,GROSSCON,2,NA,NA,NA,NA,NA,NA,NA,NA,NA,NA,NA,NA,NA,NA,NA,NA,NA,NA
4,Queens,LONG ISLAND CITY,4400,7,"$405,450",prediction,GROSSCON,1,NA,NA,NA,NA,NA,NA,NA,NA,NA,NA,NA,NA,NA,NA,NA,NA,NA,NA
4,Queens,LONG ISLAND CITY,4400,8,"$408,200",prediction,GROSSCON,4,NA,NA,NA,NA,NA,NA,NA,NA,NA,NA,NA,NA,NA,NA,NA,NA,NA,NA
4,Queens,LONG ISLAND CITY,4400,10,"$609,000",prediction,GROSSCON,1,NA,NA,NA,NA,NA,NA,NA,NA,NA,NA,NA,NA,NA,NA,NA,NA,NA,NA
4,Queens,MASPETH,4410,2,"$260,000",prediction,GROSSCON,1,NA,NA,NA,NA,NA,NA,NA,NA,NA,NA,NA,NA,NA,NA,NA,NA,NA,NA
4,Queens,MASPETH,4410,3,"$299,000",prediction,GROSSCON,3,NA,NA,NA,NA,NA,NA,NA,NA,NA,NA,NA,NA,NA,NA,NA,NA,NA,NA
4,Queens,MASPETH,4410,4,"$330,000",prediction,GROSSCON,1,NA,NA,NA,NA,NA,NA,NA,NA,NA,NA,NA,NA,NA,NA,NA,NA,NA,NA
4,Queens,MASPETH,4410,5,"$355,000",prediction,GROSSCON,1,NA,NA,NA,NA,NA,NA,NA,NA,NA,NA,NA,NA,NA,NA,NA,NA,NA,NA
4,Queens,MASPETH,4410,6,"$365,000",prediction,GROSSCON,2,NA,NA,NA,NA,NA,NA,NA,NA,NA,NA,NA,NA,NA,NA,NA,NA,NA,NA
4,Queens,MASPETH,4410,7,"$367,500",prediction,GROSSCON,4,NA,NA,NA,NA,NA,NA,NA,NA,NA,NA,NA,NA,NA,NA,NA,NA,NA,NA
4,Queens,MASPETH,4410,8,"$390,000",prediction,GROSSCON,3,NA,NA,NA,NA,NA,NA,NA,NA,NA,NA,NA,NA,NA,NA,NA,NA,NA,NA
4,Queens,MASPETH,4410,9,"$412,500",prediction,GROSSCON,1,NA,NA,NA,NA,NA,NA,NA,NA,NA,NA,NA,NA,NA,NA,NA,NA,NA,NA
4,Queens,MIDDLE VILLAGE,4420,1,"$215,900",prediction,GROSSCON,1,NA,NA,NA,NA,NA,NA,NA,NA,NA,NA,NA,NA,NA,NA,NA,NA,NA,NA
4,Queens,MIDDLE VILLAGE,4420,2,"$256,000",prediction,GROSSCON,1,NA,NA,NA,NA,NA,NA,NA,NA,NA,NA,NA,NA,NA,NA,NA,NA,NA,NA
4,Queens,MIDDLE VILLAGE,4420,4,"$323,800",prediction,GROSSCON,1,NA,NA,NA,NA,NA,NA,NA,NA,NA,NA,NA,NA,NA,NA,NA,NA,NA,NA
4,Queens,MIDDLE VILLAGE,4420,6,"$354,400",prediction,GROSSCON,1,NA,NA,NA,NA,NA,NA,NA,NA,NA,NA,NA,NA,NA,NA,NA,NA,NA,NA
4,Queens,MIDDLE VILLAGE,4420,7,"$359,300",prediction,GROSSCON,4,NA,NA,NA,NA,NA,NA,NA,NA,NA,NA,NA,NA,NA,NA,NA,NA,NA,NA
4,Queens,OAKLAND GARDENS,4440,1,"$235,000",prediction,GROSSCON,8,1.2037,0.366620561234395,0.1658060814687321,11.392037039619103,0.9993797418305959,0.4911207876181383,0.4419618512966899,0.06332842415316645,0.06733082624727542,0.004002402094108931,1.0632007214395345,6.7e-6,0.1106674,0.9144406,0.1106674,FALSE,TRUE,TRUE
4,Queens,OAKLAND GARDENS,4440,2,"$260,000",prediction,GROSSCON,45,1.0606,0.026021974598495225,0.0029924960203553076,4.871997394238911,1.0018430553248123,-0.06333389361590418,0.8022933597915624,0.026863096496988963,0.0033701508413534983,-0.02349294565563544,0.12545652887526398,0,0.2763576,0,0.2763576,TRUE,FALSE,TRUE
4,Queens,OAKLAND GARDENS,4440,3,"$280,000",prediction,GROSSCON,45,0.9849,0.07059239518186787,0.057803619977328906,5.706834071090558,1.0005624147699248,0.7097951492440304,0.3986072705967755,0.01963105820854038,0.011916909276791815,-0.007714148931748567,0.6070436524714365,0,3.118e-4,0.0211968,3.118e-4,TRUE,TRUE,TRUE
4,Queens,OAKLAND GARDENS,4440,4,"$305,000",prediction,GROSSCON,45,0.9796,0.1681010425185798,0.15932044471034867,7.630459470108884,0.9996555436640552,0.9904111301873534,0.2687223390645328,0.015675914074425652,0.022079031734699293,0.006403117660273693,1.4084685352237316,0,7.91e-5,0.2000958,7.91e-5,TRUE,TRUE,TRUE
4,Queens,OAKLAND GARDENS,4440,5,"$323,000",prediction,GROSSCON,54,1.0229,0.199306363009819,0.08216964195502502,4.061594482710792,0.9998801186390132,0.7962772621954254,0.40823872327732924,0.013690558357755211,0.014121488428727453,4.309300709720533e-4,1.0314764423562013,0,8.37e-5,0.8875016,8.37e-5,TRUE,FALSE,TRUE
4,Queens,OAKLAND GARDENS,4440,6,"$330,000",prediction,GROSSCON,67,1.0097,0.09285601125881612,0.11897147672079358,2.8304522050078584,1.0001877765142402,0.627817104489335,0.8426429038445485,0.012197011773312439,0.006626107930689219,-0.005570903842623265,0.5432566643239104,0,1.071e-4,6.058e-4,1.071e-4,TRUE,FALSE,TRUE
4,Queens,OAKLAND GARDENS,4440,7,"$349,000",prediction,GROSSCON,70,0.9684,0.0014032953273174149,0.0020886795236866895,4.031454103515609,1.0003914463151233,1.0532340416380679,0.31931490096306775,0.01074701639351932,1.1612541147676839e-4,-0.01063089098204246,0.010805362830456099,0,0.9598805,3.7e-5,0.9598805,TRUE,FALSE,TRUE
4,Queens,OAKLAND GARDENS,4440,8,"$360,000",prediction,GROSSCON,23,0.9172,0.09540931927396733,0.10277557017751571,5.804096370254279,1.0020066421891962,0.7385169360477845,0.40430839254978795,0.02159900373599006,-0.008465912448264489,-0.03006491618425449,-0.3919584695546826,0,0.2485353,7.822e-4,0.2485353,TRUE,TRUE,TRUE
4,Queens,OAKLAND GARDENS,4440,9,"$382,000",prediction,GROSSCON,14,0.9861,0.12617968487459863,0.15167612262173494,6.8809566444112,0.9999271277593949,0.861140015052849,0.235967993332858,0.023205980470937727,0.02878160707089867,0.005575626599961048,1.2402667970415515,8.9e-6,0.1195232,0.7550816,0.1195232,TRUE,TRUE,TRUE
4,Queens,OAKLAND GARDENS,4440,10,"$630,000",prediction,GROSSCON,5,NA,NA,NA,NA,NA,NA,NA,NA,NA,NA,NA,NA,NA,NA,NA,NA,NA,NA
4,Queens,QUEENS VILLAGE,4460,1,"$225,000",prediction,GROSSCON,4,NA,NA,NA,NA,NA,NA,NA,NA,NA,NA,NA,NA,NA,NA,NA,NA,NA,NA
4,Queens,QUEENS VILLAGE,4460,2,"$229,000",prediction,GROSSCON,11,1.1264,0.23392578423389113,0.030608594553503555,3.3418010531990796,1.000055947100005,0.5210096461939968,0.3629438469396932,0.01532322426177182,0.009316546120027492,-0.006006678141744311,0.6080016816872117,9.53e-5,0.3495252,0.4969527,0.3495252,FALSE,FALSE,TRUE
4,Queens,QUEENS VILLAGE,4460,3,"$250,000",prediction,GROSSCON,17,1.0143,0.09365810057682007,0.034909977199465377,5.673165515362597,1.0001372840003377,0.8484628046518423,0.6878343300391601,0.015349554063497367,0.005587038992508967,-0.009762515070988438,0.3639870558712469,1e-7,0.5616682,0.2739322,0.5616682,TRUE,TRUE,TRUE
4,Queens,QUEENS VILLAGE,4460,4,"$262,000",prediction,GROSSCON,5,NA,NA,NA,NA,NA,NA,NA,NA,NA,NA,NA,NA,NA,NA,NA,NA,NA,NA
4,Queens,QUEENS VILLAGE,4460,5,"$265,000",prediction,GROSSCON,6,0.954,0.21637099969779422,0.049999999999999996,3.335047985077862,0.9999026594974005,1.1488604449660504,0.1386710009764145,0.004278074866310154,0.0115976642318384,0.007319589365528267,2.7109540141923283,0.0417947,0.0417947,0.0417947,0.0417947,TRUE,FALSE,TRUE
4,Queens,QUEENS VILLAGE,4460,6,"$276,600",prediction,GROSSCON,8,0.8802,0.005102713686237278,0.06592403214024838,5.0446834346403495,1.0002884758554371,1.1591545767506959,NA,0.011531069827033884,0.007080641329594558,-0.004450428497439435,0.6140489508609676,0.0032042,0.7169749,0.8236898,0.7169749,FALSE,TRUE,TRUE
4,Queens,QUEENS VILLAGE,4460,7,"$310,000",prediction,GROSSCON,4,NA,NA,NA,NA,NA,NA,NA,NA,NA,NA,NA,NA,NA,NA,NA,NA,NA,NA
4,Queens,REGO PARK,4470,1,"$215,000",prediction,GROSSCON,40,1.0644,0.33241023553756377,0.4106719276033599,7.626162612977834,0.9993772459748274,0.5944445903992578,0.49928175685582726,0.034638280577277886,0.040949832219777244,0.006311551642499417,1.1822131912240375,0,0,0.1790555,0,TRUE,TRUE,TRUE
4,Queens,REGO PARK,4470,2,"$262,600",prediction,GROSSCON,20,1.0531,0.05501488857582263,0.05565853797993084,12.377501474385262,0.999734771337776,1.27674728693636,0.24676174016363173,0.022875664037818027,0.028067010019200412,0.0051913459813824414,1.2269374988546837,0,0.248529,0.8282876,0.248529,TRUE,TRUE,TRUE
4,Queens,REGO PARK,4470,3,"$282,584",prediction,GROSSCON,42,1.0921,0.0060437999364107865,1.6274353174208062e-4,7.498902775083429,1.0015413918459457,1.0256610725155229,0.6278193996338742,0.020775419463190725,-0.0013774877679868962,-0.022152907231177695,-0.06630372832796148,0,0.8199168,0.0010477,0.8199168,TRUE,TRUE,TRUE
4,Queens,REGO PARK,4470,4,"$300,000",prediction,GROSSCON,72,1.0388,0.022245869761470107,0.05199484410184935,5.025581928825077,1.0004498687039365,0.9563513584557306,0.5368539066327636,0.015835520716038422,0.0058269602579,-0.01000856045813842,0.36796770768633563,0,0.0954728,0.0046007,0.0954728,TRUE,TRUE,TRUE
4,Queens,REGO PARK,4470,5,"$315,000",prediction,GROSSCON,54,1.0045,1.6091557436438557e-5,5.663713331278696e-4,5.622306044002859,1.000587908445702,1.0947233063297421,0.45458161790820906,0.014068461436511416,-2.819982779661506e-4,-0.01435045971447765,-0.02004471343499333,0,0.9553577,0.005941,0.9553577,TRUE,TRUE,TRUE
4,Queens,REGO PARK,4470,6,"$337,800",prediction,GROSSCON,36,0.9549,0.0019064030100314979,0.00445678367157579,5.38676323062063,1.0004231851731051,1.1946404122004985,0.349250235030787,0.011078104325107783,-3.02374954930769e-4,-0.011380479280038583,-0.027294828253733226,0,0.928352,0.0026625,0.928352,TRUE,TRUE,TRUE
4,Queens,REGO PARK,4470,7,"$375,000",prediction,GROSSCON,37,0.9549,0.27776739309390475,0.2899301795833613,5.49298156564001,0.9995719167279762,0.8526487673658601,0.34013861970240006,0.015658173464686627,0.025821981394392776,0.010163807929706226,1.6491055902930425,0,1e-7,0.0111084,1e-7,TRUE,TRUE,TRUE
4,Queens,REGO PARK,4470,8,"$430,000",prediction,GROSSCON,33,0.9594,0.18972917605061712,0.17659868225500586,7.497996723518755,0.9997417034178987,0.8091898861339244,0.38761116860299727,0.023219532143117,0.026738884906752292,0.00351935276363526,1.1515686337667514,0,4.733e-4,0.6073247,4.733e-4,TRUE,TRUE,TRUE
4,Queens,REGO PARK,4470,9,"$506,600",prediction,GROSSCON,46,0.9436,0.327291524068505,0.29358146192278645,7.770019894262038,0.9993664917552898,0.6182431048196061,0.5005926288748701,0.031072498578495023,0.03804276104986023,0.006970262471365228,1.2243225614366646,0,1e-6,0.3000658,1e-6,TRUE,TRUE,TRUE
4,Queens,REGO PARK,4470,10,"$700,000",prediction,GROSSCON,43,0.954,0.49636351129600537,0.28302944138061326,6.437675457097542,1.0006965202226177,0.22666726661016146,0.7514777753928858,0.043768845680124985,0.03766410380311434,-0.006104741877010603,0.8605231236476771,0,1e-6,0.2192065,1e-6,TRUE,TRUE,TRUE
4,Queens,RICHMOND HILL,4480,1,"$204,000",prediction,GROSSCON,3,NA,NA,NA,NA,NA,NA,NA,NA,NA,NA,NA,NA,NA,NA,NA,NA,NA,NA
4,Queens,RICHMOND HILL,4480,2,"$206,200",prediction,GROSSCON,4,NA,NA,NA,NA,NA,NA,NA,NA,NA,NA,NA,NA,NA,NA,NA,NA,NA,NA
4,Queens,RICHMOND HILL,4480,4,"$213,000",prediction,GROSSCON,1,NA,NA,NA,NA,NA,NA,NA,NA,NA,NA,NA,NA,NA,NA,NA,NA,NA,NA
4,Queens,RICHMOND HILL,4480,7,"$231,000",prediction,GROSSCON,1,NA,NA,NA,NA,NA,NA,NA,NA,NA,NA,NA,NA,NA,NA,NA,NA,NA,NA
4,Queens,ROCKAWAY PARK,4500,1,"$192,000",prediction,GROSSCON,10,1.0554,0.9015826496382096,0.396001552795031,3.745608049560689,0.9981734451048379,0.08701735122972475,0.8547961500097367,0.07171042871977448,0.077069003571279035,0.0053585748515045375,1.0747251821969233,0.0035625,0.007436,0.636584,0.007436,TRUE,FALSE,TRUE
4,Queens,ROCKAWAY PARK,4500,2,"$200,000",prediction,GROSSCON,6,0.996,0.547655211314322,0.6718894009216592,4.718614195672234,1.000686020511858,1.983575783464935,NA,0.008959757023538273,-0.022120750558674296,-0.031080507582212577,-2.468900719133429,0.0071845,0.0520432,0.027044,0.0520432,TRUE,FALSE,TRUE
4,Queens,ROCKAWAY PARK,4500,3,"$208,000",prediction,GROSSCON,4,NA,NA,NA,NA,NA,NA,NA,NA,NA,NA,NA,NA,NA,NA,NA,NA,NA,NA
4,Queens,ROCKAWAY PARK,4500,4,"$220,000",prediction,GROSSCON,7,0.8854,0.049704943401085236,0.038819875776397506,3.4919908820411196,1.0006824094141031,0.2908559634122645,0.5458088017778964,0.017463546965072966,0.00871510674286718,-0.008748440222205747,0.49904562688767096,0.018837,0.3267948,0.4265922,0.3267948,FALSE,FALSE,TRUE
4,Queens,ROCKAWAY PARK,4500,7,"$275,000",prediction,GROSSCON,2,NA,NA,NA,NA,NA,NA,NA,NA,NA,NA,NA,NA,NA,NA,NA,NA,NA,NA
4,Queens,ROCKAWAY PARK,4500,9,"$360,000",prediction,GROSSCON,2,NA,NA,NA,NA,NA,NA,NA,NA,NA,NA,NA,NA,NA,NA,NA,NA,NA,NA
4,Queens,SUNNYSIDE,4560,1,"$261,000",prediction,GROSSCON,4,NA,NA,NA,NA,NA,NA,NA,NA,NA,NA,NA,NA,NA,NA,NA,NA,NA,NA
4,Queens,SUNNYSIDE,4560,2,"$325,000",prediction,GROSSCON,8,1.1246,0.025962991101286106,3.305906553041433e-4,4.7828910801921705,1.0013735453377595,0.15409516875812856,1.0984535540571665,0.024112706583581757,0.0033452649739952353,-0.020767441609586476,0.1387345283035589,0.0014924,0.7823627,0.1256911,0.7823627,FALSE,FALSE,TRUE
4,Queens,SUNNYSIDE,4560,3,"$340,000",prediction,GROSSCON,4,NA,NA,NA,NA,NA,NA,NA,NA,NA,NA,NA,NA,NA,NA,NA,NA,NA,NA
4,Queens,SUNNYSIDE,4560,5,"$380,000",prediction,GROSSCON,11,1.045,0.20556592107903165,0.22325336700336704,6.141577712407584,0.9996085876360866,1.0044325649669044,0.19778131725085524,0.013529496610414029,0.025574276421351218,0.012044779810937227,1.8902607508446572,0,0.1295094,0.4524547,0.1295094,TRUE,TRUE,TRUE
4,Queens,SUNNYSIDE,4560,6,"$400,000",prediction,GROSSCON,25,1.0526,0.06962279121157228,0.05935136513596222,3.664893718297879,1.000206619711441,0.7099649394796351,0.5488201833618869,0.012780450537220583,0.006856486059517758,-0.005923964477702923,0.5364823438383138,0,0.049343,0.0836944,0.049343,TRUE,FALSE,TRUE
4,Queens,SUNNYSIDE,4560,7,"$435,500",prediction,GROSSCON,17,1.0183,0.035482883164322625,0.032369949218844916,4.648259878962397,1.0002958596742852,0.8726225086106724,0.46108135662528105,0.014153861504689707,0.007304295141344979,-0.0068495663633447714,0.5160637709309747,0,0.276304,0.314025,0.276304,TRUE,FALSE,TRUE
4,Queens,SUNNYSIDE,4560,8,"$475,000",prediction,GROSSCON,28,0.9878,0.07079090626897748,0.12666097976346752,4.824073356019936,1.0003790483278645,0.7718565835645932,0.6201194501835477,0.017674407377948988,0.010393394180108788,-0.007281013197840184,0.5880476758205707,0,0.0462656,0.1542156,0.0462656,TRUE,FALSE,TRUE
4,Queens,SUNNYSIDE,4560,9,"$539,500",prediction,GROSSCON,28,0.9759,0.2145211498320082,0.14671431629104348,5.937253394987399,1.0006429795199847,0.4122141771626071,0.57025509193285,0.029126047105829583,0.021029477111113543,-0.008096569994715969,0.7220161745499792,0,3.4e-4,0.1236241,3.4e-4,TRUE,TRUE,TRUE
4,Queens,SUNNYSIDE,4560,10,"$901,000",prediction,GROSSCON,21,0.9493,0.6220689650474154,0.6763135169914831,5.981665171464975,1.004242417045073,-0.011541005066501252,0.9624575403564178,0.07349101154807733,0.061023948495524005,-0.012467063052553292,0.830359348851833,1.1e-6,3.15e-5,0.3111223,3.15e-5,TRUE,TRUE,TRUE
4,Queens,WHITESTONE,4570,1,"$200,000",prediction,GROSSCON,1,NA,NA,NA,NA,NA,NA,NA,NA,NA,NA,NA,NA,NA,NA,NA,NA,NA,NA
4,Queens,WHITESTONE,4570,2,"$210,000",prediction,GROSSCON,1,NA,NA,NA,NA,NA,NA,NA,NA,NA,NA,NA,NA,NA,NA,NA,NA,NA,NA
4,Queens,WHITESTONE,4570,3,"$225,000",prediction,GROSSCON,2,NA,NA,NA,NA,NA,NA,NA,NA,NA,NA,NA,NA,NA,NA,NA,NA,NA,NA
4,Queens,WHITESTONE,4570,4,"$240,000",prediction,GROSSCON,1,NA,NA,NA,NA,NA,NA,NA,NA,NA,NA,NA,NA,NA,NA,NA,NA,NA,NA
4,Queens,WHITESTONE,4570,5,"$255,000",prediction,GROSSCON,1,NA,NA,NA,NA,NA,NA,NA,NA,NA,NA,NA,NA,NA,NA,NA,NA,NA,NA
4,Queens,WOODSIDE,4590,1,"$220,000",prediction,GROSSCON,13,1.0627,8.871090114178815e-7,0.023084554334554336,14.974872735086844,1.0081093972118609,0.8648962766980333,0.40923512991822486,0.051747866776768445,0.005993221569562473,-0.045754645207206054,0.11581581894797993,1e-7,0.8483563,0.1782821,0.8483563,TRUE,TRUE,TRUE
4,Queens,WOODSIDE,4590,2,"$280,000",prediction,GROSSCON,10,1.1119,0.04002138179757443,0.006523837097085504,8.18880477454924,1.0015440281834473,1.3263172191877388,0.4220467356657104,0.018692780455461137,-0.015390792632885536,-0.03408357308834676,-0.8233549133879138,1.5e-5,0.2638862,0.0262704,0.2638862,FALSE,TRUE,TRUE
4,Queens,WOODSIDE,4590,3,"$308,100",prediction,GROSSCON,15,1.0652,0.22102981332950564,0.19868550597804405,10.88133618457218,0.9988968692491801,1.0451608357694377,0.22582885004962713,0.018933546599215218,0.03959149558910278,0.02065794898988759,2.091076565166285,0,0.0118549,0.1435853,0.0118549,TRUE,TRUE,TRUE
4,Queens,WOODSIDE,4590,4,"$334,880",prediction,GROSSCON,15,1.0903,0.0033640758829365527,0.0013525393927098128,3.222287470828595,1.0004335942823759,0.4954480695197634,0.8346851205288,0.013089964360656799,0.0016751875594919043,-0.011414776801164898,0.12797495190490493,0,0.6738061,0.0159799,0.6738061,TRUE,FALSE,TRUE
4,Queens,WOODSIDE,4590,5,"$359,000",prediction,GROSSCON,19,0.9935,0.1956912406239069,0.19323107182170257,4.527934145269058,0.9996580399617776,1.0791653834086814,0.4246665425550939,0.011914845558755502,0.024390606347617513,0.012475760788862101,2.0470770038386563,0,4.36e-5,0.0161362,4.36e-5,TRUE,FALSE,TRUE
4,Queens,WOODSIDE,4590,6,"$387,400",prediction,GROSSCON,14,1.0373000000000001,0.40773420858338616,0.37893858280160414,8.57115569770457,0.9986498247356409,1.054017894608219,0.12271286918766794,0.012027331323083926,0.05921280595237679,0.04718547462929286,4.923187393925878,1e-7,4.608e-4,0.0030226,4.608e-4,TRUE,TRUE,TRUE
4,Queens,WOODSIDE,4590,7,"$420,000",prediction,GROSSCON,27,1.0057,0.033616100961599914,0.10761560434592841,5.718592506555603,1.0001737380775426,1.0978223950246921,0.3576227089545598,0.013331337309622613,0.012970176972619983,-3.6116033700261057e-4,0.9729089191418192,0,0.1369079,0.9671682,0.1369079,TRUE,TRUE,TRUE
4,Queens,WOODSIDE,4590,8,"$486,000",prediction,GROSSCON,27,0.9623,0.1827947690936876,0.2483976121049148,8.12579186459436,0.999590419623476,0.9329261262453178,0.3482235125598026,0.019855248831102318,0.02898885913901216,0.009133610307909833,1.4600098636690169,0,6.579e-4,0.243695,6.579e-4,TRUE,TRUE,TRUE
4,Queens,WOODSIDE,4590,9,"$555,135",prediction,GROSSCON,23,0.9601,0.4212064452946321,0.29348107007217356,9.733243653018736,0.997632562310353,0.749851068149069,0.38016631792903843,0.03222414508553214,0.05105063934592383,0.018826494260391784,1.5842356472272905,0,0.0034361,0.2063467,0.0034361,TRUE,TRUE,TRUE
4,Queens,WOODSIDE,4590,10,"$875,000",prediction,GROSSCON,35,0.9462,0.37071291644841986,0.5213574908812757,6.3178056857491045,1.0062066621416252,-0.014802554009625268,0.9609516317712293,0.07303044101121449,0.05308226982247761,-0.01994817118873683,0.7268512840327271,0,1.1e-6,0.0887805,1.1e-6,TRUE,TRUE,TRUE
5,Staten Island,ARROCHAR-SHORE ACRES,5031,3,"$226,250",prediction,GROSSCON,1,NA,NA,NA,NA,NA,NA,NA,NA,NA,NA,NA,NA,NA,NA,NA,NA,NA,NA
5,Staten Island,ARROCHAR-SHORE ACRES,5031,4,"$242,900",prediction,GROSSCON,2,NA,NA,NA,NA,NA,NA,NA,NA,NA,NA,NA,NA,NA,NA,NA,NA,NA,NA
5,Staten Island,ARROCHAR-SHORE ACRES,5031,5,"$253,250",prediction,GROSSCON,1,NA,NA,NA,NA,NA,NA,NA,NA,NA,NA,NA,NA,NA,NA,NA,NA,NA,NA
5,Staten Island,ARROCHAR-SHORE ACRES,5031,6,"$275,000",prediction,GROSSCON,2,NA,NA,NA,NA,NA,NA,NA,NA,NA,NA,NA,NA,NA,NA,NA,NA,NA,NA
5,Staten Island,ARROCHAR-SHORE ACRES,5031,8,"$321,000",prediction,GROSSCON,2,NA,NA,NA,NA,NA,NA,NA,NA,NA,NA,NA,NA,NA,NA,NA,NA,NA,NA
5,Staten Island,ARROCHAR-SHORE ACRES,5031,9,"$366,400",prediction,GROSSCON,1,NA,NA,NA,NA,NA,NA,NA,NA,NA,NA,NA,NA,NA,NA,NA,NA,NA,NA
5,Staten Island,ARROCHAR-SHORE ACRES,5031,10,"$379,000",prediction,GROSSCON,1,NA,NA,NA,NA,NA,NA,NA,NA,NA,NA,NA,NA,NA,NA,NA,NA,NA,NA
5,Staten Island,CLOVE LAKES,5070,1,"$134,400",prediction,GROSSCON,7,1.0172,0.14891149962742015,0.19041322314049589,13.108865940709812,1.0267182514463704,-1.1573429344676476,11.738997600189883,0.10824747737328512,0.008902358924983719,-0.0993451184483014,0.0822407980398879,5.486e-4,0.007886,7.523e-4,0.007886,TRUE,TRUE,TRUE
5,Staten Island,CLOVE LAKES,5070,2,"$151,000",prediction,GROSSCON,2,NA,NA,NA,NA,NA,NA,NA,NA,NA,NA,NA,NA,NA,NA,NA,NA,NA,NA
5,Staten Island,CLOVE LAKES,5070,3,"$179,000",prediction,GROSSCON,4,NA,NA,NA,NA,NA,NA,NA,NA,NA,NA,NA,NA,NA,NA,NA,NA,NA,NA
5,Staten Island,CLOVE LAKES,5070,4,"$204,000",prediction,GROSSCON,2,NA,NA,NA,NA,NA,NA,NA,NA,NA,NA,NA,NA,NA,NA,NA,NA,NA,NA
5,Staten Island,CLOVE LAKES,5070,5,"$220,000",prediction,GROSSCON,1,NA,NA,NA,NA,NA,NA,NA,NA,NA,NA,NA,NA,NA,NA,NA,NA,NA,NA
5,Staten Island,CLOVE LAKES,5070,7,"$286,000",prediction,GROSSCON,3,NA,NA,NA,NA,NA,NA,NA,NA,NA,NA,NA,NA,NA,NA,NA,NA,NA,NA
5,Staten Island,CLOVE LAKES,5070,8,"$310,000",prediction,GROSSCON,6,0.9847,0.04365860960391104,0.27226890756302524,7.6272222643872585,1.0006053640124926,0.9721481049466247,0.17238572538972358,0.024064171122994565,0.03389599339765735,0.009831822274662732,1.4085668367471165,0.0082962,0.2759652,0.7632669,0.2759652,TRUE,TRUE,TRUE
5,Staten Island,CLOVE LAKES,5070,9,"$322,500",prediction,GROSSCON,2,NA,NA,NA,NA,NA,NA,NA,NA,NA,NA,NA,NA,NA,NA,NA,NA,NA,NA
5,Staten Island,GRANT CITY,5130,1,"$145,000",prediction,GROSSCON,2,NA,NA,NA,NA,NA,NA,NA,NA,NA,NA,NA,NA,NA,NA,NA,NA,NA,NA
5,Staten Island,GRANT CITY,5130,3,"$210,000",prediction,GROSSCON,2,NA,NA,NA,NA,NA,NA,NA,NA,NA,NA,NA,NA,NA,NA,NA,NA,NA,NA
5,Staten Island,GRANT CITY,5130,4,"$215,000",prediction,GROSSCON,4,NA,NA,NA,NA,NA,NA,NA,NA,NA,NA,NA,NA,NA,NA,NA,NA,NA,NA
5,Staten Island,GRANT CITY,5130,5,"$215,000",prediction,GROSSCON,2,NA,NA,NA,NA,NA,NA,NA,NA,NA,NA,NA,NA,NA,NA,NA,NA,NA,NA
5,Staten Island,GRANT CITY,5130,7,"$222,000",prediction,GROSSCON,1,NA,NA,NA,NA,NA,NA,NA,NA,NA,NA,NA,NA,NA,NA,NA,NA,NA,NA
5,Staten Island,GREAT KILLS,5150,1,"$180,600",prediction,GROSSCON,1,NA,NA,NA,NA,NA,NA,NA,NA,NA,NA,NA,NA,NA,NA,NA,NA,NA,NA
5,Staten Island,GREAT KILLS,5150,2,"$196,000",prediction,GROSSCON,1,NA,NA,NA,NA,NA,NA,NA,NA,NA,NA,NA,NA,NA,NA,NA,NA,NA,NA
5,Staten Island,GREAT KILLS,5150,3,"$208,400",prediction,GROSSCON,2,NA,NA,NA,NA,NA,NA,NA,NA,NA,NA,NA,NA,NA,NA,NA,NA,NA,NA
5,Staten Island,GREAT KILLS,5150,4,"$228,800",prediction,GROSSCON,1,NA,NA,NA,NA,NA,NA,NA,NA,NA,NA,NA,NA,NA,NA,NA,NA,NA,NA
5,Staten Island,GREAT KILLS,5150,5,"$235,000",prediction,GROSSCON,4,NA,NA,NA,NA,NA,NA,NA,NA,NA,NA,NA,NA,NA,NA,NA,NA,NA,NA
5,Staten Island,GREAT KILLS,5150,6,"$240,000",prediction,GROSSCON,2,NA,NA,NA,NA,NA,NA,NA,NA,NA,NA,NA,NA,NA,NA,NA,NA,NA,NA
5,Staten Island,GREAT KILLS,5150,8,"$249,499",prediction,GROSSCON,1,NA,NA,NA,NA,NA,NA,NA,NA,NA,NA,NA,NA,NA,NA,NA,NA,NA,NA
5,Staten Island,GREAT KILLS-BAY TERRACE,5151,2,"$187,000",prediction,GROSSCON,4,NA,NA,NA,NA,NA,NA,NA,NA,NA,NA,NA,NA,NA,NA,NA,NA,NA,NA
5,Staten Island,GREAT KILLS-BAY TERRACE,5151,3,"$189,900",prediction,GROSSCON,1,NA,NA,NA,NA,NA,NA,NA,NA,NA,NA,NA,NA,NA,NA,NA,NA,NA,NA
5,Staten Island,GREAT KILLS-BAY TERRACE,5151,4,"$227,200",prediction,GROSSCON,1,NA,NA,NA,NA,NA,NA,NA,NA,NA,NA,NA,NA,NA,NA,NA,NA,NA,NA
5,Staten Island,GREAT KILLS-BAY TERRACE,5151,5,"$240,000",prediction,GROSSCON,2,NA,NA,NA,NA,NA,NA,NA,NA,NA,NA,NA,NA,NA,NA,NA,NA,NA,NA
5,Staten Island,GREAT KILLS-BAY TERRACE,5151,6,"$251,600",prediction,GROSSCON,3,NA,NA,NA,NA,NA,NA,NA,NA,NA,NA,NA,NA,NA,NA,NA,NA,NA,NA
5,Staten Island,GREAT KILLS-BAY TERRACE,5151,7,"$255,200",prediction,GROSSCON,1,NA,NA,NA,NA,NA,NA,NA,NA,NA,NA,NA,NA,NA,NA,NA,NA,NA,NA
5,Staten Island,GREAT KILLS-BAY TERRACE,5151,8,"$266,200",prediction,GROSSCON,2,NA,NA,NA,NA,NA,NA,NA,NA,NA,NA,NA,NA,NA,NA,NA,NA,NA,NA
5,Staten Island,GRYMES HILL,5160,2,"$182,000",prediction,GROSSCON,4,NA,NA,NA,NA,NA,NA,NA,NA,NA,NA,NA,NA,NA,NA,NA,NA,NA,NA
5,Staten Island,GRYMES HILL,5160,3,"$191,500",prediction,GROSSCON,3,NA,NA,NA,NA,NA,NA,NA,NA,NA,NA,NA,NA,NA,NA,NA,NA,NA,NA
5,Staten Island,GRYMES HILL,5160,4,"$197,000",prediction,GROSSCON,2,NA,NA,NA,NA,NA,NA,NA,NA,NA,NA,NA,NA,NA,NA,NA,NA,NA,NA
5,Staten Island,GRYMES HILL,5160,5,"$202,500",prediction,GROSSCON,1,NA,NA,NA,NA,NA,NA,NA,NA,NA,NA,NA,NA,NA,NA,NA,NA,NA,NA
5,Staten Island,GRYMES HILL,5160,6,"$211,000",prediction,GROSSCON,1,NA,NA,NA,NA,NA,NA,NA,NA,NA,NA,NA,NA,NA,NA,NA,NA,NA,NA
5,Staten Island,GRYMES HILL,5160,7,"$218,500",prediction,GROSSCON,1,NA,NA,NA,NA,NA,NA,NA,NA,NA,NA,NA,NA,NA,NA,NA,NA,NA,NA
5,Staten Island,LIVINGSTON,5190,3,"$237,800",prediction,GROSSCON,1,NA,NA,NA,NA,NA,NA,NA,NA,NA,NA,NA,NA,NA,NA,NA,NA,NA,NA
5,Staten Island,LIVINGSTON,5190,4,"$244,000",prediction,GROSSCON,1,NA,NA,NA,NA,NA,NA,NA,NA,NA,NA,NA,NA,NA,NA,NA,NA,NA,NA
5,Staten Island,LIVINGSTON,5190,5,"$250,000",prediction,GROSSCON,1,NA,NA,NA,NA,NA,NA,NA,NA,NA,NA,NA,NA,NA,NA,NA,NA,NA,NA
5,Staten Island,LIVINGSTON,5190,6,"$256,000",prediction,GROSSCON,2,NA,NA,NA,NA,NA,NA,NA,NA,NA,NA,NA,NA,NA,NA,NA,NA,NA,NA
5,Staten Island,LIVINGSTON,5190,7,"$261,000",prediction,GROSSCON,1,NA,NA,NA,NA,NA,NA,NA,NA,NA,NA,NA,NA,NA,NA,NA,NA,NA,NA
5,Staten Island,LIVINGSTON,5190,8,"$264,000",prediction,GROSSCON,1,NA,NA,NA,NA,NA,NA,NA,NA,NA,NA,NA,NA,NA,NA,NA,NA,NA,NA
5,Staten Island,NEW BRIGHTON,5230,1,"$191,600",prediction,GROSSCON,2,NA,NA,NA,NA,NA,NA,NA,NA,NA,NA,NA,NA,NA,NA,NA,NA,NA,NA
5,Staten Island,NEW BRIGHTON,5230,2,"$217,800",prediction,GROSSCON,1,NA,NA,NA,NA,NA,NA,NA,NA,NA,NA,NA,NA,NA,NA,NA,NA,NA,NA
5,Staten Island,NEW BRIGHTON,5230,4,"$259,880",prediction,GROSSCON,3,NA,NA,NA,NA,NA,NA,NA,NA,NA,NA,NA,NA,NA,NA,NA,NA,NA,NA
5,Staten Island,NEW BRIGHTON,5230,5,"$296,500",prediction,GROSSCON,3,NA,NA,NA,NA,NA,NA,NA,NA,NA,NA,NA,NA,NA,NA,NA,NA,NA,NA
5,Staten Island,NEW BRIGHTON,5230,7,"$333,500",prediction,GROSSCON,1,NA,NA,NA,NA,NA,NA,NA,NA,NA,NA,NA,NA,NA,NA,NA,NA,NA,NA
5,Staten Island,NEW BRIGHTON,5230,8,"$352,000",prediction,GROSSCON,3,NA,NA,NA,NA,NA,NA,NA,NA,NA,NA,NA,NA,NA,NA,NA,NA,NA,NA
5,Staten Island,NEW BRIGHTON,5230,9,"$364,000",prediction,GROSSCON,8,0.9258,0.08622643456063465,0.0856760374832664,4.88501358518078,1.0007199510333282,0.6641043731406434,0.5955725634953778,0.025482625482625414,0.01195370980126205,-0.013528915681363511,0.46909255129194305,5.96e-5,0.4997477,0.4308288,0.4997477,TRUE,FALSE,TRUE
5,Staten Island,NEW BRIGHTON,5230,10,"$365,000",prediction,GROSSCON,1,NA,NA,NA,NA,NA,NA,NA,NA,NA,NA,NA,NA,NA,NA,NA,NA,NA,NA
5,Staten Island,NEW BRIGHTON-ST. GEORGE,5231,1,"$175,300",prediction,GROSSCON,4,NA,NA,NA,NA,NA,NA,NA,NA,NA,NA,NA,NA,NA,NA,NA,NA,NA,NA
5,Staten Island,NEW BRIGHTON-ST. GEORGE,5231,2,"$180,000",prediction,GROSSCON,5,NA,NA,NA,NA,NA,NA,NA,NA,NA,NA,NA,NA,NA,NA,NA,NA,NA,NA
5,Staten Island,NEW BRIGHTON-ST. GEORGE,5231,3,"$258,000",prediction,GROSSCON,1,NA,NA,NA,NA,NA,NA,NA,NA,NA,NA,NA,NA,NA,NA,NA,NA,NA,NA
5,Staten Island,NEW BRIGHTON-ST. GEORGE,5231,7,"$375,500",prediction,GROSSCON,6,0.9126,6.238674803218362e-4,0,2.603580872992216,1.0007375403199297,0.16337905885354465,1.1754590698319267,0.017522658610271823,-0.0010125494776226601,-0.018535208087894526,-0.05778515122293747,0.0015612,0.9179965,0.1165835,0.9179965,TRUE,FALSE,TRUE
5,Staten Island,NEW BRIGHTON-ST. GEORGE,5231,8,"$425,000",prediction,GROSSCON,2,NA,NA,NA,NA,NA,NA,NA,NA,NA,NA,NA,NA,NA,NA,NA,NA,NA,NA
5,Staten Island,NEW BRIGHTON-ST. GEORGE,5231,9,"$485,000",prediction,GROSSCON,4,NA,NA,NA,NA,NA,NA,NA,NA,NA,NA,NA,NA,NA,NA,NA,NA,NA,NA
5,Staten Island,NEW BRIGHTON-ST. GEORGE,5231,10,"$645,000",prediction,GROSSCON,12,0.9632,0.7238748665648921,0.3612676056338029,8.425927200822802,1.0104928736280698,-0.2509497584185381,1.3613996412633038,0.09822170516868865,0.05329654871622544,-0.044925156452463186,0.5426147777081707,9.7e-6,0.0155476,0.0013338,0.0155476,TRUE,TRUE,TRUE
5,Staten Island,ROSEBANK,5320,1,"$192,700",prediction,GROSSCON,1,NA,NA,NA,NA,NA,NA,NA,NA,NA,NA,NA,NA,NA,NA,NA,NA,NA,NA
5,Staten Island,ROSEBANK,5320,3,"$253,500",prediction,GROSSCON,2,NA,NA,NA,NA,NA,NA,NA,NA,NA,NA,NA,NA,NA,NA,NA,NA,NA,NA
5,Staten Island,ROSEBANK,5320,5,"$262,450",prediction,GROSSCON,2,NA,NA,NA,NA,NA,NA,NA,NA,NA,NA,NA,NA,NA,NA,NA,NA,NA,NA
5,Staten Island,ROSEBANK,5320,6,"$264,940",prediction,GROSSCON,7,0.969,0.028665175242356452,0.058333333333333355,1.6137546479778369,1.0003776262327815,-1.4108268727178885,NA,0.012418589248261386,-3.686925839276887e-4,-0.01278728183218919,-0.02968876549157043,2.596e-4,0.5219198,1.717e-4,0.5219198,TRUE,FALSE,TRUE
5,Staten Island,ROSEBANK,5320,7,"$265,000",prediction,GROSSCON,3,NA,NA,NA,NA,NA,NA,NA,NA,NA,NA,NA,NA,NA,NA,NA,NA,NA,NA
5,Staten Island,ROSEBANK,5320,9,"$401,999",prediction,GROSSCON,2,NA,NA,NA,NA,NA,NA,NA,NA,NA,NA,NA,NA,NA,NA,NA,NA,NA,NA
5,Staten Island,ROSEBANK,5320,10,"$435,000",prediction,GROSSCON,3,NA,NA,NA,NA,NA,NA,NA,NA,NA,NA,NA,NA,NA,NA,NA,NA,NA,NA
5,Staten Island,WEST NEW BRIGHTON,5420,1,"$173,000",prediction,GROSSCON,1,NA,NA,NA,NA,NA,NA,NA,NA,NA,NA,NA,NA,NA,NA,NA,NA,NA,NA
5,Staten Island,WEST NEW BRIGHTON,5420,2,"$176,000",prediction,GROSSCON,1,NA,NA,NA,NA,NA,NA,NA,NA,NA,NA,NA,NA,NA,NA,NA,NA,NA,NA
5,Staten Island,WEST NEW BRIGHTON,5420,4,"$182,000",prediction,GROSSCON,1,NA,NA,NA,NA,NA,NA,NA,NA,NA,NA,NA,NA,NA,NA,NA,NA,NA,NA
