block,predicted,actual,n,median_sales_ratio,r,spearmans,cod,prd,prb,clapp,gini,ci,ki,mki,accuracy,uniformity,vertical_equity
All,prediction,GROSSCON,9941,1.0092,0.9488820827990978,0.9230811258389998,12.41771725360062,1.048075594884508,-0.040563617979237146,1.0662172198762956,0.4395610377818057,0.40854920671972916,-0.031011831062076556,0.9294481803515293,TRUE,TRUE,TRUE
28,prediction,GROSSCON,4,,,,,,,,,,,,,,
64,prediction,GROSSCON,7,1.0129,0.9147225178552942,0.9298469387755098,11.611768094913195,1.0568383820091536,-0.045353486141680464,1.1127345466713152,0.38547689439727356,0.3437503309413094,-0.04172656345596415,0.8917533993283638,TRUE,TRUE,TRUE
65,prediction,GROSSCON,7,0.9235,0.5089054714901733,0.41661157024793394,35.95084827290843,1.18847657862614,-0.8085266904408649,1.9263446641467417,0.24418370227006975,0.06008564069206125,-0.1840980615780085,0.24606736704158044,TRUE,FALSE,FALSE
100,prediction,GROSSCON,2,,,,,,,,,,,,,,
107,prediction,GROSSCON,1,,,,,,,,,,,,,,
117,prediction,GROSSCON,17,0.9913,0.945753207385575,0.9053601845012889,4.833043475122714,1.0037049585701912,-0.040785963841940054,1.050795163509979,0.12604956450155397,0.12016340742548086,-0.005886157076073109,0.9533028368693766,TRUE,FALSE,TRUE
132,prediction,GROSSCON,1,,,,,,,,,,,,,,
134,prediction,GROSSCON,6,0.9775,0.8018589496693844,0.7844897959183674,10.452400626881863,1.0259380565902456,-0.35287865167489607,1.6816927984597652,0.1286693957524229,0.06754460392064117,-0.061124791831781725,0.5249469271667834,TRUE,TRUE,TRUE
136,prediction,GROSSCON,3,,,,,,,,,,,,,,
137,prediction,GROSSCON,1,,,,,,,,,,,,,,
140,prediction,GROSSCON,1,,,,,,,,,,,,,,
143,prediction,GROSSCON,4,,,,,,,,,,,,,,
144,prediction,GROSSCON,3,,,,,,,,,,,,,,
146,prediction,GROSSCON,1,,,,,,,,,,,,,,
147,prediction,GROSSCON,1,,,,,,,,,,,,,,
150,prediction,GROSSCON,1,,,,,,,,,,,,,,
161,prediction,GROSSCON,9,0.9557,0.9806720167938376,0.942296918767507,7.314911140360563,1.01818516091568,-0.47492307608909307,1.874987298884866,0.09285161749313708,0.05209247037515515,-0.04075914711798193,0.5610292182471183,TRUE,TRUE,TRUE
172,prediction,GROSSCON,1,,,,,,,,,,,,,,
175,prediction,GROSSCON,1,,,,,,,,,,,,,,
178,prediction,GROSSCON,3,,,,,,,,,,,,,,
179,prediction,GROSSCON,5,,,,,,,,,,,,,,
189,prediction,GROSSCON,4,,,,,,,,,,,,,,
193,prediction,GROSSCON,2,,,,,,,,,,,,,,
210,prediction,GROSSCON,2,,,,,,,,,,,,,,
214,prediction,GROSSCON,1,,,,,,,,,,,,,,
219,prediction,GROSSCON,3,,,,,,,,,,,,,,
220,prediction,GROSSCON,1,,,,,,,,,,,,,,
223,prediction,GROSSCON,1,,,,,,,,,,,,,,
225,prediction,GROSSCON,1,,,,,,,,,,,,,,
229,prediction,GROSSCON,2,,,,,,,,,,,,,,
230,prediction,GROSSCON,1,,,,,,,,,,,,,,
231,prediction,GROSSCON,1,,,,,,,,,,,,,,
232,prediction,GROSSCON,3,,,,,,,,,,,,,,
263,prediction,GROSSCON,24,1.0358,0.8044827649130712,0.7788019239177963,5.29511125574974,1.0074923090508228,-0.10433779194323835,1.0859982724854695,0.10236745025331133,0.07960322282333661,-0.02276422742997472,0.7776224046447971,TRUE,TRUE,TRUE
311,prediction,GROSSCON,36,0.981,0.3876568042083485,0.481548100560369,16.743620730880522,1.0611319649757032,-0.39768029545463407,1.435620854906773,0.17867797363987037,0.09211310468311337,-0.086564868956757,0.5155257965302958,TRUE,FALSE,FALSE
315,prediction,GROSSCON,30,0.9706,0.7225487371131322,0.56550946919575,14.53158068197581,1.0310961154935423,-0.2320372991882654,1.2861705082311357,0.1578857223040385,0.10774502679894814,-0.05014069550509036,0.6824241307359314,TRUE,TRUE,FALSE
321,prediction,GROSSCON,41,1.0551,0.21020491056426396,0.48688112650358123,10.64488427835471,1.0649956657041537,-0.35092757828450644,1.4252618262471928,0.17026052215815993,0.06644509762236894,-0.10381542453579098,0.39025545546398693,TRUE,TRUE,FALSE
331,prediction,GROSSCON,44,1.0293,0.5121646605929185,0.7700642366295505,9.789329531917998,1.0415147645923908,-0.13560363135980183,1.1646691147959052,0.19055260595749116,0.12855526445868437,-0.061997341498806785,0.6746444836727278,TRUE,TRUE,FALSE
348,prediction,GROSSCON,1,,,,,,,,,,,,,,
350,prediction,GROSSCON,1,,,,,,,,,,,,,,
354,prediction,GROSSCON,1,,,,,,,,,,,,,,
355,prediction,GROSSCON,3,,,,,,,,,,,,,,
376,prediction,GROSSCON,1,,,,,,,,,,,,,,
377,prediction,GROSSCON,5,,,,,,,,,,,,,,
386,prediction,GROSSCON,7,0.9975,0.9246413086700285,0.7795454545454543,5.138660083864656,1.0083952731024348,-0.01679185277543841,1.0112984589571055,0.2119976124154397,0.1932737539854385,-0.01872385843000121,0.911678918377113,TRUE,TRUE,TRUE
389,prediction,GROSSCON,11,0.9376,0.9338946895895247,0.8430578512396693,14.888759695462813,1.0367440457986463,-0.1415605241866363,1.126642385855091,0.2340671543542718,0.20330230946097397,-0.030764844893297838,0.8685640239521442,TRUE,TRUE,FALSE
390,prediction,GROSSCON,1,,,,,,,,,,,,,,
391,prediction,GROSSCON,1,,,,,,,,,,,,,,
392,prediction,GROSSCON,1,,,,,,,,,,,,,,
394,prediction,GROSSCON,3,,,,,,,,,,,,,,
396,prediction,GROSSCON,15,0.9941,0.00353377209993771,0.005642762127556401,6.459432417859924,1.0045599764580742,-0.3571525659301336,1.1670274524105497,0.039296401189694546,0.0028629020504737923,-0.036433499139220754,0.0728540518673396,TRUE,TRUE,TRUE
400,prediction,GROSSCON,1,,,,,,,,,,,,,,
401,prediction,GROSSCON,1,,,,,,,,,,,,,,
402,prediction,GROSSCON,2,,,,,,,,,,,,,,
404,prediction,GROSSCON,10,0.9884,0.9885329023500468,0.9999999999999996,6.245642842614666,1.0288500820023927,-0.06029029294386273,1.1218168552209387,0.288054794520548,0.25603095527603636,-0.03202383924451163,0.8888272653200804,TRUE,TRUE,TRUE
406,prediction,GROSSCON,2,,,,,,,,,,,,,,
414,prediction,GROSSCON,1,,,,,,,,,,,,,,
415,prediction,GROSSCON,1,,,,,,,,,,,,,,
419,prediction,GROSSCON,1,,,,,,,,,,,,,,
431,prediction,GROSSCON,14,1.0046,0.8905741132873911,0.7116817714296804,5.84525883004781,1.00962427421509,-0.16635702256242324,1.3261218537362072,0.10144057623049209,0.07080024892124293,-0.030640327309249163,0.6979480159928452,TRUE,TRUE,TRUE
436,prediction,GROSSCON,3,,,,,,,,,,,,,,
442,prediction,GROSSCON,1,,,,,,,,,,,,,,
443,prediction,GROSSCON,5,,,,,,,,,,,,,,
444,prediction,GROSSCON,2,,,,,,,,,,,,,,
445,prediction,GROSSCON,2,,,,,,,,,,,,,,
447,prediction,GROSSCON,2,,,,,,,,,,,,,,
450,prediction,GROSSCON,1,,,,,,,,,,,,,,
451,prediction,GROSSCON,1,,,,,,,,,,,,,,
452,prediction,GROSSCON,6,0.9678,0.9167792969169576,1,9.27908434703657,1.0231052389902369,-0.23615793085216916,1.323501019505952,0.1473639288293612,0.10812635076568029,-0.0392375780636809,0.7337368895130658,TRUE,TRUE,TRUE
455,prediction,GROSSCON,2,,,,,,,,,,,,,,
461,prediction,GROSSCON,4,,,,,,,,,,,,,,
466,prediction,GROSSCON,5,,,,,,,,,,,,,,
467,prediction,GROSSCON,4,,,,,,,,,,,,,,
468,prediction,GROSSCON,2,,,,,,,,,,,,,,
473,prediction,GROSSCON,1,,,,,,,,,,,,,,
474,prediction,GROSSCON,2,,,,,,,,,,,,,,
475,prediction,GROSSCON,2,,,,,,,,,,,,,,
482,prediction,GROSSCON,4,,,,,,,,,,,,,,
483,prediction,GROSSCON,1,,,,,,,,,,,,,,
484,prediction,GROSSCON,1,,,,,,,,,,,,,,
485,prediction,GROSSCON,3,,,,,,,,,,,,,,
486,prediction,GROSSCON,1,,,,,,,,,,,,,,
487,prediction,GROSSCON,1,,,,,,,,,,,,,,
489,prediction,GROSSCON,4,,,,,,,,,,,,,,
496,prediction,GROSSCON,1,,,,,,,,,,,,,,
498,prediction,GROSSCON,1,,,,,,,,,,,,,,
499,prediction,GROSSCON,3,,,,,,,,,,,,,,
500,prediction,GROSSCON,3,,,,,,,,,,,,,,
502,prediction,GROSSCON,7,0.986,0.8750274080120016,0.8598347107438018,11.270397119441744,1.0608236388953285,-0.0074649031155682435,1.0057316960583633,0.5659092243555869,0.5235234074126878,-0.04238581694289911,0.9251013853128746,TRUE,TRUE,TRUE
503,prediction,GROSSCON,3,,,,,,,,,,,,,,
504,prediction,GROSSCON,4,,,,,,,,,,,,,,
506,prediction,GROSSCON,15,0.9264,0.5487136309303664,0.513675568617429,21.50029044039988,1.0651317767893478,-0.28616370513397404,1.3003163339829493,0.20055731758327605,0.12160679652987412,-0.07895052105340193,0.6063443508082429,TRUE,FALSE,FALSE
510,prediction,GROSSCON,3,,,,,,,,,,,,,,
514,prediction,GROSSCON,1,,,,,,,,,,,,,,
515,prediction,GROSSCON,7,0.9722,0.941057456085866,0.8622448979591831,10.573562307036887,1.0160503104789462,-0.04922245467748188,1.0042479359694712,0.23133887285749058,0.2171465801632948,-0.01419229269419578,0.9386515006367369,TRUE,TRUE,TRUE
516,prediction,GROSSCON,6,0.981,0.9901924071911794,0.8889795918367347,6.616245474069958,1.0098927600410057,-0.038581047091454365,1.035413511284157,0.2598401778369963,0.2633299429819124,0.0034897651449161127,1.0134304293276204,TRUE,TRUE,TRUE
517,prediction,GROSSCON,13,0.9653,0.8320311158297209,0.5012522008378362,19.787034751157286,1.1027894191430718,-0.43426407738440426,1.3975248895429997,0.2316655339983983,0.14463531562729662,-0.08703021837110167,0.6243281559021059,TRUE,FALSE,FALSE
518,prediction,GROSSCON,3,,,,,,,,,,,,,,
519,prediction,GROSSCON,12,0.9683,0.8863998661823487,0.7244387191755614,10.897475529652693,1.057638211103771,-0.13148973461851127,1.2488039486042768,0.292857142857143,0.2294037289207571,-0.06345341393638587,0.7833298060708777,TRUE,TRUE,FALSE
520,prediction,GROSSCON,6,1.0046,0.8088744385096281,0.6865306122448979,6.934394062660326,1.0089391994944557,-0.18563153899729704,1.3717735731977636,0.09350825676486381,0.06327460415100535,-0.030233652613858464,0.6766739787494477,TRUE,TRUE,TRUE
521,prediction,GROSSCON,4,,,,,,,,,,,,,,
522,prediction,GROSSCON,3,,,,,,,,,,,,,,
523,prediction,GROSSCON,13,1.0437,0.9454034489373442,0.7787275398696012,9.704236799224935,1.0429508598389827,-0.05034293767345887,1.1535996037928908,0.3666040122854005,0.33111862436059086,-0.03548538792480965,0.9032051294158113,TRUE,TRUE,FALSE
525,prediction,GROSSCON,2,,,,,,,,,,,,,,
526,prediction,GROSSCON,2,,,,,,,,,,,,,,
527,prediction,GROSSCON,1,,,,,,,,,,,,,,
528,prediction,GROSSCON,8,1.0063,0.9979156745366403,0.9529478458049888,5.314878234614959,1.0157205299875254,-0.028177583225910664,1.055981640387483,0.35229559748427675,0.33967114236533336,-0.01262445511894339,0.96416516354705,TRUE,TRUE,TRUE
529,prediction,GROSSCON,4,,,,,,,,,,,,,,
530,prediction,GROSSCON,4,,,,,,,,,,,,,,
531,prediction,GROSSCON,4,,,,,,,,,,,,,,
532,prediction,GROSSCON,28,1.0273,0.9305004306868139,0.26591544323874733,14.877564733735746,1.0442889086110778,-0.15396399203802183,1.4843758477437967,0.2152928389228855,0.13013701676981398,-0.08515582215307152,0.6044651434803505,TRUE,TRUE,FALSE
537,prediction,GROSSCON,7,0.9755,0.9978792072875432,0.9298469387755098,6.3398361052698124,1.0154257203144537,-0.01486347359072372,1.04930705627052,0.46767680254029614,0.4547147156654385,-0.01296208687485767,0.9722840927656641,TRUE,TRUE,TRUE
539,prediction,GROSSCON,7,1.0059,0.9833074422431305,0.7346938775510199,4.538579919845026,1.012598408741771,-0.11985696535509963,1.2187644515214981,0.13935020143175944,0.11392080926978235,-0.025429392161977094,0.8175144929773926,TRUE,FALSE,TRUE
542,prediction,GROSSCON,7,0.9478,0.606552791999447,0.6870129870129869,12.615482213516463,1.024651046719389,-0.3857359574383389,1.4985639469389476,0.11855890084763564,0.06270429269025916,-0.05585460815737647,0.5288872639840237,TRUE,TRUE,TRUE
543,prediction,GROSSCON,1,,,,,,,,,,,,,,
545,prediction,GROSSCON,5,,,,,,,,,,,,,,
548,prediction,GROSSCON,22,0.9581,0.9077634123929444,0.6248728653238167,16.440912923716613,1.043239518034331,-0.07905951826064474,1.248513739934268,0.30023953750834925,0.24386924564551277,-0.056370291862836486,0.8122489385287276,TRUE,FALSE,FALSE
550,prediction,GROSSCON,5,,,,,,,,,,,,,,
551,prediction,GROSSCON,27,1.0453,0.7056107372215872,0.5445002749582903,16.851220609426747,1.0588192959216784,-0.12444015831417028,1.1389065783316732,0.25793085611808164,0.18772642703018375,-0.0702044290878979,0.7278168647811643,TRUE,FALSE,FALSE
552,prediction,GROSSCON,3,,,,,,,,,,,,,,
553,prediction,GROSSCON,1,,,,,,,,,,,,,,
555,prediction,GROSSCON,37,1.0001,0.7260079201448437,0.6638945666848792,17.093884350378246,1.0479248581985954,-0.11261637823716594,1.133428359569659,0.2131594782728902,0.1543052796304605,-0.05885419864242969,0.7238959340710921,TRUE,FALSE,FALSE
556,prediction,GROSSCON,13,0.9709,0.7602693798578696,0.7578167688664925,13.223823458784011,1.0449243715562677,-0.3518612537980114,1.6630696835377352,0.17303537915960077,0.09242760770205226,-0.08060777145754851,0.5341543917258724,TRUE,TRUE,FALSE
561,prediction,GROSSCON,40,0.9897,0.9496668734437402,0.8172282223112584,16.98823088168139,1.0557698859893163,-0.07376721572993221,1.1023785427287451,0.35068666936909026,0.301138542782871,-0.049548126586219265,0.8587111204558765,TRUE,FALSE,FALSE
562,prediction,GROSSCON,28,0.965,0.949034998675698,0.6626187382108356,15.770699809346986,1.0572370777593452,-0.12160074079326176,1.2619292312480328,0.3006067498695751,0.23188052074353038,-0.0687262291260447,0.7713749636165419,TRUE,FALSE,FALSE
563,prediction,GROSSCON,8,0.9833,0.9726249051676165,0.8622448979591839,14.692263492409587,1.0433714662850155,-0.05897656926796715,1.1544494514101122,0.3781651190430755,0.3511207562724128,-0.02704436277066269,0.9284853059978222,TRUE,TRUE,FALSE
564,prediction,GROSSCON,22,0.9857,0.9518333851838084,0.4474628770349762,10.749714516698555,1.0401487038109014,-0.06815985189647006,1.1383961850968518,0.32332008160966164,0.27570911737059395,-0.04761096423906769,0.8527435598740584,TRUE,TRUE,FALSE
566,prediction,GROSSCON,46,0.9408,0.8197110621706551,0.7452455728058105,24.485660062858884,1.0709648212424518,-0.2365618322789826,1.1690911707487206,0.25067210933526857,0.21022664825810336,-0.04044546107716521,0.8386519298679923,TRUE,FALSE,FALSE
567,prediction,GROSSCON,7,0.9681,0.9520374634241158,0.9999999999999996,5.92101575716219,0.9920135345614688,0.04201459202983194,1.063308518248446,0.1930867778583514,0.20131641852816276,0.008229640669811356,1.042621461506021,TRUE,TRUE,TRUE
568,prediction,GROSSCON,22,0.9745,0.9650384197694647,0.8945250364983748,6.618743393171868,1.0178250864942062,-0.0513188286782651,1.1316688264476626,0.24521578369674593,0.21685992921578257,-0.028355854480963366,0.8843636651218563,TRUE,TRUE,TRUE
569,prediction,GROSSCON,4,,,,,,,,,,,,,,
572,prediction,GROSSCON,7,0.9517,0.5874977942692428,0.4284297520661157,4.666354913228053,1.0016035570139903,0.08566237220976974,1.0722144552241342,0.05306326224948294,0.046282082866866095,-0.006781179382616846,0.872205757898292,TRUE,FALSE,TRUE
573,prediction,GROSSCON,53,1.0007,0.9733196422267468,0.8433328434515596,8.910687378452192,1.030821335175585,-0.031444886821100144,1.0513723142517832,0.38690207503765806,0.3593201612621629,-0.02758191377549518,0.9287108662500438,TRUE,TRUE,TRUE
574,prediction,GROSSCON,12,0.9848,0.9277566105607067,0.760655134339345,14.275716182293724,1.0609489135682344,-0.08153087166130948,1.208481675285707,0.3690386101759593,0.3215669885249361,-0.0474716216510232,0.8713640786030803,TRUE,TRUE,FALSE
575,prediction,GROSSCON,2,,,,,,,,,,,,,,
576,prediction,GROSSCON,36,1.0187,0.8570915962597255,0.9027140492593437,13.109228103666831,1.0470144744283887,-0.045262414585856066,1.1114662387118268,0.35619422155133607,0.3172273209446477,-0.03896690060668839,0.8906020978190621,TRUE,TRUE,TRUE
577,prediction,GROSSCON,23,0.9995,0.9282221026805055,0.8336483931947068,10.496414653546614,1.0349617054955922,-0.030672635320767815,1.0538683202512935,0.37294465579511454,0.34263575837545973,-0.030308897419654812,0.9187308439772746,TRUE,TRUE,TRUE
584,prediction,GROSSCON,8,0.97,0.9394195199676876,0.9070294784580502,10.14555307531574,1.0295348894951595,-0.09347836718351261,1.0698626660297148,0.2462962735959633,0.22075053004664325,-0.025545743549320044,0.896280430165068,TRUE,TRUE,TRUE
585,prediction,GROSSCON,9,1.0129,0.930535971486694,0.7720588235294118,5.971646796909596,1.013035596856165,-0.0669449206774246,1.09283627976439,0.1690685632291472,0.1464546003921975,-0.02261396283694972,0.866243833832669,TRUE,TRUE,TRUE
586,prediction,GROSSCON,2,,,,,,,,,,,,,,
588,prediction,GROSSCON,5,,,,,,,,,,,,,,
589,prediction,GROSSCON,4,,,,,,,,,,,,,,
590,prediction,GROSSCON,9,1.0887,0.38570143099729703,0.7061648188687242,14.423113082411366,1.1216863610067425,-0.3016924042869743,1.3328761490110292,0.22358740993553283,0.1039913077431576,-0.11959610219237524,0.4651035931457031,TRUE,TRUE,FALSE
591,prediction,GROSSCON,8,0.9275,0.9081655046793374,0.8185941043083904,20.098833381007328,1.0675801958770665,-0.1323733770840944,1.1884559599146958,0.2990167170914313,0.2433830265238146,-0.05563369056761669,0.8139445476200402,TRUE,FALSE,FALSE
592,prediction,GROSSCON,4,,,,,,,,,,,,,,
595,prediction,GROSSCON,4,,,,,,,,,,,,,,
602,prediction,GROSSCON,2,,,,,,,,,,,,,,
603,prediction,GROSSCON,3,,,,,,,,,,,,,,
607,prediction,GROSSCON,13,1.0021,0.8148794715397283,0.357360228885398,12.936440402504859,1.0335627593574803,-0.22229491773220986,1.3604548319902088,0.16612970005253686,0.1003625967634553,-0.06576710328908156,0.6041219404580676,TRUE,TRUE,FALSE
608,prediction,GROSSCON,47,1.0166,0.9379444698613439,0.7758539488423855,10.87541331091773,1.0447675818506719,-0.05799092944586096,1.0740629211915425,0.362823018445106,0.3229299873131214,-0.03989303113198461,0.8900482353546697,TRUE,TRUE,FALSE
609,prediction,GROSSCON,17,1.0151,0.9793017199736204,0.9043637062668208,9.598113559606512,1.02855478603642,-0.06314119210575066,1.1302610296825044,0.3261691518181608,0.30385243814675306,-0.02231671367140775,0.9315793245712908,TRUE,TRUE,TRUE
610,prediction,GROSSCON,1,,,,,,,,,,,,,,
611,prediction,GROSSCON,14,0.9744,0.4376697281254131,0.3373965241806652,13.577599727378164,1.027070933294594,-0.858207482825664,2.9256107018093815,0.10331223912750787,0.02278273988516918,-0.08052949924233868,0.22052314495914416,TRUE,TRUE,TRUE
612,prediction,GROSSCON,1,,,,,,,,,,,,,,
613,prediction,GROSSCON,5,,,,,,,,,,,,,,
614,prediction,GROSSCON,4,,,,,,,,,,,,,,
615,prediction,GROSSCON,10,1.0251,0.9210988484421887,0.24848507801848205,23.78676820016941,1.2019007771415118,-0.1320349043645996,1.3520820912159441,0.5182051164706423,0.4198860406090358,-0.09831907586160649,0.8102699631157028,TRUE,FALSE,FALSE
616,prediction,GROSSCON,20,0.995,0.8278024806837195,0.7493299941640085,15.770493511898847,1.0598048234838837,-0.24281228850374056,1.2622902083890046,0.2319482840613052,0.17720313619438438,-0.05474514786692081,0.7639769223192383,TRUE,FALSE,FALSE
619,prediction,GROSSCON,1,,,,,,,,,,,,,,
620,prediction,GROSSCON,27,1.019,0.6682099139086864,0.5805212600808146,12.790625202512274,1.0447422881578818,-0.30805328110237995,1.4344914276039344,0.1726804024312777,0.08996906877738882,-0.08271133365388887,0.5210149357463663,TRUE,TRUE,FALSE
621,prediction,GROSSCON,4,,,,,,,,,,,,,,
622,prediction,GROSSCON,16,0.921,0.9447105192459073,0.6589619377162628,18.011357845142996,1.069877469980817,-0.19194137664399621,1.1475453523726509,0.28934185993290584,0.2300651044536579,-0.05927675547924793,0.7951324585630529,TRUE,FALSE,FALSE
623,prediction,GROSSCON,1,,,,,,,,,,,,,,
624,prediction,GROSSCON,13,0.9722,0.8763849326128297,0.7340193824040557,13.520234817265534,1.0402547598893201,-0.1562233714654765,1.113360366756124,0.2191349852819785,0.1657366025940464,-0.053398382687932094,0.7563219646592709,TRUE,TRUE,FALSE
625,prediction,GROSSCON,1,,,,,,,,,,,,,,
626,prediction,GROSSCON,29,1.0077,0.9100587543269335,0.9699302286350222,7.364891876045809,1.0200604328319864,-0.032372811280811965,1.0630018927830778,0.28542373682522504,0.2651705084449882,-0.020253228380236854,0.9290415415146828,TRUE,TRUE,TRUE
628,prediction,GROSSCON,2,,,,,,,,,,,,,,
629,prediction,GROSSCON,2,,,,,,,,,,,,,,
630,prediction,GROSSCON,6,0.9745,0.27397665220511724,0.16470588235294117,23.276253295735206,1.1040362285326257,-0.4239983583217762,1.1389908163742055,0.20312684365781722,0.06152948740334274,-0.14159735625447448,0.30291165015586957,TRUE,FALSE,FALSE
632,prediction,GROSSCON,15,1.022,0.9480897208545195,0.9007187579861997,12.979731783739062,1.039043508474199,-0.05504859528088922,1.1379849275540939,0.32571100711716977,0.2864402243452451,-0.039270782771924695,0.8794305936434086,TRUE,TRUE,FALSE
633,prediction,GROSSCON,5,,,,,,,,,,,,,,
634,prediction,GROSSCON,8,0.9869,0.9661567284625083,0.5513482501434311,8.581607731838735,1.022947990168651,-0.04135142755717283,1.0772839518021406,0.2786970010341261,0.25251461306847056,-0.02618238796565553,0.9060542888208204,TRUE,TRUE,TRUE
636,prediction,GROSSCON,15,1.0088,0.818967340932188,0.8735645449823993,8.6849488750721,1.0509607803109329,-0.08114283829704728,1.1280153255195389,0.2977807721361344,0.24068706582766192,-0.05709370630847249,0.8082693321704084,TRUE,TRUE,FALSE
637,prediction,GROSSCON,10,0.9031,0.880631585397896,0.3176859504132231,15.250475207752256,1.0451122368136727,-0.2263217193562867,1.4315927741547256,0.20095912227924267,0.1149861734794003,-0.08597294879984238,0.5721868814674723,TRUE,FALSE,FALSE
638,prediction,GROSSCON,5,,,,,,,,,,,,,,
640,prediction,GROSSCON,12,1.0071,0.9820537744312664,0.8780869480170181,12.087810454394134,1.0418538895405327,-0.04126975345748613,1.0341373977229624,0.4306002254358665,0.41663545755250136,-0.013964767883365148,0.967569065089946,TRUE,TRUE,TRUE
641,prediction,GROSSCON,9,1.0146,0.9000609225148042,0.8017507002801121,13.201397337010379,1.0648826614785116,-0.07687121536761175,1.087815922085159,0.33716998578506463,0.29874958821576253,-0.0384203975693021,0.8860503627573959,TRUE,TRUE,FALSE
642,prediction,GROSSCON,20,1.0333,0.6675426209319216,0.767107527855784,16.68826204361562,1.0883444944831329,-0.08071222619419406,1.1242131541091258,0.33502686959018746,0.25135986598153276,-0.0836670036086547,0.7502677808768052,TRUE,FALSE,FALSE
643,prediction,GROSSCON,5,,,,,,,,,,,,,,
717,prediction,GROSSCON,9,1.1477,0.8110912558152039,0.2983757062146893,18.008220088614976,1.0810483648854663,-0.22650402334604983,1.3407595673550294,0.2564476061701721,0.15153828882490808,-0.10490931734526401,0.5909132515916375,FALSE,FALSE,FALSE
719,prediction,GROSSCON,2,,,,,,,,,,,,,,
720,prediction,GROSSCON,17,0.9607,0.9950453593435344,0.9828973358385121,6.636032715509967,1.0265257637181373,-0.059244377042709136,1.0575304606241716,0.3336218715631335,0.32491818193742444,-0.008703689625709055,0.9739115136998385,TRUE,TRUE,TRUE
722,prediction,GROSSCON,7,1.056,0.71560118982381,0.7971938775510201,16.011730359535754,1.0931593760097558,-0.2750100708155568,1.4000410227993925,0.2531543209142476,0.1498334141848781,-0.1033209067293695,0.5918659165830791,TRUE,FALSE,FALSE
731,prediction,GROSSCON,12,1.0046,0.9672979414178109,0.4977229176517433,4.122254120470946,1.0029229193873297,-0.025598181924580486,1.0090957644549368,0.1225691334123155,0.10940894486613069,-0.013160188546184809,0.8926304838762734,TRUE,FALSE,TRUE
732,prediction,GROSSCON,14,1.0017,0.829249170432832,0.5420842893370367,9.973516262806688,1.0239661267997948,-0.14922224135492335,1.1922266335577252,0.16619648011110882,0.1142347233686546,-0.05196175674245422,0.6873474293335469,TRUE,TRUE,TRUE
738,prediction,GROSSCON,1,,,,,,,,,,,,,,
740,prediction,GROSSCON,10,1.0473,0.8686574143591604,0.5557024793388429,12.339280674757038,1.0309344718873956,-0.14977168452672238,1.5141594153482738,0.19769734308817863,0.1354174956537678,-0.06227984743441084,0.684973776270568,TRUE,TRUE,FALSE
741,prediction,GROSSCON,1,,,,,,,,,,,,,,
742,prediction,GROSSCON,19,1.0019,0.9155605522762201,0.8154590822974908,9.993027390934056,1.0295183967559418,-0.12247391106010018,1.226212002791441,0.2124903336407934,0.1784369705762641,-0.0340533630645293,0.8397415897417001,TRUE,TRUE,TRUE
743,prediction,GROSSCON,7,1.0122,0.3013258097760278,0.6173469387755098,44.110502818976435,1.304511857427977,-1.1155118794332948,2.905167219243674,0.2693328237929113,0.08782355987711858,-0.1815092639157927,0.3260781906948174,TRUE,FALSE,FALSE
744,prediction,GROSSCON,17,0.9645,0.6285453618848633,0.5906995673866839,16.71562843617191,1.0438062531453496,-0.39191079945046986,1.6331884310111298,0.15820634285998444,0.08495741495433465,-0.0732489279056498,0.537003848382511,TRUE,FALSE,FALSE
745,prediction,GROSSCON,16,0.9789,0.959946015286063,0.6185046449231197,15.308367043713112,1.0636019160484909,-0.1586054365178276,1.4604702318528775,0.2866695635380456,0.2043057148329832,-0.08236384870506241,0.7126871521045469,TRUE,FALSE,FALSE
746,prediction,GROSSCON,8,0.9716,0.9100265149066425,0.7760770975056691,10.680096842236663,1.0317680773302902,-0.20042865833214005,1.3990779925911119,0.1897075247801201,0.1456270772711612,-0.0440804475089589,0.7676399628319952,TRUE,TRUE,FALSE
747,prediction,GROSSCON,9,0.9671,0.790975006315959,0.28683473389355746,4.172258834781925,1.0022408468065087,-0.08323185549785517,1.0017741208191673,0.04938271604938274,0.03913392502871776,-0.010248791020664984,0.7924619818315342,TRUE,FALSE,TRUE
753,prediction,GROSSCON,4,,,,,,,,,,,,,,
759,prediction,GROSSCON,4,,,,,,,,,,,,,,
761,prediction,GROSSCON,3,,,,,,,,,,,,,,
764,prediction,GROSSCON,7,0.8906,0.6078439055370424,0.41326530612244877,16.745979376163703,1.0359090262832793,-0.3002933144489966,1.560112166542782,0.1443023902167871,0.07410005085952928,-0.07020233935725781,0.5135053601552126,FALSE,FALSE,FALSE
765,prediction,GROSSCON,5,,,,,,,,,,,,,,
766,prediction,GROSSCON,18,1.0345,0.7988501697848173,0.4766555799442149,18.91497004680135,1.0937419622031554,-0.17747746321034027,1.2745847277317466,0.2934640417748711,0.18927421031823677,-0.10418983145663435,0.6449655950129561,TRUE,FALSE,FALSE
767,prediction,GROSSCON,1,,,,,,,,,,,,,,
769,prediction,GROSSCON,1,,,,,,,,,,,,,,
770,prediction,GROSSCON,9,0.9787,0.9055451076092105,0.7802777777777777,8.575891550838035,1.0193257825612543,-0.16302023396054588,1.2667062006929986,0.15038163347684533,0.12529991688606776,-0.02508171659077757,0.8332128996681003,TRUE,TRUE,TRUE
771,prediction,GROSSCON,27,1.0184,0.7467994975444898,0.6816083519170316,11.893797480220504,1.0354420650602814,-0.17830843018217407,1.2586609970018172,0.1867500517976842,0.12709955097820128,-0.05965050081948292,0.6805864295871503,TRUE,TRUE,FALSE
772,prediction,GROSSCON,6,0.9768,0.9132689214043145,0.5102040816326531,9.555023579278554,1.023370737085432,-0.12242571421329329,1.2208655104196866,0.15671392479067917,0.11198338300742498,-0.04473054178325418,0.714572002181681,TRUE,TRUE,TRUE
773,prediction,GROSSCON,16,0.9846,0.8982118759341848,0.73757785467128,10.39374291337634,1.018862711576416,-0.07346138362096284,1.1311084421071378,0.20320695131860833,0.17388362975786187,-0.029323321560746463,0.8556972516418968,TRUE,TRUE,TRUE
774,prediction,GROSSCON,2,,,,,,,,,,,,,,
775,prediction,GROSSCON,8,0.9757,0.9694914178478445,0.29044750430292604,5.171874669907388,1.0070867067726261,-0.06117405154888643,1.2612726278860624,0.13463478260869555,0.10593214749351265,-0.028702635115182895,0.7868111452401967,TRUE,TRUE,TRUE
776,prediction,GROSSCON,3,,,,,,,,,,,,,,
779,prediction,GROSSCON,5,,,,,,,,,,,,,,
786,prediction,GROSSCON,3,,,,,,,,,,,,,,
790,prediction,GROSSCON,28,1.0151,0.6673603727625017,0.6402628246781107,17.77863482923216,1.0534468482888595,-0.18157235820165943,1.2286955743967134,0.21830124717993016,0.15070503312012334,-0.06759621405980681,0.6903535140864675,TRUE,FALSE,FALSE
791,prediction,GROSSCON,20,1.0297,0.9273677477731606,0.7684261482018299,10.95470627450267,1.0332769891843576,-0.050817152906355204,1.1019353501159839,0.31740680231694646,0.2775487654431634,-0.03985803687378303,0.8744260155017636,TRUE,TRUE,FALSE
793,prediction,GROSSCON,5,,,,,,,,,,,,,,
795,prediction,GROSSCON,4,,,,,,,,,,,,,,
796,prediction,GROSSCON,12,0.9588,0.9646481984027792,0.715976331360947,12.26847759476742,1.0414512129958677,-0.057324425049326805,1.112153979249937,0.34949449513772873,0.30983374524255,-0.03966074989517876,0.8865196721351812,TRUE,TRUE,FALSE
797,prediction,GROSSCON,7,1.0588,0.721782395468586,0.08791208791208788,10.608122187683941,1.0222201192502773,-0.5657442043288506,2.386557275793515,0.10032715376226824,0.027706658723760214,-0.07262049503850802,0.27616310923574044,TRUE,TRUE,TRUE
798,prediction,GROSSCON,20,0.99,0.9429711908393816,0.8386703601108034,10.907814317928285,1.030812066141826,-0.06548805533084863,1.0654042304705822,0.2593631983331163,0.22462054184817007,-0.034742656484946205,0.8660463137861061,TRUE,TRUE,FALSE
799,prediction,GROSSCON,7,0.9825,0.9948448855695701,0.8622448979591831,17.480708957125174,1.0598591532641946,-0.03411836710504732,1.0581432442871903,0.536736224652761,0.5213449674939155,-0.015391257158845595,0.9713243555178284,TRUE,FALSE,TRUE
801,prediction,GROSSCON,1,,,,,,,,,,,,,,
802,prediction,GROSSCON,5,,,,,,,,,,,,,,
804,prediction,GROSSCON,3,,,,,,,,,,,,,,
816,prediction,GROSSCON,41,0.9985,0.9664222488263438,0.8507848676425678,9.296724722233506,1.0177345310697083,-0.038023217102669496,1.0760445312041178,0.288510323771118,0.2682408373094418,-0.0202694864616762,0.9297443287410524,TRUE,TRUE,TRUE
817,prediction,GROSSCON,54,1.0099,0.9176693253766589,0.8636869966920043,8.861033255193808,1.0195252202703704,-0.0400066819701418,1.066717406242108,0.2529197653641833,0.22733462486326245,-0.025585140500920867,0.8988408815575153,TRUE,TRUE,TRUE
818,prediction,GROSSCON,3,,,,,,,,,,,,,,
822,prediction,GROSSCON,4,,,,,,,,,,,,,,
823,prediction,GROSSCON,1,,,,,,,,,,,,,,
825,prediction,GROSSCON,4,,,,,,,,,,,,,,
827,prediction,GROSSCON,4,,,,,,,,,,,,,,
830,prediction,GROSSCON,1,,,,,,,,,,,,,,
831,prediction,GROSSCON,3,,,,,,,,,,,,,,
832,prediction,GROSSCON,3,,,,,,,,,,,,,,
836,prediction,GROSSCON,2,,,,,,,,,,,,,,
837,prediction,GROSSCON,8,1.0854,0.5493942839956477,0.0896442914515204,11.962026853368299,1.02971727352571,-0.5690804815922044,2.2708955512047373,0.11715867158671589,0.0337608240533831,-0.08339784753333279,0.28816325412493915,TRUE,TRUE,TRUE
841,prediction,GROSSCON,5,,,,,,,,,,,,,,
842,prediction,GROSSCON,54,0.9987,0.9062666481338565,0.8506098565952488,9.156187779832687,1.0127041264654741,-0.05018131833627338,1.1423643866722357,0.196408041636439,0.1766854452868103,-0.019722596349628696,0.8995835598924397,TRUE,TRUE,TRUE
846,prediction,GROSSCON,1,,,,,,,,,,,,,,
847,prediction,GROSSCON,8,0.9862,0.799447852871075,0.7346938775510207,9.06287350465927,1.0296224923305635,-0.13752022449532839,1.123104858715345,0.18191854759568193,0.13093382452433344,-0.05098472307134849,0.7197387306287032,TRUE,TRUE,TRUE
848,prediction,GROSSCON,4,,,,,,,,,,,,,,
849,prediction,GROSSCON,2,,,,,,,,,,,,,,
850,prediction,GROSSCON,2,,,,,,,,,,,,,,
851,prediction,GROSSCON,6,0.9944,0.8844012005134891,0.5102040816326531,8.30154928802128,1.0064989709084569,-0.03452427631170937,1.1005003952917871,0.1421643330438318,0.12110794901473672,-0.021056384029095085,0.8518870128796439,TRUE,TRUE,TRUE
857,prediction,GROSSCON,10,1.1339,0.22765891200521457,0.39403120739281927,15.395908800230623,1.1903215997068077,-0.4138396090360881,2.9123384604118203,0.25041938490214355,0.05637330987352431,-0.19404607502861923,0.22511559915999843,FALSE,FALSE,FALSE
859,prediction,GROSSCON,1,,,,,,,,,,,,,,
862,prediction,GROSSCON,14,1.1373,0.3759728167330002,0.3856459096459098,19.92409570527642,1.1135990202920358,-0.5088825135672509,2.465342634175671,0.2214151269542504,0.05539055633394823,-0.16602457062030215,0.2501660889022873,FALSE,FALSE,FALSE
864,prediction,GROSSCON,36,1.0098,0.8885300238572432,0.797354362573288,8.997477558958392,1.0174094923435943,-0.08053978332469827,1.0837199311073686,0.19277790020272276,0.16250634475174408,-0.030271555450978677,0.8429718581894217,TRUE,TRUE,TRUE
865,prediction,GROSSCON,4,,,,,,,,,,,,,,
866,prediction,GROSSCON,17,0.9304,0.9259901957284262,0.6716152153268717,13.79081653731121,1.0297593734496497,-0.06609525852715838,1.0970422792521335,0.2636034861463468,0.21963615745641385,-0.04396732868993297,0.8332065735066824,TRUE,TRUE,TRUE
867,prediction,GROSSCON,41,1.0171,0.3545138984142611,0.6250618567843156,11.22617789673177,1.053126975110607,-0.3268609672500575,1.2879439184793524,0.17782015785301522,0.0936270135206782,-0.08419314433233702,0.5265264335108147,TRUE,TRUE,FALSE
871,prediction,GROSSCON,43,1.0003,0.6231116245389513,0.642007162761686,14.267977968008536,1.0621220706674916,-0.1637361673644938,1.321978895439967,0.24008651543567414,0.15456680308938853,-0.08551971234628561,0.6437962698942219,TRUE,TRUE,FALSE
873,prediction,GROSSCON,27,0.9755,0.8969691258073474,0.8781550611880481,13.673466041312452,1.0464565757458673,-0.0699063802492238,1.113107240090448,0.3167960187091818,0.2723400743315925,-0.04445594437758926,0.8596701291931331,TRUE,TRUE,FALSE
874,prediction,GROSSCON,12,0.9855,0.9632130295617466,0.9178443933688692,7.644318576315155,1.0025251316499502,-0.003971391528606436,1.0110155675285524,0.2376483279395901,0.23681134837958182,-8.369795600082774e-4,0.9964780751151717,TRUE,TRUE,TRUE
875,prediction,GROSSCON,46,1.0032,0.8047448409787812,0.8531836768025681,9.092976429336936,1.032240618239271,-0.09854256579235808,1.1345098043184079,0.217052302927715,0.17285152371558501,-0.044200779212129976,0.7963588562944196,TRUE,TRUE,FALSE
876,prediction,GROSSCON,5,,,,,,,,,,,,,,
877,prediction,GROSSCON,59,1.0226,0.9458684834117584,0.9110910880505884,11.33478944717179,1.0508450333686197,-0.05184749555112,1.1097743730012957,0.3868089375905533,0.3441596849173463,-0.042649252673207017,0.8897407776074908,TRUE,TRUE,FALSE
880,prediction,GROSSCON,25,0.9934,0.8822896818493758,0.8481141413344374,8.761560502413365,1.016881053444155,-0.07827890198079965,1.1140477488689875,0.1861100423239708,0.15703459419179253,-0.029075448132178272,0.8437728143569747,TRUE,TRUE,TRUE
881,prediction,GROSSCON,6,1.0112,0.10113111248211337,0.1379591836734694,9.208064822864428,1.0099284339108616,-0.8301135460679697,7.333142507863829,0.054564172958133206,0.003973078851687776,-0.05059109410644543,0.07281479103030294,TRUE,TRUE,TRUE
882,prediction,GROSSCON,6,1.0512,0.4482017358772675,0.5252100840336135,15.007366753789919,1.1127697695762166,-0.30085939051166655,1.0733460626237583,0.24432477216238593,0.11892300857028,-0.12540176359210592,0.4867415101537065,TRUE,FALSE,FALSE
883,prediction,GROSSCON,11,1.0556,0.06998582258887183,0.40285654712260227,23.931315296732222,1.1846123323280051,-0.6721891757960138,2.2315389147455273,0.2646761824186021,0.056278177923736745,-0.20839800449486534,0.21263030700181876,TRUE,FALSE,FALSE
884,prediction,GROSSCON,15,0.9639,0.9603212213909039,0.7718877551020406,6.785489359425206,1.0180711075907194,-0.10066278182475442,1.170975432474907,0.18690729763451042,0.1557964445219658,-0.031110853112544606,0.8335492861633439,TRUE,TRUE,TRUE
885,prediction,GROSSCON,17,1.0263,0.8983569228931649,0.8938424756405632,9.802463732036559,1.0587147998163857,-0.03173859219111051,1.0402325304657516,0.428037276956801,0.3857809207376306,-0.0422563562191704,0.9012787939415028,TRUE,TRUE,TRUE
886,prediction,GROSSCON,5,,,,,,,,,,,,,,
888,prediction,GROSSCON,12,1.0334,0.45200715948405507,0.3259600049073734,20.423960915013307,1.0822073748094818,-0.30546819450873314,1.5405543407297024,0.20784281365753468,0.08160828911268088,-0.1262345245448538,0.39264426648470957,TRUE,FALSE,FALSE
889,prediction,GROSSCON,11,0.9988,0.8179646397958493,0.6650269821502697,7.840429707931203,1.0127197859004953,-0.11676939815039437,1.210887837181167,0.12397054741100112,0.09367371091354232,-0.030296836497458804,0.7556126263037678,TRUE,TRUE,TRUE
890,prediction,GROSSCON,44,0.9991,0.8567698938096763,0.82436801200947,9.482060067166067,1.0247166235443286,-0.06814837036602783,1.0754969845935156,0.2194426340921078,0.18213940258627595,-0.03730323150583184,0.8300091882319716,TRUE,TRUE,TRUE
891,prediction,GROSSCON,47,1.0138,0.8578489077294541,0.8347645496502809,13.0065868746994,1.0634513903385718,-0.11815468903461013,1.1697092141817862,0.3002832065969342,0.23407955661301783,-0.06620364998391637,0.7795292959130393,TRUE,TRUE,FALSE
892,prediction,GROSSCON,25,0.9856,0.9773338214702653,0.9127597633136094,6.898540030393682,1.0193143179635595,-0.057513837878599795,1.0976080384956484,0.2555049393458566,0.23258441720676332,-0.02292052213909329,0.9102932326953272,TRUE,TRUE,TRUE
893,prediction,GROSSCON,49,1.0061,0.8206117202796811,0.8023764267553933,10.507634431803227,1.0253821436928905,-0.09719754668646645,1.1631084730328214,0.20287771919524086,0.16453855270943618,-0.03833916648580468,0.8110232772830579,TRUE,TRUE,TRUE
894,prediction,GROSSCON,12,1.0353,0.9017822207815747,0.6134285295124458,9.668569179184283,1.034641702253872,-0.14911069894627293,1.1962865216810368,0.1869674571399241,0.1309957909266896,-0.05597166621323452,0.700634179501377,TRUE,TRUE,FALSE
895,prediction,GROSSCON,13,0.999,0.7853472146855178,0.5640495867768597,8.7518710547864,1.0098129014175843,-0.10759886115376112,1.0829784767877464,0.11006815968841284,0.07942405908781229,-0.03064410060060055,0.7215897795752232,TRUE,TRUE,TRUE
896,prediction,GROSSCON,24,1.0245,0.3075518675027849,0.6093433818106171,10.088245773705054,1.039719267331492,-0.2901146560999604,1.5377481726514912,0.13707158835376868,0.06817946512511242,-0.06889212322865626,0.49740041640976485,TRUE,TRUE,FALSE
897,prediction,GROSSCON,29,0.9931,0.7143973117728026,0.7093818094329357,12.974400992901753,1.0380197232824806,-0.1052437394759387,1.1353499486583603,0.22390750309941793,0.16883077227065502,-0.05507673082876291,0.7540201642804792,TRUE,TRUE,FALSE
898,prediction,GROSSCON,37,1.0418,0.5775841627459845,0.6365519651844512,9.316728903011775,1.0409740552743183,-0.1654489869715368,1.2272611114680205,0.19038720825452732,0.12042242864540652,-0.0699647796091208,0.6325132331601534,TRUE,TRUE,FALSE
899,prediction,GROSSCON,42,1.0651,0.4177086561486907,0.542515202125506,15.269990625201505,1.0923888444038459,-0.29869001585071886,1.4789717735489594,0.24009877343169148,0.11780722173518196,-0.12229155169650952,0.49066148923371455,TRUE,FALSE,FALSE
901,prediction,GROSSCON,4,,,,,,,,,,,,,,
902,prediction,GROSSCON,24,1.0126,0.9562192187664125,0.7279996974109726,8.247259463183369,1.0189240164863125,-0.06223314870306532,1.1172137133175453,0.22565746237446835,0.19620941464745942,-0.02944804772700893,0.8695011128054732,TRUE,TRUE,TRUE
904,prediction,GROSSCON,14,1.0043,0.8034381391257058,0.4834003001403882,9.477449297287462,1.0363099453354656,-0.1650171455682059,1.1891099261432512,0.17862906461060973,0.13229430856662713,-0.0463347560439826,0.7406090876365115,TRUE,TRUE,FALSE
905,prediction,GROSSCON,33,1.0086,0.6103040647651613,0.5692932156433219,11.8145831115184,1.0259161498541574,-0.24808529851293407,1.3070121126795444,0.13582657199214032,0.0790754720143469,-0.056751099977793415,0.5821796932261727,TRUE,TRUE,TRUE
906,prediction,GROSSCON,23,1.0024,0.8191305760435562,0.5894962036588605,12.474689296715463,1.0428439007313426,-0.12159368467351638,1.1641425650579593,0.20355599032992444,0.1364757808010855,-0.06708020952883895,0.6704581898075559,TRUE,TRUE,FALSE
907,prediction,GROSSCON,23,1.0025,0.8807623705720046,0.9040735103620613,7.951189704043267,1.0223017699155743,-0.11169591109900776,1.1807725410546295,0.18513364737132196,0.15021369702112408,-0.034919950350197876,0.811379774308886,TRUE,TRUE,TRUE
908,prediction,GROSSCON,6,1.0131,0.9038911222109534,0.7067226890756302,4.356947723025007,1.003749852128017,-0.07742893860653545,1.0269908564038572,0.08243614101752161,0.07326036459919694,-0.009175776418324677,0.8886923101316159,TRUE,FALSE,TRUE
909,prediction,GROSSCON,32,1.0068,0.9375710413271278,0.9158045006838241,9.073668303488391,1.0170343111540716,-0.03663534223551756,1.070638515706953,0.23849277662600588,0.22143447822609086,-0.017058298399915017,0.9284745700006457,TRUE,TRUE,TRUE
910,prediction,GROSSCON,6,1.0367,0.9655039211417042,0.9714285714285714,3.2145259469123144,1.0027396990479505,-0.022826034737760747,1.0294724237062454,0.12034239677744211,0.11222599691268782,-0.008116399864754292,0.9325557735087782,TRUE,FALSE,TRUE
912,prediction,GROSSCON,2,,,,,,,,,,,,,,
913,prediction,GROSSCON,13,1.0466,0.5324501083811928,0.8544183089637636,11.96961953725907,1.0563751622203814,-0.12654422362069997,1.136138719050212,0.21544156139167825,0.14707838210368168,-0.06836317928799657,0.6826834207550577,TRUE,TRUE,FALSE
915,prediction,GROSSCON,15,1.0194,0.6432632358579029,0.7268368259647328,5.615191079205813,1.0083524753436026,-0.11782763096522754,1.2113560647606862,0.09213141169098549,0.06605417096503838,-0.02607724072594711,0.7169560278375869,TRUE,TRUE,TRUE
916,prediction,GROSSCON,32,1.0186,0.8434081487656868,0.8603851511701492,6.8594150075085185,1.0132314144473529,-0.0542052661919473,1.1300754119592533,0.16724118975919988,0.14379077207512037,-0.023450417684079516,0.8597808487380154,TRUE,TRUE,TRUE
917,prediction,GROSSCON,31,1.0252,0.42217610849734294,0.5485198112112625,8.183340528091332,1.0313732446920667,-0.22938022800951688,1.153108575500972,0.1335815429015184,0.07694799457006676,-0.05663354833145165,0.5760376239013488,TRUE,TRUE,FALSE
918,prediction,GROSSCON,14,1.0225,0.8156155754626626,0.7138306627293413,5.189926348421487,1.0051689773749228,-0.08083981757781544,1.0302962018554838,0.08741131732788457,0.07353436306597391,-0.013876954261910657,0.8412453365751548,TRUE,TRUE,TRUE
921,prediction,GROSSCON,26,1.0349,0.4218766876695694,0.790326192614544,17.86299106837439,1.1225442539401134,-0.1798204748191724,1.4583427877363206,0.2709249765909719,0.15700818179114123,-0.11391679479983069,0.5795264200693604,TRUE,FALSE,FALSE
924,prediction,GROSSCON,2,,,,,,,,,,,,,,
927,prediction,GROSSCON,3,,,,,,,,,,,,,,
928,prediction,GROSSCON,22,1.0112,0.6858515224388745,0.7781655833780708,10.766563697176954,1.0299162413777039,-0.10890990486434807,1.1396181138290797,0.19642605674163008,0.14952463488016107,-0.046901421861469006,0.7612260682748369,TRUE,TRUE,TRUE
930,prediction,GROSSCON,39,1.0522,0.31379881967395523,0.6583313541277713,12.560133123361533,1.0778911713003945,-0.21542273273047743,1.265774010081779,0.22222037457704474,0.12396716067608993,-0.09825321390095482,0.5578568612893323,TRUE,TRUE,FALSE
940,prediction,GROSSCON,7,1.0186,0.041728513677761654,0.1825619834710744,6.332326457827615,1.0043918123247393,-1.1753757120337123,-7.269193065202783,0.03540821676307233,-0.004236486741006169,-0.0396447035040785,-0.11964699519757951,TRUE,TRUE,TRUE
943,prediction,GROSSCON,7,1.0214,0.5037495631444874,0.37532467532467523,15.578220745949414,1.0497764301478847,-0.43051514832502985,1.823430291605439,0.15117680769914824,0.05356835073393183,-0.0976084569652164,0.35434238590707884,TRUE,FALSE,FALSE
1007,prediction,GROSSCON,4,,,,,,,,,,,,,,
1009,prediction,GROSSCON,2,,,,,,,,,,,,,,
1010,prediction,GROSSCON,7,0.9852,0.9876150056500388,0.7971938775510201,3.7153319302141248,1.0095763894198742,-0.06435853204453683,1.0976260063418843,0.16881800441041683,0.14820558861054753,-0.020612415799869305,0.8779015551578371,TRUE,FALSE,TRUE
1011,prediction,GROSSCON,23,1.0489,0.9126301196358462,0.8246506350669437,22.52194512882421,1.1094462438736952,-0.12630487267395868,1.1771916243054334,0.43065622404209747,0.38804179956992274,-0.04261442447217473,0.901047698620956,TRUE,FALSE,FALSE
1026,prediction,GROSSCON,3,,,,,,,,,,,,,,
1029,prediction,GROSSCON,3,,,,,,,,,,,,,,
1030,prediction,GROSSCON,26,1.0043,0.8847201498104756,0.784455521616101,17.279792359058348,1.056762484890448,-0.131187820393622,1.1263126790287619,0.2787886315133702,0.23076106266878654,-0.048027568844583646,0.8277276638438525,TRUE,FALSE,FALSE
1035,prediction,GROSSCON,1,,,,,,,,,,,,,,
1036,prediction,GROSSCON,16,1.0136,0.7319203301291848,0.6390563952628326,10.527360140766804,1.0180035856833252,-0.16698003852536863,1.202386107826612,0.1252767527675276,0.08719343003995217,-0.03808332272757542,0.696006466592844,TRUE,TRUE,TRUE
1038,prediction,GROSSCON,1,,,,,,,,,,,,,,
1043,prediction,GROSSCON,3,,,,,,,,,,,,,,
1044,prediction,GROSSCON,2,,,,,,,,,,,,,,
1045,prediction,GROSSCON,8,1.0216,0.9737715888104014,0.9529478458049888,8.852264904444883,1.0277659291877828,-0.3609712703720008,1.8508380955450554,0.1396177518626498,0.07592074187908415,-0.06369700998356564,0.5437757080759462,TRUE,TRUE,TRUE
1046,prediction,GROSSCON,42,1.0176,0.781555542286405,0.5883972319842021,11.849093829614073,1.0380214661762566,-0.23359507789279674,1.323011151154245,0.177591674362186,0.10508322758661796,-0.07250844677556804,0.5917125786668802,TRUE,TRUE,FALSE
1049,prediction,GROSSCON,25,1.0046,0.9331018780645464,0.7923710489450237,6.530791975484165,1.0087849496705348,-0.04287613630314579,1.028446447763341,0.16566168910648713,0.14831310792998878,-0.017348581176498346,0.8952770476380528,TRUE,TRUE,TRUE
1053,prediction,GROSSCON,3,,,,,,,,,,,,,,
1054,prediction,GROSSCON,8,1.0064,0.870551856700302,0.59465737514518,9.094527679878684,1.022194466817423,-0.25535932528540545,1.4625626261457207,0.13683526909356236,0.08671243813921192,-0.05012283095435044,0.6336994746575279,TRUE,TRUE,TRUE
1055,prediction,GROSSCON,5,,,,,,,,,,,,,,
1056,prediction,GROSSCON,5,,,,,,,,,,,,,,
1058,prediction,GROSSCON,3,,,,,,,,,,,,,,
1059,prediction,GROSSCON,5,,,,,,,,,,,,,,
1064,prediction,GROSSCON,5,,,,,,,,,,,,,,
1065,prediction,GROSSCON,3,,,,,,,,,,,,,,
1066,prediction,GROSSCON,12,1.0088,0.8406752227958926,0.8036965220067713,7.355115066642336,1.0069425631160844,-0.03622612375378455,1.1332859904934491,0.1292727084542212,0.10849879881542446,-0.020773909638796745,0.8393016601322829,TRUE,TRUE,TRUE
1067,prediction,GROSSCON,28,1.0331,0.9519662018048565,0.9166208419717388,6.277443399922454,1.0044911375935974,-0.007861560309361491,1.0121734836774063,0.19821248442038783,0.19023732921892592,-0.007975155201461914,0.9597646171239776,TRUE,TRUE,TRUE
1076,prediction,GROSSCON,3,,,,,,,,,,,,,,
1114,prediction,GROSSCON,7,1.0274,0.947040207582744,0.7971938775510201,6.907319029820017,1.0194919982099249,-0.07011719227430852,1.114131664219213,0.2203885164173973,0.1943953344806089,-0.0259931819367884,0.8820574576237924,TRUE,TRUE,TRUE
1117,prediction,GROSSCON,16,0.9818,0.8730998667364537,0.8843476565884085,13.55340245796841,1.0595004289566412,-0.05251925562068895,1.0993554406268744,0.4140642520744562,0.36742442221615246,-0.04663982985830373,0.8873608875322155,TRUE,TRUE,FALSE
1118,prediction,GROSSCON,16,1.029,0.33727030714210937,0.5150173010380621,18.462184900447568,1.0988680694454092,-0.39526769147281826,1.8037937684600298,0.21987814136531258,0.08763716763552254,-0.13224097372979005,0.39857153190102396,TRUE,FALSE,FALSE
1119,prediction,GROSSCON,20,1.011,0.8366395925540263,0.8503629276351147,16.861092577305563,1.068465768290896,-0.07542624180998866,1.0801680735430348,0.32687630933256423,0.27792802066407685,-0.04894828866848738,0.850254401218513,TRUE,FALSE,FALSE
1120,prediction,GROSSCON,23,0.9814,0.9479850911733111,0.9531315908700337,13.732768488913175,1.0588613567021319,-0.04837186681648864,1.0735421194798844,0.4287101975370529,0.39745424148546804,-0.03125595605158488,0.927093042733411,TRUE,TRUE,TRUE
1121,prediction,GROSSCON,20,0.9649,0.9244155288392587,0.8406801427949104,21.37191221082964,1.0912261320574637,-0.0748078234291165,1.0795636781719227,0.4608714244987171,0.4204754683055311,-0.04039595619318598,0.9123487505498435,TRUE,FALSE,FALSE
1122,prediction,GROSSCON,19,1.0109,0.9370138236519416,0.7655291653189161,10.6324679716399,1.0600591614759531,-0.04538499934293191,1.0881653730360805,0.35105295169892364,0.29058233023897123,-0.06047062145995241,0.8277450134878389,TRUE,TRUE,TRUE
1123,prediction,GROSSCON,6,0.9754,0.7350640686184613,0.7844897959183674,20.937805303914722,1.0803199201263944,-0.047717533389197646,1.1377178947170565,0.2805490245917266,0.16882471371437457,-0.11172431087735202,0.6017654631309427,TRUE,FALSE,TRUE
1124,prediction,GROSSCON,39,0.9673,0.8852596458032518,0.8699839422817046,19.347983923968503,1.0928691783390991,-0.054877930452707994,1.0695228244888422,0.4940590247208518,0.45020699123220015,-0.04385203348865163,0.9112413066162925,TRUE,FALSE,FALSE
1125,prediction,GROSSCON,32,1.0178,0.8891919681311532,0.8526178222660975,16.530861232565087,1.0631193621523232,-0.058358557024512286,1.065125979471273,0.4046435430284119,0.36900065883524524,-0.035642884193166635,0.9119153516539272,TRUE,FALSE,FALSE
1126,prediction,GROSSCON,26,1.021,0.635434384299868,0.8580542986425338,15.334843121679743,1.0697801978104817,-0.06396327143778163,1.1133429013726654,0.2955255161732894,0.22939455420315533,-0.0661309619701341,0.77622588118125,TRUE,FALSE,FALSE
1127,prediction,GROSSCON,5,,,,,,,,,,,,,,
1128,prediction,GROSSCON,4,,,,,,,,,,,,,,
1129,prediction,GROSSCON,14,0.9877,0.7081460269079849,0.6414096916299559,20.281166265488775,1.1236245201682824,-0.12815845261967929,1.1524150582478903,0.3572727194022874,0.26145058380771097,-0.09582213559457642,0.7317955433180412,TRUE,FALSE,FALSE
1138,prediction,GROSSCON,52,1.0025,0.7606986580515456,0.6747787366373272,14.920341578149795,1.0472806581889498,-0.1459345989523864,1.2162261296665058,0.21732879912596997,0.1543652252452764,-0.06296357388069357,0.710284259914407,TRUE,TRUE,FALSE
1140,prediction,GROSSCON,31,1.0677,0.4606467441900241,0.4067341953164958,18.61984962184971,1.108643955889408,-0.1672716335798399,1.4277655861448235,0.2913099149966832,0.16959533328923543,-0.12171458170744776,0.5821818089891188,TRUE,FALSE,FALSE
1141,prediction,GROSSCON,5,,,,,,,,,,,,,,
1142,prediction,GROSSCON,16,1.0522,0.373143515204732,0.6637456747404842,18.08272694848664,1.1100964974477159,-0.18423983563744806,1.1096150736155526,0.2714710796364004,0.1414930532710652,-0.12997802636533518,0.5212085702115173,TRUE,FALSE,FALSE
1143,prediction,GROSSCON,15,1.0234,0.9419484084141717,0.895727040816326,9.874414593361697,1.0357982252398006,-0.015403673705109887,1.0175505952164812,0.546352307700901,0.538048898507787,-0.008303409193114009,0.9848020973352241,TRUE,TRUE,TRUE
1144,prediction,GROSSCON,14,1.0015,0.9877242044301473,0.9543302512465507,3.97339333385583,1.0131052471521569,-0.07641030779409173,1.1316439227127058,0.17821577085991894,0.1571651132459273,-0.021050657613991636,0.8818810618587855,TRUE,FALSE,TRUE
1145,prediction,GROSSCON,24,1.0069,0.9261376784321863,0.8399456994740228,7.890877729853077,1.017473677891862,-0.12461844247949523,1.250111687428199,0.16423986593309303,0.13054470515831662,-0.03369516077477641,0.7948417664411458,TRUE,TRUE,TRUE
1146,prediction,GROSSCON,9,0.9822,0.7141047112584135,0.5136111111111111,10.581601190131737,1.0549989744938575,-0.19037998240871068,1.5041138734201303,0.22073442889024145,0.1472044621449287,-0.07352996674531276,0.6668849208753248,TRUE,TRUE,FALSE
1147,prediction,GROSSCON,6,1.0402,0.9947539572544669,0.5951020408163266,9.732115253301664,1.064814261243161,-0.08019971727725739,1.149014351076111,0.37327823691460055,0.32485612678958137,-0.04842211012501918,0.870278775089432,TRUE,TRUE,FALSE
1148,prediction,GROSSCON,8,0.9958,0.9647573072440412,1,8.289934366254933,1.0268654880442782,-0.06882252066622539,1.0572610724225149,0.2684592507976524,0.24922012348839484,-0.019239127309257587,0.9283350182491613,TRUE,TRUE,TRUE
1149,prediction,GROSSCON,4,,,,,,,,,,,,,,
1150,prediction,GROSSCON,13,1.0117,0.7389576406621751,0.8021072334259148,18.51424011829667,1.090720610067031,-0.2770691444229758,1.3599126580880316,0.25273104867732077,0.19947453580251207,-0.053256512874808704,0.7892759391711899,TRUE,FALSE,FALSE
1162,prediction,GROSSCON,46,1.0154,0.8219252210095798,0.8528288394100239,12.439192678328588,1.0534534515329723,-0.07243678808255129,1.0754223472233788,0.3194317834623771,0.2692402637492637,-0.05019151971311342,0.8428724932469814,TRUE,TRUE,FALSE
1163,prediction,GROSSCON,15,1.0291,0.803500727403053,0.7844897959183671,9.619184434160529,1.0268205614938626,-0.1382642204184628,1.1930621571135753,0.17559454807653813,0.1261080475267401,-0.04948650054979803,0.7181774656908604,TRUE,TRUE,TRUE
1164,prediction,GROSSCON,7,1.0463,0.9772448328984817,0.6574675324675323,7.338830345801845,1.0197127402020723,-0.05821469707006883,1.1285132432649088,0.21248407275362652,0.17668339277466671,-0.035800679978959804,0.8315135835123493,TRUE,TRUE,TRUE
1165,prediction,GROSSCON,4,,,,,,,,,,,,,,
1166,prediction,GROSSCON,16,1.0088,0.9511814612781718,0.9477595155709342,12.146770038802284,1.0435478947375487,-0.052116483146715346,1.1246150489227336,0.37659840462960603,0.34088363576779357,-0.03571476886181246,0.9051648429128667,TRUE,TRUE,FALSE
1167,prediction,GROSSCON,12,0.9701,0.9865668921461194,0.9448383784048123,8.871397863191232,1.034634042863751,-0.03952777732597735,1.0662777879215006,0.3918739687114898,0.36916186589081984,-0.022712102820669933,0.9420423283145115,TRUE,TRUE,TRUE
1168,prediction,GROSSCON,14,1.0302,0.4548912335408937,0.3923439198164473,14.905373954316897,1.034973370326315,-0.3776278861264859,1.7536460563963332,0.1378126754695792,0.053386203304102785,-0.08442647216547641,0.3873823878841048,TRUE,TRUE,FALSE
1169,prediction,GROSSCON,8,1.1046,0.7865824103746892,0.7760770975056691,21.141784710012985,1.1440870796856861,-0.10312218968785565,1.1787960045531642,0.41583885209713034,0.3093783915336721,-0.10646046056345826,0.743986258074338,FALSE,FALSE,FALSE
1170,prediction,GROSSCON,4,,,,,,,,,,,,,,
1179,prediction,GROSSCON,25,0.9976,0.8956262109044643,0.6012516958404812,6.617224331648096,1.0120033192840896,-0.11979451864646767,1.2850971693359183,0.12869898833040266,0.09907273944132797,-0.029626248889074697,0.769802006422796,TRUE,TRUE,TRUE
1182,prediction,GROSSCON,13,1.0493,0.8768070233394893,0.8931288491728053,7.630319792620596,1.0199189547565606,-0.13167945704843795,1.2535676373264508,0.167637193227582,0.13079453671479774,-0.03684265651278426,0.7802238524551818,TRUE,TRUE,TRUE
1183,prediction,GROSSCON,32,1.0002,0.647799230971587,0.7475670786982237,18.26559585379869,1.0898702249278656,-0.11939287687250205,1.1752114950146673,0.29159259089446943,0.19120395442135352,-0.10038863647311591,0.6557229517897879,TRUE,FALSE,FALSE
1184,prediction,GROSSCON,40,1.0108,0.8987670022908874,0.8960759628061455,13.693889223764167,1.0412075153081322,-0.062296793824775626,1.1100272867300887,0.33804178001592183,0.30701203425156665,-0.031029745764355188,0.9082073648917194,TRUE,TRUE,FALSE
1185,prediction,GROSSCON,40,1.011,0.8092541562684653,0.8434337478747853,14.492608893012928,1.080428684055647,-0.05419121050939021,1.092478920074644,0.4093291746362951,0.3492463007325002,-0.06008287390379491,0.8532162434862336,TRUE,TRUE,FALSE
1186,prediction,GROSSCON,40,0.9805,0.9644661561295796,0.9497927173534506,7.539425392424573,1.0168252304573135,-0.05430017784449962,1.0485542946362918,0.23990113714990927,0.2270696695349251,-0.01283146761498416,0.9465135189960936,TRUE,TRUE,TRUE
1195,prediction,GROSSCON,27,1.0171,0.8655556975368506,0.9316138684270551,15.944701520044239,1.030736635361923,-0.01761288844983875,1.0205244195465037,0.43488536669691874,0.4259560016681192,-0.00892936502879954,0.9794673131988306,TRUE,FALSE,TRUE
1196,prediction,GROSSCON,27,0.9987,0.865644649400094,0.6573673801144222,27.135041850758856,1.1472630101896393,-0.13296643448113588,1.0460090364205303,0.4496271465817148,0.3763601461323068,-0.07326700044940804,0.8370494286067477,TRUE,FALSE,FALSE
1197,prediction,GROSSCON,24,0.9869,0.8208485311264939,0.9124030513484217,13.199289422483423,1.05936764959919,-0.038878572973362384,1.075632419921321,0.37428502342955294,0.31990251420412336,-0.05438250922542959,0.8547029514375818,TRUE,TRUE,TRUE
1198,prediction,GROSSCON,8,0.9882,0.9246800921269946,0.8622448979591839,7.1763230046589825,1.0144258495940555,-0.07432450644109276,1.1211474038798968,0.17739437041612738,0.15925533545617765,-0.01813903495994973,0.8977474036103873,TRUE,TRUE,TRUE
1199,prediction,GROSSCON,11,0.9773,0.9789337551518443,0.9285950413223141,9.859004419218808,1.021404114740196,-0.013132749340599447,0.990676486733325,0.4368557479990187,0.43301979346966585,-0.0038359545293528696,0.9912191734985218,TRUE,TRUE,TRUE
1200,prediction,GROSSCON,5,,,,,,,,,,,,,,
1201,prediction,GROSSCON,3,,,,,,,,,,,,,,
1202,prediction,GROSSCON,4,,,,,,,,,,,,,,
1203,prediction,GROSSCON,5,,,,,,,,,,,,,,
1204,prediction,GROSSCON,20,1.0914,0.8745853291740265,0.9254745215182422,16.20193528986838,1.0422074424986383,-0.01919895904585255,1.0810090129636634,0.5068075110366346,0.4888512738959566,-0.017956237140677955,0.9645699072139837,TRUE,FALSE,TRUE
1205,prediction,GROSSCON,10,1.0163,0.9146372630319031,0.6497337006427915,14.484428916511916,1.0507264501242128,-0.08762795892375572,1.1548550940382676,0.33871130128366467,0.28662648123195567,-0.052084820051709,0.8462265066021848,TRUE,TRUE,FALSE
1206,prediction,GROSSCON,19,0.9523,0.9305662817831744,0.6741274238227148,16.50843802161684,1.0554523738725814,-0.09331102535295333,1.0879948991872628,0.30758249421002815,0.25015700595627166,-0.057425488253756485,0.8133005312891951,TRUE,FALSE,FALSE
1207,prediction,GROSSCON,18,1.0837,0.9072460955218465,0.7976880399832835,16.878744448229867,1.0598784334587814,-0.0923104809301418,1.181939533078928,0.3425145619781175,0.31821073975699854,-0.024303822221118987,0.9290429519820774,TRUE,FALSE,FALSE
1208,prediction,GROSSCON,2,,,,,,,,,,,,,,
1209,prediction,GROSSCON,20,1.0083,0.7805392744784436,0.7398586692294645,12.737117415739368,1.0386877083066575,-0.13869181971238406,1.1834768309631591,0.20804071856287418,0.14868811439148127,-0.0593526041713929,0.7147067911445647,TRUE,TRUE,FALSE
1210,prediction,GROSSCON,38,1.0328,0.6843415281451194,0.6652517227004684,19.440037145203735,1.1038571983427103,-0.18597089622731638,1.2392912009314043,0.2902519134434045,0.18091585911285826,-0.10933605433054625,0.623306344363289,TRUE,FALSE,FALSE
1211,prediction,GROSSCON,18,1.0292,0.9762745598648642,0.9260085654156139,7.231567062025338,1.0343448582287447,-0.07404426424294562,1.1196620527351333,0.31426940103555623,0.2770602332471081,-0.03720916778844813,0.8816010478085383,TRUE,TRUE,FALSE
1212,prediction,GROSSCON,6,1.0098,0.9727313630645322,0.5951020408163266,8.91382614140645,1.021916866572407,-0.07910516401886432,1.1535278933586042,0.23230373230373225,0.20069896304054455,-0.0316047692631877,0.8639506608448928,TRUE,TRUE,TRUE
1213,prediction,GROSSCON,2,,,,,,,,,,,,,,
1215,prediction,GROSSCON,19,1.1008,0.3739239321546783,0.4847292880707922,21.988196261639448,1.1622404405448488,-0.30900217393256835,1.521897020330352,0.2969450289567213,0.13070712887225872,-0.1662379000844626,0.44017281357253774,FALSE,FALSE,FALSE
1216,prediction,GROSSCON,12,0.9878,0.9927549594361379,0.7041909139811238,6.782531213828403,1.0218493956610857,-0.043523023328586055,1.0617875298026842,0.30042798969500534,0.2784658170385604,-0.021962172656444956,0.9268970488444137,TRUE,TRUE,TRUE
1217,prediction,GROSSCON,30,1.0582,0.7367858382703812,0.7571035870095703,14.148965547029741,1.0680268844927707,-0.12795434740300982,1.17481578131043,0.2926107818849199,0.22303110494472306,-0.06957967694019684,0.7622108232239998,TRUE,TRUE,FALSE
1218,prediction,GROSSCON,1,,,,,,,,,,,,,,
1219,prediction,GROSSCON,2,,,,,,,,,,,,,,
1223,prediction,GROSSCON,1,,,,,,,,,,,,,,
1224,prediction,GROSSCON,25,1.0102,0.8013534531635101,0.8738420102406251,7.553932837113392,1.0278091605481006,-0.10539703733607181,1.115729088495962,0.20707810611504854,0.1639027365770521,-0.043175369537996444,0.7915020069093686,TRUE,TRUE,TRUE
1225,prediction,GROSSCON,5,,,,,,,,,,,,,,
1226,prediction,GROSSCON,2,,,,,,,,,,,,,,
1227,prediction,GROSSCON,3,,,,,,,,,,,,,,
1228,prediction,GROSSCON,1,,,,,,,,,,,,,,
1229,prediction,GROSSCON,11,1.0809,0.8229692096944035,0.9285950413223141,11.819647448651533,1.0704626777928463,-0.06384092998653859,1.1518740198193518,0.3565454867557973,0.28978047609797436,-0.06676501065782292,0.8127447600997088,TRUE,TRUE,FALSE
1230,prediction,GROSSCON,7,1.0332,0.9095592863972358,0.9298469387755098,5.591764027713822,1.0204786969263826,-0.1314864470290064,1.1773623085712566,0.16040313277882337,0.1263628285724899,-0.03404030420633347,0.7877827969029074,TRUE,TRUE,TRUE
1231,prediction,GROSSCON,5,,,,,,,,,,,,,,
1232,prediction,GROSSCON,10,0.9583,0.9430530855861289,0.9053810835629014,6.8088106249492295,1.0166547375281794,-0.07898886206968529,1.1609977704624408,0.16214363045831828,0.13928873089706198,-0.022854899561256303,0.8590453445710189,TRUE,TRUE,TRUE
1233,prediction,GROSSCON,20,1.0959,0.8111776707149245,0.7611045322424373,13.26112636373934,1.0984453162776913,-0.14083460561475145,1.166138011773458,0.3349259238861045,0.24839867262804488,-0.0865272512580596,0.7416525712489064,TRUE,TRUE,FALSE
1234,prediction,GROSSCON,1,,,,,,,,,,,,,,
1235,prediction,GROSSCON,5,,,,,,,,,,,,,,
1236,prediction,GROSSCON,9,1.0263,0.9785629349493281,0.9669444444444444,8.069206464384818,1.0190132268931504,-0.043565684386782474,1.0990817014790508,0.30535093650285283,0.2918635230321372,-0.013487413470715637,0.955829794972351,TRUE,TRUE,TRUE
1237,prediction,GROSSCON,28,1.058,0.8495298006253046,0.8365189912667403,12.68922482185271,1.0388464320235162,-0.0697696479506267,1.1268666895625208,0.30546896094097165,0.2736469588487042,-0.03182200209226743,0.8958257428373658,TRUE,TRUE,FALSE
1238,prediction,GROSSCON,5,,,,,,,,,,,,,,
1239,prediction,GROSSCON,6,1.0269,0.9746852408986433,1,5.138240917219221,1.0196829494126358,-0.1384365791483231,1.2000232067126384,0.17292318387208905,0.1403332285805381,-0.032589955291550954,0.8115350726154934,TRUE,TRUE,TRUE
1240,prediction,GROSSCON,10,0.9862,0.974389937220238,0.9521028466483009,4.226599641928887,1.006409787729262,-0.052815051777264234,1.1137873386194863,0.16152534805374028,0.14842704883384278,-0.013098299219897497,0.9189087076565863,TRUE,FALSE,TRUE
1241,prediction,GROSSCON,9,1.0009,0.9555262290254756,0.9025,7.757638333602655,1.0265683285618175,-0.05497752327353533,1.0436769462551552,0.2572877059569076,0.22044485455008356,-0.03684285140682403,0.856802907586285,TRUE,TRUE,TRUE
1242,prediction,GROSSCON,10,1.0159,0.9240729363619983,0.7925342058298634,8.75291410329972,1.0171990998682294,-0.1089625881263957,1.2258863069586496,0.16879011171856426,0.1305842834358552,-0.03820582828270905,0.7736488951058204,TRUE,TRUE,TRUE
1243,prediction,GROSSCON,8,1.0044,0.5075642430914387,0.19635685599541025,11.929195062832488,1.0264840547190446,-0.6325512584057894,2.1722029479738443,0.09213818321785983,0.02493832764831394,-0.06719985556954589,0.2706622463929803,TRUE,TRUE,TRUE
1244,prediction,GROSSCON,20,0.9749,0.84129202420436755,0.8918175137090849,21.08278288800506,1.0769652917455803,-0.09318575438242187,1.1368500007054008,0.3455073658196756,0.2937168591972409,-0.05179050662243473,0.8501030318136117,TRUE,FALSE,FALSE
1245,prediction,GROSSCON,38,1.0301,0.9116919090160278,0.9600246633568683,9.321895651230577,1.033301161658761,-0.02914933224239071,1.057365703178386,0.3924584638541213,0.37050283714089305,-0.02195562671322826,0.9440561773146284,TRUE,TRUE,TRUE
1246,prediction,GROSSCON,9,0.9649,0.9578841783969237,0.9669444444444444,6.628023322742606,1.0156479965059075,-0.05918748558045942,1.109514331160966,0.2258445546893457,0.21371067835588617,-0.012133876333459526,0.9462733279084371,TRUE,TRUE,TRUE
1247,prediction,GROSSCON,27,0.982,0.7680410506824464,0.88591458583825,13.244951732832568,1.0517859562832794,-0.03697495898454263,1.0601097124102137,0.3937701150934424,0.35697026647597807,-0.036799848617464326,0.9065448412489819,TRUE,TRUE,TRUE
1248,prediction,GROSSCON,9,0.9781,0.9652284218890967,0.8402777777777777,9.385457701064613,1.0292019035597688,-0.1268861476282281,1.1721235673922026,0.22396286626051637,0.19862720935102451,-0.025335656909491855,0.8868756355349502,TRUE,TRUE,TRUE
1249,prediction,GROSSCON,9,1.0123,0.9089083150702142,0.8784313725490196,7.133247699148941,1.0173751032720493,-0.18492155329099128,1.26859091260382,0.1317551584690945,0.10024610940399745,-0.03150904906509705,0.7608514958259638,TRUE,TRUE,TRUE
1250,prediction,GROSSCON,37,0.9916,0.9339421262495455,0.8738281756593045,13.507274271853465,1.053638240438012,-0.10171794543504543,1.1327044018294334,0.3076494976549112,0.27058724723130234,-0.037062250423608833,0.8795309249450446,TRUE,TRUE,FALSE
1251,prediction,GROSSCON,19,0.9828,0.9693508860370401,0.8710018569035728,8.914993703175393,1.028485945670537,-0.0563086853295594,1.0719406491343741,0.30650104814934237,0.2885319390472421,-0.017969109102100256,0.941373417120111,TRUE,TRUE,TRUE
1252,prediction,GROSSCON,32,1.002,0.8813382272352628,0.9232619055938887,10.924495430791515,1.0457305855594463,-0.09798694758682223,1.1738399302960032,0.27217132494518537,0.2216916402278164,-0.05047968471736897,0.8145297461900681,TRUE,TRUE,FALSE
1253,prediction,GROSSCON,2,,,,,,,,,,,,,,
1270,prediction,GROSSCON,17,0.9883,0.42174519720629755,0.17609119815002167,20.876179444021798,1.0676757567804558,-0.5408064937280581,1.8988571919937276,0.17662039274156527,0.05284058637621105,-0.12377980636535421,0.29917602127365056,TRUE,FALSE,FALSE
1271,prediction,GROSSCON,1,,,,,,,,,,,,,,
1274,prediction,GROSSCON,1,,,,,,,,,,,,,,
1294,prediction,GROSSCON,13,0.9953,0.9616355000026297,0.9537810674174311,9.219276306442492,1.0298901953152384,-0.06485836013803267,1.106674230766891,0.30638394477394143,0.2795214940416714,-0.026862450732270005,0.9123242219755024,TRUE,TRUE,TRUE
1303,prediction,GROSSCON,3,,,,,,,,,,,,,,
1304,prediction,GROSSCON,10,1.0337,0.7815261681619975,0.8083570252880445,5.867913577207655,1.0029522397895747,-0.003908095450888629,1.1050839868295936,0.088950276243094,0.07985685279704882,-0.009093423446045176,0.8977695873457033,TRUE,TRUE,TRUE
1310,prediction,GROSSCON,11,1.0287,0.4591282995415605,0.3616438356164383,16.42651529464348,1.0609592813866555,-0.4296531186040534,1.6002902651988968,0.17265922657073204,0.08021012949849858,-0.09244909707223346,0.4645574470104526,TRUE,FALSE,FALSE
1311,prediction,GROSSCON,7,1.0698,0.917782047577788,0.7740137221269296,8.534788842800197,1.023981859899661,-0.12436843003811843,1.0982782591035938,0.17399834902556627,0.15113210438176164,-0.02286624464380463,0.8685835539712805,TRUE,TRUE,TRUE
1312,prediction,GROSSCON,25,1.0095,0.8532914799798567,0.6549876618027719,11.546351545142882,1.0414422885961068,-0.11846683788772953,1.1336786812597226,0.23562882491686538,0.1836512508129563,-0.051977574103909074,0.7794091019116706,TRUE,TRUE,FALSE
1313,prediction,GROSSCON,1,,,,,,,,,,,,,,
1321,prediction,GROSSCON,8,1.0133,0.9896818299402151,0.580498866213152,8.545385006684437,1.0293046290746204,-0.06730095783148225,1.1459114521951501,0.2833654298752215,0.2454034714783544,-0.03796195839686711,0.8660317935974636,TRUE,TRUE,TRUE
1323,prediction,GROSSCON,16,0.9775,0.6288675988241386,0.5652742140999456,15.252992757871286,1.049236637576441,-0.4166694601825469,1.4657022072005554,0.16065666924437005,0.07666935723456114,-0.08398731200980891,0.47722486464562314,TRUE,FALSE,FALSE
1324,prediction,GROSSCON,4,,,,,,,,,,,,,,
1325,prediction,GROSSCON,12,1.1027,0.37382332379010763,0.48097165991902846,12.559884531604254,1.095476368397741,-0.5265168532596105,1.918853292989729,0.19308722936657916,0.051450922727288496,-0.14163630663929067,0.26646465898378036,FALSE,TRUE,FALSE
1327,prediction,GROSSCON,13,1.0429,0.8800288860038369,0.7701465201465203,7.8836992703241515,1.0202490357061131,-0.20376582421499032,1.3578370284269778,0.1433185282963749,0.09702031620703594,-0.04629821208933896,0.6769558504424719,TRUE,TRUE,TRUE
1328,prediction,GROSSCON,48,1.0168,0.640635899799947,0.6898820098150324,14.463557045525688,1.0590635179140202,-0.08771383201523698,1.0617648442703946,0.2562246066778949,0.18565459822767938,-0.0705700084502155,0.7245775518393888,TRUE,TRUE,FALSE
1330,prediction,GROSSCON,51,1.0099,0.6503419491430876,0.8599707056503918,13.985544893103521,1.0599345498195913,-0.025815235964191375,1.0858881908594966,0.3620577385615443,0.3146984733509263,-0.04735926521061795,0.869194163895581,TRUE,TRUE,TRUE
1331,prediction,GROSSCON,15,1.0464,0.6939754535873984,0.6538125518031496,8.467186953256265,1.0312565456979272,-0.17392127587878148,1.4166981645787078,0.1766906677961316,0.11830214914113148,-0.058388518655000124,0.6695438452789726,TRUE,TRUE,FALSE
1333,prediction,GROSSCON,101,1.015,0.8080523410042273,0.8241421200844157,11.859417004884113,1.0340342091327397,-0.06442250533162407,1.0860431533999113,0.24735472947756054,0.20784237544670894,-0.0395123540308516,0.8402603656930033,TRUE,TRUE,FALSE
1334,prediction,GROSSCON,104,1.0245,0.5110672168232004,0.3385327855220014,13.651747732896824,1.0505674531869988,-0.2704160771512738,1.4469965148878194,0.17805555987476177,0.08535421740248567,-0.0927013424722761,0.47936844804240275,TRUE,TRUE,FALSE
1335,prediction,GROSSCON,55,0.9992,0.6157286172018643,0.23263618671799544,10.02681772225256,1.0246486348702568,-0.21726344589824667,1.4159562105771122,0.13572585517453759,0.07346876568502952,-0.06225708948950806,0.5413026544614647,TRUE,TRUE,TRUE
1336,prediction,GROSSCON,18,1.001,0.958125057350513,0.8828433504763369,5.333456537902521,1.0107901761707399,-0.03441658329510779,1.0818036950973988,0.20685959747714536,0.186980091949697,-0.019879505527448355,0.9038985583946874,TRUE,TRUE,TRUE
1338,prediction,GROSSCON,34,1.024,0.7545254039773707,0.6335605405433685,12.106169262777888,1.032235040814808,-0.04976802879672725,1.1455560755842311,0.23012037075684227,0.1671058906122246,-0.06301448014461766,0.7261673100153215,TRUE,TRUE,TRUE
1339,prediction,GROSSCON,10,1.0118,0.9525064744062091,0.8598347107438014,5.956832861732102,1.0108948271695855,-0.04924414782799978,1.0845132345443254,0.18638946567254616,0.16628775389684963,-0.02010171177569653,0.8921521036440346,TRUE,TRUE,TRUE
1341,prediction,GROSSCON,23,0.9857,0.9765930100317127,0.8816026672494796,6.2450129411960535,1.0078051572549098,-0.017008284316026197,1.0261935016949595,0.23807437829457867,0.22643990427353652,-0.011634474021042146,0.9511309276353697,TRUE,TRUE,TRUE
1342,prediction,GROSSCON,9,1.0423,0.9402992625989383,0.9344444444444444,7.194639998348477,1.017303890599938,-0.09666393426570537,1.1317371874306086,0.17333628122927258,0.14432928487230592,-0.029006996356966658,0.8326547901497956,TRUE,TRUE,TRUE
1343,prediction,GROSSCON,3,,,,,,,,,,,,,,
1345,prediction,GROSSCON,18,1.0164,0.5155099934204598,0.49878463782207105,17.96227766631982,1.0989699809840385,-0.2883026326413678,1.3354192864683447,0.2614159436229582,0.14344517035305732,-0.11797077326990091,0.5487238779894357,TRUE,FALSE,FALSE
1346,prediction,GROSSCON,38,1.0347,0.6062155577478784,0.7572043401481697,10.776268861975623,1.0396570080123466,-0.1214937738487008,1.3158084198492024,0.20123180291153406,0.1404046661313015,-0.06082713678023255,0.697726025905689,TRUE,TRUE,FALSE
1347,prediction,GROSSCON,14,1.0579,0.19567309220824336,0.6584784743900184,17.514912602287982,1.1068246360753247,-0.32004845194017356,1.3727123653634083,0.19123176886984997,0.09344961763850458,-0.097782151231345385,0.4886720349384273,TRUE,FALSE,FALSE
1348,prediction,GROSSCON,5,,,,,,,,,,,,,,
1349,prediction,GROSSCON,21,1.0098,0.9950367227965017,0.6273792801499333,8.283296323834382,1.0277050552974338,-0.02798170675222987,1.022590464406387,0.4589204511910213,0.4390484179557867,-0.01987203323523462,0.9566983053737061,TRUE,TRUE,TRUE
1350,prediction,GROSSCON,27,1.0145,0.6262912673614213,0.7316299296366114,15.559989154019831,1.0790733249013111,-0.21224914295505765,1.2660572790085118,0.25822559431361836,0.168424436131145,-0.08980115818247336,0.6522375776840746,TRUE,FALSE,FALSE
1351,prediction,GROSSCON,21,1.0009,0.9522419882936487,0.9160173160173156,9.689932740976696,1.019738231118756,-0.025370657505975194,1.069954879341771,0.3046185945057377,0.2800931213251217,-0.024525473180615986,0.9194879313903668,TRUE,TRUE,TRUE
1361,prediction,GROSSCON,12,1.033,0.5210623831558258,0.6467308914861365,18.065303114605975,1.1031515001539534,-0.16781682885142518,1.1124152847616822,0.2867390411662048,0.1778780229612574,-0.1088610182049474,0.6203481124781769,TRUE,FALSE,FALSE
1362,prediction,GROSSCON,5,,,,,,,,,,,,,,
1363,prediction,GROSSCON,65,1.017,0.92379747499635545,0.8047133857210791,13.81766210690387,1.0541561521908152,-0.05846002086777359,1.1284951309505835,0.34929919062899945,0.2976659159304461,-0.05163327469855333,0.8521803769267977,TRUE,TRUE,FALSE
1364,prediction,GROSSCON,32,1.0295,0.9693492106112951,0.818436150791284,15.25436636192914,1.0434144248893575,-0.045441532454706564,1.1460148957955845,0.4806976489411572,0.45762477761414,-0.023072871327017186,0.9520012811008327,TRUE,FALSE,TRUE
1365,prediction,GROSSCON,37,0.9899,0.9608240149094174,0.8579938635209577,8.780282344024315,1.0162706935793757,-0.03876404806740768,1.027150557627497,0.2652715893447178,0.24874178949156722,-0.016529799853150562,0.9376872589560646,TRUE,TRUE,TRUE
1366,prediction,GROSSCON,44,0.9798,0.8936912245633228,0.7270312311519288,10.487960574230879,1.022816562378885,-0.045764577323982945,1.0626728831268752,0.2533073463237065,0.2216054013854764,-0.03170194493823009,0.8748479055253394,TRUE,TRUE,TRUE
1367,prediction,GROSSCON,87,1.0122,0.7824375023811759,0.7813882677008932,12.398633884954261,1.0364437208346489,-0.09911912117908474,1.1347726972171204,0.23659767275950133,0.18950458095986064,-0.04709309179964069,0.8009570793728379,TRUE,TRUE,FALSE
1368,prediction,GROSSCON,41,1.013,0.6956974425816305,0.7390097584046559,16.62099260595127,1.0628788582630573,-0.11709032345986717,1.1797212218269022,0.24660778124262211,0.1772869560631126,-0.06932082517950952,0.7189025227419363,TRUE,FALSE,FALSE
1369,prediction,GROSSCON,40,1.0077,0.9391827917154495,0.916987266767987,10.68715166361767,1.0394177914959744,-0.043045803787717184,1.067028102651894,0.351437967210215,0.3144278440451112,-0.03701012316510377,0.894689456979001,TRUE,TRUE,TRUE
1370,prediction,GROSSCON,40,0.9949,0.8575401824414213,0.8793517256005511,11.075053512689951,1.0249023711673206,-0.07827127659460048,1.0781240787703144,0.21536057561687993,0.1897819947121265,-0.02557858090475343,0.8812290465351608,TRUE,TRUE,TRUE
1371,prediction,GROSSCON,28,1.0273,0.7122983236822402,0.6760264830376301,15.071859928291495,1.0392865871787533,-0.14691103704375594,1.232598098883953,0.19246914761576608,0.1320618945799108,-0.060407253035855285,0.6861457860433365,TRUE,FALSE,FALSE
1372,prediction,GROSSCON,12,1.0139,0.34609291305318723,0.2750745757738766,15.10094100938961,1.0541752432145826,-0.3016136416831916,1.1505854309801997,0.167329093799682,0.07296820600703402,-0.09436088779264798,0.43607602449809413,TRUE,FALSE,FALSE
1374,prediction,GROSSCON,8,0.8459,0.9903540822944513,0.9410499139414804,31.05796006801848,1.2037031023582274,-0.07374762492666283,1.090446008561455,0.5799064597028676,0.5351081478148152,-0.04479831188805239,0.9227490724779887,FALSE,FALSE,FALSE
1376,prediction,GROSSCON,8,0.9741,0.9728564521531319,0.47675736961451276,5.353672682948029,1.0026746429133804,0.00751335278467596,0.9921553596993364,0.228809556136361,0.20977645690245472,-0.01903309923390628,0.9168168517290277,TRUE,TRUE,TRUE
1377,prediction,GROSSCON,5,,,,,,,,,,,,,,
1378,prediction,GROSSCON,13,0.9182,0.9074287432771092,0.9565269894940226,19.558813132931753,1.0242524713948724,-0.06291043949699575,0.9288291169862065,0.2916486715613353,0.3001593776116685,0.008510706050333217,1.0291813640184655,TRUE,FALSE,TRUE
1379,prediction,GROSSCON,14,1.0018,0.7923262498983655,0.7363121460037758,13.632119479571939,1.0397355953389207,-0.12147727790400793,1.2570271776074053,0.2150642168108336,0.15197464379592038,-0.06308957301491322,0.7066477447970547,TRUE,TRUE,FALSE
1380,prediction,GROSSCON,7,0.9726,0.9943802836865029,0.8622448979591831,10.952592932488923,1.0725350883848308,-0.08383530145844134,1.11025168649614,0.4303429077565481,0.3927108882932056,-0.03763201946334249,0.9125534108148204,TRUE,TRUE,FALSE
1381,prediction,GROSSCON,17,0.9539,0.993881951055943,0.8538122356785854,15.732403514347409,1.036260082398208,-0.03317482557169525,1.0440405749559865,0.5767508608641241,0.5653942781178181,-0.011356582746306021,0.9803093787683457,TRUE,FALSE,TRUE
1382,prediction,GROSSCON,13,0.9933,0.9959583040444069,0.9296642583935404,6.495241224283695,1.022331006363357,-0.03519256843443268,1.0849456614895912,0.4197669487871357,0.4017362142406867,-0.018030734546449045,0.957045845084882,TRUE,TRUE,TRUE
1383,prediction,GROSSCON,11,1.0103,0.8310784384727615,0.8979659609796596,11.387704848013886,1.0198087172987322,-0.05678121865173042,1.0556755035280303,0.1919939219569306,0.17603550189452769,-0.015958420062402917,0.9168805975744231,TRUE,TRUE,TRUE
1384,prediction,GROSSCON,27,0.9768,0.7209538216543593,0.7025255593520712,19.310576796732985,1.0668715825409762,-0.18394436178552967,1.285421362313017,0.24389691408497624,0.1643115821059219,-0.07958533197905435,0.6736927472918908,TRUE,FALSE,FALSE
1385,prediction,GROSSCON,4,,,,,,,,,,,,,,
1386,prediction,GROSSCON,31,1.0386,0.9741619893008218,0.8201587284805267,16.450085335747282,1.061084686609806,-0.05466898158128682,1.0852170992766366,0.5065906122334914,0.4852498148751914,-0.021340797358300023,0.957873681740348,TRUE,FALSE,FALSE
1387,prediction,GROSSCON,29,0.9822,0.9449854856900683,0.9616992343232877,16.50554263089575,1.0380819712243914,-0.04270004390208452,1.0588510118755623,0.4165852085192174,0.41192154155982225,-0.00466366695939513,0.9888050106820343,TRUE,FALSE,TRUE
1388,prediction,GROSSCON,19,0.9743,0.9801013021684517,0.8842597722376119,13.683057876809034,1.0395120764973105,-0.0348524489961507,1.0408441360950265,0.5058619364923762,0.48759399697852146,-0.018267939513854747,0.9638874993431532,TRUE,TRUE,TRUE
1389,prediction,GROSSCON,18,1.0121,0.9544852637234129,0.9713129725302757,15.813510332423409,1.0640043866408853,-0.04825802846005551,1.1394748682464215,0.4406783794830529,0.4074353514679476,-0.03324302801510526,0.9245639687290724,TRUE,FALSE,TRUE
1390,prediction,GROSSCON,9,0.9759,0.9944225190338998,0.9669444444444444,12.672014861538244,1.0204822191553302,-0.032630864745200445,1.0330681976687988,0.4986843516724824,0.500969076031304,0.002284724358821655,1.00458150401383,TRUE,TRUE,TRUE
1391,prediction,GROSSCON,18,0.9928,0.8334842433421918,0.7666419329802389,15.564547174940365,1.0451075327704187,-0.04848026943188894,1.136792732319087,0.2972204956958713,0.24961602053228915,-0.04760447516358213,0.8398344802833078,TRUE,FALSE,TRUE
1392,prediction,GROSSCON,22,1.0354,0.91976847933057,0.8886297441197958,13.831811893143406,1.064236546927794,-0.04556527804645846,1.0918130744620034,0.4806901422013933,0.44805564561715916,-0.03263449658423412,0.9321090787616748,TRUE,TRUE,TRUE
1393,prediction,GROSSCON,7,0.9798,0.999267424018871,0.9999999999999996,1.7685216031118052,1.0007670188367366,-0.001228998820779579,0.9997716187711799,0.41469725860018186,0.41417785246629685,-5.194061338850142e-4,0.9987475052629037,TRUE,FALSE,TRUE
1394,prediction,GROSSCON,19,1.0458,0.7322698152636783,0.8089740622444412,13.678156111160785,1.0561088892019126,-0.0971134678621602,1.1110938155086578,0.2686909032921229,0.19351695645611108,-0.07517394683601183,0.7202214666929676,TRUE,TRUE,FALSE
1395,prediction,GROSSCON,12,0.9903,0.8350622806176033,0.8650300748202849,16.65916191214467,1.0710732999300632,-0.12785066736216522,1.1801369277942886,0.2957062933130912,0.2521608257359187,-0.04354546757717248,0.8527408155934412,TRUE,FALSE,FALSE
1396,prediction,GROSSCON,18,1.0135,0.8326127355159635,0.31202931368284603,10.784538617713993,1.0333649940564733,-0.1523975121760556,1.2374850613977528,0.1988976854142614,0.13659991310069308,-0.06229777231356831,0.6867848301813299,TRUE,TRUE,FALSE
1397,prediction,GROSSCON,19,1.0284,0.862916694387587,0.7981177702817186,21.348810238678137,1.1222674674586317,-0.13605918435724293,1.1293507921680612,0.38237894625543534,0.30755817098983657,-0.07482077526559877,0.8043282037405447,TRUE,FALSE,FALSE
1398,prediction,GROSSCON,6,1.0093,0.9446286690258221,0.7844897959183674,8.177143100199586,1.0066898365126438,-0.0015515890340055832,1.04456934771046,0.23141486810551548,0.21026397036267705,-0.02115089774283843,0.9086018201164391,TRUE,TRUE,TRUE
1399,prediction,GROSSCON,21,1.0438,0.43960999080655233,0.7637783241102781,15.266789735836628,1.1042991746903452,-0.2054122506000337,1.259788568023088,0.2771771078479698,0.1609654510470039,-0.11621165680096587,0.5807314041796433,TRUE,FALSE,FALSE
1400,prediction,GROSSCON,6,0.9688,0.9926480580888929,0.6865306122448979,11.572398914085223,1.0082681512085567,-0.022782103703623557,1.222483091760167,0.41822781348283894,0.3993325317381367,-0.01889528174470223,0.9548205998368458,TRUE,TRUE,TRUE
1401,prediction,GROSSCON,10,0.9938,0.9781683256496594,0.9521028466483009,9.789322946346408,1.0195545428033694,-0.038629231180292226,1.0261127601807023,0.3432098765432098,0.33961671900119705,-0.003593157542012726,0.9895307280250708,TRUE,TRUE,TRUE
1402,prediction,GROSSCON,25,0.9693,0.9799261136132823,0.9528763313609467,12.640639818344528,1.021308219273351,-0.01862868389552648,1.0398923637377653,0.5004929268926597,0.4937657405931276,-0.006727186299532062,0.9865588783815623,TRUE,TRUE,TRUE
1403,prediction,GROSSCON,24,1.0239,0.37279277249916914,0.6881784499054819,15.720754244460247,1.0633745552941993,-0.16852201833161612,1.3704025120564174,0.21594084940902425,0.12834633395287165,-0.0875945154561526,0.5943587528905404,TRUE,FALSE,FALSE
1404,prediction,GROSSCON,9,0.9551,0.9051543858481386,0.9586134453781513,8.473694856061723,1.0214182921317376,-0.05425757558845754,1.0837423996949573,0.22005525759791963,0.18358391000894533,-0.0364713475889743,0.8342627756905768,TRUE,TRUE,TRUE
1405,prediction,GROSSCON,12,1.0258,0.7817904886710932,0.7519194092620669,12.737167044554617,1.0547177078744796,-0.10555876816414224,1.1993582821859687,0.2555230795039553,0.19644935063873495,-0.05907372886522036,0.7688125511797226,TRUE,TRUE,FALSE
1406,prediction,GROSSCON,24,1.0489,0.8788974105271468,0.7399217050891692,12.87723530494812,1.034594929589693,-0.07904507450549438,1.1346280069679515,0.25461880898854145,0.21491105054581525,-0.0397077584427262,0.8440501760240613,TRUE,TRUE,FALSE
1407,prediction,GROSSCON,26,1.0168,0.9809600316047073,0.8038261601599493,12.026025546760799,1.0369176477407063,-0.06941338251033428,1.1460094347695948,0.37995832828378384,0.3604002720539323,-0.019558056229851517,0.948525786187679,TRUE,TRUE,FALSE
1408,prediction,GROSSCON,42,1.0112,0.9539401940442636,0.8797754363068282,14.685703742790878,1.0456382589350777,-0.05255797284102604,1.063456639258931,0.38835142477243967,0.3602276602746237,-0.02812376449781595,0.9275816626286475,TRUE,TRUE,FALSE
1409,prediction,GROSSCON,32,0.9944,0.853090761158966,0.8807868161524173,14.587702460593347,1.0425014768723122,-0.07134203323942906,1.1016834806496683,0.2825950650891964,0.2456136877782924,-0.03698137731090401,0.8691365070397409,TRUE,TRUE,FALSE
1410,prediction,GROSSCON,17,1.0036,0.9723427188237161,0.8858131487889275,8.945671860174786,1.034104646112135,-0.07147826323873735,1.0860641291620532,0.29944335066075545,0.26624662098936513,-0.03319672967139031,0.8891385312175475,TRUE,TRUE,FALSE
1411,prediction,GROSSCON,38,1.0402,0.7236536696911879,0.8342610776887122,16.8694984315627,1.0583868568059793,-0.05729290108238495,1.0978034969334742,0.3275580031233841,0.27168252940608706,-0.055875473717297064,0.8294180780670776,TRUE,FALSE,FALSE
1412,prediction,GROSSCON,5,,,,,,,,,,,,,,
1413,prediction,GROSSCON,26,0.9938,0.9204625533406926,0.8523624118699357,15.16016206321988,1.0540699054252158,-0.06343398427575819,1.0851913905554966,0.3881688768879782,0.3644865185987497,-0.02368235828922849,0.9389895488811614,TRUE,FALSE,FALSE
1414,prediction,GROSSCON,4,,,,,,,,,,,,,,
1417,prediction,GROSSCON,13,1.0329,0.9387299370456352,0.6001992512981524,11.222327922002318,1.0281784691337077,-0.03294431803650087,1.0665553893949076,0.28667047007658353,0.2529529493928564,-0.03371752068372713,0.8823823023183394,TRUE,TRUE,TRUE
1418,prediction,GROSSCON,7,1.0206,0.9583647291688748,0.9298469387755098,8.705942828917557,1.0262691203752048,-0.08565164625911202,1.1097230082639957,0.23371901780304125,0.2045159090131585,-0.029203108789882748,0.8750503529221029,TRUE,TRUE,TRUE
1421,prediction,GROSSCON,23,1.0372,0.9317136000127615,0.7751654064272212,10.112395710790908,1.02053913077886,-0.045435785766451756,1.0359858408215523,0.2687723830211941,0.24419971143293626,-0.02457267158825785,0.9085744178325041,TRUE,TRUE,TRUE
1424,prediction,GROSSCON,7,1.0391,0.9806658356183535,0.8622448979591831,4.702453994332986,1.0185211591309116,-0.024750393597680144,1.0205820762540512,0.345233789718419,0.3259386716887026,-0.019295118029716396,0.944109995590368,TRUE,FALSE,TRUE
1425,prediction,GROSSCON,7,0.9601,0.9181761422073715,0.7795454545454543,7.4042970352957065,1.014780016220162,-0.11170735705895413,1.1286070313272167,0.15917310537563698,0.1299510338289629,-0.029222071546674083,0.8164132597795832,TRUE,TRUE,TRUE
1426,prediction,GROSSCON,1,,,,,,,,,,,,,,
1427,prediction,GROSSCON,53,1.0212,0.8414858732648969,0.7257940792991461,15.80335122248753,1.0584093924535296,-0.09922580147621414,1.113461694076786,0.31177164094575865,0.2578175538770461,-0.053954087068712575,0.8269435702841895,TRUE,FALSE,FALSE
1428,prediction,GROSSCON,34,1.0066,0.8199639545355962,0.8424391929167125,13.152886906882166,1.0486874393193963,-0.06155656173420689,1.1080376446248075,0.3240759325691198,0.27830531742006837,-0.04577061514905145,0.8587657689165505,TRUE,TRUE,FALSE
1429,prediction,GROSSCON,18,1.0365,0.8574537345616344,0.7532591875487905,11.185004334606226,1.0282141071191508,-0.10761925755466101,1.199607059989733,0.20686557055282564,0.16092616273972185,-0.045939407813103794,0.7779262750667705,TRUE,TRUE,TRUE
1431,prediction,GROSSCON,21,1.0061,0.820651092204973,0.6561053306667342,11.149255601823159,1.0242215617610695,-0.21471840211331306,1.4202240736045708,0.15032808398950134,0.10310601611025254,-0.047222067879248805,0.6858732804540586,TRUE,TRUE,TRUE
1432,prediction,GROSSCON,26,1.0288,0.9531275089200059,0.9294700820232017,8.12364904122886,1.0194475437119748,-0.036091722067668953,1.036122871502625,0.28966287033183247,0.2693813959505178,-0.020281474381314668,0.9299824849554222,TRUE,TRUE,TRUE
1433,prediction,GROSSCON,15,1.0158,0.8877932340220169,0.8854198668714798,9.162828642085211,1.0318211145545266,-0.12987639410603838,1.2167462376243094,0.21176326054239994,0.16281134843242265,-0.04895191210997729,0.7688366150738599,TRUE,TRUE,FALSE
1436,prediction,GROSSCON,1,,,,,,,,,,,,,,
1437,prediction,GROSSCON,6,1.025,0.9114892277753429,0.5951020408163266,6.084679221926436,1.0109171178490244,-0.0909963499575798,1.2139267260226112,0.13556990947713166,0.11212443485125512,-0.02344547462587654,0.8270598931849888,TRUE,TRUE,TRUE
1438,prediction,GROSSCON,20,1.0381,0.4859038550997744,0.47437209333949787,9.392543645321929,1.013025986645232,-0.1854241054950896,1.2087350857280845,0.0982864371693628,0.054737286394513515,-0.04354915077484929,0.5569159689875894,TRUE,TRUE,TRUE
1439,prediction,GROSSCON,10,0.9946,0.970834137167436,0.9342572062084258,5.559488019927855,1.0077079346362994,-0.03906167764266629,1.104994958241075,0.18624802485022798,0.17368240010639457,-0.012565624743833409,0.932532842944573,TRUE,TRUE,TRUE
1440,prediction,GROSSCON,13,1.026,0.9326378912289122,0.6260113512860767,9.36881366639407,1.0318644326131607,-0.07909334755861094,1.152989063454378,0.23403222837636597,0.18800871084335924,-0.046023517533006736,0.80334538600815,TRUE,TRUE,FALSE
1441,prediction,GROSSCON,17,1.0415,0.6034138967638927,0.6013393072216601,10.630205389986493,1.0283772442368704,-0.36246793491946416,1.703571405156338,0.13002446080391378,0.06626760407373897,-0.06375685673017481,0.5096549038851641,TRUE,TRUE,TRUE
1443,prediction,GROSSCON,25,1.0138,0.9202863820345492,0.961523810933199,9.048461472239236,1.0299466387821699,-0.04797722324209449,1.0891759162634516,0.2634228050119245,0.22937151455153126,-0.034051290460393235,0.8707352218087123,TRUE,TRUE,TRUE
1444,prediction,GROSSCON,45,1.0254,0.800919335185087,0.8573299137099328,12.804259997539605,1.046914850499481,-0.0826573398083457,1.110227943801231,0.28482970296680715,0.2386529170467982,-0.046176785920008956,0.8378793172234913,TRUE,TRUE,FALSE
1445,prediction,GROSSCON,12,0.9922,0.9477442710801354,0.8877561035455773,8.150963064133872,1.0144007039129481,-0.059558769250368807,1.0833791098525012,0.22288971041281572,0.21501562438123104,-0.007874086031584682,0.9646727252819297,TRUE,TRUE,TRUE
1446,prediction,GROSSCON,60,1.0087,0.9210431866799322,0.8068415975692729,10.970239224333634,1.0338499847251155,-0.05869078839697445,1.107664553328066,0.3243745772855083,0.29394334104631786,-0.030431236239190418,0.9061848912641344,TRUE,TRUE,FALSE
1447,prediction,GROSSCON,48,1.0001,0.5617506714564566,0.6970567758272576,13.188598694917966,1.0691169794469793,-0.1025471805121227,1.199068648089933,0.2608184641425823,0.18959371275265888,-0.07122475138992343,0.7269182930584746,TRUE,TRUE,FALSE
1448,prediction,GROSSCON,35,1.0125,0.9057879173606104,0.8958595987414575,8.899859554326753,1.0235894804624996,-0.04658693665454228,1.0712601770621202,0.26217466432242864,0.23711617096341614,-0.0250584933590125,0.9044206143115531,TRUE,TRUE,TRUE
1450,prediction,GROSSCON,21,0.9971,0.7121478273601073,0.8870726710888354,18.276261755599265,1.1078548151445238,-0.056608464589965435,1.106729092886898,0.4030115692345186,0.3213035071476538,-0.08170806208686476,0.7972562866072026,TRUE,FALSE,FALSE
1451,prediction,GROSSCON,35,1.0606,0.2207750125920911,0.4813510245790669,17.73766852500213,1.1730597088785415,-0.3161710266793339,1.5502475359490178,0.28662829739575124,0.10865638371273759,-0.17797191368301365,0.379084635745906,TRUE,FALSE,FALSE
1452,prediction,GROSSCON,17,1.0049,0.9625206924564368,0.6243433370294291,8.341669819524272,1.0191287005540763,-0.06657802812105991,1.0928717228952043,0.22498530542116915,0.1937350280660993,-0.031250277355069855,0.8611008070212861,TRUE,TRUE,TRUE
1453,prediction,GROSSCON,35,1.11,0.1218564065969785,0.3646031798347578,18.995563589689695,1.133420791366629,-0.44675933935584977,1.826760083527528,0.24291946515015406,0.07164349904764578,-0.17127596610250828,0.2949269586254082,FALSE,FALSE,FALSE
1456,prediction,GROSSCON,12,1.0368,0.5926054168237699,0.49885079955010037,11.791654573582502,1.0281739982720015,-0.10007586818142464,1.3804729304112817,0.15390894353494536,0.08535012991128192,-0.06855881362366344,0.5545495144790139,TRUE,TRUE,TRUE
1458,prediction,GROSSCON,20,1.0514,0.6126224277485368,0.5867401938581394,10.432646424856792,1.0242759200527582,-0.1918172239422471,1.4138672200781428,0.14666164928502318,0.08975128012429749,-0.056910369160725685,0.6119614811495423,TRUE,TRUE,TRUE
1460,prediction,GROSSCON,20,1.0389,0.9434602004349062,0.7450415512465375,5.363778326051427,1.0096164565262131,-0.03610982704117251,1.0719991316172173,0.17892819127159587,0.1606148602194173,-0.018313331052178583,0.8976498285595438,TRUE,TRUE,TRUE
1466,prediction,GROSSCON,16,1.0177,0.9618129820821835,0.7110998007450403,10.973961137703396,1.0217111085316968,-0.044386587240972546,1.0474409295504412,0.30339478417266186,0.2806892289605394,-0.022705555212122475,0.9251616824131006,TRUE,TRUE,TRUE
1467,prediction,GROSSCON,6,1.0591,0.9666304101195304,0.8889795918367347,4.048868355108863,1.0009710351335788,-0.007487934247757122,1.0647776017833013,0.1404697380307137,0.13336253069373072,-0.007107207336982974,0.9494039966428286,TRUE,FALSE,TRUE
1468,prediction,GROSSCON,2,,,,,,,,,,,,,,
1469,prediction,GROSSCON,12,1.0502,0.24890326799886392,0.7047903446559663,9.934523282520933,1.0516729412830048,-0.3077621294419408,1.5962972793032812,0.14412876035459968,0.07704239647393359,-0.06708636388066609,0.5345386741992809,TRUE,TRUE,FALSE
1471,prediction,GROSSCON,26,1.0346,0.42520705696963706,0.8816532790814595,9.274094278492923,1.0737350607461185,-0.08028815602172189,1.1612122975401251,0.28101725544347045,0.2045316358577483,-0.07648561958572214,0.7278258964382064,TRUE,TRUE,FALSE
1472,prediction,GROSSCON,6,1.0281,0.6497417108284839,0.4840336134453782,4.788114746576017,1.0013083364577833,0.07534338233000488,0.7075791084878202,0.052794690362569195,0.046464382532157046,-0.006330307830412149,0.8800957485129932,TRUE,FALSE,TRUE
1473,prediction,GROSSCON,24,1.0545,0.5974586127201618,0.7477473795739207,15.008518572987212,1.0946310223139744,-0.07440142683861459,1.1533992951465817,0.3332123424020006,0.2535916853281706,-0.07962065707382998,0.7610512969001236,TRUE,FALSE,FALSE
1483,prediction,GROSSCON,36,1.0389,0.8517427353723828,0.8726021048044217,9.535634121875914,1.0371817808307915,-0.04720588439919521,1.04786171082667,0.30291656461751987,0.25924613367688465,-0.04367043094063522,0.8558334668961532,TRUE,TRUE,TRUE
1484,prediction,GROSSCON,5,,,,,,,,,,,,,,
1487,prediction,GROSSCON,7,1.0263,0.796681577158348,0.8779220779220774,9.461953621924463,1.0280198637539086,-0.10007741747170638,1.134234286957204,0.1752561784207354,0.1378701574168463,-0.0373860210038891,0.7866778715547652,TRUE,TRUE,TRUE
1489,prediction,GROSSCON,27,1.0371,0.20831855379699413,0.5057563597678194,11.514459084427644,1.0368491260358699,-0.335456027025257,1.2178383017009602,0.13369991549778393,0.062957158261801,-0.07074275723598293,0.47088405424492963,TRUE,TRUE,FALSE
1491,prediction,GROSSCON,5,,,,,,,,,,,,,,
1492,prediction,GROSSCON,2,,,,,,,,,,,,,,
1493,prediction,GROSSCON,7,0.9595,0.9897119789348409,0.9298469387755098,7.564588288199513,1.0303116870991313,-0.03933976451965647,1.0319415084691275,0.4078962737997899,0.39777962204907447,-0.01011665175071541,0.9751979794851448,TRUE,TRUE,TRUE
1494,prediction,GROSSCON,17,0.9815,0.9259317200086281,0.9231064975009614,9.509823709878324,1.018145905678538,-0.04608029001306751,1.061775072310704,0.2784943404737055,0.26484470052765957,-0.013649639946045955,0.9509877295070752,TRUE,TRUE,TRUE
1495,prediction,GROSSCON,14,0.9984,0.8951758265399323,0.7159763313609467,8.552996444994458,1.010505445156684,-0.02895634586410718,1.0280412969331503,0.17419615558211327,0.15619092393342043,-0.018005231648692832,0.8966381801680723,TRUE,TRUE,TRUE
1496,prediction,GROSSCON,14,0.9684,0.9640800925281379,0.8458343418695841,12.950333660321897,1.0429335418178483,-0.05529489790013337,1.1035706487052348,0.3707226111396538,0.3305005558882131,-0.040222055251440736,0.8915036362961718,TRUE,TRUE,FALSE
1497,prediction,GROSSCON,30,1.0053,0.9100300746530992,0.8779936086745518,13.112605352240578,1.055056846430531,-0.04828575404305444,1.109803815793915,0.3753822274583977,0.32595623949598435,-0.049425987962413376,0.8683315715369314,TRUE,TRUE,TRUE
1498,prediction,GROSSCON,41,0.9944,0.8662178340830556,0.9006383255079534,10.520150631390116,1.0274680407571686,-0.05307610494627758,1.1079564437110276,0.2336187941446047,0.2002997239266727,-0.03331907021793201,0.8573784684578576,TRUE,TRUE,TRUE
1499,prediction,GROSSCON,55,0.9906,0.9726330357733236,0.9346839351383249,12.698957524154453,1.038791121900915,-0.028717351485053937,1.0907240228046293,0.48421289416835384,0.46008133821865055,-0.024131555949703287,0.9501633346812258,TRUE,TRUE,TRUE
1500,prediction,GROSSCON,27,1.0183,0.7793864221816819,0.8176337744265477,13.278313204180344,1.042006196997078,-0.04190418001182248,1.0762522043154539,0.31652991174326306,0.273169886042469,-0.04336002570079406,0.8630144447897761,TRUE,TRUE,TRUE
1501,prediction,GROSSCON,22,1.0141,0.8641036700623991,0.80852657536519,15.537936880083269,1.0427685404269285,-0.05042206470552548,1.1691683171421328,0.2840862726496354,0.2428943784692442,-0.04119189418039118,0.855002166080748,TRUE,FALSE,FALSE
1502,prediction,GROSSCON,11,1.0011,0.9797954397341413,0.9639669421487606,7.526070592337939,1.0115715657756945,-0.0167146026733507,1.0278865052811803,0.3113541906083821,0.30262696832805974,-0.008727222280322355,0.9719701146039837,TRUE,TRUE,TRUE
1503,prediction,GROSSCON,10,0.9521,0.7435163769033968,0.3997043606799704,15.530606048136587,1.0421147324915079,-0.20909441486297953,1.0252102209159333,0.1864699847239258,0.12642642597066178,-0.06004355875326403,0.6779988004924211,TRUE,FALSE,FALSE
1504,prediction,GROSSCON,15,1.0882,0.7841238032951309,0.7298875543061589,15.574149282199704,1.0881031904466674,-0.043545582570092826,1.1185009054554322,0.4171284721032983,0.34405982407144314,-0.07306864803185514,0.8248293920973098,TRUE,FALSE,TRUE
1505,prediction,GROSSCON,13,0.9621,0.9963920447237475,0.8419574930563941,9.51828220385903,1.0213196608489146,-0.027454595855358505,1.0483954315675013,0.5055984822798417,0.4952558997079542,-0.010342582571887526,0.9795438812924224,TRUE,TRUE,TRUE
1506,prediction,GROSSCON,10,0.9737,0.9892622659662228,0.9521028466483009,10.14219108521576,1.0515655316937083,-0.054204749794841196,1.0806610285209775,0.41248460418766103,0.3884291152717113,-0.02405548891594972,0.9416814866016051,TRUE,TRUE,FALSE
1507,prediction,GROSSCON,34,1.0138,0.988819973247868,0.9614155386537813,6.468391041326803,1.0165153700401879,-0.021757270129104285,1.0406166949232853,0.3968960104326102,0.3873201483550266,-0.009575862077583597,0.975873120853127,TRUE,TRUE,TRUE
1508,prediction,GROSSCON,33,0.9859,0.9179876384754053,0.7968740948375633,19.473022916491992,1.0760591762842329,-0.08290057372271192,1.141204217257435,0.47294234162923554,0.4340018322112216,-0.03894050941801391,0.9176633048251336,TRUE,FALSE,FALSE
1509,prediction,GROSSCON,21,0.9733,0.9174821581425865,0.7399582234701917,13.644249757103792,1.0185735776360898,-0.051754453222832376,0.9889538117936493,0.22759501094386486,0.21264977413166553,-0.014945236812199336,0.934334075469319,TRUE,TRUE,TRUE
1510,prediction,GROSSCON,14,0.9872,0.9934123884683813,0.8889795918367347,10.997979624274913,1.011688826170035,-0.022887787536484818,1.1076524925979754,0.4427605804309884,0.4335862406496546,-0.009174339781333807,0.9792792308375705,TRUE,TRUE,TRUE
1511,prediction,GROSSCON,21,1.0222,0.7125127016072262,0.8470461570850969,13.760600131784063,1.0590243008885172,-0.033517476135449524,1.0786847396411212,0.3131343126448845,0.24205338921111688,-0.07108092343376762,0.773001806051264,TRUE,TRUE,TRUE
1512,prediction,GROSSCON,22,1.0024,0.9940450777310639,0.9753095945372477,6.611768709833394,1.0153614738475922,-0.02467931410964012,1.040594379441318,0.4485448836010936,0.4426939884838684,-0.005850895117225252,0.9869558313311881,TRUE,TRUE,TRUE
1513,prediction,GROSSCON,18,0.9948,0.992887476186772,0.6731110237805404,10.492286762146765,1.0308103832697257,-0.034439814778288294,1.0718380422773108,0.4203558323781511,0.3911457438918886,-0.029210088486262498,0.930511042701591,TRUE,TRUE,TRUE
1514,prediction,GROSSCON,22,1.0022,0.967951573090585,0.8233692264576311,10.185175639899196,1.026487397538984,-0.04958644540215417,1.0685547540952551,0.34221058650055675,0.3267860022108138,-0.01542458428974297,0.9549266302732634,TRUE,TRUE,TRUE
1515,prediction,GROSSCON,10,0.9824,0.9715183100129072,0.882460973370064,9.049863786605986,1.0260224411765297,-0.03811770979651371,1.0438160752197372,0.3286466561348078,0.3072181527421424,-0.021428503392665388,0.9347977440431476,TRUE,TRUE,TRUE
1516,prediction,GROSSCON,12,1.1121,0.8091102514534493,0.6025233507750992,25.85888606408893,1.1767607355935987,-0.239859031200557,1.4404351821060826,0.3672956286136439,0.24978082421678463,-0.11751480439685927,0.6800538987071028,FALSE,FALSE,FALSE
1517,prediction,GROSSCON,4,,,,,,,,,,,,,,
1518,prediction,GROSSCON,14,0.9923,0.9322096636431721,0.7844897959183673,16.94755163332394,1.043443360652722,-0.0836751589288054,1.1556586605245647,0.3204954435182556,0.2862235263219401,-0.034271917196315504,0.8930658207801841,TRUE,FALSE,FALSE
1519,prediction,GROSSCON,39,0.9633,0.9439812249328845,0.8485956034816173,17.895766030904387,1.0626310114998196,-0.08057267567323544,1.1196571428698567,0.41614342449492314,0.3815732186628064,-0.03457020583211673,0.9169271847222508,TRUE,FALSE,FALSE
1520,prediction,GROSSCON,19,1.0104,0.8873068265924638,0.8028287355790705,8.05309519983433,1.022480776209427,-0.08255462421076054,1.1253415384615835,0.20216044668061078,0.16700542937981291,-0.03515501730079787,0.8261033853158299,TRUE,TRUE,TRUE
1521,prediction,GROSSCON,18,0.9909,0.9233356956409278,0.8955526374364855,19.89035393606528,1.0649143568023263,-0.07846418123656027,1.1084289086135484,0.3580019123844601,0.3317329519938929,-0.026268960390567198,0.9266234076359994,TRUE,FALSE,FALSE
1522,prediction,GROSSCON,34,0.9876,0.8163616279865464,0.9448363886334236,13.67599940135312,1.0537505234564295,-0.041192494275401864,1.1002241370652945,0.4113440562991646,0.37146437600724413,-0.03987968029192046,0.9030503062309558,TRUE,TRUE,TRUE
1523,prediction,GROSSCON,12,0.9824,0.9222377979629726,0.8650300748202849,15.129852528754409,1.0489215156346325,-0.10900375577267964,1.160741062872366,0.2840336377246378,0.23337660846398403,-0.05065702926065377,0.8216513027595547,TRUE,FALSE,FALSE
1524,prediction,GROSSCON,3,,,,,,,,,,,,,,
1525,prediction,GROSSCON,31,1.032,0.6531493574349564,0.7998325043266669,16.660314964076527,1.1126017920623716,-0.08802334355053415,1.1044401160368789,0.3585941057056687,0.2535121953043641,-0.1050819104013046,0.7069614119994626,TRUE,FALSE,FALSE
1527,prediction,GROSSCON,9,1.029,0.9391456438776686,0.7511111111111112,11.848596106582367,1.0561638365879311,-0.07064313100082156,1.1807486132135128,0.3569399630456965,0.3084627211323421,-0.048477241913354396,0.8641865665595191,TRUE,TRUE,FALSE
1529,prediction,GROSSCON,29,1.0203,0.8960941427432624,0.8571192664062051,10.588307094416189,1.0460992791350336,-0.05782568625235433,1.1037351203142423,0.3561553430602699,0.3221263332144182,-0.03402900984585172,0.904454585593306,TRUE,TRUE,FALSE
1532,prediction,GROSSCON,18,1.0077,0.9072451246202385,0.87612691048936,13.028967101259974,1.0395362115824962,-0.05310759795795083,1.0525169307272455,0.3283821922054193,0.2884761084376169,-0.039906083767802414,0.8784767118466669,TRUE,TRUE,FALSE
1533,prediction,GROSSCON,27,1.0204,0.7233173742843068,0.8204503676899186,15.630420306357212,1.0635256581822647,-0.09033402768186481,1.0685661864255647,0.2946587518323182,0.2252164082167967,-0.06944234361552151,0.7643296077795132,TRUE,FALSE,FALSE
1534,prediction,GROSSCON,13,1.0681,0.5881483752014669,0.27184103984658003,8.887638683230234,1.0094981472805673,-0.13501963710326575,1.1751688701900842,0.09229711989991457,0.05269098686568331,-0.03960613303423126,0.5708844102916811,TRUE,TRUE,TRUE
1535,prediction,GROSSCON,16,0.9535,0.788082519199211,0.8583477508650518,16.80234668617091,1.0787687479985277,-0.051681181309805806,1.1551988847456047,0.3677830859292224,0.291019507176012,-0.07676357875321038,0.7912802907744837,TRUE,FALSE,FALSE
1540,prediction,GROSSCON,5,,,,,,,,,,,,,,
1542,prediction,GROSSCON,47,1.0056,0.8783634363178213,0.9135851074710174,12.102249534566106,1.0314481241915752,-0.042872519630035126,1.0871048887348085,0.30838450929398764,0.28091702849988853,-0.02746748079409911,0.9109310618196003,TRUE,TRUE,TRUE
1543,prediction,GROSSCON,10,1.0449,0.27620031667535133,0.33149678604224053,19.80349130807216,1.1106000247310284,-0.6453989759779631,2.664380211363299,0.21025530817501928,0.040105298879228354,-0.17015000929579094,0.1907457139956922,TRUE,FALSE,FALSE
1544,prediction,GROSSCON,19,0.9931,0.8185157048435816,0.8490827595767295,10.33316764474068,1.0262412641777265,-0.07359915999663168,1.0962662065191588,0.21057825500006674,0.17367914385309796,-0.03689911114696878,0.8247724526591927,TRUE,TRUE,TRUE
1545,prediction,GROSSCON,8,1.0415,0.9027153629399916,0.5692771084337351,6.73062825139835,1.0042822144604067,-0.023083961027859316,0.9543214383335334,0.124484654145671,0.11455578400617106,-0.009928870139499946,0.9202402078582211,TRUE,TRUE,TRUE
1546,prediction,GROSSCON,5,,,,,,,,,,,,,,
1547,prediction,GROSSCON,11,1.0387,0.9332431544586687,0.81,7.760144607269099,1.0224110203302799,-0.04613326173074921,1.1150273392167418,0.25606310219160294,0.2230777993915191,-0.032985302800083854,0.8711829134390392,TRUE,TRUE,TRUE
1548,prediction,GROSSCON,3,,,,,,,,,,,,,,
1549,prediction,GROSSCON,9,1.0423,0.7633827524542495,0.6320028011204483,18.91038934707806,1.1189046285746649,-0.3640911197904614,2.277032689136494,0.2531516013879528,0.11284850711556753,-0.14030309427238524,0.44577441539715207,TRUE,FALSE,FALSE
1550,prediction,GROSSCON,28,0.9889,0.6214167897261776,0.8143660855036488,9.78563157768384,1.0334693131093124,-0.138571522933582,1.1655141133105051,0.16995052287511495,0.12298879915871552,-0.04696172371639942,0.7236741439688986,TRUE,TRUE,FALSE
1551,prediction,GROSSCON,15,1.0672,0.33774919247359675,0.7116790186557628,16.721282218116713,1.1471604372532074,-0.11941353741947772,1.0982115740092835,0.3213661043003865,0.18962948898044918,-0.1317366153199373,0.5900730862493176,TRUE,FALSE,FALSE
1552,prediction,GROSSCON,10,1.0069,0.3806603593980933,0.14756841165972645,7.1589400946857,1.0038278082669503,-0.020260146933731838,1.2663242762783118,0.052403677451049194,0.024440103604330687,-0.027963573846718506,0.46638146010192577,TRUE,TRUE,TRUE
1553,prediction,GROSSCON,1,,,,,,,,,,,,,,
1555,prediction,GROSSCON,31,0.9985,0.75290785350683,0.2652016295364011,11.1568861881891,1.025575522907006,-0.22241749081541254,1.3793622675803365,0.14039071869664835,0.08068484383684492,-0.05970587485980343,0.5747163671922364,TRUE,TRUE,TRUE
1556,prediction,GROSSCON,25,1.0403,0.5453816134927149,0.5408323830447956,9.746992756847416,1.0290394515672192,-0.1836417405111147,1.3212302280779533,0.13768851536908983,0.08029982524715976,-0.05738869012193007,0.58319915086532,TRUE,TRUE,TRUE
1559,prediction,GROSSCON,14,1.0157,0.9394247851208314,0.7085569375679266,9.396412096447714,1.0190407198391498,-0.0832011104101858,1.167476905008398,0.20098016390389262,0.1686789835115479,-0.032301180392344725,0.8392817491790338,TRUE,TRUE,TRUE
1560,prediction,GROSSCON,5,,,,,,,,,,,,,,
1562,prediction,GROSSCON,10,1.0314,0.9012672245706027,0.7096786042240586,6.354607826752175,1.009008789019996,-0.04307604039449688,1.1031204980321025,0.16183310533515732,0.13886564678242017,-0.022967458552737158,0.8580793558575582,TRUE,TRUE,TRUE
1563,prediction,GROSSCON,9,1.0666,0.3063407519310489,0.25,16.883877281532307,1.0670168158363322,-0.5064616388750692,1.93855458536078,0.17552358824789493,0.05269962585038238,-0.12282396239751256,0.30024241400508406,TRUE,FALSE,FALSE
1564,prediction,GROSSCON,24,1.0171,0.5602135713335618,0.4251210475085186,17.931403828102876,1.1188195634207208,-0.19130811361753008,1.2508224124039173,0.2765213766101941,0.1351428429464483,-0.1413785336637458,0.4887247582922173,TRUE,FALSE,FALSE
1565,prediction,GROSSCON,36,1.0232,0.6961531567878632,0.8955052424913325,8.40645008472633,1.0385323833401547,-0.042383333013806,1.050363746129434,0.2684950491852967,0.22687504954978266,-0.04161999963551405,0.8449878321339519,TRUE,TRUE,TRUE
1566,prediction,GROSSCON,44,1.034,0.7136224387868237,0.8624834086326638,12.411086926622009,1.0568962026542215,-0.06558191407743032,1.0345841319708797,0.3130492842246349,0.2562603041320475,-0.05678898009258743,0.8185941225413014,TRUE,TRUE,FALSE
1567,prediction,GROSSCON,9,1.0066,0.685837774477926,0.31021222048141295,1.3843655405270716,1.0004185933315708,-0.21973360760117244,1.2533589720007405,0.017504860876480857,0.009124653283195153,-0.008380207593285704,0.5212639704811841,TRUE,FALSE,TRUE
1568,prediction,GROSSCON,2,,,,,,,,,,,,,,
1569,prediction,GROSSCON,14,1.0121,0.7726204124613282,0.808023185605603,26.18937922486686,1.0966663309454618,-0.1460324160477324,1.29149153104189,0.33879139144945775,0.30385367859004625,-0.034937712859411496,0.8968754409315514,TRUE,FALSE,FALSE
1570,prediction,GROSSCON,6,1.0383,0.9507834637636342,0.9420415224913492,3.0907538280598756,0.9983824816671366,0.2996955639713004,0.6778145028447587,0.031102531102531177,0.04684791944230889,0.015745388339777715,1.5062413823451277,TRUE,FALSE,TRUE
1576,prediction,GROSSCON,37,1.0366,0.7845652802626102,0.7428457687746532,14.88189474984121,1.0549608403466235,-0.10117473698253848,1.158389796427011,0.28210297663830863,0.22294495105898102,-0.05915802557932762,0.7902963439652904,TRUE,TRUE,FALSE
1578,prediction,GROSSCON,8,1.0484,0.9802630046409705,0.9070294784580502,7.955028224885612,1.0411136213764596,-0.08962388767652554,1.0740862837554321,0.24337482525382326,0.20277038136946524,-0.04060444388435802,0.8331608709240557,TRUE,TRUE,FALSE
1579,prediction,GROSSCON,44,1.0385,0.835786926032403,0.878794737958197,11.38444639466386,1.054234072424486,-0.03763095141719588,1.0436645714672195,0.3959676478850243,0.35174384992858615,-0.04422379795643816,0.888314618144563,TRUE,TRUE,TRUE
1580,prediction,GROSSCON,20,1.0218,0.9737975995703871,0.7922810032454876,7.199360440395516,1.022962106539847,-0.07661787980372826,1.093294318975501,0.22806033519553068,0.19868523702082647,-0.02937509817470421,0.8711959352794993,TRUE,TRUE,TRUE
1581,prediction,GROSSCON,3,,,,,,,,,,,,,,
1582,prediction,GROSSCON,15,0.9796,0.9827635487554486,0.9715441932168551,9.184585986173433,1.0217987146231038,-0.048856951255142084,1.059696627298403,0.3449921309411394,0.33656775534154093,-0.008424375599598466,0.9755809630306154,TRUE,TRUE,TRUE
1583,prediction,GROSSCON,15,1.0273,0.8546699744747059,0.6212656529516993,9.378579046936837,1.0331798798298768,-0.10910831322195744,1.1271220629410823,0.2241219645043408,0.16960126460932656,-0.054520699895014235,0.7567364715208077,TRUE,TRUE,FALSE
1584,prediction,GROSSCON,13,1.0206,0.9786573091906605,0.9591620500711411,3.6468239084675433,1.0032402204926991,-0.0059693662456451165,0.9659209913764499,0.14547970253373285,0.14256397081352673,-0.0029157317202061217,0.9799578108187976,TRUE,FALSE,TRUE
1585,prediction,GROSSCON,15,1.0152,0.7654358697246876,0.9298469387755098,13.561219594010728,1.0904765040496924,-0.04090886658212666,1.1227148867396926,0.42012578616352203,0.34993422861620566,-0.07019155754731637,0.8329272806882739,TRUE,TRUE,TRUE
1586,prediction,GROSSCON,28,0.983,0.6703644592416108,0.6307444809857914,20.901646610339817,1.1148496791256353,-0.10796807182011148,1.110652018731854,0.3279894197943903,0.22484009552016104,-0.10314932427422924,0.6855102084119317,TRUE,FALSE,FALSE
1589,prediction,GROSSCON,32,1.0226,0.9421465883846384,0.8100165040010106,10.269941268876673,1.0376591796812538,-0.06180596612317216,1.158763893865415,0.34034669965041187,0.303543788602896,-0.036802911047515874,0.8918664083262212,TRUE,TRUE,FALSE
1590,prediction,GROSSCON,23,1.0025,0.949605638312038,0.8107563415973222,14.90430490664408,1.0517131094231729,-0.07409138935745871,1.066481623393008,0.36835456216411694,0.3304850570628335,-0.03786950510128345,0.8971927892550139,TRUE,TRUE,FALSE
1602,prediction,GROSSCON,33,1.0364,0.9483223999148047,0.9412258808602986,13.079651354797692,1.055154140242522,-0.03682812861733293,1.077512954881566,0.46903414463091786,0.4436918735414741,-0.025342271089443758,0.9459692404496787,TRUE,TRUE,TRUE
1603,prediction,GROSSCON,7,1.0822,0.8685997354900338,0.9821428571428568,15.065479609473462,1.0669198587905657,-0.07230933807132073,1.0972682370920828,0.35673691270429586,0.3173096563466538,-0.03942725635764205,0.8894780580491152,TRUE,FALSE,FALSE
1604,prediction,GROSSCON,2,,,,,,,,,,,,,,
1608,prediction,GROSSCON,4,,,,,,,,,,,,,,
1614,prediction,GROSSCON,15,1.0464,0.6688436451004407,0.4444447993866598,14.277552147535397,1.0321440930626704,-0.30161318885712346,1.4821363834219285,0.14607393542349076,0.07939200138983224,-0.06668193403365852,0.5435055963931049,TRUE,TRUE,FALSE
1625,prediction,GROSSCON,1,,,,,,,,,,,,,,
1722,prediction,GROSSCON,4,,,,,,,,,,,,,,
1735,prediction,GROSSCON,1,,,,,,,,,,,,,,
1746,prediction,GROSSCON,1,,,,,,,,,,,,,,
1832,prediction,GROSSCON,10,0.9711,0.9265186311648219,0.9053810835629014,10.928952303697148,1.03849381277249,-0.1330510990124347,1.165086376788344,0.24785849418315475,0.22015062584650574,-0.02770786833664901,0.8882109389554578,TRUE,TRUE,FALSE
1836,prediction,GROSSCON,9,1.0611,0.8913630475382067,0.9586134453781513,8.027182769452178,1.0572452794780556,-0.07064191965816098,1.0694121141611959,0.3205521368537549,0.2740026929227406,-0.04654944393101429,0.8547835481993636,TRUE,TRUE,FALSE
1837,prediction,GROSSCON,1,,,,,,,,,,,,,,
1840,prediction,GROSSCON,12,0.9806,0.9841734330986087,0.9860628881607905,8.481713294699576,1.029622583829689,-0.03613019079873609,1.0806807556626474,0.35827251612760147,0.33846838046055733,-0.019804135667044143,0.9447232629477201,TRUE,TRUE,TRUE
1841,prediction,GROSSCON,4,,,,,,,,,,,,,,
1842,prediction,GROSSCON,2,,,,,,,,,,,,,,
1844,prediction,GROSSCON,1,,,,,,,,,,,,,,
1851,prediction,GROSSCON,15,0.9842,0.5555955742025631,0.746989795918367,16.14763074573716,1.0678492812147258,-0.19745942298981967,1.324403362072954,0.23395287629694295,0.15811998285021975,-0.0758328934467232,0.6758625298948115,TRUE,FALSE,FALSE
1863,prediction,GROSSCON,6,1.0751,0.6290091404132113,0.36,16.480706688074363,1.0708582645158633,-0.15294623494159215,1.4597783800588873,0.22853295310519636,0.11362876727966424,-0.11490418582553212,0.4972095522143785,TRUE,FALSE,FALSE
1867,prediction,GROSSCON,2,,,,,,,,,,,,,,
1869,prediction,GROSSCON,8,1.0073,0.9622106105981288,0.7346938775510207,5.4166709736017715,1.0165212963186476,-0.0942988379839981,1.142320135642228,0.1945208805438654,0.16430665872610484,-0.030214221817760567,0.8446736322944667,TRUE,TRUE,TRUE
1870,prediction,GROSSCON,11,0.9791,0.9098465145279897,0.9285950413223141,15.933825808231921,1.0459741585034394,-0.0993685786961273,1.116551743114013,0.3088412430739581,0.2984275377457827,-0.010413705328175427,0.9662813644171169,TRUE,FALSE,FALSE
1871,prediction,GROSSCON,6,1.0102,0.3740824449922497,0.09877551020408167,17.134721652928377,1.0332539997306027,-0.48949834860789865,2.3477124610263402,0.1105593038273116,0.02329411118207651,-0.08726519264523509,0.21069335981403073,TRUE,FALSE,FALSE
1873,prediction,GROSSCON,1,,,,,,,,,,,,,,
1874,prediction,GROSSCON,15,1.0616,0.5095741009504037,0.6006249999999999,14.966922686398828,1.053661845397996,-0.2242986835341422,1.4169492044258905,0.18699976171664356,0.09834349738326911,-0.08865626433337445,0.5259017256518581,TRUE,TRUE,FALSE
1875,prediction,GROSSCON,6,1.0217,0.25718866902290693,0.18367346938775508,16.373051691563774,1.0402759146932508,-0.7611770983829494,3.785011495247375,0.11749271137026233,0.018340605890729833,-0.0991521054795325,0.15609994591861875,TRUE,FALSE,FALSE
1876,prediction,GROSSCON,7,0.8939,0.7445497015302336,0.7971938775510201,18.648755986383566,1.0558746404834518,-0.2300992726579125,1.3956128040753466,0.20958598891134247,0.1403583755026074,-0.06922761340873507,0.6696935049507569,FALSE,FALSE,FALSE
1877,prediction,GROSSCON,6,0.9646,0.6578879934629994,0.5951020408163266,28.90511272305709,1.1123561907824793,-0.4388302574118082,1.3441829961694551,0.22052999207892268,0.14312492141191133,-0.07740507066701136,0.6490043375174573,TRUE,FALSE,FALSE
1879,prediction,GROSSCON,22,1.021,0.8983934165317253,0.9083884252650003,13.582773973448203,1.0654901111277588,-0.059124454377793415,1.081035642057603,0.3894611053757846,0.3474578333322388,-0.042003272043545814,0.8921502777459188,TRUE,TRUE,FALSE
1880,prediction,GROSSCON,11,0.9964,0.8820059504572231,0.4648760330578512,11.837267368600125,1.0260207590864212,-0.11809790843158675,1.231709331680239,0.20192074592074585,0.15128582740107402,-0.050634918519671834,0.7492336991487437,TRUE,TRUE,TRUE
1882,prediction,GROSSCON,20,1.057,0.5662425302229561,0.7659539827011138,16.784681411718953,1.0926025790607587,-0.20461532699170676,1.2584372094674658,0.2778381847038709,0.1754897959920944,-0.10234838871177648,0.631625909084949,TRUE,FALSE,FALSE
1883,prediction,GROSSCON,2,,,,,,,,,,,,,,
1887,prediction,GROSSCON,21,1.0069,0.9527404541962822,0.8803539763227669,13.821844288556475,1.0560522450691567,-0.08317492612510255,1.0671603359580568,0.353725132102396,0.31715805487873133,-0.036567077223664646,0.8966229031951305,TRUE,TRUE,FALSE
1888,prediction,GROSSCON,22,0.9806,0.8921658354076824,0.869565536404151,9.497593956491581,1.0263345807331457,-0.10165781994732546,1.1684027599824223,0.20660673397434498,0.1674539594328253,-0.03915277454151969,0.8104961353951734,TRUE,TRUE,TRUE
1889,prediction,GROSSCON,13,0.9667,0.9659042170246668,0.8928427778916136,9.53495650069605,1.0290277506954373,-0.09077662776452779,1.0926921775514757,0.2550767136199404,0.22312541764988006,-0.03195129597006033,0.8747384835070944,TRUE,TRUE,TRUE
1890,prediction,GROSSCON,32,1.0245,0.9280729551405291,0.949329643985904,8.316458849139648,1.0322415053908487,-0.04736172039756635,1.0815248908609372,0.3188165821179454,0.28652817124612673,-0.03228841087181866,0.8987241797232691,TRUE,TRUE,TRUE
1891,prediction,GROSSCON,20,1.0217,0.892238924504716,0.7800341638045394,9.085026238743714,1.0389134875964507,-0.098033503175492,1.1356104055753038,0.24926894647063608,0.19611689475334212,-0.05315205171729395,0.7867682578601692,TRUE,TRUE,FALSE
1892,prediction,GROSSCON,18,0.9758,0.8865212293794096,0.9260462775801926,12.257609985874002,1.0438390414079861,-0.05338714043524807,1.119503900966787,0.3233382216943329,0.28455298437834897,-0.038785237315983934,0.8800474713049871,TRUE,TRUE,FALSE
1893,prediction,GROSSCON,14,1.0255,0.7849564899165958,0.7862177470106986,9.799928971076136,1.0363679724325519,-0.10791999027616699,1.2491877780030207,0.21429558532482598,0.1543329777998552,-0.05996260752497079,0.7201873877425875,TRUE,TRUE,FALSE
1894,prediction,GROSSCON,14,0.9967,0.8570660975246605,0.9414774652660113,10.778395682480983,1.054334065931801,-0.15736749018599444,1.298916398489127,0.26551965857782,0.20859853791989177,-0.05692112065792823,0.7856237049911486,TRUE,TRUE,FALSE
1895,prediction,GROSSCON,28,1.011,0.8879256093316624,0.9242930821659529,10.142180392907667,1.0453950268235452,-0.033629591624284284,1.0775018957833742,0.37227659557608106,0.335796809518119,-0.03647978605796204,0.9020089189289183,TRUE,TRUE,TRUE
1896,prediction,GROSSCON,6,0.9932,0.8643224560111621,0.5102040816326531,19.122511085320866,1.0525813245794386,-0.14921287312371104,1.0939123387046759,0.26319463007514327,0.20611917767747734,-0.05707545239766593,0.7831435528096807,TRUE,FALSE,FALSE
1901,prediction,GROSSCON,1,,,,,,,,,,,,,,
1902,prediction,GROSSCON,2,,,,,,,,,,,,,,
1915,prediction,GROSSCON,2,,,,,,,,,,,,,,
1922,prediction,GROSSCON,4,,,,,,,,,,,,,,
1949,prediction,GROSSCON,3,,,,,,,,,,,,,,
1963,prediction,GROSSCON,2,,,,,,,,,,,,,,
1976,prediction,GROSSCON,1,,,,,,,,,,,,,,
1977,prediction,GROSSCON,9,1.0306,0.48060554703884467,0.42605042016806716,7.87070057386805,1.0161188594918424,-0.27091930788493707,1.7541375943405753,0.09042357274401465,0.03884013663951712,-0.05158343610449753,0.4295355233250064,TRUE,TRUE,TRUE
1978,prediction,GROSSCON,46,0.9734,0.8068622437822706,0.4523514053769097,12.1146843675852,1.0274630842974797,-0.07771393692730798,1.155856394512268,0.19246397531886078,0.1367199365306233,-0.05574403878823747,0.7103663753391528,TRUE,TRUE,TRUE
1990,prediction,GROSSCON,3,,,,,,,,,,,,,,
1993,prediction,GROSSCON,7,1.0201,0.6966206588406701,0.9120129870129868,8.295906418927862,1.0215116887051277,-0.12182341580202204,1.2825930435567563,0.14209582607031582,0.11063399648934258,-0.03146182958097324,0.7785872361556601,TRUE,TRUE,TRUE
1995,prediction,GROSSCON,4,,,,,,,,,,,,,,
2001,prediction,GROSSCON,1,,,,,,,,,,,,,,
2002,prediction,GROSSCON,1,,,,,,,,,,,,,,
2061,prediction,GROSSCON,4,,,,,,,,,,,,,,
2062,prediction,GROSSCON,3,,,,,,,,,,,,,,
2063,prediction,GROSSCON,1,,,,,,,,,,,,,,
2072,prediction,GROSSCON,1,,,,,,,,,,,,,,
2086,prediction,GROSSCON,1,,,,,,,,,,,,,,
2107,prediction,GROSSCON,4,,,,,,,,,,,,,,
2108,prediction,GROSSCON,8,1.039,0.49297470453358494,0.17570281124497997,18.73738520299036,1.0431423574958851,-0.40047506059725685,1.8731162975403541,0.14120538965768392,0.0506237378157528,-0.09058165184193112,0.3585113708370269,TRUE,FALSE,FALSE
2126,prediction,GROSSCON,2,,,,,,,,,,,,,,
2134,prediction,GROSSCON,4,,,,,,,,,,,,,,
2135,prediction,GROSSCON,11,1.0819,0.6033624920542875,0.4525619834710744,11.705806629666453,1.0431965161986902,-0.1291016870188473,1.0990879343729099,0.21359973796540885,0.14072494716865272,-0.07287479079675613,0.6588254672458552,TRUE,TRUE,FALSE
2139,prediction,GROSSCON,7,1.0768,0.8906526685045265,0.8622448979591831,9.884081633535075,1.0302324479018432,-0.2216099156792212,1.4089447738038088,0.17339515548804865,0.11994464622460299,-0.05345050926344566,0.6917416226941255,TRUE,TRUE,FALSE
2142,prediction,GROSSCON,1,,,,,,,,,,,,,,
2171,prediction,GROSSCON,2,,,,,,,,,,,,,,
2175,prediction,GROSSCON,3,,,,,,,,,,,,,,
2176,prediction,GROSSCON,1,,,,,,,,,,,,,,
2177,prediction,GROSSCON,43,1.0125,0.9355882874884982,0.9261127624405596,7.408931572558427,1.0142035579933357,-0.06095006459305678,1.0867698666317511,0.19813208146412314,0.17555061018059315,-0.022581471283529997,0.8860281933311293,TRUE,TRUE,TRUE
2179,prediction,GROSSCON,99,0.9936,0.7913716862844566,0.8005417863444613,12.816605451610608,1.0380926135819244,-0.09365747959052823,1.1609398078474449,0.23353082756446555,0.18101639200916073,-0.05251443555530483,0.7751284654664774,TRUE,TRUE,FALSE
2180,prediction,GROSSCON,80,1.0075,0.9189856254548092,0.8137699177734193,7.048888398067656,1.0127620276865754,-0.07401829239988543,1.1112189739892973,0.17047731205486336,0.14718548362093778,-0.023291828433925577,0.8633728549965068,TRUE,TRUE,TRUE
2238,prediction,GROSSCON,12,1.0539,0.955437518973817,0.5777082566556251,3.6749288593592597,1.0025146511042249,-0.004642575445691456,1.0390273333684608,0.12591476608470428,0.11850335929281493,-0.007411406791889355,0.9411394944187593,TRUE,FALSE,TRUE
2240,prediction,GROSSCON,15,1.0451,0.8767632974490988,0.5153188775510202,5.112890042517344,1.005127480287038,-0.09731364745729978,1.1764196239763283,0.0896186979208693,0.06662619916396248,-0.022992498756906815,0.7434408299793809,TRUE,TRUE,TRUE
2241,prediction,GROSSCON,2,,,,,,,,,,,,,,
2243,prediction,GROSSCON,69,1.0526,0.5127300399640302,0.7014022431303264,13.281759115873367,1.0640303158643958,-0.18262567093663057,1.1937298239884553,0.22339460741014064,0.1342796010322877,-0.08911500637785294,0.6010870297587689,TRUE,TRUE,FALSE
2246,prediction,GROSSCON,6,1.0694,0.9552631713124785,0.8889795918367347,5.046007952119328,1.01026343766693,-0.24713799572680276,1.4997580575354101,0.1002616944717043,0.06698698343781236,-0.03327471103389194,0.6681213976162882,TRUE,TRUE,TRUE
2248,prediction,GROSSCON,9,1.1287,0.6760629447182156,0.6400000000000001,16.28743591599221,1.1331263533767217,-0.13900723891476152,1.2073051990090076,0.33825296424765916,0.20585852184510578,-0.13239444240255338,0.6085934008086978,FALSE,FALSE,FALSE
2250,prediction,GROSSCON,18,1.0085,0.9481271923908231,0.6492903589346259,8.516821110755252,1.019313669956328,-0.10027352078920279,1.1250440181454755,0.20000053539782728,0.16850213132266015,-0.03149840407516713,0.8425084012274633,TRUE,TRUE,TRUE
