NEIGHBORHOOD,block,predicted,actual,n,median_sales_ratio,r,spearmans,cod,prd,prb,clapp,gini,ci,ki,mki,accuracy,uniformity,vertical_equity
All,All,prediction,GROSSCON,9984,1.0098,0.9426766208247972,0.920182516875503,12.52311913036447,1.0498239533311444,-0.04179065680036394,1.0695143862069292,0.4353219342215522,0.4027026404212367,-0.032619293800315474,0.9250685728513871,TRUE,TRUE,TRUE
1010,376,prediction,GROSSCON,1,,,,,,,,,,,,,,
1010,377,prediction,GROSSCON,5,0.9861,0.9893249800271928,0.9999999999999996,5.6511773123208044,1.0284563684259336,-0.05273889136959399,1.0788162234992016,0.23967529173008623,0.23178700635657706,-0.007888285373509163,0.9670876154293256,TRUE,TRUE,TRUE
1010,386,prediction,GROSSCON,7,1.0185,0.9239406648460715,0.9120129870129868,5.763718289219563,1.0159164042780735,-0.051196575031257456,1.1374359805666052,0.2119976124154397,0.1834186969553898,-0.028578915460049925,0.8651922767693938,TRUE,TRUE,TRUE
1010,389,prediction,GROSSCON,11,0.9337,0.9333040627416936,0.8430578512396693,15.004024173497,1.0366578280425571,-0.14153079372094202,1.125142667786214,0.2340671543542718,0.20323050369729437,-0.030836650656977438,0.8682572497536126,TRUE,FALSE,FALSE
1010,390,prediction,GROSSCON,1,,,,,,,,,,,,,,
1010,391,prediction,GROSSCON,1,,,,,,,,,,,,,,
1010,392,prediction,GROSSCON,1,,,,,,,,,,,,,,
1010,394,prediction,GROSSCON,3,,,,,,,,,,,,,,
1010,396,prediction,GROSSCON,15,0.9919,0.0035250512262899663,0.005642762127556401,6.589102005523366,1.0045462627530568,-0.28662182055909236,1.1033692769578765,0.039296401189694546,0.0030248284819845614,-0.03627157270770998,0.07697469463890298,TRUE,TRUE,TRUE
1010,400,prediction,GROSSCON,1,,,,,,,,,,,,,,
1010,401,prediction,GROSSCON,1,,,,,,,,,,,,,,
1010,402,prediction,GROSSCON,2,,,,,,,,,,,,,,
1010,404,prediction,GROSSCON,10,0.9872,0.9882780257055569,0.9999999999999996,6.304990824594266,1.0285870140593976,-0.05989747625240976,1.1231884761001467,0.288054794520548,0.25620071002832123,-0.031854084492226764,0.8894165794211264,TRUE,TRUE,TRUE
1010,406,prediction,GROSSCON,2,,,,,,,,,,,,,,
1030,717,prediction,GROSSCON,9,1.1433,0.812514474005623,0.2983757062146893,17.74777551388685,1.0803255336953932,-0.22398109368517605,1.3417791270523594,0.2564476061701721,0.1516380762487653,-0.1048095299214068,0.5913023658647144,FALSE,FALSE,FALSE
1030,719,prediction,GROSSCON,2,,,,,,,,,,,,,,
1030,720,prediction,GROSSCON,17,0.9648,0.9950395113454469,0.9828973358385121,6.298420306306081,1.0278822286444478,-0.06184413033993729,1.0611834404921894,0.3336218715631335,0.32453803830405464,-0.009083833259078855,0.9727720691196954,TRUE,TRUE,TRUE
1030,722,prediction,GROSSCON,7,1.0536,0.7274019753889115,0.7971938775510201,16.432145192281567,1.0924528738737473,-0.27491579609405853,1.3916053137357427,0.2531543209142476,0.15042001754963838,-0.10273430336460923,0.5941830935628826,TRUE,FALSE,FALSE
1030,738,prediction,GROSSCON,1,,,,,,,,,,,,,,
1030,740,prediction,GROSSCON,10,1.0727,0.875566212052131,0.5201469237832872,13.600015525495216,1.0502835807479753,-0.25772617978638224,1.545026684481935,0.19769734308817863,0.10860571885973887,-0.08909162422843976,0.549353456972346,TRUE,TRUE,FALSE
1030,741,prediction,GROSSCON,1,,,,,,,,,,,,,,
1030,742,prediction,GROSSCON,19,1.021,0.9148072060148448,0.8154590822974908,10.169056462741063,1.0310864238740063,-0.12669237443677098,1.232408246065694,0.2124903336407934,0.17515490773395845,-0.037335425906834946,0.8242958855250845,TRUE,TRUE,FALSE
1030,743,prediction,GROSSCON,7,1.0087,0.301189778473867,0.6173469387755098,44.36851576451314,1.305506485968466,-1.1258524196375304,2.940166047080809,0.2693328237929113,0.0867803349213739,-0.1825524888715374,0.3222048233827559,TRUE,FALSE,FALSE
1030,744,prediction,GROSSCON,17,0.9635,0.6268770892122607,0.5906995673866839,16.747230876107363,1.0440170328920697,-0.3948375794336755,1.6387150653981386,0.15820634285998444,0.08451890605424009,-0.07368743680574436,0.5342320954163063,TRUE,FALSE,FALSE
1030,745,prediction,GROSSCON,16,0.9752,0.959790753492773,0.6324817098696213,15.565267674046337,1.0663737357483525,-0.16532623472820077,1.4819753324083342,0.2866695635380456,0.20152277750442948,-0.08514678603361614,0.702979329292083,TRUE,FALSE,FALSE
1030,746,prediction,GROSSCON,8,0.9838,0.9156978167838381,0.7760770975056691,10.746056076107404,1.0306547988064465,-0.19132529518500285,1.3448139789742053,0.1897075247801201,0.14902189696662482,-0.04068562781349527,0.7855349814897863,TRUE,TRUE,FALSE
1030,747,prediction,GROSSCON,9,0.9678,0.7957020065304644,0.28683473389355746,3.987981628941909,1.0027490625670592,-0.1289461554688203,1.0603807712603102,0.04938271604938274,0.03720588082314337,-0.012176835226239371,0.7534190866686529,TRUE,FALSE,TRUE
1030,753,prediction,GROSSCON,4,,,,,,,,,,,,,,
1030,764,prediction,GROSSCON,7,0.8883,0.6019488002539992,0.41326530612244877,16.786514854261515,1.0356122392987261,-0.2942602306152016,1.561423691304215,0.1443023902167871,0.07378333170417127,-0.07051905851261582,0.5113105305693534,FALSE,FALSE,FALSE
1030,765,prediction,GROSSCON,5,1.0022,0.9453004042667212,0.8099999999999996,5.563478667587369,1.0213613353912971,-0.2055991162136617,1.4342761084282356,0.1457118353344768,0.10304949910346259,-0.0426623362310142,0.7072143375787959,TRUE,TRUE,TRUE
1030,766,prediction,GROSSCON,18,0.9804,0.8968250506042388,0.4700423884212233,17.23620982658268,1.085780003817105,-0.15600420856654787,1.229055962488755,0.2956343075594098,0.20262299181783622,-0.09301131574157356,0.6853838902885712,TRUE,FALSE,FALSE
1030,769,prediction,GROSSCON,2,,,,,,,,,,,,,,
1030,770,prediction,GROSSCON,8,0.9287,0.791636128688041,0.9529478458049888,11.415923710478895,1.0286102178847327,-0.43148064593869884,1.5013380095885513,0.12172662376906707,0.08290961370668315,-0.038817010062383916,0.6811132284747716,TRUE,TRUE,TRUE
1030,771,prediction,GROSSCON,28,1.0282,0.6376957459080119,0.5844303049848314,12.69120722310053,1.0341000657943902,-0.1932073645377871,1.2302449333763659,0.1722238308762627,0.10958833439276283,-0.06263549648349986,0.6363134174590422,TRUE,TRUE,FALSE
1030,772,prediction,GROSSCON,6,0.9767,0.8934975796712278,0.5102040816326531,11.188703776081494,1.030315720128909,-0.15382668168801503,1.274891149337229,0.1603448034983305,0.10906175359772889,-0.051283049900601604,0.6801701783797717,TRUE,TRUE,FALSE
1030,773,prediction,GROSSCON,15,0.9786,0.9428873580146024,0.7908290816326528,11.037258060855937,1.0204242113019315,-0.06707954342065976,1.1547496530327315,0.24395513086830078,0.21712953146495123,-0.026825599403349554,0.8900387980860655,TRUE,TRUE,TRUE
1030,774,prediction,GROSSCON,3,,,,,,,,,,,,,,
1030,775,prediction,GROSSCON,8,0.9969,0.9794620498481705,0.9060685249709644,8.706319956775355,1.030304685038913,-0.20912727340660855,1.4732807452152186,0.17596129360835233,0.11889245238523216,-0.05706884122312017,0.6756738936567395,TRUE,TRUE,FALSE
1030,776,prediction,GROSSCON,3,,,,,,,,,,,,,,
1030,790,prediction,GROSSCON,28,1.0076,0.6383891575558416,0.6014420721067528,16.328204577661634,1.0463524383936296,-0.20861901189815266,1.2856377332049216,0.1981067408136862,0.13146181525652853,-0.06664492555715767,0.6635908233943673,TRUE,FALSE,FALSE
1030,791,prediction,GROSSCON,19,0.9771,0.9552236279330268,0.9065531021925968,9.680604015947528,1.0283685299484895,-0.05413528509393941,1.1144878809813537,0.3191447654817355,0.292814464598014,-0.026330300883721458,0.9174973124062461,TRUE,TRUE,TRUE
1030,792,prediction,GROSSCON,1,,,,,,,,,,,,,,
1030,793,prediction,GROSSCON,5,0.9797,0.8199200101955065,0.48999999999999977,9.23816004000863,1.017729116731977,-0.05550713474558795,1.0187973615544539,0.17631854697869365,0.13993758361490957,-0.036380963363784075,0.7936634348048458,TRUE,TRUE,TRUE
1030,795,prediction,GROSSCON,4,,,,,,,,,,,,,,
1030,796,prediction,GROSSCON,12,0.9668,0.9679068281743278,0.8137806249694364,12.530724282837413,1.026295832049158,-0.07785376957398954,1.299172617979227,0.2723584239977684,0.23606046936547673,-0.03629795463229166,0.8667272555792543,TRUE,TRUE,TRUE
1030,797,prediction,GROSSCON,7,1.0371,0.6646924928263972,0.1264005602240896,12.629105197593146,1.0290308661286387,-0.6353715305316003,2.8432382100312976,0.11324786324786322,0.029578973594268834,-0.08366888965359438,0.26118791777580785,TRUE,TRUE,TRUE
1030,798,prediction,GROSSCON,19,1.0333,0.9017850805442765,0.5958756540473992,15.449664382001183,1.0521200953748011,-0.14125989792967428,1.2730283134046876,0.26362165369559176,0.1992957354432193,-0.06432591825237247,0.755991522886619,TRUE,FALSE,FALSE
1030,799,prediction,GROSSCON,8,0.999,0.9844217519998825,0.5447845804988665,25.150065873044614,1.1089136638178838,-0.077702983046441,1.0972415885453797,0.5243397142621431,0.4881261759453521,-0.03621353831679097,0.9309349695783561,TRUE,FALSE,FALSE
1030,801,prediction,GROSSCON,1,,,,,,,,,,,,,,
1030,802,prediction,GROSSCON,4,,,,,,,,,,,,,,
1040,172,prediction,GROSSCON,1,,,,,,,,,,,,,,
1050,117,prediction,GROSSCON,17,0.9935,0.9461756247612146,0.9053601845012889,4.852620541980684,1.0040109693951043,-0.0451200704145205,1.0563323975784769,0.12604956450155397,0.11955955379975336,-0.006490010701800608,0.9485122322519361,TRUE,FALSE,TRUE
1050,134,prediction,GROSSCON,6,0.9863,0.7848590407413538,0.7844897959183674,10.797585273693107,1.0272865009605041,-0.37565748499658863,1.7461813813965104,0.1286693957524229,0.06455781140049528,-0.06411158435192761,0.5017340061556917,TRUE,TRUE,TRUE
1050,136,prediction,GROSSCON,3,,,,,,,,,,,,,,
1050,146,prediction,GROSSCON,1,,,,,,,,,,,,,,
1050,147,prediction,GROSSCON,1,,,,,,,,,,,,,,
1050,150,prediction,GROSSCON,1,,,,,,,,,,,,,,
1050,161,prediction,GROSSCON,9,0.9539,0.9803357313435053,0.942296918767507,7.595059624856518,1.0189635179030225,-0.5032728501641253,1.9431080440082098,0.09285161749313708,0.050386873753069494,-0.04246474374006759,0.5426601615937786,TRUE,TRUE,TRUE
1050,175,prediction,GROSSCON,1,,,,,,,,,,,,,,
1050,178,prediction,GROSSCON,3,,,,,,,,,,,,,,
1060,1053,prediction,GROSSCON,3,,,,,,,,,,,,,,
1060,1054,prediction,GROSSCON,8,1.003,0.8957521787168803,0.5402148664343788,8.060905681738266,1.0162702815077733,-0.28179036692486437,1.4693473501228902,0.1164419172291733,0.07074234401966728,-0.04569957320950602,0.6075333153475725,TRUE,TRUE,TRUE
1060,1055,prediction,GROSSCON,4,,,,,,,,,,,,,,
1060,1056,prediction,GROSSCON,5,1.0078,0.98898022991086,0.9999999999999996,3.262905625768845,1.0121648791049271,-0.057151617233656096,1.1248851325030504,0.1861080072209445,0.16451209006741827,-0.02159591715352624,0.8839603009241408,TRUE,FALSE,TRUE
1060,1057,prediction,GROSSCON,1,,,,,,,,,,,,,,
1060,1058,prediction,GROSSCON,3,,,,,,,,,,,,,,
1060,1059,prediction,GROSSCON,5,1.0667,0.9861607312716976,0.9500000000000001,1.9158479374766126,1.0031776529152459,-0.11031823934299671,1.2057690313507659,0.0764439712536598,0.06284510549646889,-0.013598865757190909,0.8221067595760227,TRUE,FALSE,TRUE
1060,1064,prediction,GROSSCON,5,1.0267,0.8850537932174902,0.8099999999999996,3.8391118059207106,1.0008220527709402,0.0038777072657942406,0.9206607426678042,0.0833333333333334,0.08782430855085241,0.004490975217519011,1.0538917026102281,TRUE,FALSE,TRUE
1060,1065,prediction,GROSSCON,3,,,,,,,,,,,,,,
1060,1066,prediction,GROSSCON,12,0.984,0.8184017848981602,0.6655124653739614,8.154372744356085,1.0079213220791314,-0.04474443220723738,1.094380395547153,0.1282904481901559,0.1031468767893949,-0.025143571400760997,0.804010573230733,TRUE,TRUE,TRUE
1060,1067,prediction,GROSSCON,28,1.0265,0.9499933267094347,0.8903378145208479,7.3493998123284605,1.0080072818851615,-0.021391220325574768,1.0254579837553763,0.21287871478790496,0.2010616888032509,-0.011817025984654062,0.9444893962441121,TRUE,TRUE,TRUE
1060,1076,prediction,GROSSCON,3,,,,,,,,,,,,,,
1070,431,prediction,GROSSCON,14,1.009,0.8924542784276718,0.7116817714296804,5.854869525015952,1.0097584253950989,-0.1695964465661521,1.3224603929968526,0.10144057623049209,0.07050050443338966,-0.030940071797102425,0.6949931383788598,TRUE,TRUE,TRUE
1070,436,prediction,GROSSCON,3,,,,,,,,,,,,,,
1070,442,prediction,GROSSCON,1,,,,,,,,,,,,,,
1070,443,prediction,GROSSCON,5,1.0204,0.8309169368427665,0.08999999999999996,15.089120223066493,1.0504689028788479,-0.24860053053493125,1.2219389337004527,0.20614562458249833,0.12563685822321718,-0.08050876635928114,0.6094568268313549,TRUE,FALSE,FALSE
1070,444,prediction,GROSSCON,2,,,,,,,,,,,,,,
1070,445,prediction,GROSSCON,2,,,,,,,,,,,,,,
1070,447,prediction,GROSSCON,2,,,,,,,,,,,,,,
1070,450,prediction,GROSSCON,1,,,,,,,,,,,,,,
1070,451,prediction,GROSSCON,1,,,,,,,,,,,,,,
1070,452,prediction,GROSSCON,6,0.9667,0.9197461087097288,1,9.240205858040033,1.0232781917411153,-0.24024676678332108,1.3296240434720221,0.1473639288293612,0.1079697763397968,-0.03939415248956439,0.7326743878063912,TRUE,TRUE,TRUE
1070,455,prediction,GROSSCON,2,,,,,,,,,,,,,,
1070,461,prediction,GROSSCON,4,,,,,,,,,,,,,,
1070,466,prediction,GROSSCON,5,1.2832,0.24609529675319997,0.6399999999999997,23.587575757290722,1.234639298227024,-0.3204846693976182,1.728631927967485,0.30412064456407445,0.10946725722506923,-0.19465338733900522,0.3599468144689067,FALSE,FALSE,FALSE
1070,467,prediction,GROSSCON,4,,,,,,,,,,,,,,
1070,468,prediction,GROSSCON,2,,,,,,,,,,,,,,
1080,759,prediction,GROSSCON,4,,,,,,,,,,,,,,
1080,761,prediction,GROSSCON,3,,,,,,,,,,,,,,
1080,763,prediction,GROSSCON,1,,,,,,,,,,,,,,
1080,779,prediction,GROSSCON,5,0.9731,0.37548379892065487,0.3599999999999998,33.5072184066102,1.1270396590746465,-0.5142154956460895,1.4315654565698301,0.21117880794701982,0.12048867158538208,-0.09069013636163774,0.570552854032636,TRUE,FALSE,FALSE
1080,786,prediction,GROSSCON,3,,,,,,,,,,,,,,
1080,804,prediction,GROSSCON,4,,,,,,,,,,,,,,
1080,830,prediction,GROSSCON,1,,,,,,,,,,,,,,
1080,831,prediction,GROSSCON,3,,,,,,,,,,,,,,
1080,832,prediction,GROSSCON,2,,,,,,,,,,,,,,
1080,836,prediction,GROSSCON,3,,,,,,,,,,,,,,
1080,837,prediction,GROSSCON,7,1.061,0.445989119186181,0.46883116883116865,12.915685398973874,1.0301719679180252,-0.9447565075504003,7.337656102128692,0.10220408163265304,0.010909532718493662,-0.09129454891415938,0.10674263242935095,TRUE,TRUE,FALSE
1080,841,prediction,GROSSCON,6,0.9972,0.45291267682181513,0.2946938775510204,17.32294637590778,1.0341434743352564,-0.43253726415465205,1.4056160256902046,0.1250751912004812,0.06959137612170026,-0.05548381507878093,0.5563963201155796,TRUE,FALSE,FALSE
1090,28,prediction,GROSSCON,4,,,,,,,,,,,,,,
1090,64,prediction,GROSSCON,7,1.032,0.9212740518600643,0.9298469387755098,10.933263875532118,1.0601846362347278,-0.050383693044076465,1.118583416177703,0.38547689439727356,0.3414485804051071,-0.044028313992166446,0.8857822229241301,TRUE,TRUE,FALSE
1090,65,prediction,GROSSCON,7,0.9306,0.5018206946757264,0.41661157024793394,35.85515880210301,1.1894183367173252,-0.8182049379484428,1.9494543096640866,0.24418370227006975,0.058737518636175476,-0.18544618363389426,0.24054643323906671,TRUE,FALSE,FALSE
1100,816,prediction,GROSSCON,41,0.9778,0.9632620089421764,0.8618347228828407,9.835171523477904,1.0199270332726391,-0.04755365252953978,1.0903786638523387,0.27815143711532814,0.25419462296303164,-0.0239568141522965,0.9138713270700685,TRUE,TRUE,TRUE
1100,817,prediction,GROSSCON,54,1.0195,0.9035823055020856,0.9076088248038068,9.088929928619855,1.0221262689785033,-0.049184181846061076,1.1085734166365468,0.23823047527303093,0.2116753760691218,-0.026555099203909138,0.8885318967966844,TRUE,TRUE,TRUE
1100,818,prediction,GROSSCON,3,,,,,,,,,,,,,,
1100,822,prediction,GROSSCON,4,,,,,,,,,,,,,,
1100,825,prediction,GROSSCON,5,0.9787,0.9560999812789888,0.9999999999999996,5.573291243142273,1.010714462721136,-0.18208034395352796,1.2902653246192328,0.11524197195838984,0.09474368871678181,-0.02049828324160803,0.8221283192810229,TRUE,TRUE,TRUE
1100,827,prediction,GROSSCON,4,,,,,,,,,,,,,,
1100,842,prediction,GROSSCON,53,0.9943,0.8135890663084503,0.6977923786896456,9.7348863629251,1.024496887170595,-0.09636956627849405,1.1741310085833063,0.19892325467829688,0.1613971724509285,-0.03752608222736839,0.8113539702130029,TRUE,TRUE,TRUE
1100,846,prediction,GROSSCON,2,,,,,,,,,,,,,,
1100,847,prediction,GROSSCON,8,1.0035,0.8440134716974111,0.8185941043083904,12.223749164864655,1.0247990779684053,-0.052585848702006104,1.036460747336431,0.22972393151659753,0.2019433434960971,-0.02778058802050043,0.8790696823047656,TRUE,TRUE,TRUE
1100,848,prediction,GROSSCON,4,,,,,,,,,,,,,,
1100,849,prediction,GROSSCON,1,,,,,,,,,,,,,,
1100,850,prediction,GROSSCON,3,,,,,,,,,,,,,,
1100,851,prediction,GROSSCON,6,1.0132,0.7494516283375672,0.36,15.660999555586743,1.0524652399909784,-0.13634268192193413,1.1959086061845783,0.2474747474747474,0.1811784830354123,-0.06629626443933509,0.7321089722655438,TRUE,FALSE,FALSE
1100,857,prediction,GROSSCON,9,1.0127,0.6383593292573827,0.3660758421015466,7.690518687545364,1.0097182814579122,-0.21486218400835366,1.258470649595107,0.0724832214765101,0.04839204667390086,-0.024091174802609236,0.6676310142973356,TRUE,TRUE,TRUE
1110,871,prediction,GROSSCON,41,1.0133,0.765260298655002,0.6233266395677451,12.16882553385036,1.0394749989470211,-0.13318948736999725,1.1831453485927184,0.20961482325485015,0.14439588394519862,-0.06521893930965153,0.6888629425297933,TRUE,TRUE,FALSE
1110,872,prediction,GROSSCON,1,,,,,,,,,,,,,,
1110,873,prediction,GROSSCON,27,1.0171,0.8902495747898976,0.8927452911428446,11.548825163796252,1.0403364675903595,-0.05142641583869638,1.0768578317465067,0.3080399396288911,0.26728545536248255,-0.04075448426640854,0.8676974021112093,TRUE,TRUE,FALSE
1110,874,prediction,GROSSCON,12,0.9781,0.8978453699555067,0.9044941072913103,7.974250753477122,1.0023636982579187,0.004918007146724157,1.0501557735619496,0.19630059293632382,0.18751584902478888,-0.008784743911534942,0.9552485105616336,TRUE,TRUE,TRUE
1110,875,prediction,GROSSCON,46,1.0218,0.9621916533063378,0.8435268934796359,9.699438425770072,1.0373620634699503,-0.061957482745043195,1.1162327151544111,0.3088515716724771,0.266925488154925,-0.041926083517552115,0.864251675034334,TRUE,TRUE,FALSE
1110,876,prediction,GROSSCON,5,0.9852,0.5748182905913287,0.48999999999999977,13.133823287100203,1.061684345186644,-0.16690502755836611,1.0939125103257088,0.22770784012450296,0.13798729633852708,-0.08972054378597588,0.6059839497097697,TRUE,TRUE,FALSE
1110,877,prediction,GROSSCON,59,1.0129,0.9451347761405412,0.8622662238020745,10.058150679044084,1.039796300541933,-0.05403193514404825,1.069250977470932,0.3492540082561381,0.31038623631762857,-0.03886777193850954,0.8887120232847708,TRUE,TRUE,FALSE
1110,880,prediction,GROSSCON,25,1.0221,0.8100382090150223,0.8602045049143565,8.161102664834774,1.0166228121948575,-0.09520469361788826,1.151320944906173,0.16261974106072102,0.13218713613085256,-0.030432604929868462,0.8128603284486527,TRUE,TRUE,TRUE
1110,881,prediction,GROSSCON,5,1.0178,0.16172377268073307,0.48999999999999977,9.27621694912097,1.0107935022692074,-0.575088195263972,2.5699168258969847,0.06118230673832166,0.01958666701211076,-0.0415956397262109,0.32013613177226957,TRUE,TRUE,TRUE
1110,882,prediction,GROSSCON,7,1.0502,0.4882086562215238,0.8779220779220774,12.259335663931763,1.096116155494035,-0.2239314333000615,1.1105651709931885,0.23932936639023897,0.1390448260752731,-0.10028454031496586,0.5809768695436786,TRUE,TRUE,FALSE
1110,883,prediction,GROSSCON,11,1.0248,0.021427340641934047,0.24320266889074232,23.61079028928553,1.1632068990496751,-0.8797965375599002,3.7590468432227704,0.2339529897769759,0.027170075023911847,-0.20678291475306404,0.11613476301291425,TRUE,FALSE,FALSE
1110,896,prediction,GROSSCON,24,1.0462,0.2681689837161443,0.6258756249053172,13.389617375654991,1.0660962652429744,-0.360442091799361,1.533105217239328,0.17859047269801565,0.07346417533738177,-0.10512629736063388,0.4113555120132567,TRUE,TRUE,FALSE
1110,897,prediction,GROSSCON,28,0.9929,0.6944536514400579,0.6774313943194946,13.277877150051836,1.040121681728875,-0.11993706206723281,1.136625026374236,0.218930729669048,0.16132889505386874,-0.05760183461517926,0.7368947031681917,TRUE,TRUE,FALSE
1110,898,prediction,GROSSCON,38,1.0422,0.622143924276031,0.7035642238354188,9.389269327210016,1.0405823846994533,-0.12652116487829487,1.1662358585741426,0.203836816569054,0.13843970568050948,-0.06539711088854452,0.6791692885058873,TRUE,TRUE,FALSE
1110,899,prediction,GROSSCON,42,1.0746,0.7168387486676757,0.5186428333946491,17.521510675525846,1.1132553195366683,-0.23515617584575366,1.4008978689231348,0.2906244643381196,0.15916569528670654,-0.13145876905141307,0.5476679179407598,TRUE,FALSE,FALSE
1110,901,prediction,GROSSCON,4,,,,,,,,,,,,,,
1110,902,prediction,GROSSCON,24,1.0025,0.9402203552220048,0.6627425912967833,8.991762656550781,1.0192940000474515,-0.0830473690024623,1.182440268820469,0.19321345154678493,0.15695748814182675,-0.03625596340495818,0.8123527988620445,TRUE,TRUE,TRUE
1110,904,prediction,GROSSCON,14,0.9953,0.8929805559731291,0.4400403978383015,10.44267531859775,1.0384475887917843,-0.2195083557847931,1.1714670900786643,0.14760796019029523,0.0988577051835876,-0.04875025500670764,0.6697315311189239,TRUE,TRUE,FALSE
1110,905,prediction,GROSSCON,33,1.0028,0.6424227081214887,0.5817922377686383,11.75427105373754,1.0259448435679457,-0.2241320569300296,1.236058706979777,0.14022448855498976,0.08465983865153529,-0.05556464990345447,0.6037450342943165,TRUE,TRUE,TRUE
1110,906,prediction,GROSSCON,23,1.0232,0.8063288202178129,0.5774197769063725,12.452845099010586,1.0429717618056817,-0.15224400514896255,1.2226828497700448,0.19336779592452472,0.12310100852131897,-0.07026678740320574,0.6366158745966559,TRUE,TRUE,FALSE
1110,907,prediction,GROSSCON,23,1.0402,0.5825088197342382,0.6778656126482213,10.275832533550808,1.0448545785791454,-0.2510867682191915,1.3361128553590949,0.18216793844483742,0.10492622818957874,-0.07724171025525868,0.5759862524949835,TRUE,TRUE,FALSE
1110,908,prediction,GROSSCON,6,0.9757,0.6905122613994792,0.40672268907563036,7.524278480926301,1.0082662248097123,-0.1465070020402143,1.124033309900967,0.08522787917600594,0.05990155353018167,-0.025326325645824266,0.7028398935808045,TRUE,TRUE,TRUE
1120,521,prediction,GROSSCON,4,,,,,,,,,,,,,,
1120,522,prediction,GROSSCON,3,,,,,,,,,,,,,,
1120,523,prediction,GROSSCON,13,1.041,0.9436072291725538,0.7787275398696012,10.081576747586187,1.0479504795915353,-0.055604418856793014,1.1569261932397257,0.3666040122854005,0.3270352017806555,-0.03956881050474503,0.8920666190801513,TRUE,TRUE,FALSE
1120,525,prediction,GROSSCON,2,,,,,,,,,,,,,,
1120,526,prediction,GROSSCON,2,,,,,,,,,,,,,,
1120,529,prediction,GROSSCON,4,,,,,,,,,,,,,,
1120,530,prediction,GROSSCON,4,,,,,,,,,,,,,,
1120,531,prediction,GROSSCON,4,,,,,,,,,,,,,,
1120,532,prediction,GROSSCON,28,1.0178,0.9302626607975801,0.26591544323874733,14.949830339869994,1.0459130044364604,-0.16224013830864017,1.5110580268625895,0.2152928389228855,0.12830311310431494,-0.08698972581857056,0.5959469611075688,TRUE,TRUE,FALSE
1120,537,prediction,GROSSCON,7,0.9683,0.9977843629128186,0.9298469387755098,6.7062390682858,1.017705577207009,-0.015836652151530416,1.0510377454775846,0.46767680254029614,0.4531682110545286,-0.014508591485767552,0.9689773120946757,TRUE,TRUE,TRUE
1120,539,prediction,GROSSCON,7,1.0127,0.9828621737560137,0.7346938775510199,4.15396617381621,1.011425143671502,-0.10678669840161231,1.1963836040018516,0.13935020143175944,0.1158994730919226,-0.023450728339836843,0.8317137105013745,TRUE,FALSE,TRUE
1120,542,prediction,GROSSCON,7,0.957,0.6041395932450516,0.6870129870129869,12.458871533059021,1.0240229407000065,-0.3613248200569656,1.4557585818201306,0.11855890084763564,0.06451065155983825,-0.05404824928779739,0.5441232256593137,TRUE,TRUE,TRUE
1120,543,prediction,GROSSCON,1,,,,,,,,,,,,,,
1120,545,prediction,GROSSCON,5,0.9533,0.6917575309743436,0.7605263157894738,9.792954295589064,1.019332853248849,-0.27840872988395565,1.3694120485582943,0.11821028607823365,0.07777093403061368,-0.040439352047619975,0.6579032723019002,TRUE,TRUE,TRUE
1120,548,prediction,GROSSCON,22,0.9593,0.9049185959264209,0.6302558084354578,16.567611029828814,1.0454142010073144,-0.08300449570577616,1.2528861176059887,0.30023953750834925,0.24181035845836715,-0.0584291790499821,0.8053914566519832,TRUE,FALSE,FALSE
1120,550,prediction,GROSSCON,5,0.9716,0.9900590528757421,0.9999999999999996,5.184269882091364,1.00623164035996,-0.018552379871033333,1.0441630132516855,0.2856890459363958,0.2797774910961598,-0.005911554840236033,0.9793077301201386,TRUE,TRUE,TRUE
1120,551,prediction,GROSSCON,27,1.0432,0.7058395627579144,0.5445002749582903,16.90490852877554,1.0588410731321896,-0.1241977647073399,1.1386732622571456,0.25793085611808164,0.18761954235718056,-0.07031131376090108,0.7274024720457939,TRUE,FALSE,FALSE
1120,552,prediction,GROSSCON,3,,,,,,,,,,,,,,
1120,553,prediction,GROSSCON,1,,,,,,,,,,,,,,
1120,555,prediction,GROSSCON,37,0.9909,0.7255314823854595,0.6769032320102435,17.31466450744697,1.0478336247096598,-0.11304266015301366,1.1293213277920093,0.2131594782728902,0.154703587723186,-0.05845589054970421,0.7257645260565517,TRUE,FALSE,FALSE
1120,556,prediction,GROSSCON,13,0.9677,0.7721668349408025,0.7578167688664925,12.874313526812323,1.0434467792775903,-0.33694905492822413,1.6208592801528816,0.17303537915960077,0.0951454992521068,-0.07788987990749396,0.5498615353357794,TRUE,TRUE,FALSE
1120,561,prediction,GROSSCON,40,0.9906,0.9496725148523132,0.8172282223112584,17.16390193290634,1.0577780195960373,-0.07497518656830301,1.1027346915739953,0.35068666936909026,0.2994027270862777,-0.05128394228281258,0.8537613580377151,TRUE,FALSE,FALSE
1120,562,prediction,GROSSCON,28,0.9634,0.955248877780185,0.7348949982401941,14.739878509000404,1.055150863995113,-0.12149401773711978,1.2634194155995837,0.3006067498695751,0.23498129344289836,-0.06562545642667672,0.7816900104367258,TRUE,TRUE,FALSE
1120,563,prediction,GROSSCON,8,0.9842,0.967175191329887,0.8622448979591839,15.63929288902999,1.042863301660146,-0.06356556081867101,1.1921923843495057,0.3781651190430755,0.3520173733262393,-0.0261477457168362,0.9308562730930829,TRUE,FALSE,FALSE
1120,564,prediction,GROSSCON,22,0.9893,0.9492378433833198,0.4766460712586011,11.095110109717686,1.0410306784560888,-0.07022810363054584,1.1438137575354845,0.32332008160966164,0.2762012727508498,-0.04711880885881181,0.8542657523027057,TRUE,TRUE,FALSE
1120,566,prediction,GROSSCON,46,0.934,0.8158666885589817,0.7446066996480216,24.676783909652546,1.071307809738255,-0.23749475339339535,1.1695815442082729,0.25067210933526857,0.20977336491114498,-0.040898744424123584,0.8368436579060242,TRUE,FALSE,FALSE
1120,567,prediction,GROSSCON,7,0.9821,0.9528738111366767,0.9999999999999996,5.7401870821002055,0.9944527472188737,0.02845986887413811,1.0817995847781459,0.1930867778583514,0.19741551805960533,0.004328740201253928,1.0224186257042909,TRUE,TRUE,TRUE
1120,568,prediction,GROSSCON,22,0.9796,0.9659401861012438,0.8945250364983748,6.664911441111059,1.0178276936172972,-0.05120647552607934,1.1307267281681508,0.24521578369674593,0.21690361820246712,-0.028312165494278813,0.8845418305972833,TRUE,TRUE,TRUE
1120,569,prediction,GROSSCON,4,,,,,,,,,,,,,,
1120,572,prediction,GROSSCON,7,0.9535,0.5817812419417836,0.4284297520661157,4.676287798578534,1.0022073944657763,0.026233240585278653,1.1531907050469643,0.05306326224948294,0.042729212904644855,-0.010334049344838087,0.8052503953441199,TRUE,FALSE,TRUE
1120,573,prediction,GROSSCON,53,1.0081,0.971419131157909,0.8427405113585378,9.07357705195527,1.0311071539206602,-0.02991277993755843,1.0480782591140454,0.38690207503765806,0.35891107212289447,-0.027991002914763585,0.9276535208242572,TRUE,TRUE,TRUE
1120,574,prediction,GROSSCON,12,0.9817,0.9294033510365501,0.760655134339345,14.654982984124787,1.0621113836767924,-0.08122463570586502,1.2064356325328283,0.3690386101759593,0.31956051247084655,-0.049478097705112745,0.865927043022622,TRUE,TRUE,FALSE
1120,575,prediction,GROSSCON,2,,,,,,,,,,,,,,
1120,576,prediction,GROSSCON,36,1.0178,0.8555916401893955,0.9027140492593437,13.2515954967993,1.048194538695646,-0.04647856601984523,1.1143019019879656,0.35619422155133607,0.31615753387126705,-0.040036687680069016,0.8875987164932186,TRUE,TRUE,TRUE
1120,577,prediction,GROSSCON,23,1.0168,0.9510366138384806,0.8336483931947068,10.083405572910651,1.0356784692853311,-0.03476838172806551,1.0564490414055638,0.37294465579511454,0.3421081142352339,-0.030836541559880637,0.9173160385040579,TRUE,TRUE,TRUE
1121,527,prediction,GROSSCON,1,,,,,,,,,,,,,,
1121,528,prediction,GROSSCON,8,0.9796,0.9980518934147534,0.9529478458049888,4.612334087707813,1.0159244825190952,-0.034891312988175285,1.1099426110157318,0.35229559748427675,0.33442145563137204,-0.0178741418529047,0.9492637944369928,TRUE,FALSE,TRUE
1121,584,prediction,GROSSCON,8,0.9743,0.9424598324041988,0.9070294784580502,9.669667426745097,1.0279064142419,-0.08783396397779922,1.0626933442699107,0.2462962735959633,0.22199706536549124,-0.024299208230472047,0.9013415514749782,TRUE,TRUE,TRUE
1121,585,prediction,GROSSCON,9,1.0236,0.9411931417263968,0.8628151260504202,5.470019722136867,1.0125645425400498,-0.06508501656189936,1.1041195941913051,0.1690685632291472,0.14695778137697305,-0.02211078185217416,0.8692200286684504,TRUE,TRUE,TRUE
1121,586,prediction,GROSSCON,2,,,,,,,,,,,,,,
1121,588,prediction,GROSSCON,5,1.0014,0.9592889951841459,0.9500000000000001,2.855485527658767,1.0036516426471307,-0.09207883478550304,1.1204993257595222,0.08337793636633961,0.07121846694167591,-0.0121594694246637,0.8541644234124679,TRUE,FALSE,TRUE
1121,589,prediction,GROSSCON,4,,,,,,,,,,,,,,
1121,590,prediction,GROSSCON,9,1.0989,0.38190709992503863,0.7061648188687242,14.339128592699096,1.123082105831109,-0.30762885517527544,1.3475555750611956,0.22358740993553283,0.10180545620455225,-0.12178195373098058,0.4553273202364387,TRUE,TRUE,FALSE
1121,591,prediction,GROSSCON,8,0.9234,0.9080655367629256,0.8185941043083904,20.10189477293848,1.0668400250025847,-0.13012218500256859,1.1852767900092802,0.2990167170914313,0.24357286357606212,-0.05544385351536918,0.8145794186536536,TRUE,FALSE,FALSE
1121,592,prediction,GROSSCON,4,,,,,,,,,,,,,,
1121,602,prediction,GROSSCON,2,,,,,,,,,,,,,,
1121,603,prediction,GROSSCON,3,,,,,,,,,,,,,,
1121,607,prediction,GROSSCON,13,0.9982,0.8148723549031205,0.357360228885398,12.83983659893222,1.0323037293382031,-0.20848915663426723,1.3316611555191513,0.16612970005253686,0.10256557824868254,-0.06356412180385432,0.6173825524048211,TRUE,TRUE,FALSE
1121,608,prediction,GROSSCON,47,1.0163,0.9377502946417237,0.7756502324329071,10.957232344971075,1.045138008470028,-0.058499478633924955,1.075277793688558,0.362823018445106,0.32268237357398355,-0.040140644871122455,0.889365771104747,TRUE,TRUE,FALSE
1121,609,prediction,GROSSCON,17,1.0156,0.9784429959063702,0.9043637062668208,9.805670684454663,1.029233746377716,-0.0645614223964226,1.133637433960288,0.3261691518181608,0.3032826701184026,-0.02288648169975821,0.9298324762713385,TRUE,TRUE,TRUE
1121,610,prediction,GROSSCON,1,,,,,,,,,,,,,,
1121,611,prediction,GROSSCON,14,0.9767,0.44478047922495983,0.3373965241806652,13.601949420459716,1.0271548780052504,-0.8644038852480366,2.9503001761228886,0.10331223912750787,0.02258341754044186,-0.08072882158706601,0.2185938251959618,TRUE,TRUE,TRUE
1121,612,prediction,GROSSCON,1,,,,,,,,,,,,,,
1121,613,prediction,GROSSCON,5,0.9379,0.9864341492913733,0.48999999999999977,12.270179113070984,1.0317931884029614,-0.05821117484359925,1.1943828582581728,0.3450726978998384,0.31078797950145437,-0.03428471839838404,0.9006449405964433,TRUE,TRUE,FALSE
1121,614,prediction,GROSSCON,4,,,,,,,,,,,,,,
1121,615,prediction,GROSSCON,10,1.0315,0.920576848648304,0.24848507801848205,23.538415617614454,1.2005391973277373,-0.13201436154487758,1.361414416533636,0.5182051164706423,0.42032845183957246,-0.09787666463106981,0.8111237007892129,TRUE,FALSE,FALSE
1121,616,prediction,GROSSCON,20,0.9921,0.8255702172646279,0.7234929826450075,15.980584251410562,1.0609856265611135,-0.24838183814135856,1.2675853850125918,0.2319482840613052,0.1765360827618075,-0.0554122012994977,0.7611010509357683,TRUE,FALSE,FALSE
1121,619,prediction,GROSSCON,1,,,,,,,,,,,,,,
1121,620,prediction,GROSSCON,27,1.017,0.678356289178797,0.5870596619833027,12.783662308821045,1.0434940048839747,-0.29493092447927194,1.5767789457329757,0.1726804024312777,0.09184237855845723,-0.08083802387282046,0.5318633571925344,TRUE,TRUE,FALSE
1121,621,prediction,GROSSCON,4,,,,,,,,,,,,,,
1121,622,prediction,GROSSCON,16,0.9172,0.944892266840106,0.6589619377162628,18.106942255884327,1.0718936302363329,-0.19814652574566263,1.1523420267195308,0.28934185993290584,0.22835585918268686,-0.06098600075021898,0.789225102913347,TRUE,FALSE,FALSE
1121,623,prediction,GROSSCON,1,,,,,,,,,,,,,,
1121,624,prediction,GROSSCON,12,0.9647,0.8825688487541938,0.6973714989227455,14.10255277137971,1.0410014663468035,-0.14739491102263916,1.2196810425785447,0.2253171272850046,0.17288618297391123,-0.05243094431109338,0.7673015587280533,TRUE,TRUE,FALSE
1121,625,prediction,GROSSCON,1,,,,,,,,,,,,,,
1121,626,prediction,GROSSCON,30,1.0011,0.9108781717514354,0.9697505956526878,7.215613484955634,1.0202567542440761,-0.033114822924920524,1.0625466216710615,0.2838666096219915,0.26332741895927586,-0.020539190662715645,0.9276449220636888,TRUE,TRUE,TRUE
1121,628,prediction,GROSSCON,2,,,,,,,,,,,,,,
1121,629,prediction,GROSSCON,2,,,,,,,,,,,,,,
1121,630,prediction,GROSSCON,6,0.9801,0.24040834147367118,0.16470588235294117,23.747092451457508,1.1070588180691545,-0.4400503645748295,1.1774984085106703,0.20312684365781722,0.057183673096303934,-0.1459431705615133,0.2815170662161926,TRUE,FALSE,FALSE
1121,632,prediction,GROSSCON,15,0.9887,0.9530214787724608,0.9007187579861997,14.603857268519066,1.0471743790622907,-0.07365944007523292,1.1919440990516457,0.32571100711716977,0.2782917136642259,-0.04741929345294388,0.8544129844654421,TRUE,TRUE,FALSE
1121,633,prediction,GROSSCON,5,1.036,0.5824578103478247,0.3599999999999998,14.734692198864934,1.0423493435532072,-0.3607098863923431,1.4265266466934128,0.14889624724061806,0.06545790678476848,-0.08343834045584958,0.4396209306671628,TRUE,TRUE,FALSE
1121,634,prediction,GROSSCON,8,0.9978,0.9043742547544601,0.5163511187607573,10.994278995281796,1.0334622823742439,-0.05572024560720169,1.1148164527377804,0.2786970010341261,0.23464605134453387,-0.04405094968959222,0.8419396350655447,TRUE,TRUE,FALSE
1121,636,prediction,GROSSCON,15,1.0089,0.8210256351530165,0.8735645449823993,8.68452396680407,1.0477267754098718,-0.07310990951095257,1.1136180745193238,0.2977807721361344,0.24393985286129122,-0.05384091927484319,0.8191927608736634,TRUE,TRUE,FALSE
1121,637,prediction,GROSSCON,10,0.916,0.9385224324252478,0.2780165289256198,13.023299388032667,1.0388904598489728,-0.21973180772489054,1.3573944779355167,0.20095912227924267,0.12870905762544957,-0.0722500646537931,0.6404738245552344,TRUE,TRUE,FALSE
1121,638,prediction,GROSSCON,5,0.9869,0.35228314344107753,0.08999999999999996,17.28696742436361,1.0433983965783127,-0.8318959771216274,3.0059364087783904,0.1207355738744452,0.018480095010515462,-0.10225547886392973,0.15306255163646468,TRUE,FALSE,FALSE
1121,640,prediction,GROSSCON,12,1.0156,0.9752458145236803,0.8392097413076435,13.214202796527443,1.043784358278271,-0.047243271483696364,1.035285163721077,0.4306002254358665,0.4256317181839761,-0.004968507251890408,0.9884614383402583,TRUE,TRUE,TRUE
1121,641,prediction,GROSSCON,9,1.017,0.9010391664146127,0.8017507002801121,13.325531869108465,1.064794431545768,-0.07624435872154033,1.0867536829975577,0.33716998578506463,0.29864215082122886,-0.03852783496383577,0.8857317181595278,TRUE,TRUE,FALSE
1121,642,prediction,GROSSCON,20,1.0695,0.6699251900006599,0.8125758673792915,15.827202965395474,1.0933807376713731,-0.08433109925183681,1.237566846130952,0.33502686959018746,0.2467837286493845,-0.08824314094080296,0.7366087649962405,TRUE,FALSE,FALSE
1121,643,prediction,GROSSCON,5,1.0354,0.6947567013961402,0.6736842105263158,15.597065747308239,1.0641877367411479,-0.6932682817316465,3.379792324536276,0.15736885928393002,0.041700571216307124,-0.11566828806762289,0.2649861694750522,TRUE,FALSE,FALSE
1130,1595,prediction,GROSSCON,1,,,,,,,,,,,,,,
1130,1722,prediction,GROSSCON,3,,,,,,,,,,,,,,
1130,1735,prediction,GROSSCON,3,,,,,,,,,,,,,,
1130,1746,prediction,GROSSCON,1,,,,,,,,,,,,,,
1130,1901,prediction,GROSSCON,1,,,,,,,,,,,,,,
1130,1902,prediction,GROSSCON,1,,,,,,,,,,,,,,
1130,1915,prediction,GROSSCON,3,,,,,,,,,,,,,,
1130,1922,prediction,GROSSCON,2,,,,,,,,,,,,,,
1130,1949,prediction,GROSSCON,2,,,,,,,,,,,,,,
1131,1625,prediction,GROSSCON,1,,,,,,,,,,,,,,
1132,2061,prediction,GROSSCON,3,,,,,,,,,,,,,,
1132,2062,prediction,GROSSCON,2,,,,,,,,,,,,,,
1132,2063,prediction,GROSSCON,2,,,,,,,,,,,,,,
1132,2072,prediction,GROSSCON,1,,,,,,,,,,,,,,
1132,2086,prediction,GROSSCON,1,,,,,,,,,,,,,,
1133,2001,prediction,GROSSCON,1,,,,,,,,,,,,,,
1133,2002,prediction,GROSSCON,1,,,,,,,,,,,,,,
1133,2071,prediction,GROSSCON,1,,,,,,,,,,,,,,
1140,2238,prediction,GROSSCON,11,1.0435,0.9158470542320959,0.7776033057851238,4.927917504758312,1.0049400258752474,-0.015917384441972843,1.088419333885369,0.13531815304341147,0.12023473573755745,-0.01508341730585401,0.8885336744064554,TRUE,FALSE,TRUE
1140,2240,prediction,GROSSCON,15,1.0466,0.8721777786534974,0.5153188775510202,5.128927883362652,1.0056004175316644,-0.10970586234938444,1.1995602736747701,0.0896186979208693,0.06510988794136287,-0.024508809979506427,0.7265212444712487,TRUE,TRUE,TRUE
1140,2241,prediction,GROSSCON,2,,,,,,,,,,,,,,
1140,2243,prediction,GROSSCON,67,1.0428,0.5776264955666579,0.7522267617405399,11.508473808515776,1.05065019100063,-0.15045049894079826,1.228929009072278,0.21537032158373054,0.142429408772009,-0.07294091281172155,0.6613232859785466,TRUE,TRUE,FALSE
1140,2248,prediction,GROSSCON,8,1.1552,0.6755157095429895,0.5102040816326533,19.02222460200484,1.1435419450741033,-0.19468414373222068,1.2840376250510233,0.320417645802179,0.17419163652836156,-0.14622600927381746,0.5436393370042574,FALSE,FALSE,FALSE
1140,2250,prediction,GROSSCON,14,1.0115,0.9812357189989503,0.8539478143002373,6.480877691621238,1.017807969316311,-0.07547740353789782,1.1109480480976084,0.22396916032944755,0.19794063770180234,-0.026028522627645212,0.8837852381579743,TRUE,TRUE,TRUE
1150,731,prediction,GROSSCON,12,1.0114,0.9677769253682391,0.4977229176517433,4.14196514429229,1.0017301979689703,-0.009914495029059762,0.9868784896853658,0.1225691334123155,0.1119535355960859,-0.010615597816229602,0.9133909368477026,TRUE,FALSE,TRUE
1150,732,prediction,GROSSCON,14,1.0112,0.8199437819851833,0.5420842893370367,10.028810253098719,1.0224465284544249,-0.1297564407786774,1.163749693758749,0.16619648011110882,0.11675562421831438,-0.04944085589279444,0.7025156257235935,TRUE,TRUE,TRUE
1160,921,prediction,GROSSCON,26,1.0776,0.3456985153375712,0.5137010751963265,14.8198480618184,1.1102450137260584,-0.1985816504979529,1.4097693513602734,0.24411980773291994,0.13164761988829632,-0.11247218784462362,0.5392746336762883,TRUE,TRUE,FALSE
1160,924,prediction,GROSSCON,2,,,,,,,,,,,,,,
1160,927,prediction,GROSSCON,3,,,,,,,,,,,,,,
1160,928,prediction,GROSSCON,22,1.0121,0.8868400772069429,0.8392423154266017,8.270953802087062,1.014287729428708,-0.05134141018618957,1.0518767063363146,0.19496308494391845,0.17526122161536908,-0.01970186332854937,0.8989456730528415,TRUE,TRUE,TRUE
1160,930,prediction,GROSSCON,39,1.0111,0.542394425594839,0.6164604015726707,10.845639190927507,1.0402454411701256,-0.1912831304346192,1.2416478207653487,0.17756878262740863,0.11005724788812443,-0.0675115347392842,0.6198006556088004,TRUE,TRUE,FALSE
1160,940,prediction,GROSSCON,7,1.0123,0.06349469467225163,0.06599326599326602,4.889376585373495,1.0040868991545013,-1.0019799792306603,2.5623656991499923,0.03709175699647714,0.003473274338377408,-0.03361848265809973,0.09364005966897952,TRUE,FALSE,TRUE
1160,943,prediction,GROSSCON,7,0.9958,0.5414868788266103,0.5624999999999997,13.67174240393019,1.0468887981963448,-0.4010680612084077,1.639408168198672,0.15135842102134234,0.06207224066000932,-0.08928618036133301,0.4101010055546021,TRUE,TRUE,FALSE
1170,510,prediction,GROSSCON,3,,,,,,,,,,,,,,
1180,263,prediction,GROSSCON,24,1.0409,0.8127454987685188,0.7788019239177963,5.143669010254034,1.0074003232147384,-0.1066230076879654,1.09815865654426,0.10236745025331133,0.07952817031025934,-0.022839279943051988,0.7768892368957564,TRUE,TRUE,TRUE
1180,311,prediction,GROSSCON,36,0.9794,0.3863808051985183,0.481548100560369,16.828401702766264,1.0615544239093324,-0.4037709734348018,1.4482355874872412,0.17867797363987037,0.09138474221391037,-0.08729323142596,0.5114493988951232,TRUE,FALSE,FALSE
1180,315,prediction,GROSSCON,30,0.9731,0.7225415894830297,0.56550946919575,14.508861321699134,1.0310813043254308,-0.2321112521104028,1.2898186640513591,0.1578857223040385,0.1077310600901716,-0.0501546622138669,0.6823356698632653,TRUE,TRUE,FALSE
1180,321,prediction,GROSSCON,41,1.0546,0.20885321053061653,0.4843301070256714,10.71146048860578,1.0656730300757336,-0.36319950314875726,1.457382318783514,0.17026052215815993,0.0649715552124441,-0.10528896694571582,0.38160082201609924,TRUE,TRUE,FALSE
1180,331,prediction,GROSSCON,44,1.0278,0.5031377359883534,0.7724164269718926,9.848152582463648,1.0422421172641096,-0.14208731670184993,1.1765534837265144,0.19055260595749116,0.1275308899415551,-0.06302171601593606,0.6692686741319346,TRUE,TRUE,FALSE
1180,348,prediction,GROSSCON,1,,,,,,,,,,,,,,
1180,350,prediction,GROSSCON,1,,,,,,,,,,,,,,
1180,354,prediction,GROSSCON,1,,,,,,,,,,,,,,
1180,355,prediction,GROSSCON,3,,,,,,,,,,,,,,
1180,414,prediction,GROSSCON,1,,,,,,,,,,,,,,
1180,415,prediction,GROSSCON,1,,,,,,,,,,,,,,
1180,419,prediction,GROSSCON,1,,,,,,,,,,,,,,
1190,1832,prediction,GROSSCON,9,0.9961,0.5206680978204619,0.42250000000000004,17.962140872763214,1.0829168140122647,-0.25856977462457814,1.0758577802922158,0.22684993935757072,0.12848211827073522,-0.0983678210868355,0.5663749288829041,TRUE,FALSE,FALSE
1190,1836,prediction,GROSSCON,6,1.0311,0.995150160831273,0.8605042016806724,6.459751470984143,1.0315290947322335,-0.11556817324400605,1.1818739892555399,0.23790964041233278,0.20174928344323817,-0.036160356969094615,0.8480080214218165,TRUE,TRUE,FALSE
1190,1837,prediction,GROSSCON,1,,,,,,,,,,,,,,
1190,1840,prediction,GROSSCON,13,0.9779,0.9713376906079001,0.9673046733486292,8.299130819528859,1.028675768193568,-0.04593021342622859,1.1051434560784394,0.3056255787184614,0.2801913304899773,-0.025434248228484113,0.9167797134810047,TRUE,TRUE,TRUE
1190,1841,prediction,GROSSCON,5,1.0242,0.9382760358028297,0.8099999999999996,3.803705340114065,1.0051824345591278,-0.09279364052052343,1.1206202459433656,0.10061349693251528,0.08473085592315907,-0.015882641009356213,0.8421420436265205,TRUE,FALSE,TRUE
1190,1842,prediction,GROSSCON,2,,,,,,,,,,,,,,
1190,1844,prediction,GROSSCON,2,,,,,,,,,,,,,,
1200,1293,prediction,GROSSCON,1,,,,,,,,,,,,,,
1200,1294,prediction,GROSSCON,12,1.0285,0.9590445971887712,0.9825665562507669,9.051648267326227,1.0353534244830327,-0.0787106334450975,1.130568882662871,0.29690725462113104,0.264145471816246,-0.032761782804885065,0.8896565095834698,TRUE,TRUE,FALSE
1200,1303,prediction,GROSSCON,4,,,,,,,,,,,,,,
1200,1304,prediction,GROSSCON,12,1.012,0.8005649760378821,0.845119669063331,6.3736774223673685,1.0035699083036715,-0.019083327860817956,1.1252965568829398,0.09431372549019601,0.08413411199485606,-0.010179613495339954,0.8920664681367281,TRUE,TRUE,TRUE
1200,1310,prediction,GROSSCON,10,1.0154,0.49952592568542203,0.3997043606799704,15.841322976409932,1.0625226795772038,-0.4044271784721457,1.7412601488643733,0.1813282080641203,0.08733916383219001,-0.0939890442319303,0.48166341444959077,TRUE,FALSE,FALSE
1200,1311,prediction,GROSSCON,7,1.0744,0.9170626666045216,0.7740137221269296,9.011027945715876,1.0268767242617163,-0.14277857434932903,1.123407398612079,0.17399834902556627,0.1397591447161852,-0.03423920430938107,0.8032210966303469,TRUE,TRUE,TRUE
1200,1312,prediction,GROSSCON,26,1.0449,0.8801388094503311,0.7059912159809454,10.895286210662174,1.0366516829446126,-0.06652298740357551,1.0890565241994672,0.29127903995124443,0.2529784187914848,-0.03830062115975963,0.8685088320595585,TRUE,TRUE,FALSE
1200,1313,prediction,GROSSCON,1,,,,,,,,,,,,,,
1201,1321,prediction,GROSSCON,10,0.9969,0.9944845138866036,0.8314855875831486,5.6978778788317195,1.019122752170802,-0.06135348027734768,1.1524532250583333,0.2578306272714059,0.2305524853989825,-0.02727814187242339,0.8942013128498152,TRUE,TRUE,TRUE
1201,1323,prediction,GROSSCON,16,0.9774,0.6398068575679737,0.5550418221705576,14.6185699039144,1.0481330492301908,-0.4071574402292803,1.4714635117724302,0.16045546409574074,0.07748273551791995,-0.08297272857782079,0.4828924708459132,TRUE,TRUE,FALSE
1201,1324,prediction,GROSSCON,2,,,,,,,,,,,,,,
1201,1325,prediction,GROSSCON,11,1.112,0.5720151966181117,0.6724782067247821,13.058586442686105,1.104867198726499,-0.49703105565197475,2.815613896132615,0.20535853289741676,0.058954161357633955,-0.1464043715397828,0.28707919035964025,FALSE,TRUE,FALSE
1201,1327,prediction,GROSSCON,15,1.0065,0.8838879994571913,0.6538125518031496,7.840725010126078,1.0171377733565479,-0.17046808606260813,1.286548483807685,0.1391953814166617,0.09852459489462859,-0.040670786522033125,0.7078151149261851,TRUE,TRUE,TRUE
1201,1328,prediction,GROSSCON,47,1.0559,0.575392982383882,0.6642479282272463,14.787583141306218,1.0692962539601463,-0.10521725753374862,1.0944659321796255,0.2570213111574141,0.17509905954151697,-0.08192225161589714,0.6812628056133314,TRUE,TRUE,FALSE
1201,1330,prediction,GROSSCON,48,1.0037,0.6897601661233702,0.9257453941288268,13.172743036000936,1.05857314690512,-0.02215611856748776,1.036664837500906,0.3766091419905078,0.3338001588326988,-0.04280898315780901,0.8863304726710857,TRUE,TRUE,TRUE
1201,1331,prediction,GROSSCON,15,1.0172,0.7681532434391721,0.6949414524403082,8.661279472038645,1.0294816683690267,-0.1486094538042325,1.3413438772264743,0.18459222769567607,0.1348142236341881,-0.04977800406148797,0.7303353197321321,TRUE,TRUE,TRUE
1201,1333,prediction,GROSSCON,101,0.9898,0.9108900773366176,0.8571728413082129,10.712725214458194,1.0210457956706545,-0.05393802068893667,1.0568546106135486,0.2417269867957992,0.2157093095500221,-0.02601767724577711,0.8923675110063083,TRUE,TRUE,TRUE
1201,1334,prediction,GROSSCON,109,1.0157,0.676011329662189,0.5189982455598346,11.40380081250599,1.037490741283196,-0.16717230039209915,1.2651366448706984,0.18416131322917334,0.11702129403329452,-0.06714001919587882,0.6354282122634047,TRUE,TRUE,FALSE
1201,1335,prediction,GROSSCON,57,1.0133,0.6808384121642956,0.23378254052150563,8.52307707049411,1.0207497244422337,-0.1860882926156206,1.2972262298597823,0.13344934327880595,0.0776724055901954,-0.05577693768861054,0.5820366266465631,TRUE,TRUE,TRUE
1201,1336,prediction,GROSSCON,15,1.007,0.7057708445554146,0.7795681063122921,14.14546460190226,1.0577947037923487,-0.09674992742164498,1.113203942206151,0.2590690436129172,0.1746511539615137,-0.08441788965140351,0.6741490666961554,TRUE,TRUE,FALSE
1201,1338,prediction,GROSSCON,35,1.0077,0.7260326214905586,0.6638893731773067,15.506607248278595,1.04740190723566,-0.080303436408909,1.114094967875261,0.24703981752572304,0.17526289722172989,-0.07177692030399316,0.7094520186142893,TRUE,FALSE,FALSE
1201,1339,prediction,GROSSCON,10,0.9885,0.9191206483350395,0.7985587583148557,7.193851015954595,1.0137354145427109,-0.08856656173029935,1.172884618195977,0.15669838916966938,0.13358293028646298,-0.023115458883206402,0.8524843873271887,TRUE,TRUE,TRUE
1201,1341,prediction,GROSSCON,23,1.0131,0.9422149353319826,0.9092277660097214,7.9184318452300655,1.0131277013237339,-0.035950315597827055,1.0940158639278124,0.23619731954647474,0.21838799811937717,-0.01780932142709757,0.9245998156909933,TRUE,TRUE,TRUE
1201,1342,prediction,GROSSCON,10,1.017,0.9482702775375456,0.7722681359044994,8.524718650629477,1.0185158779090275,-0.08158413602939037,1.0601679529206316,0.1987776109800558,0.17157489269104004,-0.02720271828901577,0.863149988799568,TRUE,TRUE,TRUE
1201,1343,prediction,GROSSCON,2,,,,,,,,,,,,,,
1201,1345,prediction,GROSSCON,19,1.0357,0.523337863916845,0.5877777777777778,18.623340756863367,1.0990050441369126,-0.2643293266661388,1.335419833721062,0.2643008721018443,0.15004025744757088,-0.1142606146542734,0.5676873339629208,TRUE,FALSE,FALSE
1201,1346,prediction,GROSSCON,40,1.0329,0.6620887505151383,0.7684397077693194,12.732743297036778,1.050556158536974,-0.11020452584944977,1.2156684635927197,0.23760054955224313,0.17125133594023384,-0.0663492136120093,0.7207531138415125,TRUE,TRUE,FALSE
1201,1347,prediction,GROSSCON,16,1.031,0.20739433007985902,0.655745932393576,17.270160025476137,1.094826837424519,-0.31700043288185464,0.9994988160298313,0.18671414466997716,0.0880186082663934,-0.09869553640358375,0.471408357529468,TRUE,FALSE,FALSE
1201,1348,prediction,GROSSCON,6,0.9904,0.6397608767574654,0.6126050420168068,12.159833736705753,1.0234568197471148,-0.27604288286862977,1.3430364325422064,0.12300511894007826,0.06578345827169733,-0.05722166066838093,0.534802606904056,TRUE,TRUE,TRUE
1201,1349,prediction,GROSSCON,21,1.0009,0.9959094880282348,0.5872630210115666,6.864064524744181,1.0224835891568178,-0.024108042466803686,1.0362707130371227,0.4200448290197473,0.3952819613338627,-0.02476286768588465,0.9410470836084962,TRUE,TRUE,TRUE
1201,1350,prediction,GROSSCON,26,1.0561,0.8051556633377017,0.82472247252991,13.485811638066691,1.076673162006573,-0.12827807570869187,1.1832068424167181,0.3312609453956817,0.2682883919689314,-0.06297255342675029,0.8099004597371677,TRUE,TRUE,FALSE
1201,1351,prediction,GROSSCON,20,1.0147,0.93078921253478,0.9232220823552094,9.823130723004228,1.0270628999187121,-0.03143877604708306,1.0767329658320386,0.32069989712275576,0.2918792620374733,-0.028820635085282487,0.9101320725580069,TRUE,TRUE,TRUE
1201,1360,prediction,GROSSCON,33,0.9666,0.8555974909723211,0.8459817999569731,13.0707404221858,1.0255344303444214,-0.04482907487359603,1.0793837106473418,0.2246258895095601,0.19690760944220706,-0.02771828006735305,0.8766024694309631,TRUE,TRUE,TRUE
1201,1361,prediction,GROSSCON,16,1.0319,0.48384540006141913,0.6816273932253314,13.22575735180498,1.069299796661943,-0.15474020735630645,1.0671147010539408,0.23452956265411973,0.14530159593217218,-0.08922796672194755,0.6195449063556245,TRUE,TRUE,FALSE
1201,1362,prediction,GROSSCON,5,0.9736,0.9134141369666808,0.9999999999999996,12.034655381811318,1.0417817235806546,-0.2828913787146025,1.399953393010702,0.16412042796715606,0.12948337996774714,-0.03463704799940892,0.7889534628416852,TRUE,TRUE,FALSE
1201,1363,prediction,GROSSCON,61,1.0185,0.9198651868124,0.8128898216801075,15.600527126187636,1.0592235168438842,-0.054680191192201195,1.1340857998509895,0.3551081411769214,0.2982922072059883,-0.0568159339709331,0.840003854086166,TRUE,FALSE,FALSE
1201,1364,prediction,GROSSCON,32,1.0405,0.9770029831230945,0.7791177303214192,15.556217040211425,1.0421619945785645,-0.04157622558565775,1.1352655893052817,0.507828612798418,0.48439778569804814,-0.02343082710036981,0.9538607583151865,TRUE,FALSE,TRUE
1201,1365,prediction,GROSSCON,37,0.9795,0.9379947144858585,0.860931225947574,8.824577740160423,1.0171862135745866,-0.045158900772629657,1.0466111313482487,0.241376861544585,0.22165558045860415,-0.01972128108598084,0.9182967209044679,TRUE,TRUE,TRUE
1201,1366,prediction,GROSSCON,46,0.9663,0.7505762799853729,0.6325104019485018,13.6619353717018,1.0345309556208193,-0.05759051511498367,1.1452014451887118,0.24304040670330113,0.19290101082158767,-0.050139395881713456,0.7936993417603904,TRUE,TRUE,FALSE
1201,1367,prediction,GROSSCON,89,1.0126,0.766194030092341,0.7856862862959626,11.488412242750403,1.0315116493249226,-0.09798738643404276,1.147335122665705,0.2179680921884113,0.17314986462976314,-0.044818227558648144,0.7943817046400198,TRUE,TRUE,FALSE
1201,1368,prediction,GROSSCON,39,1.0411,0.6493597028916455,0.6749290329878772,16.25549066403264,1.071798502855378,-0.11910510107520964,1.2519934290293455,0.25375833867818787,0.17122529799958186,-0.082533040678606,0.6747573257749254,TRUE,FALSE,FALSE
1201,1369,prediction,GROSSCON,45,0.9912,0.892295420414518,0.9322739950770282,10.916065250289444,1.0314775599927162,-0.053407957847841823,1.0887391207076262,0.297370574863425,0.26730392785617485,-0.030066647007250147,0.8988916538865387,TRUE,TRUE,FALSE
1201,1370,prediction,GROSSCON,37,0.9949,0.8874527805465684,0.8648889745461039,10.37150426171115,1.0221983545355384,-0.07659129883085793,1.057405112596353,0.2118720160134281,0.19273137866142162,-0.019140637352006468,0.9096594363325765,TRUE,TRUE,TRUE
1201,1371,prediction,GROSSCON,29,1.0169,0.3349222954124305,0.5735987924656657,23.163434594633166,1.1185230759368339,-0.29521286938017666,1.42268941808868,0.25868122564725005,0.12049910857719741,-0.13818211707005262,0.46582085064617595,TRUE,FALSE,FALSE
1201,1372,prediction,GROSSCON,9,0.9793,0.28076008771830996,0.4011111111111111,16.061267846280618,1.0492733288836131,-0.2628572319678851,0.9286774756449331,0.1579015712245163,0.07584832490099795,-0.08205324632351836,0.48035193261725756,TRUE,FALSE,FALSE
1202,1007,prediction,GROSSCON,3,,,,,,,,,,,,,,
1202,1009,prediction,GROSSCON,3,,,,,,,,,,,,,,
1202,1010,prediction,GROSSCON,7,0.9875,0.9680998308460383,0.3686224489795916,5.993487549372267,1.0112882765874371,-0.07713714783338901,1.1220586611271706,0.1645784038287607,0.13498930990618443,-0.029589093922576276,0.8202127786257855,TRUE,TRUE,TRUE
1202,1011,prediction,GROSSCON,23,1.0594,0.9087272553681771,0.7004962192816636,23.90065781046356,1.1680572522716577,-0.14711103187028318,1.2002876106064742,0.43416389436368147,0.3354935803743374,-0.09867031398934406,0.7727348697800929,TRUE,FALSE,FALSE
1202,1026,prediction,GROSSCON,3,,,,,,,,,,,,,,
1202,1029,prediction,GROSSCON,3,,,,,,,,,,,,,,
1202,1030,prediction,GROSSCON,26,0.977,0.7543690644507055,0.6024567584281244,22.403462914366802,1.077394988148156,-0.22667259379957413,1.188210997859945,0.24648683700961982,0.1618812795035273,-0.08460555750609253,0.6567542570121481,TRUE,FALSE,FALSE
1202,1035,prediction,GROSSCON,1,,,,,,,,,,,,,,
1202,1036,prediction,GROSSCON,16,1.0083,0.7086206234014104,0.6296586350623471,10.749007988338189,1.0179040071512822,-0.16631890442116637,1.3013592666468887,0.12106558618600416,0.08346521718511135,-0.03760036900089281,0.6894214930482069,TRUE,TRUE,TRUE
1202,1038,prediction,GROSSCON,1,,,,,,,,,,,,,,
1202,1043,prediction,GROSSCON,3,,,,,,,,,,,,,,
1202,1044,prediction,GROSSCON,1,,,,,,,,,,,,,,
1202,1045,prediction,GROSSCON,8,1.0398,0.9058316959557441,0.8622448979591839,3.854016282769762,1.0038733323178157,-0.32453311461553724,1.58497392801244,0.05499599118059728,0.03255384441133091,-0.02244214676926637,0.5919312246674443,TRUE,FALSE,TRUE
1202,1046,prediction,GROSSCON,41,1.008,0.7498034409307318,0.5299860296238283,11.548862725229823,1.0300461002518695,-0.2308426022749346,1.4675449161534444,0.15592602695152427,0.08919875406744325,-0.06672727288408102,0.5720581471313585,TRUE,TRUE,FALSE
1202,1049,prediction,GROSSCON,26,0.9912,0.9339132589896715,0.8265881415972454,6.168032869631259,1.0078759101543244,-0.042444147071315226,1.04785573936285,0.1561050385852033,0.1420891860919567,-0.014015852493246606,0.9102152459633989,TRUE,TRUE,TRUE
1202,1270,prediction,GROSSCON,16,1.0129,0.5931681060509848,0.3078250887984059,16.264357121366153,1.056057758202075,-0.2438693699730983,1.5910856248926368,0.1964519424246709,0.09893163731387244,-0.09752030511079846,0.5035920545901834,TRUE,FALSE,FALSE
1202,1271,prediction,GROSSCON,1,,,,,,,,,,,,,,
1202,1274,prediction,GROSSCON,1,,,,,,,,,,,,,,
1210,1963,prediction,GROSSCON,1,,,,,,,,,,,,,,
1210,1976,prediction,GROSSCON,1,,,,,,,,,,,,,,
1210,1977,prediction,GROSSCON,9,1.0372,0.48044507787308133,0.28683473389355746,8.406986820346706,1.01784034563478,-0.31120909314888534,1.6964952619504197,0.09508025849489263,0.03626552584424994,-0.05881473265064269,0.38142014355375353,TRUE,TRUE,TRUE
1210,1978,prediction,GROSSCON,45,0.9808,0.8294838127128157,0.41155921472449325,10.685475422141637,1.0253124457592846,-0.08027409131197666,1.1624424517913095,0.18218784291467344,0.12738693433208856,-0.05480090858258488,0.6992065567829872,TRUE,TRUE,TRUE
1210,1990,prediction,GROSSCON,4,,,,,,,,,,,,,,
1210,1993,prediction,GROSSCON,8,1.0261,0.6756328747240039,0.8385598141695705,7.291129352087642,1.0221059381653363,-0.21128306510847214,1.4576124799620125,0.1124398717263495,0.0724262714689079,-0.040013600257441606,0.6441333519587723,TRUE,TRUE,TRUE
1210,1995,prediction,GROSSCON,2,,,,,,,,,,,,,,
1220,858,prediction,GROSSCON,1,,,,,,,,,,,,,,
1220,859,prediction,GROSSCON,1,,,,,,,,,,,,,,
1220,862,prediction,GROSSCON,13,1.1557,0.37089377884568286,0.2656065685726703,19.495197475021552,1.1129631371461142,-0.41322587143588557,2.2745720620735663,0.22822335791200715,0.06531163275992433,-0.16291172515208283,0.2861741819831851,FALSE,FALSE,FALSE
1220,864,prediction,GROSSCON,37,0.9862,0.9527275834106791,0.7455093311749482,10.673221341892228,1.025177930404001,-0.07042611850125342,1.122836858527992,0.25685315976140544,0.2212896419814988,-0.03556351777990663,0.8615414433174889,TRUE,TRUE,TRUE
1220,865,prediction,GROSSCON,4,,,,,,,,,,,,,,
1220,866,prediction,GROSSCON,17,1.028,0.897467363372467,0.6417694186099093,12.077144100907748,1.0267359988520033,-0.057763402899242054,1.1148461059958747,0.250519373688642,0.2085698138076004,-0.041949559881041626,0.8325496377251101,TRUE,TRUE,TRUE
1220,867,prediction,GROSSCON,41,0.9963,0.8268476233539593,0.7883948525571274,9.840836131987484,1.0286759299258104,-0.15453780179296234,1.1853040884907025,0.1864800567870281,0.1390017494784192,-0.047478307308608886,0.7453973999866801,TRUE,TRUE,TRUE
1220,884,prediction,GROSSCON,15,0.9731,0.96078547407208,0.8822576530612241,6.383163307746942,1.019358346086907,-0.09370164717111791,1.1796196916328185,0.19477217156951737,0.1641194002548185,-0.030652771314698873,0.8426224287191951,TRUE,TRUE,TRUE
1220,885,prediction,GROSSCON,17,0.9892,0.9922094767572901,0.9124879706483824,7.20161958659335,1.0211886454573849,-0.021535457784520845,1.01913087021739,0.4008725581943782,0.3819794432561885,-0.018893114938189737,0.9528700217762756,TRUE,TRUE,TRUE
1220,886,prediction,GROSSCON,5,1.0589,0.43055850130222406,0.9999999999999996,12.066757656465287,1.0419390159673874,-0.344726365576255,1.4931776355363906,0.14171029668411866,0.0746485359004831,-0.06706176078363556,0.526768609248483,TRUE,TRUE,FALSE
1220,888,prediction,GROSSCON,12,0.9649,0.3857601682898115,0.24651572204019762,21.71133711616179,1.0774297842279674,-0.46563848556424275,1.8624508076569501,0.17876540630875284,0.047221594837395,-0.13154381147135785,0.26415398713013133,TRUE,FALSE,FALSE
1220,889,prediction,GROSSCON,11,1.0042,0.7159677444451696,0.7147933884297523,9.971707122579549,1.0183848438051895,-0.13932194855260505,1.2084540988357002,0.13349915390731712,0.09160317440826966,-0.041895979499047456,0.6861704492289585,TRUE,TRUE,TRUE
1220,890,prediction,GROSSCON,44,1.0168,0.8957821338816677,0.8621046629546125,8.17143056102536,1.018029077868924,-0.05222162958703994,1.0599033764854584,0.21155703386163827,0.18410864807027527,-0.027448385791362995,0.8702553855556763,TRUE,TRUE,TRUE
1220,891,prediction,GROSSCON,47,1.0175,0.8569532250210986,0.8260591564645668,13.156005313799875,1.0625276001955437,-0.11585800337471917,1.1695332265145013,0.3004315371348324,0.23546066687523287,-0.06497087025959952,0.7837415110303787,TRUE,TRUE,FALSE
1220,892,prediction,GROSSCON,25,0.9768,0.9808543793362268,0.8792668639053255,7.368690951422563,1.0186534094069424,-0.05431932232993455,1.0706216442531882,0.2537615417581134,0.2303183561776639,-0.02344318558044947,0.9076172637586052,TRUE,TRUE,TRUE
1220,893,prediction,GROSSCON,48,1.0176,0.838190670163832,0.8217380181630858,10.284654327201187,1.0263772565671756,-0.08766787531686009,1.1287844274709424,0.215443147958687,0.17698162455280464,-0.03846152340588235,0.8214771564085311,TRUE,TRUE,TRUE
1220,894,prediction,GROSSCON,13,1.011,0.9289143402033392,0.715976331360947,9.807362500406445,1.0297813049106745,-0.10241532943760301,1.234079441076687,0.2297249315984044,0.18836431760282116,-0.041360613995583245,0.8199559198568479,TRUE,TRUE,TRUE
1220,895,prediction,GROSSCON,13,0.9616,0.591483586690226,0.40035721853903683,11.58829604100619,1.017782207739947,-0.299821304977756,1.7529462079074833,0.10366859726909156,0.046025873277455207,-0.05764272399163635,0.4439712168380778,TRUE,TRUE,TRUE
1220,909,prediction,GROSSCON,31,1.006,0.9511845296433669,0.9339184952978055,7.53686835876627,1.0125830427797142,-0.02483154771920416,1.0277225789064297,0.24490584143895736,0.2309110058934529,-0.013994835545504458,0.9428562607438147,TRUE,TRUE,TRUE
1220,910,prediction,GROSSCON,7,1.0357,0.9691640413428976,0.9821428571428568,3.322869829131233,1.0050860648870807,-0.05790856397303164,1.0359325145404403,0.11292704538741763,0.1035556672620047,-0.00937137812541293,0.9170138730428778,TRUE,FALSE,TRUE
1220,912,prediction,GROSSCON,2,,,,,,,,,,,,,,
1220,913,prediction,GROSSCON,13,1.0593,0.4987765401231909,0.7993900039354586,11.750694718937371,1.057360460122683,-0.13909818142165817,1.1835250758769214,0.20034001103154964,0.13065673904966027,-0.06968327198188937,0.6521749618406699,TRUE,TRUE,FALSE
1220,915,prediction,GROSSCON,14,1.0204,0.6275820968137709,0.5909342312096103,5.765364948884399,1.0094507340412906,-0.12542738231109865,1.3148877118403086,0.09450488169739682,0.06404182152102703,-0.030463060176369794,0.6776562265438092,TRUE,TRUE,TRUE
1220,916,prediction,GROSSCON,33,1.0197,0.8634754576254073,0.8476492974311681,5.924373448660453,1.0109043145635939,-0.04363110437421308,1.0415957215016194,0.16300308992648577,0.14464919129827836,-0.01835389862820741,0.8874015294036144,TRUE,TRUE,TRUE
1220,917,prediction,GROSSCON,31,1.0163,0.22846961909099764,0.5053955448438128,7.311987648939902,1.0261899874226224,-0.33927654233634447,1.1902240144560534,0.10021120059944874,0.0484740056610225,-0.05173719493842624,0.48371844036453104,TRUE,TRUE,TRUE
1220,918,prediction,GROSSCON,14,1.0221,0.8264215602521956,0.7363121460037758,4.628747789662483,1.00437491010964,-0.06085940376729103,1.0071258902720233,0.08545724567315942,0.07444348347842882,-0.011013762194730603,0.8711196211863188,TRUE,FALSE,TRUE
1230,229,prediction,GROSSCON,2,,,,,,,,,,,,,,
1230,230,prediction,GROSSCON,1,,,,,,,,,,,,,,
1230,231,prediction,GROSSCON,1,,,,,,,,,,,,,,
1230,232,prediction,GROSSCON,3,,,,,,,,,,,,,,
1230,473,prediction,GROSSCON,1,,,,,,,,,,,,,,
1230,474,prediction,GROSSCON,2,,,,,,,,,,,,,,
1230,475,prediction,GROSSCON,2,,,,,,,,,,,,,,
1230,482,prediction,GROSSCON,4,,,,,,,,,,,,,,
1230,483,prediction,GROSSCON,1,,,,,,,,,,,,,,
1230,484,prediction,GROSSCON,1,,,,,,,,,,,,,,
1230,485,prediction,GROSSCON,3,,,,,,,,,,,,,,
1230,486,prediction,GROSSCON,1,,,,,,,,,,,,,,
1230,487,prediction,GROSSCON,1,,,,,,,,,,,,,,
1230,489,prediction,GROSSCON,4,,,,,,,,,,,,,,
1230,496,prediction,GROSSCON,1,,,,,,,,,,,,,,
1230,498,prediction,GROSSCON,1,,,,,,,,,,,,,,
1230,499,prediction,GROSSCON,3,,,,,,,,,,,,,,
1230,500,prediction,GROSSCON,3,,,,,,,,,,,,,,
1230,502,prediction,GROSSCON,7,0.9868,0.8759786693597057,0.8598347107438018,10.74316740268358,1.0574541056351923,-0.006350734390910988,1.007396072965096,0.5659092243555869,0.5238300189221123,-0.04207920543347454,0.9256431886555816,TRUE,TRUE,TRUE
1230,503,prediction,GROSSCON,3,,,,,,,,,,,,,,
1230,504,prediction,GROSSCON,4,,,,,,,,,,,,,,
1230,506,prediction,GROSSCON,15,0.9283,0.5393459203690577,0.513675568617429,21.345274854565247,1.065360579232401,-0.28362445673752945,1.2961804160386161,0.20055731758327605,0.12111747710491798,-0.07943984047835807,0.6039045523962355,TRUE,FALSE,FALSE
1230,514,prediction,GROSSCON,1,,,,,,,,,,,,,,
1230,515,prediction,GROSSCON,7,0.9694,0.9399503812328202,0.8622448979591831,11.090825328347458,1.0106746954965216,-0.02413389766739129,0.9686618630460819,0.23133887285749058,0.22440520170712194,-0.006933671150368637,0.9700280758494059,TRUE,TRUE,TRUE
1230,516,prediction,GROSSCON,6,0.9618,0.9898218635911482,0.8889795918367347,6.9474773954119105,1.0141858655125953,-0.049046989349354725,1.0497827251858012,0.2598401778369963,0.2589953210831079,-8.448567538884011e-4,0.9967485522796309,TRUE,TRUE,TRUE
1230,517,prediction,GROSSCON,13,0.9665,0.8329772999974823,0.4909669269287553,19.977866964494385,1.1051412693702258,-0.44660952242142227,1.4155751161021461,0.2316655339983983,0.14216311999952816,-0.08950241399887013,0.6136567556937972,TRUE,FALSE,FALSE
1230,518,prediction,GROSSCON,3,,,,,,,,,,,,,,
1230,519,prediction,GROSSCON,12,0.9702,0.8874480704452188,0.7244387191755614,11.076634560566458,1.0579305912742947,-0.13167556281582052,1.2452029398809608,0.292857142857143,0.22937397061160647,-0.06348317224553651,0.7832281923323144,TRUE,TRUE,FALSE
1230,520,prediction,GROSSCON,6,0.996,0.8184617760402133,0.6865306122448979,7.456966559543489,1.0097728112509659,-0.21201089218987396,1.4566981450897287,0.09350825676486381,0.05897399230047121,-0.034534264464392596,0.6306821915070818,TRUE,TRUE,TRUE
1230,595,prediction,GROSSCON,4,,,,,,,,,,,,,,
1240,100,prediction,GROSSCON,2,,,,,,,,,,,,,,
1240,107,prediction,GROSSCON,1,,,,,,,,,,,,,,
1250,132,prediction,GROSSCON,1,,,,,,,,,,,,,,
1250,137,prediction,GROSSCON,1,,,,,,,,,,,,,,
1250,140,prediction,GROSSCON,1,,,,,,,,,,,,,,
1250,143,prediction,GROSSCON,4,,,,,,,,,,,,,,
1250,144,prediction,GROSSCON,3,,,,,,,,,,,,,,
1250,179,prediction,GROSSCON,5,0.8995,0.32030041315050495,0.21315789473684216,12.474778598673081,1.022282995619095,-0.7533320111970594,1.5736713566827516,0.09164653266848308,0.029045786240972583,-0.0626007464275105,0.3169327348808836,FALSE,TRUE,TRUE
1250,189,prediction,GROSSCON,4,,,,,,,,,,,,,,
1250,193,prediction,GROSSCON,2,,,,,,,,,,,,,,
1250,210,prediction,GROSSCON,2,,,,,,,,,,,,,,
1250,214,prediction,GROSSCON,1,,,,,,,,,,,,,,
1250,219,prediction,GROSSCON,3,,,,,,,,,,,,,,
1250,220,prediction,GROSSCON,1,,,,,,,,,,,,,,
1250,223,prediction,GROSSCON,1,,,,,,,,,,,,,,
1250,225,prediction,GROSSCON,1,,,,,,,,,,,,,,
1270,1374,prediction,GROSSCON,10,0.94,0.9648971524528697,0.8650776053215078,17.39838067116931,1.1021691325774432,-0.04905046084367171,1.0579422019163507,0.5185104980698615,0.46894187895934697,-0.04956861911051452,0.9044018987175146,TRUE,FALSE,TRUE
1270,1376,prediction,GROSSCON,8,0.966,0.9899079844081389,0.6173469387755104,4.765321721325468,1.0058519673787212,-0.007202741027316025,1.0022956690054636,0.2890833260328147,0.2762507817228632,-0.01283254430995151,0.9556095313899396,TRUE,FALSE,TRUE
1270,1377,prediction,GROSSCON,8,0.9553,0.9637462490477837,0.7346938775510207,9.947723913393906,1.0426395702150582,-0.04659499119307032,1.0871279238942624,0.36633353811049196,0.32693440781115224,-0.039399130299339724,0.8924501138974168,TRUE,TRUE,TRUE
1270,1378,prediction,GROSSCON,15,1.0056,0.953238242706266,0.9367474489795916,14.70438967610722,1.0240376829146218,-0.050125133900217694,0.9565548793680523,0.3443742773281154,0.3479733576905358,0.0035990803624204037,1.0104510719858186,TRUE,TRUE,TRUE
1270,1379,prediction,GROSSCON,15,1.034,0.8434779246397685,0.7890652951699463,11.30629738239579,1.0332161439326235,-0.07863204284511492,1.2068640924149479,0.22102303538913995,0.17242028407502755,-0.0486027513141124,0.7801009689847898,TRUE,TRUE,FALSE
1270,1380,prediction,GROSSCON,8,0.9679,0.9940561698808253,0.7346938775510207,11.51317849802968,1.0732458935478963,-0.08311879846447744,1.1539315477821754,0.435870479394449,0.39291583810603914,-0.04295464128840987,0.9014509049842366,TRUE,TRUE,FALSE
1270,1381,prediction,GROSSCON,9,0.9834,0.9984924234454736,0.7511111111111112,12.100837273878055,0.9980626891882765,-9.034205706700491e-4,0.9886548790663966,0.6007181510140089,0.5986981572300665,-0.002019993783942464,0.9966373684888117,TRUE,TRUE,TRUE
1270,1382,prediction,GROSSCON,15,1.0349,0.9503982238683703,0.9488404037822642,11.008613237829447,1.05538811529871,-0.05377271542049269,1.0824503664260647,0.4179139767967724,0.3865093165663396,-0.03140466023043281,0.9248537690193008,TRUE,TRUE,FALSE
1270,1383,prediction,GROSSCON,14,1.0227,0.7312869468292694,0.7706879024059641,13.609556854653752,1.0378686396205345,-0.11477789012622727,1.1409935107039835,0.20575084642483862,0.1678275590104484,-0.03792328741439022,0.815683443964622,TRUE,TRUE,FALSE
1270,1384,prediction,GROSSCON,28,0.9693,0.7292802559744521,0.7067410558789867,20.448193362952992,1.0682363305744487,-0.1642320135227338,1.2648852693531303,0.2585435191271956,0.18132144453373883,-0.07722207459345676,0.7013188539625863,TRUE,FALSE,FALSE
1270,1385,prediction,GROSSCON,5,1.0313,0.9857228230512545,0.8099999999999996,6.148629925136509,1.0155440590951548,-0.020289193161463437,1.0159432153276378,0.31894042699179936,0.31252118681625196,-0.006419240175547403,0.9798732313865233,TRUE,TRUE,TRUE
1270,1386,prediction,GROSSCON,31,1.0102,0.9686644823665813,0.8715377384878588,17.89923778046412,1.0611909279012337,-0.057189987890884864,1.0891848671707458,0.47800783986712,0.4599572983522683,-0.018050541514851692,0.9622379801974179,TRUE,FALSE,FALSE
1270,1387,prediction,GROSSCON,30,1.0169,0.9395023138062885,0.9610062706275526,17.1942277485115,1.047366067081666,-0.04141870474959156,1.0525281083774747,0.4429118278405575,0.43435000253398426,-0.008561825306573234,0.9806692330879558,TRUE,FALSE,TRUE
1270,1388,prediction,GROSSCON,18,0.9964,0.902710246039021,0.8569141849341986,13.261738218252795,1.0365036054950587,-0.04317163029130143,1.032709722762605,0.36287992027902344,0.3358292216573745,-0.02705069862164894,0.9254555099084864,TRUE,TRUE,TRUE
1270,1389,prediction,GROSSCON,20,1.0202,0.9524149510970948,0.9378393351800552,15.059599321660667,1.0582552732995734,-0.04866328671550895,1.104360336785032,0.41045759435228835,0.37676787919404886,-0.033689715158239486,0.9179215694342246,TRUE,FALSE,TRUE
1270,1390,prediction,GROSSCON,10,0.9635,0.9946224054344753,0.9759044995408628,14.167846783588509,1.0193483230755802,-0.03379995678519249,1.01283577088721,0.49361092857961014,0.4969849109031005,0.0033739823234903432,1.0068353071784677,TRUE,TRUE,TRUE
1270,1391,prediction,GROSSCON,18,0.9815,0.8529216591032968,0.8387800748833683,14.476532425404494,1.0405580539224228,-0.039962977448770115,1.0837873072251392,0.30813476921337507,0.2673335053685191,-0.040801263844855995,0.8675863033924542,TRUE,TRUE,TRUE
1270,1392,prediction,GROSSCON,17,1.0881,0.8493120750749416,0.87309635510646,18.94041285566996,1.082398320582065,-0.07007933364322574,1.16492903471267,0.44927831279448577,0.4125886736263614,-0.036689639168124344,0.9183365007317694,TRUE,FALSE,FALSE
1270,1393,prediction,GROSSCON,8,0.9748,0.9992502612610646,1,2.323174388222432,1.0062259290237752,-0.0076299134731665046,1.0167963397714084,0.4088484392483698,0.4058689928877677,-0.0029794463606021004,0.9927125896185893,TRUE,FALSE,TRUE
1270,1394,prediction,GROSSCON,20,1.0442,0.8184517768829164,0.9074395325663557,10.845043429657895,1.0439778649567175,-0.05938915819757032,1.0482976840777558,0.28440047522149625,0.23143824028650978,-0.052962234934986474,0.8137758564090355,TRUE,TRUE,FALSE
1270,1395,prediction,GROSSCON,10,1.0043,0.8372242535812632,0.882460973370064,14.94556700043188,1.067291577951342,-0.1796757296062146,1.294973462754751,0.2463988108643754,0.19710935401424354,-0.04928945685013186,0.7999606545290426,TRUE,TRUE,FALSE
1270,1396,prediction,GROSSCON,13,1.0117,0.9337520729382133,0.5681893863712046,6.9400709107140175,1.0085236834388382,-0.0308621324535773,1.068297484122944,0.1839942836727402,0.16303900068965924,-0.02095528298308097,0.8861090542337017,TRUE,TRUE,TRUE
1270,1397,prediction,GROSSCON,17,1.0414,0.9316084451760247,0.9031411644412368,19.540012750299727,1.102569955925863,-0.12311142557381079,1.1536093811878367,0.4064961170568174,0.36494110592687057,-0.041555011129946806,0.8977726738675378,TRUE,FALSE,FALSE
1270,1398,prediction,GROSSCON,7,1.033,0.9455579186112361,0.7971938775510201,8.950549727552284,1.0089670657006617,-0.010628574364143373,1.0386324717356252,0.2362278244631185,0.21688568176595474,-0.01934214269716375,0.9181208109539036,TRUE,TRUE,TRUE
1270,1399,prediction,GROSSCON,27,1.0807,0.49126390076309007,0.7846443447351553,15.318744674178184,1.1254566588956454,-0.0983918932015385,1.1557222608107622,0.3533824466714569,0.24296536245473252,-0.11041708421672439,0.6875422498860555,TRUE,FALSE,FALSE
1270,1400,prediction,GROSSCON,5,0.9847,0.99382312265103,0.9999999999999996,10.044875525400936,1.0034342018721156,-0.017206212702396573,1.195266390352687,0.43998179887759753,0.429802622280798,-0.01017917659679951,0.9768645507092184,TRUE,TRUE,TRUE
1270,1401,prediction,GROSSCON,10,1.0204,0.9703657817487338,0.9460458240946047,11.112175315330592,1.0310491866118696,-0.04322968266310851,1.0077693540228954,0.37472118959107803,0.36460669019219766,-0.010114499398880372,0.9730079331517975,TRUE,TRUE,TRUE
1270,1402,prediction,GROSSCON,22,0.9913,0.9538375154172722,0.9641887094321238,10.275329189570245,1.0268122651976657,-0.02216990800142783,1.0452036770981135,0.3982987688647471,0.3849795052168508,-0.013319263647896262,0.9665596163255549,TRUE,TRUE,TRUE
1270,1403,prediction,GROSSCON,20,1.0616,0.37776681097079406,0.7040850245915541,15.381768349318122,1.0766311531072401,-0.17451342826610775,1.3428884266486354,0.22927318282028697,0.12808863660651823,-0.10118454621376874,0.5586725627083869,TRUE,FALSE,FALSE
1270,1404,prediction,GROSSCON,11,0.9705,0.865285759542115,0.9240556247405564,9.008407274142566,1.017816656503558,-0.03846506469453347,1.1773281977990104,0.20111692351194677,0.16232109033383357,-0.03879583317811319,0.8070981173505837,TRUE,TRUE,TRUE
1270,1405,prediction,GROSSCON,13,1.0018,0.9876231436214786,0.7179487179487181,7.730290084024307,1.0162237529010614,-0.04703898511259319,1.0362462769891703,0.29288022828793897,0.28108367576717,-0.011796552520768944,0.9597222639789416,TRUE,TRUE,TRUE
1270,1406,prediction,GROSSCON,26,1.0145,0.923855445771246,0.883882922780667,12.390846453807749,1.0342359015039138,-0.06661830643390254,1.094612804398552,0.2973218585025118,0.2661219320027459,-0.031199926499765884,0.8950634620108083,TRUE,TRUE,FALSE
1270,1407,prediction,GROSSCON,25,1.0238,0.9791764167363778,0.7876178707787019,12.447470923448604,1.042987457183889,-0.06854455523806172,1.1559649446148197,0.3938607903623628,0.36615299439878923,-0.02770779596357359,0.9296507887010493,TRUE,TRUE,FALSE
1270,1408,prediction,GROSSCON,43,1.0025,0.8835370313699056,0.8620195264238276,15.316172237722705,1.0628267351426524,-0.05569395612206681,1.045681554724093,0.38213427663691996,0.33851488515582023,-0.04361939148109972,0.8858532349806868,TRUE,FALSE,FALSE
1270,1409,prediction,GROSSCON,29,0.9686,0.8326715573393116,0.8878054241805292,15.857236316812934,1.0446631737950953,-0.08112722160996189,1.1414581155608643,0.28104320818979145,0.2420277405595624,-0.03901546763022906,0.8611762658079198,TRUE,FALSE,FALSE
1270,1410,prediction,GROSSCON,21,1.007,0.9755513426430809,0.9512582222971833,8.827861744294596,1.0292167382809752,-0.03849539855087181,1.0737870405176753,0.37898761793648733,0.36009921799012545,-0.018888399946361878,0.9501609048622605,TRUE,TRUE,TRUE
1270,1411,prediction,GROSSCON,40,1.0311,0.7493449923387793,0.8276099637369875,15.437658866939902,1.053215752394005,-0.05246119008379944,1.1022686300508793,0.3299296026050074,0.2780656624287028,-0.051863940176304635,0.8428030108035007,TRUE,FALSE,FALSE
1270,1412,prediction,GROSSCON,6,0.8705,0.8614948869670246,0.18367346938775508,27.536405879136172,1.1428859682597396,-0.2451536903632586,1.4878069395532811,0.31260576491724706,0.15447074759158022,-0.15813501732566684,0.4941391520161878,FALSE,FALSE,FALSE
1270,1413,prediction,GROSSCON,26,0.998,0.9466711091067179,0.8511001204298058,13.598201530878931,1.0535001672035254,-0.05985161907315346,1.03790743310598,0.41192395511247865,0.3858915453753489,-0.026032409737129725,0.9368028748655285,TRUE,TRUE,FALSE
1270,1414,prediction,GROSSCON,3,,,,,,,,,,,,,,
1270,1417,prediction,GROSSCON,10,1.01,0.9744415852247128,0.6497337006427915,11.782821032516564,1.0280520098687038,-0.028531103957491553,1.064876489063999,0.39104777807293833,0.38038701183032125,-0.010660766242617081,0.972737944465117,TRUE,TRUE,TRUE
1270,1418,prediction,GROSSCON,7,0.9888,0.7934381558952124,0.6747448979591835,12.40063124553767,1.028627076367129,-0.06770941719794436,1.223781155142254,0.19265195333958068,0.1324359400413562,-0.060216013298224486,0.6874362691143656,TRUE,TRUE,TRUE
1270,1421,prediction,GROSSCON,24,1.0108,0.9412057475535903,0.8608612476370507,8.238835074219262,1.014548375826747,-0.03435917700243616,1.0156211520945901,0.25886174989794525,0.24074500526013023,-0.018116744637815013,0.9300138214898206,TRUE,TRUE,TRUE
1270,1424,prediction,GROSSCON,6,1.0074,0.9976720024200074,1,5.6011330113857625,1.0166409682169777,-0.02722411378254673,1.040432577217411,0.334263277536681,0.3208455325989223,-0.013417744937758713,0.9598587525478736,TRUE,TRUE,TRUE
1270,1425,prediction,GROSSCON,7,1.0082,0.9857924053801478,0.9120129870129868,7.038154201739203,1.020044834588067,-0.043209720438878586,1.0855351056605778,0.3101515847496556,0.2851230272111603,-0.02502855753849531,0.91930217748622,TRUE,TRUE,TRUE
1270,1427,prediction,GROSSCON,57,1.0317,0.8626499862144245,0.7525500766779589,16.00047590985529,1.0589644236575815,-0.09607745336452594,1.1311919445266887,0.32654122672294567,0.2760570867808597,-0.05048413994208595,0.8453973470709127,TRUE,FALSE,FALSE
1270,1428,prediction,GROSSCON,34,1.0262,0.7843085415351182,0.8915263088535472,12.455096987220957,1.0500401561447035,-0.05078840359129797,1.0757762899091152,0.33489407247808517,0.28963316536230765,-0.045260907115777516,0.8648500799644959,TRUE,TRUE,FALSE
1270,1429,prediction,GROSSCON,17,1.0298,0.6684911241917985,0.41919884518224476,13.39688444218346,1.0334870025225458,-0.26971445991898946,1.5674245213219007,0.15107144786289173,0.07769183018379376,-0.07337961767909797,0.5142720963017758,TRUE,TRUE,FALSE
1270,1431,prediction,GROSSCON,19,0.9883,0.7987145157346682,0.6428100954139736,13.426224849410506,1.0325229899588326,-0.25093379701145546,1.4672712009187039,0.16423139163371883,0.10421899410397485,-0.06001239752974398,0.6345863179215571,TRUE,TRUE,FALSE
1270,1432,prediction,GROSSCON,28,1.0276,0.9523346215304067,0.9080723406639264,9.365483949020717,1.0250594237547197,-0.03834103975228166,1.0606035339803774,0.31576824523109054,0.29252535833107196,-0.023242886900018578,0.9263925766727791,TRUE,TRUE,TRUE
1270,1433,prediction,GROSSCON,17,1.0259,0.8039207286673556,0.7792504763282928,9.554577713243335,1.0293337112849397,-0.12499071892364798,1.1176948606167465,0.199155176466195,0.15098697792447816,-0.048168198541716833,0.7581373510023075,TRUE,TRUE,TRUE
1270,1436,prediction,GROSSCON,2,,,,,,,,,,,,,,
1270,1437,prediction,GROSSCON,8,1.0111,0.9093620375203698,0.7760770975056691,4.8093323756024535,1.0085831558441045,-0.09465065508167692,1.1047495601693762,0.12197940822277742,0.09974515521532279,-0.02223425300745463,0.8177212586009022,TRUE,FALSE,TRUE
1270,1438,prediction,GROSSCON,17,1.0507,0.5166096262591191,0.3768408676384136,9.027854129488418,1.0117779221933776,-0.15307926799750873,1.127134998336048,0.09627230788234212,0.05749304168402519,-0.038779266198316925,0.5971918919227482,TRUE,TRUE,TRUE
1270,1439,prediction,GROSSCON,10,0.9949,0.9761650452084186,0.9521028466483009,5.219634257306266,1.006757585822522,-0.034494424881605555,1.0930464612169992,0.19052842802716885,0.1784808910920864,-0.012047536935082453,0.9367677723485731,TRUE,TRUE,TRUE
1270,1440,prediction,GROSSCON,12,1.0556,0.404138104509169,0.37869822485207105,16.572297394359225,1.1143605528186598,-0.29076863080930976,1.3824557663468662,0.2555193630112198,0.12622239982114256,-0.12929696319007725,0.4939836978835931,TRUE,FALSE,FALSE
1270,1441,prediction,GROSSCON,16,1.0206,0.639894757157559,0.5010850732045397,11.718820853644038,1.027875491319224,-0.35623606752929926,1.6638584891338841,0.13038199854575683,0.06955774779533108,-0.060824250750425746,0.5334919587915365,TRUE,TRUE,TRUE
1270,1443,prediction,GROSSCON,28,1.0216,0.8942162159945236,0.9007585049857588,10.127856582398094,1.0329408965260736,-0.05499546994486563,1.076211687253803,0.25632734170575716,0.21609950158705007,-0.04022784011870709,0.8430606744836243,TRUE,TRUE,FALSE
1270,1444,prediction,GROSSCON,43,1.0128,0.7845673105128796,0.8278080629447133,12.572953900431983,1.047733847596533,-0.08512406023539912,1.1502179908934427,0.29125633678791796,0.24348919847506084,-0.047767138312857116,0.8359962264181076,TRUE,TRUE,FALSE
1270,1445,prediction,GROSSCON,14,1.0121,0.8006048610474994,0.5530522341095028,12.650128799154302,1.033297490711329,-0.11137442879231763,1.1798642318254369,0.21017155277253075,0.1635151276359085,-0.04665642513662224,0.7780078963059353,TRUE,TRUE,FALSE
1270,1446,prediction,GROSSCON,64,1.0193,0.9445180585464358,0.8587708026393838,9.952997394299455,1.0286772174898964,-0.043293045056567434,1.0779973081449328,0.3499369740095255,0.32817287028282727,-0.021764103726698236,0.9378056468931294,TRUE,TRUE,TRUE
1270,1447,prediction,GROSSCON,49,1.0002,0.636355573356555,0.8008977782045442,12.198766003001007,1.0605011216615983,-0.07407581585490991,1.1158826105230855,0.2929942681442818,0.23236479528026166,-0.06062947286402015,0.7930694233439276,TRUE,TRUE,FALSE
1270,1448,prediction,GROSSCON,37,1.0329,0.7693140750278281,0.833535457814691,9.132889376426245,1.0367806009282603,-0.0684301379803694,1.0637240524267775,0.25515916798030114,0.21072163189513227,-0.04443753608516887,0.8258438588081635,TRUE,TRUE,FALSE
1270,1450,prediction,GROSSCON,22,1.0002,0.6407814872186544,0.90572321172077,17.008386861409985,1.1106224294800287,-0.06757582978779585,1.1318134592099025,0.37818332075262584,0.2923185929972592,-0.08586472775536663,0.7729547469611127,TRUE,FALSE,FALSE
1270,1451,prediction,GROSSCON,31,1.03,0.2777656209805104,0.5324776473534597,20.937403302725308,1.1863560579780827,-0.25036518664135987,1.2223142034207972,0.3167450725402613,0.14012536701790237,-0.17661970552235892,0.44239162394575565,TRUE,FALSE,FALSE
1270,1452,prediction,GROSSCON,17,0.9886,0.9607645829105509,0.585329395674223,8.907258616299632,1.022861770029526,-0.07572349572614706,1.1160715978016797,0.23537422231716115,0.19806172805803404,-0.03731249425912711,0.8414758681226807,TRUE,TRUE,TRUE
1270,1453,prediction,GROSSCON,37,1.0661,0.11596281998524449,0.26898896057009175,21.10845091493807,1.1411780505611135,-0.5000893283168567,1.591900854982359,0.24461499224393832,0.061710712190993694,-0.18290428005294462,0.25227690103905687,TRUE,FALSE,FALSE
1270,1456,prediction,GROSSCON,12,1.0855,0.24856599428620033,0.5598806787617978,22.418030304719,1.1456919500987226,-0.1855619425335015,1.935551811444342,0.2741836278237531,0.1024516361916632,-0.1717319916320899,0.37366066312872526,TRUE,FALSE,FALSE
1270,1458,prediction,GROSSCON,17,1.0482,0.48151371618348915,0.7838385661012874,11.160266489582792,1.0617797832435991,-0.10819990900119454,1.1130985883440547,0.22553714862887103,0.160334189454882,-0.06520295917398902,0.7108992484369717,TRUE,TRUE,FALSE
1270,1460,prediction,GROSSCON,21,1.0215,0.9367729833341872,0.7820584162261663,6.517307010909204,1.011826185845783,-0.04118490330579752,1.0431612689652576,0.17986062349468093,0.16037241998416227,-0.019488203510518665,0.8916483044934235,TRUE,TRUE,TRUE
1270,1466,prediction,GROSSCON,19,1.0109,0.9402362743319136,0.6546863207183895,13.284059005821103,1.0276637475278583,-0.06256834652532857,1.0286925591974183,0.2879792338720536,0.267019417312349,-0.02095981655970458,0.9272176112218674,TRUE,TRUE,TRUE
1270,1467,prediction,GROSSCON,6,1.1025,0.2764382831615046,0.18367346938775508,22.91478748144681,1.2375482219085547,-0.4676063952041732,2.3762578574057933,0.31194353963083604,0.08048638388242473,-0.2314571557484113,0.25801587036447327,FALSE,FALSE,FALSE
1270,1468,prediction,GROSSCON,3,,,,,,,,,,,,,,
1270,1469,prediction,GROSSCON,10,1.0418,0.2507451259848579,0.7979718173706132,11.395487140110685,1.0599633494271232,-0.33174056193614143,1.4544287228588255,0.15536261491317677,0.07987371764609766,-0.07548889726707911,0.5141115685439157,TRUE,TRUE,FALSE
1270,1471,prediction,GROSSCON,28,1.0385,0.4024656545492835,0.8574045430714964,8.66046141467891,1.069770406057672,-0.08376062808390684,1.0408338615750283,0.26464247988877965,0.19022897251774826,-0.07441350737103139,0.7188149559273141,TRUE,TRUE,FALSE
1270,1472,prediction,GROSSCON,4,,,,,,,,,,,,,,
1270,1473,prediction,GROSSCON,22,1.0956,0.6011178113587292,0.7728101033579444,14.68734185934067,1.1019552666337757,-0.07132551980534173,1.1733582589125224,0.34852135174832827,0.2627368503341845,-0.08578450141414379,0.7538615611817956,TRUE,TRUE,FALSE
1270,1483,prediction,GROSSCON,40,1.0124,0.9267890515821072,0.891428763908432,8.180578619657615,1.019691518924814,-0.025052816695479707,1.031126081421426,0.2856235728087125,0.2605235280709362,-0.025100044737776273,0.9121219425590399,TRUE,TRUE,TRUE
1270,1484,prediction,GROSSCON,5,1.1035,0.04303720915623822,0.31842105263157894,13.873407332086284,1.0830471312649474,-0.9044694179095967,5.9516572479231975,0.15136940547762184,0.004869019639107996,-0.14650038583851385,0.032166471313965904,FALSE,TRUE,FALSE
1270,1487,prediction,GROSSCON,9,1.0238,0.8543015353054609,0.823728813559322,4.37935876023553,1.0023748301438546,-0.027272937672903338,1.1667998279914973,0.08517358601675637,0.07378973537624114,-0.011383850640515225,0.8663452935012546,TRUE,FALSE,TRUE
1270,1489,prediction,GROSSCON,27,1.0052,0.22083920136480997,0.45703471429493,12.74483050976572,1.039921321597698,-0.41806870851719663,1.838406117493697,0.13604815000741116,0.056654951056677276,-0.07939319895073388,0.4164330867681113,TRUE,TRUE,FALSE
1271,1491,prediction,GROSSCON,5,0.9759,0.94293002552072,0.9999999999999996,7.444965327953579,1.0158002496707266,-0.06775430927251978,1.1178718700227104,0.21414394651624366,0.20668562842084234,-0.007458318095401317,0.9651714735964504,TRUE,TRUE,TRUE
1271,1492,prediction,GROSSCON,2,,,,,,,,,,,,,,
1271,1493,prediction,GROSSCON,7,0.9594,0.9838348259429899,0.9298469387755098,8.536749801364971,1.0293497888071639,-0.055424323649575946,1.0443266140119047,0.3285818586378334,0.3256462304340518,-0.002935628203781626,0.9910657629853591,TRUE,TRUE,TRUE
1271,1494,prediction,GROSSCON,15,0.995,0.9614200096841822,0.9298469387755098,7.929888574885441,1.0144062400458556,-0.03281936192482457,1.0394238453597846,0.293860098434403,0.28300647436061366,-0.01085362407378937,0.9630653357444098,TRUE,TRUE,TRUE
1271,1495,prediction,GROSSCON,14,0.9748,0.972687951790931,0.7234343678299722,10.902986934678136,1.0185446957318556,-0.037866143092061655,1.1078470794923971,0.2865764688537862,0.26178307355238495,-0.024793395301401233,0.9134841900991841,TRUE,TRUE,TRUE
1271,1496,prediction,GROSSCON,19,0.984,0.6076290959229819,0.9015827617066248,17.844957394326897,1.1101909040435265,-0.14643050286763615,1.284173576924352,0.30462426346036997,0.2032038947675302,-0.10142036869283977,0.6670640495252801,TRUE,FALSE,FALSE
1271,1497,prediction,GROSSCON,30,0.9916,0.9230460873226788,0.9038430051553268,11.531246136984743,1.051814639989283,-0.042857648502394576,1.0994516714554925,0.37691489503144404,0.32739797626447664,-0.0495169187669674,0.8686257311140849,TRUE,TRUE,TRUE
1271,1498,prediction,GROSSCON,41,0.9926,0.8246605702339967,0.8392399059148438,13.109394498210458,1.0370000871515546,-0.09615148267065217,1.1386432122304293,0.232502718922662,0.1902708797695931,-0.04223183915306891,0.8183598052153678,TRUE,TRUE,FALSE
1271,1499,prediction,GROSSCON,48,0.9835,0.9841378258427683,0.943394772037448,11.334737831721156,1.0245275129789704,-0.028925145477976318,1.0643962065764663,0.49013943076413025,0.47683317416198295,-0.013306256602147293,0.9728520992865178,TRUE,TRUE,TRUE
1271,1500,prediction,GROSSCON,23,1.0075,0.9414612138683336,0.9444421638654641,8.03935755277375,1.0280607833932485,-0.027686297694984777,1.0255821120856656,0.360645051405921,0.3359079751506789,-0.02473707625524213,0.9314088016491331,TRUE,TRUE,TRUE
1271,1501,prediction,GROSSCON,23,0.974,0.6405197278521104,0.5955812854442344,22.541689049009257,1.0896245755464236,-0.10550470093224198,1.1997128075948826,0.28888617745047246,0.21998108476886163,-0.06890509268161082,0.7614801327992783,TRUE,FALSE,FALSE
1271,1502,prediction,GROSSCON,9,0.9831,0.992937562026391,0.9669444444444444,4.033064390732383,1.0039911231808198,-0.007976481184972947,1.0065496038151027,0.338178330780057,0.3355110789741198,-0.0026672518059371875,0.9921128837563755,TRUE,FALSE,TRUE
1271,1503,prediction,GROSSCON,14,0.9847,0.8077791939700277,0.6463593316384949,12.179705640835117,1.0355565962724134,-0.1480297009063735,1.0556171078064729,0.1973432429625738,0.145655762853745,-0.05168748010882879,0.7380833550068328,TRUE,TRUE,FALSE
1271,1504,prediction,GROSSCON,17,1.0288,0.8140961987100448,0.8224000384467515,15.885261366345254,1.0847914706130382,-0.03871211999548934,1.087519405989692,0.449159347309701,0.3852991538795242,-0.06386019343017679,0.8578228554906497,TRUE,FALSE,TRUE
1271,1505,prediction,GROSSCON,14,1.0128,0.983846826132059,0.8239053254437869,11.851458473812041,1.0376089656276488,-0.056563134470254704,1.0688625759746815,0.39049803769830305,0.36484744918169476,-0.025650588516608286,0.934313143626023,TRUE,TRUE,FALSE
1271,1506,prediction,GROSSCON,12,0.9956,0.964120044993791,0.8912416255073602,11.288340495286885,1.0554336897019805,-0.06436595890296916,1.0921104592789392,0.374695752707801,0.340609046835979,-0.034086705871822,0.9090283099675169,TRUE,TRUE,FALSE
1271,1507,prediction,GROSSCON,32,1.0101,0.9893924044529,0.97106746480804,7.59841285728012,1.0190234448292168,-0.022006895625743143,1.0331905531226555,0.43313541358488883,0.4249933850948773,-0.008142028490011555,0.9812021177796957,TRUE,TRUE,TRUE
1271,1508,prediction,GROSSCON,33,1.0026,0.9064602018222182,0.7788069875064424,15.762737671793934,1.061322051901774,-0.0664890290878979,1.1241331785909081,0.44160497669105087,0.40303238286203724,-0.038572593829013624,0.9126536251515136,TRUE,FALSE,FALSE
1271,1509,prediction,GROSSCON,23,0.975,0.855985059338066,0.46659557975799354,16.602942584622188,1.0447107552393575,-0.1780646042708925,1.1450872520359738,0.21727950357171738,0.16528547821930334,-0.05199402535241404,0.7607044175924657,TRUE,FALSE,FALSE
1271,1510,prediction,GROSSCON,10,0.9917,0.9917103143908648,0.9053810835629014,12.76272576817186,1.0214523892816425,-0.03073692648495532,1.0204910955340145,0.441674255241559,0.4366569767189121,-0.005017278522646884,0.9886403192780552,TRUE,TRUE,TRUE
1271,1511,prediction,GROSSCON,20,1.026,0.7948416812394791,0.9605034132013379,9.760503612159157,1.0390191046426418,-0.022859635764360512,1.0420900219983618,0.3167699742767702,0.281845810768851,-0.034924163507919215,0.8897491355117987,TRUE,TRUE,TRUE
1271,1512,prediction,GROSSCON,26,1.0027,0.9916688476972993,0.9039621301775145,9.100751643219759,1.0295036082929898,-0.032799960217480016,1.0549471391573508,0.4916167201495345,0.4765466082866607,-0.015070111862873825,0.9693458109840325,TRUE,TRUE,TRUE
1271,1513,prediction,GROSSCON,19,1.0063,0.9921792620720759,0.7902969671765014,13.809036026819548,1.0435280447975714,-0.0625021828403754,1.0714458885101652,0.4108466628425628,0.3885871117175334,-0.02225955112502942,0.945820294678749,TRUE,TRUE,FALSE
1271,1514,prediction,GROSSCON,16,0.9979,0.9771523185399661,0.9010330936498311,7.488593853229984,1.0198664986666999,-0.05785139187874978,1.0450703899419178,0.28161111111111103,0.2676685905975018,-0.013942520513609225,0.9504901619165583,TRUE,TRUE,TRUE
1271,1515,prediction,GROSSCON,9,0.9948,0.9091117992156277,0.9025,7.372663151860672,1.0140824080858406,-0.02531087386660971,1.0595696012748976,0.24556971715084014,0.221332077303065,-0.024237639847775133,0.9013003715238745,TRUE,TRUE,TRUE
1271,1516,prediction,GROSSCON,11,1.0279,0.8389196468183829,0.3176859504132231,28.226764657312124,1.1790687492638523,-0.2251723575539719,1.2548276812304948,0.402719732451018,0.28218067724289125,-0.12053905520812674,0.7006874868670915,TRUE,FALSE,FALSE
1271,1517,prediction,GROSSCON,5,1.0535,0.9310494809789062,0.9999999999999996,10.16612449196442,1.0527870349500186,-0.07609796088012745,1.0796314808646006,0.26730716742180255,0.27340905670791926,0.006101889286116713,1.0228272565414909,TRUE,TRUE,FALSE
1271,1518,prediction,GROSSCON,19,0.989,0.9599445136256995,0.7668745592825701,10.920674113794641,1.024322426570029,-0.05389868306267459,1.047655616888244,0.2885770407114014,0.26229359622397463,-0.026283444487426755,0.9089205280412028,TRUE,TRUE,TRUE
1271,1519,prediction,GROSSCON,34,0.9726,0.9449873259805823,0.8800527116423861,15.514384829643232,1.055758898741016,-0.07334786216685354,1.0959804834928268,0.41116809726783415,0.3813202068393455,-0.029847890428488677,0.927407085747108,TRUE,FALSE,FALSE
1271,1520,prediction,GROSSCON,17,1.0136,0.8546376686503127,0.7482791949703713,7.434160686593265,1.021247047367449,-0.10982685059825809,1.195121279685114,0.17361534042955076,0.13481216583329778,-0.03880317459625299,0.7764991590014567,TRUE,TRUE,TRUE
1271,1521,prediction,GROSSCON,13,1.0046,0.9632710240459689,0.7825443786982248,15.115106181036438,1.0409652576602029,-0.02882138191817841,1.032361220500051,0.5068520755697447,0.485174734854283,-0.02167734071546168,0.95723142557699,TRUE,FALSE,TRUE
1271,1522,prediction,GROSSCON,38,0.9929,0.8139243709466588,0.901232126354964,16.571667000338806,1.0616003979039799,-0.05099295389119006,1.0935088369442276,0.39731444509988956,0.3520986262256868,-0.045215818874202784,0.886196388196168,TRUE,FALSE,FALSE
1271,1523,prediction,GROSSCON,15,0.9912,0.9045533076023256,0.895727040816326,14.931607392384983,1.0455123646561928,-0.09739803895668217,1.152913469737409,0.27679847460469065,0.22605389630113185,-0.0507445783035588,0.8166732010498627,TRUE,TRUE,FALSE
1271,1524,prediction,GROSSCON,3,,,,,,,,,,,,,,
1271,1525,prediction,GROSSCON,30,1.0267,0.47499395810293005,0.6974145667701607,24.732903881594737,1.1604074046858381,-0.15310988400165154,1.2878377590576064,0.3380898572218887,0.19675381568667685,-0.14133604153521187,0.5819571675513091,TRUE,FALSE,FALSE
1271,1527,prediction,GROSSCON,11,1.0157,0.9191543747670187,0.6680775646371977,12.99910563873172,1.0587586105910614,-0.07481057850022813,1.1246027469822137,0.3488889418153238,0.2910428011949755,-0.05784614062034832,0.8341989851573804,TRUE,TRUE,FALSE
1271,1529,prediction,GROSSCON,31,1.0336,0.9020623846549658,0.8902191239340241,10.136879672791897,1.0447933722299052,-0.04196016543137624,1.0805981628804224,0.34843124760656047,0.310676726535707,-0.037754521070853475,0.8916442732097183,TRUE,TRUE,TRUE
1271,1532,prediction,GROSSCON,18,1.0097,0.8963962549161618,0.8416973654922837,14.038125613115657,1.041403842722286,-0.05525942364727527,1.063240746637737,0.3278021326666549,0.2854955100760276,-0.04230662259062734,0.8709385376889864,TRUE,TRUE,FALSE
1271,1533,prediction,GROSSCON,28,0.9922,0.7278266242707327,0.8269893406294729,13.602466904303379,1.0574309378918985,-0.0807324894816432,1.1109417562212796,0.2801526097641638,0.21698888371691563,-0.06316372604724815,0.7745381486882446,TRUE,TRUE,FALSE
1271,1534,prediction,GROSSCON,12,1.0414,0.57717354202121,0.2395104895104896,9.165480445657936,1.0101939742538484,-0.19034316754692204,1.2462013525569997,0.08845778428501709,0.04529787909712043,-0.04315990518789666,0.5120847132137917,TRUE,TRUE,TRUE
1271,1535,prediction,GROSSCON,17,0.983,0.963920915933187,0.9264241893076248,9.303771807954792,1.0233112977039673,-0.03784041342505355,1.0601251290526488,0.28895664476704774,0.2607317262017683,-0.028224918565279422,0.9023212683410209,TRUE,TRUE,TRUE
1271,1540,prediction,GROSSCON,6,1.0094,0.08863858929350543,0.007346938775510205,17.625109697715978,1.0552884400427447,-1.1222877073093944,4.355726140249701,0.12331762408185787,0.009664855153730981,-0.11365276892812688,0.07837367307138093,TRUE,FALSE,FALSE
1271,1542,prediction,GROSSCON,46,0.9677,0.8486521478891633,0.9223154024774572,14.227868748472329,1.0341156209931108,-0.044723386036677526,1.089190427927402,0.30840570156582875,0.2803067011093955,-0.028099000456433265,0.9088894909731895,TRUE,TRUE,TRUE
1271,1543,prediction,GROSSCON,12,1.0635,0.20057551821775307,0.2750745757738766,23.000333140210515,1.1216714880406395,-0.7099549918694931,2.8685066593503823,0.21486875497140265,0.034154941945055306,-0.18071381302634734,0.15895722926118813,TRUE,FALSE,FALSE
1271,1544,prediction,GROSSCON,20,1.0456,0.7432149597793825,0.872047034880434,11.06466615022961,1.0352584066044248,-0.08260175000801386,1.1442955953254477,0.22485697878273356,0.17538119765874266,-0.0494757811239909,0.7799677759977531,TRUE,TRUE,FALSE
1271,1545,prediction,GROSSCON,6,1.0392,0.9677572997526479,0.6588235294117647,4.2994544041551706,1.0045558240506711,-0.02958986945552607,1.0454166181152011,0.15228758169934645,0.13937116859431775,-0.012916413105028696,0.9151840684519575,TRUE,FALSE,TRUE
1271,1546,prediction,GROSSCON,4,,,,,,,,,,,,,,
1271,1547,prediction,GROSSCON,11,1.0408,0.9583143150910061,0.8264462809917354,7.637165416603708,1.0234393696718522,-0.043223534189714516,1.094118953135031,0.27655705996131535,0.24674917248012773,-0.029807887481187623,0.8922179477704993,TRUE,TRUE,TRUE
1271,1548,prediction,GROSSCON,4,,,,,,,,,,,,,,
1271,1549,prediction,GROSSCON,11,1.0233,0.6735642306384405,0.4986508924865088,20.412496673908002,1.1214146824119084,-0.39831575642428285,2.6539207336011974,0.24710273030838728,0.09354774408213631,-0.15355498622625097,0.37857835065354223,TRUE,FALSE,FALSE
1271,1550,prediction,GROSSCON,26,1.0266,0.41324400834632546,0.6212102610871422,13.718875773887632,1.0781969174733361,-0.28096086968021644,1.4322959931921277,0.2031012575260469,0.09934895590460176,-0.10375230162144515,0.4891597280822383,TRUE,TRUE,FALSE
1271,1551,prediction,GROSSCON,15,1.0773,0.34782653513482814,0.6468821875798619,18.401804250003,1.1456427654509025,-0.1156149727441246,1.129482299612531,0.3287378954010684,0.19086300353714425,-0.13787489186392415,0.5805932513630248,TRUE,FALSE,FALSE
1271,1552,prediction,GROSSCON,11,1.022,0.41894205598710166,0.23871976647206,6.666849875700938,1.0036321071555394,-0.08613265433577738,1.1458114259022496,0.05082668170596252,0.027678879914026278,-0.023147801791936245,0.5445738140874785,TRUE,TRUE,TRUE
1271,1553,prediction,GROSSCON,1,,,,,,,,,,,,,,
1271,1554,prediction,GROSSCON,1,,,,,,,,,,,,,,
1271,1555,prediction,GROSSCON,29,1.0084,0.7303057820815788,0.1518798625652699,9.758458777527125,1.022518291947391,-0.22737498895480746,1.357210066733404,0.11882859035388892,0.062006233081497934,-0.05682235727239098,0.5218124097646392,TRUE,TRUE,TRUE
1271,1556,prediction,GROSSCON,22,1.0259,0.5077622490381304,0.6327887899390343,11.2001984559523,1.0336061805868408,-0.16391180493858853,1.2028283068686025,0.15536586330638194,0.0942273308528227,-0.06113853245355924,0.6064867072312154,TRUE,TRUE,FALSE
1271,1559,prediction,GROSSCON,16,1.0069,0.9619619302904331,0.8747750865051901,7.9814757973565476,1.0147462572426675,-0.04671397046430256,1.1142371184202469,0.2282189197639426,0.20614282359040415,-0.02207609617353845,0.9032678964725064,TRUE,TRUE,TRUE
1271,1560,prediction,GROSSCON,7,1.0328,0.4812175268297325,0.7090336134453781,6.76713222189993,1.00679121552299,-0.16865237220966323,1.8559217419707146,0.07062374245472824,0.03607169532657549,-0.034552047128152755,0.5107587628862692,TRUE,TRUE,TRUE
1271,1562,prediction,GROSSCON,11,1.0209,0.8733288085721999,0.7458677685950413,6.789044143216729,1.0093915707667374,-0.05089930931356119,1.0829123714162625,0.14952349278071494,0.1257805015458507,-0.023742991234864258,0.8412089579148291,TRUE,TRUE,TRUE
1271,1563,prediction,GROSSCON,9,1.0126,0.3731302956384704,0.269187675070028,18.04154995152848,1.0654264792666275,-0.4277210753983108,1.6822605252598348,0.18435708834656672,0.07064371934209587,-0.11371336900447085,0.3831896021773522,TRUE,FALSE,FALSE
1271,1564,prediction,GROSSCON,22,1.0141,0.5872913697949618,0.4618161015352286,17.377751719811055,1.119899718722112,-0.17733198437537695,1.221732423384221,0.28645242345476535,0.14821996889999023,-0.13823245455477512,0.5174331119715457,TRUE,FALSE,FALSE
1271,1565,prediction,GROSSCON,33,1.0146,0.7246191900091465,0.9336152675942267,8.498174360752447,1.039739146720254,-0.04263759191991462,1.0464454766905564,0.2805444270365473,0.24060626252446582,-0.03993816451208149,0.8576404994604344,TRUE,TRUE,TRUE
1271,1566,prediction,GROSSCON,44,1.0374,0.7055142294263677,0.8814399684542289,13.853305107412112,1.076969170212988,-0.06156980506426232,1.0496129509492276,0.35072328223013066,0.28361368751381877,-0.0671095947163119,0.8086537218470793,TRUE,TRUE,FALSE
1271,1567,prediction,GROSSCON,8,1.01,0.21503557770254714,0.5513482501434311,1.459576666673484,1.000118819992302,0.14662669496996145,1.324767198301243,0.008370638586211898,0.006717101636664058,-0.0016535369495478403,0.8024598801492226,TRUE,FALSE,TRUE
1271,1568,prediction,GROSSCON,2,,,,,,,,,,,,,,
1271,1569,prediction,GROSSCON,12,1.0173,0.8313136998725689,0.8012127732407455,14.807859905916446,1.0526933827034015,-0.09016810314508197,1.2407621214020705,0.3073594041224492,0.2596671963908115,-0.04769220773163774,0.844832443413257,TRUE,TRUE,FALSE
1271,1570,prediction,GROSSCON,7,1.0227,0.8929341793973509,0.6173469387755098,3.5975390593802405,0.9976356041908079,0.2888436825210446,0.7170848068337438,0.04229161544135732,0.05874857010110241,0.016456954659745088,1.3891304337278092,TRUE,FALSE,TRUE
1271,1576,prediction,GROSSCON,34,1.0254,0.6601180928633081,0.6965902365799476,13.366344045726782,1.056441922255427,-0.14061685431853976,1.2069762857558979,0.2465985965370211,0.1760988967965155,-0.0704996997405056,0.7141115126747216,TRUE,TRUE,FALSE
1271,1578,prediction,GROSSCON,8,1.0554,0.980891820666057,0.6944444444444446,8.867794610474828,1.044745081079984,-0.11328239741782253,1.1728186645837675,0.23460103167879698,0.18307441804092672,-0.051526613637870256,0.780364931606875,TRUE,TRUE,FALSE
1271,1579,prediction,GROSSCON,38,1.0374,0.8703154453763244,0.8638134078082234,11.723077890745639,1.0501861720257846,-0.04563461667670007,1.0437704514083637,0.37555780083656387,0.33621100829739853,-0.03934679253916534,0.8952310604345871,TRUE,TRUE,TRUE
1271,1580,prediction,GROSSCON,18,1.0195,0.8514736152920437,0.9161368114013768,7.586486261414106,1.035249709557258,-0.09258379316337363,1.098140619714843,0.22950979308457164,0.18746479560776605,-0.042044997476805596,0.8168052137918468,TRUE,TRUE,FALSE
1271,1581,prediction,GROSSCON,3,,,,,,,,,,,,,,
1271,1582,prediction,GROSSCON,15,0.9877,0.9992815259879877,0.9556788931788932,9.137450031646113,1.0249811684229955,-0.025375435865228963,1.0681180011398437,0.608610832736817,0.6004783474888121,-0.008132485248004917,0.9866376265249264,TRUE,TRUE,TRUE
1271,1583,prediction,GROSSCON,16,0.983,0.9294380497721179,0.9664385341765572,9.719832641893833,1.0269993490341554,-0.04661595628911988,1.0582765206095455,0.2736497797345061,0.2445578100089394,-0.029091969725566713,0.8936890438801317,TRUE,TRUE,TRUE
1271,1584,prediction,GROSSCON,13,1.0269,0.9578520908405092,0.9245562130177515,5.178922177069063,1.005035976438561,-0.015911970848259075,1.0044742999052947,0.13868784097832323,0.1328736263319913,-0.005814214646331944,0.9580769690744504,TRUE,TRUE,TRUE
1271,1585,prediction,GROSSCON,13,1.0306,0.7502853591502477,0.9140200458881779,15.606322638132436,1.1030474970214228,-0.0414075723276897,1.117027884830031,0.4283094927617773,0.35395669593131246,-0.07435279683046486,0.8264040417338605,TRUE,FALSE,TRUE
1271,1586,prediction,GROSSCON,34,0.99,0.6357979117549214,0.5931555398262041,20.837400716076964,1.1078457690797099,-0.11523118363115109,1.106765500682276,0.3155584016884088,0.21453720290013537,-0.10102119878827345,0.6798652856404546,TRUE,FALSE,FALSE
1271,1589,prediction,GROSSCON,28,1.029,0.9400731660782446,0.8038049940546966,10.561048155909516,1.0355150180333303,-0.036084993781309374,1.1032643449639175,0.3593214435643472,0.3278387024340376,-0.03148274113030958,0.9123827934731324,TRUE,TRUE,TRUE
1271,1590,prediction,GROSSCON,28,1.011,0.8526914484646656,0.8267630162341172,19.979526568678114,1.0733380593875328,-0.13071068828309684,1.171655653810406,0.3175585069640895,0.26143026444294215,-0.05612824252114734,0.8232507040742117,TRUE,FALSE,FALSE
1272,1602,prediction,GROSSCON,36,1.0069,0.9229447185994362,0.8727778020774932,15.494289885055743,1.0618522036765363,-0.07357702070004082,1.1091519669294838,0.40883951941299124,0.38126801404918864,-0.027571505363802595,0.9325615454117803,TRUE,FALSE,FALSE
1272,1603,prediction,GROSSCON,10,1.0356,0.8542266794223726,0.9698447893569844,9.56472811836886,1.0373551120411761,-0.029871806556379388,1.1479260768946722,0.3002694946590642,0.24572146282853352,-0.0545480318305307,0.8183364184481466,TRUE,TRUE,TRUE
1272,1604,prediction,GROSSCON,2,,,,,,,,,,,,,,
1272,1608,prediction,GROSSCON,5,1.0086,0.8481702166628652,0.6399999999999997,17.826528198040773,1.0796021590817297,-0.17362182408719928,1.3048723227298515,0.2650894010469781,0.17528262913586978,-0.08980677191110831,0.661220812463969,TRUE,FALSE,FALSE
1272,1614,prediction,GROSSCON,12,1.0082,0.20969211636025173,0.1251502883081831,17.09517444857058,1.0362372262137964,-0.9715887588668287,3.0563716300270825,0.11099886022173866,0.015697831193460132,-0.09530102902827853,0.14142335481734775,TRUE,FALSE,FALSE
1280,1114,prediction,GROSSCON,7,1.0419,0.9853269871926366,0.8622448979591831,5.22308907635087,1.0215176954488905,-0.07550444436189994,1.1086370047696175,0.24044752811876105,0.21093429834611652,-0.029513229772644534,0.8772570880493,TRUE,TRUE,TRUE
1280,1117,prediction,GROSSCON,15,0.9968,0.9241805223505188,0.8889795918367345,10.978111479179274,1.0514248298838638,-0.043265128156199505,1.1066408707420394,0.47130328120208537,0.4424953510988544,-0.02880793010323096,0.9388760247334694,TRUE,TRUE,TRUE
1280,1118,prediction,GROSSCON,17,1.0303,0.42903762262105477,0.6669613857813065,12.690181301670805,1.0678117338092847,-0.17605398270659645,1.2064148670001422,0.23332569236625325,0.13955458116250216,-0.09377111120375109,0.5981106484554739,TRUE,TRUE,FALSE
1280,1119,prediction,GROSSCON,20,1.009,0.8224556983355991,0.8092556447552287,19.182756945702454,1.095989444517829,-0.09540657410869247,1.0893480073506512,0.3470710669772165,0.28260106368582194,-0.06447000329139457,0.8142455265635072,TRUE,FALSE,FALSE
1280,1120,prediction,GROSSCON,23,0.9943,0.9309924587648339,0.9550619834710744,16.722046312359236,1.0776708653399791,-0.05912590059084793,1.0970346783288096,0.42180564906558815,0.38490967836219725,-0.0368959707033909,0.9125285050469919,TRUE,FALSE,FALSE
1280,1121,prediction,GROSSCON,20,1.0024,0.98244190185944,0.8769242519391027,19.578449775210384,1.100054528005359,-0.06458195599152522,1.0968750968242262,0.5069423520662102,0.4739476667176124,-0.032994685348597785,0.9349143246483212,TRUE,FALSE,FALSE
1280,1122,prediction,GROSSCON,18,1.016,0.9308182871376972,0.7273793379900896,11.208178964794309,1.0628609712127566,-0.0519484230523638,1.1008760745323996,0.3368256824582054,0.2696971918297696,-0.06712849062843579,0.8007025766606578,TRUE,TRUE,FALSE
1280,1123,prediction,GROSSCON,6,0.9324,0.7960221201575695,0.5951020408163266,18.74699588576318,1.064338200210157,-0.40794187526253534,1.7962504623507667,0.20077997771492248,0.11101595221087586,-0.08976402550404662,0.5529234213209342,TRUE,FALSE,FALSE
1280,1124,prediction,GROSSCON,40,0.9674,0.8675408873218596,0.858552297746188,18.91912875333503,1.0894349433379227,-0.060439491694760435,1.0743346518071395,0.4596436785110498,0.4150508587096816,-0.0445928198013682,0.9029839375887421,TRUE,FALSE,FALSE
1280,1125,prediction,GROSSCON,32,1.0362,0.8421524824552973,0.8510559081144679,18.383397168802883,1.0695146073367174,-0.06126547773754327,1.1003709557169468,0.4120649183429188,0.3727703474613342,-0.03929457088158461,0.9046398537405123,TRUE,FALSE,FALSE
1280,1126,prediction,GROSSCON,26,1.0056,0.6555810755836158,0.8697923629569198,14.812314466788495,1.0615906774361579,-0.057067430457669564,1.1013714002242412,0.2960184668215575,0.23494176123901275,-0.06107670558254477,0.7936726507695807,TRUE,TRUE,FALSE
1280,1127,prediction,GROSSCON,5,1.0424,0.9429295813846751,0.8099999999999996,6.106396138530041,1.0173653746807498,-0.020439689191607196,1.0523265776095523,0.24356151268549553,0.22298205056224135,-0.020579462123254177,0.9155060998909631,TRUE,TRUE,TRUE
1280,1128,prediction,GROSSCON,4,,,,,,,,,,,,,,
1280,1129,prediction,GROSSCON,13,1.0041,0.779477778010839,0.7653255835074019,18.518096199158453,1.078135148785447,-0.08044705641749479,1.1556974470609926,0.38524171816232694,0.34708736697941944,-0.0381543511829075,0.9009599703663698,TRUE,FALSE,FALSE
1280,1138,prediction,GROSSCON,53,1.0705,0.5251771740356829,0.6223623091307736,16.610650826787225,1.0781738932218277,-0.21383178206069986,1.340039615997651,0.23824915642517613,0.1429236065762491,-0.09532554984892702,0.5998913436704457,TRUE,FALSE,FALSE
1280,1140,prediction,GROSSCON,30,1.1145,0.30674283040944567,0.3239924904075234,19.46036738339624,1.149244370908423,-0.22996001062367732,1.6230556031611056,0.2992652911283905,0.1360774613411749,-0.1631878297872156,0.45470512409939007,FALSE,FALSE,FALSE
1280,1141,prediction,GROSSCON,5,1.011,0.9938045666559192,0.9999999999999996,3.147839168610879,1.0082982964368277,-0.02964941706954577,1.0452571808605757,0.24187561055030926,0.23208138733983663,-0.00979422321047263,0.9595071897154531,TRUE,FALSE,TRUE
1280,1142,prediction,GROSSCON,17,1.0301,0.904175752737396,0.8047145328719726,11.953533209243814,1.0406013072046731,-0.10019129779252814,1.1284136602928874,0.2454106771622051,0.18946810076518053,-0.055942576397024574,0.7720450591477358,TRUE,TRUE,FALSE
1280,1143,prediction,GROSSCON,15,1.0156,0.9515508390722811,0.9488404037822642,8.865638793158507,1.0471455858693193,-0.0193770748648292,1.0096203946009947,0.5247583225426318,0.5013140372712854,-0.023444285271346343,0.9553236523095987,TRUE,TRUE,TRUE
1280,1144,prediction,GROSSCON,14,1.0031,0.9881872833042394,0.95863387713608,3.9669484684042513,1.0117659904056042,-0.06644982773502332,1.1152015823663537,0.1803207468745394,0.16033739907695704,-0.019983347797582346,0.8891788762860103,TRUE,FALSE,TRUE
1280,1145,prediction,GROSSCON,24,0.9983,0.9093622693606002,0.8435697940503432,7.755387735524992,1.0174423261130148,-0.12190858244105378,1.2292640979633978,0.1644965596980105,0.13121480653490622,-0.03328175316310428,0.7976750807177714,TRUE,TRUE,TRUE
1280,1146,prediction,GROSSCON,9,1.0044,0.7233444631855774,0.5877777777777778,12.40871534364499,1.0605915690826124,-0.24811847270474657,1.613483616892458,0.2080336322133544,0.13252571281874717,-0.07550791939460724,0.6370398449940629,TRUE,TRUE,FALSE
1280,1147,prediction,GROSSCON,6,1.0352,0.9943258135687063,0.5951020408163266,10.072645332883665,1.0673693966792677,-0.08231762070594503,1.1393138688737283,0.37327823691460055,0.32451273596097874,-0.04876550095362181,0.8693588424637291,TRUE,TRUE,FALSE
1280,1148,prediction,GROSSCON,7,0.9886,0.8981725426713757,0.9298469387755098,6.5570464474769485,1.016156799562866,-0.06715823219421924,1.1419658023865589,0.183242614942676,0.15649264862500623,-0.026749966317669766,0.8540188573163617,TRUE,TRUE,TRUE
1280,1149,prediction,GROSSCON,5,0.963,0.997128295442548,0.8099999999999996,7.755632266187158,1.0348937380915044,-0.049425324856710195,1.0717591741240384,0.3850412998093855,0.3600055002201074,-0.025035799589278096,0.9349789240747108,TRUE,TRUE,TRUE
1280,1150,prediction,GROSSCON,12,1.0368,0.6846803780128806,0.6244315125434008,21.49173900124947,1.112603004097037,-0.3355319556859983,1.3800594304033558,0.25925658394598017,0.17622044751881769,-0.08303613642716248,0.6797144544477055,TRUE,FALSE,FALSE
1280,1162,prediction,GROSSCON,47,1.006,0.8121833154955865,0.8288805528863674,13.445874799050056,1.0542321728598352,-0.08002416415427986,1.0589379406472152,0.30833791601047855,0.25491425898388254,-0.053423657026596016,0.8267366604865408,TRUE,TRUE,FALSE
1280,1163,prediction,GROSSCON,15,1.0118,0.7215331197246819,0.6865306122448979,12.622439768859852,1.053291428688051,-0.2017175454353232,1.3193159898276374,0.2079652486591705,0.12537888337560166,-0.08258636528356883,0.6028838192148259,TRUE,TRUE,FALSE
1280,1164,prediction,GROSSCON,7,0.9765,0.9983798106294293,0.7971938775510201,10.181891183388862,1.0474246108152065,-0.03040735065203261,1.1013127358831467,0.5008084190230913,0.47070720094507684,-0.030101218078014413,0.9398947443081492,TRUE,TRUE,TRUE
1280,1165,prediction,GROSSCON,4,,,,,,,,,,,,,,
1280,1166,prediction,GROSSCON,16,1.0159,0.9630449610328884,0.9420415224913494,11.494098560333107,1.044660881447648,-0.05777169403190128,1.1493015742380541,0.3849852340820856,0.3499895992220914,-0.03499563485999424,0.9090987607786211,TRUE,TRUE,FALSE
1280,1167,prediction,GROSSCON,10,0.999,0.9831375648271947,0.9053810835629014,9.869665083004021,1.0369577852988612,-0.03243610730524381,1.0550872146702701,0.4061206834402711,0.3790363757504691,-0.027084307689801967,0.9333097062174492,TRUE,TRUE,TRUE
1280,1168,prediction,GROSSCON,15,1.0633,0.3574735179908503,0.3144005102040815,13.096719222888137,1.0343822070436945,-0.4150092569431724,1.8863656854797863,0.13065722156631238,0.04308503784612038,-0.08757218372019199,0.329756268575277,TRUE,TRUE,FALSE
1280,1169,prediction,GROSSCON,8,1.1031,0.7810793466420946,0.7760770975056691,20.925885760101455,1.142968498075357,-0.09937938375396363,1.1734478960146475,0.41583885209713034,0.3096182327532475,-0.10622061934388283,0.7445630228916846,FALSE,FALSE,FALSE
1280,1170,prediction,GROSSCON,4,,,,,,,,,,,,,,
1280,1179,prediction,GROSSCON,25,0.9985,0.8650717106701201,0.5884174773225338,7.673195389351485,1.0129282944494777,-0.14343857058077542,1.2409154224368024,0.1291706521000023,0.09487241773921923,-0.03429823436078308,0.7344734751804937,TRUE,TRUE,TRUE
1280,1182,prediction,GROSSCON,13,1.0233,0.8927644907161485,0.9458096848206738,8.153656405790297,1.022064246640102,-0.07300639632219261,1.183570225058036,0.22684067417908857,0.19405796043481927,-0.032782713744269304,0.8554813246658416,TRUE,TRUE,TRUE
1280,1183,prediction,GROSSCON,32,1.0338,0.6062778176451724,0.8111389163664308,14.871678913258195,1.0888692423835995,-0.11762332379967447,1.2062522496129182,0.3014982594787845,0.20643039842697908,-0.09506786105180542,0.6846818909795562,TRUE,TRUE,FALSE
1280,1184,prediction,GROSSCON,39,1.0277,0.8958516635159731,0.8839198059992489,12.932319682535532,1.0426841017777246,-0.05943575977397869,1.1032406854049173,0.3370712483648205,0.3019304560795409,-0.03514079228527961,0.8957466931524047,TRUE,TRUE,FALSE
1280,1185,prediction,GROSSCON,39,1.0382,0.8092614097897712,0.8294268468586602,14.607796540915857,1.0844113288563588,-0.05393865159125192,1.0906750409709542,0.4125295618150818,0.3497229712546712,-0.0628065905604106,0.8477525094587914,TRUE,TRUE,FALSE
1280,1186,prediction,GROSSCON,41,0.977,0.9366522953530593,0.8865659040161596,9.878424572894714,1.0264331712886277,-0.07391315489480836,1.0451103701337066,0.24364525111575344,0.22141978250753377,-0.022225468608219667,0.9087793892700967,TRUE,TRUE,TRUE
1281,1195,prediction,GROSSCON,27,1.0133,0.8575988953992064,0.878190965187302,17.1199422486727,1.0336143662055484,-0.017223706398819583,1.0196342408975185,0.40973425237618377,0.39060437658439817,-0.0191298757917856,0.9533115045158047,TRUE,FALSE,TRUE
1281,1196,prediction,GROSSCON,26,1.0173,0.8474703450069097,0.68068851549085,24.257612210013306,1.143136699639949,-0.1188800880871707,1.1587241486926574,0.45811803259502015,0.3800106351590982,-0.07810739743592193,0.8295037700361176,TRUE,FALSE,FALSE
1281,1197,prediction,GROSSCON,24,0.9867,0.8616758768257966,0.9370678438538571,13.95191432487609,1.063650504379732,-0.03211617182577701,1.0593892409500036,0.41200402796425745,0.36403494392208025,-0.0479690840421772,0.8835713226416838,TRUE,TRUE,TRUE
1281,1198,prediction,GROSSCON,9,1.0178,0.973964059779066,0.9025,8.487944596509726,1.023213620045598,-0.0819547457004246,1.0993842951472133,0.26689981829652315,0.2539794491013695,-0.012920369195153658,0.9515909404599172,TRUE,TRUE,TRUE
1281,1199,prediction,GROSSCON,11,0.9865,0.9781072764594492,0.9285950413223141,9.525820029330141,1.0220098321175952,-0.011916651692157375,0.9898634335399297,0.4368557479990187,0.4318964712592093,-0.004959276739809393,0.9886477933218804,TRUE,TRUE,TRUE
1281,1200,prediction,GROSSCON,5,1.0289,0.9997286304127915,0.9999999999999996,2.8269881755800217,1.0178380241553557,-0.02226524670519957,1.06622692159189,0.4,0.38590812511695416,-0.014091874883045863,0.9647703127923853,TRUE,FALSE,TRUE
1281,1201,prediction,GROSSCON,3,,,,,,,,,,,,,,
1281,1202,prediction,GROSSCON,4,,,,,,,,,,,,,,
1281,1203,prediction,GROSSCON,4,,,,,,,,,,,,,,
1281,1204,prediction,GROSSCON,21,1.0761,0.8837696623257563,0.9449002140998538,14.998252823780561,1.0509242604000952,-0.01878937277462357,1.0550506321258675,0.4926087176858315,0.46861377255932624,-0.02399494512650524,0.9512900517895252,TRUE,TRUE,TRUE
1281,1205,prediction,GROSSCON,10,1.0264,0.6211216279897321,0.5557024793388429,14.690031428997779,1.0664839396132553,-0.20092053343055385,1.3456975282344044,0.23124800510692634,0.1364773845636428,-0.09477062054328353,0.5901775649936408,TRUE,TRUE,FALSE
1281,1206,prediction,GROSSCON,19,0.9613,0.8591994108194305,0.502357648507233,23.112079159873648,1.0878633148099175,-0.18317448616474186,1.3404581658217387,0.3068612019598418,0.21690615545092765,-0.08995504650891414,0.7068542848219491,TRUE,FALSE,FALSE
1281,1207,prediction,GROSSCON,18,1.0799,0.9305903654551265,0.7584114797609024,16.436933736173064,1.0626085631904698,-0.08881457871399126,1.1831506784880867,0.37181814738982744,0.34095154687297163,-0.030866600516855802,0.9169846852996818,TRUE,FALSE,FALSE
1281,1208,prediction,GROSSCON,2,,,,,,,,,,,,,,
1281,1209,prediction,GROSSCON,20,0.9987,0.9558901073836608,0.964235400531404,7.046344001887009,1.016273884764631,-0.07549897981890416,1.1217317264566888,0.2110556038227628,0.1899120591569808,-0.021143544665782,0.8998200271264173,TRUE,TRUE,TRUE
1281,1210,prediction,GROSSCON,38,1.0293,0.6990477778191837,0.685473871686968,20.4533684316103,1.1118764476786582,-0.21691102069556795,1.3128936536148539,0.28863501098360855,0.17838145278528472,-0.11025355819832383,0.6180173783402004,TRUE,FALSE,FALSE
1281,1211,prediction,GROSSCON,20,1.003,0.9938370381942776,0.8825252329665089,6.046868480238464,1.0260329035992397,-0.06122591342213671,1.1403460080012817,0.3021690767519466,0.2705313999581172,-0.031637676793829395,0.8952980988858729,TRUE,TRUE,TRUE
1281,1212,prediction,GROSSCON,5,0.9526,0.8533576350295664,0.48999999999999977,18.01375220839501,1.0772044718925713,-0.2729760222879098,1.450445085805555,0.23402298850574715,0.13694296155274213,-0.09708002695300502,0.5851688435701652,TRUE,FALSE,FALSE
1281,1213,prediction,GROSSCON,3,,,,,,,,,,,,,,
1281,1215,prediction,GROSSCON,19,1.0802,0.29302662034555643,0.5271860450775445,18.164590868856013,1.1386834004140165,-0.30996021549315966,1.259722147480993,0.27757391371641305,0.12412678593107024,-0.1534471277853428,0.4471846228961053,TRUE,FALSE,FALSE
1281,1216,prediction,GROSSCON,11,0.9658,0.9916419647574336,0.6400000000000001,7.373603592982191,1.0228910732278114,-0.044250754442290104,1.0630827916880123,0.29568603243191904,0.27345659035890874,-0.022229442073010308,0.9248207908565023,TRUE,TRUE,TRUE
1281,1217,prediction,GROSSCON,27,1.039,0.6753908511716488,0.7158969025951311,15.030830119210423,1.0767556933333944,-0.19764641733199614,1.3304652510067996,0.2637658714877065,0.17382979398012066,-0.08993607750758587,0.6590306509317391,TRUE,FALSE,FALSE
1281,1218,prediction,GROSSCON,2,,,,,,,,,,,,,,
1281,1219,prediction,GROSSCON,2,,,,,,,,,,,,,,
1281,1223,prediction,GROSSCON,1,,,,,,,,,,,,,,
1281,1224,prediction,GROSSCON,24,1.0196,0.7640924316689841,0.8371912173534807,8.785383485644099,1.0293301157584491,-0.13945794179244833,1.263379801632672,0.19121534678650573,0.1418884095046072,-0.04932693728189852,0.7420346321000445,TRUE,TRUE,TRUE
1281,1225,prediction,GROSSCON,4,,,,,,,,,,,,,,
1281,1226,prediction,GROSSCON,3,,,,,,,,,,,,,,
1281,1227,prediction,GROSSCON,3,,,,,,,,,,,,,,
1281,1228,prediction,GROSSCON,1,,,,,,,,,,,,,,
1281,1229,prediction,GROSSCON,12,1.0257,0.945124156124416,0.9584820773631963,10.925950129342663,1.0371835728630194,-0.06797500719242326,1.1001379070965376,0.3126137485819684,0.28175422598490335,-0.030859522597065037,0.9012854593342571,TRUE,TRUE,FALSE
1281,1230,prediction,GROSSCON,7,1.0326,0.905047173990112,0.9298469387755098,5.901641193283073,1.022172895175558,-0.14790209258601558,1.2083473404854546,0.16040313277882337,0.12298683462222725,-0.037416298156596126,0.7667358641418264,TRUE,TRUE,TRUE
1281,1231,prediction,GROSSCON,5,1.0001,0.5968128375757938,0.6399999999999997,23.94772168538979,1.107557607905041,-0.8186129225540663,3.6667802519144157,0.19687504663086308,0.0458277636446283,-0.15104728298623477,0.23277588718774744,TRUE,FALSE,FALSE
1281,1232,prediction,GROSSCON,11,0.992,0.96064055240627,0.9240556247405564,5.263762058500477,1.015521574397857,-0.041099117898958114,1.0899504310641643,0.19466663666371725,0.16773212119103384,-0.026934515472683412,0.8616377416577435,TRUE,TRUE,TRUE
1281,1233,prediction,GROSSCON,18,1.0341,0.9409646117246018,0.8003602899822096,8.492910808548125,1.0598143548166872,-0.09245173313221668,1.1468375886396094,0.3165418835751963,0.25393746914323184,-0.06260441443196446,0.8022239151265668,TRUE,TRUE,FALSE
1281,1234,prediction,GROSSCON,1,,,,,,,,,,,,,,
1281,1235,prediction,GROSSCON,5,0.9525,0.8628145164717379,0.6736842105263158,12.343214617815592,1.0187339096232757,-0.05118657796428397,0.9961910713950094,0.1891791673689534,0.17214136397973992,-0.017037803389213485,0.909938268435314,TRUE,TRUE,TRUE
1281,1236,prediction,GROSSCON,9,1.0902,0.8737542313143086,0.8711111111111112,11.239286048265171,1.0670322317870577,-0.046915854676191186,1.0952245763045494,0.38006015528666637,0.32514172958009346,-0.054918425706572904,0.855500701816138,TRUE,TRUE,TRUE
1281,1237,prediction,GROSSCON,29,1.0639,0.8604490849324213,0.8799313573073034,12.35263383118921,1.0402746193043242,-0.0650847459060221,1.132998858665806,0.33105528355755404,0.3024207414225931,-0.028634542134960916,0.9135052555958292,TRUE,TRUE,FALSE
1281,1238,prediction,GROSSCON,5,1.0149,0.9958154946599082,0.9999999999999996,12.847101291300206,1.0381274483047511,-0.036900430803790046,1.023469261911881,0.46933548452152857,0.4679150690832138,-0.0014204154383147816,0.9969735605229959,TRUE,TRUE,TRUE
1281,1239,prediction,GROSSCON,6,1.1044,0.8862275575273151,1,10.953854279713441,1.1249034652205474,-0.22290792794649694,1.465772474204958,0.31398604828850224,0.19660679496741107,-0.11737925332109117,0.6261641115555597,FALSE,TRUE,FALSE
1281,1240,prediction,GROSSCON,10,1.0002,0.946389079085513,0.7877309682187731,7.624560636799381,1.0339435473789116,-0.037996612767749134,1.0097063415628058,0.29871122536418165,0.26334654168996663,-0.035364683674215025,0.8816091238918148,TRUE,TRUE,TRUE
1281,1241,prediction,GROSSCON,9,1.0123,0.9720802390355326,0.7062146892655368,4.094165886935866,1.0141279089507944,-0.02633876968967549,1.048610773046496,0.26011162252907305,0.2405298171304461,-0.019581805398626945,0.9247176838611344,TRUE,FALSE,TRUE
1281,1242,prediction,GROSSCON,11,1.028,0.4738497626384766,0.4244292237442923,13.686981735430019,1.0516372101213773,-0.31148434638851197,1.4197039725252856,0.1780629149144115,0.07579492673456462,-0.10226798817984689,0.4256637423407144,TRUE,TRUE,FALSE
1281,1243,prediction,GROSSCON,6,0.9715,0.6711754037646182,0.40672268907563036,13.772959458448486,1.0342268906977088,-0.7188925783375539,2.4602278423512685,0.10765718299964873,0.035459310762371,-0.07219787223727772,0.3293724559232309,TRUE,TRUE,FALSE
1281,1244,prediction,GROSSCON,19,1.0357,0.8416600918952103,0.9108525700215453,14.706061578650973,1.052992215207095,-0.09231140404535419,1.1550553697508397,0.29226573660093125,0.249587168795656,-0.042678567805275236,0.8539734137103115,TRUE,TRUE,FALSE
1281,1245,prediction,GROSSCON,38,1.0008,0.8074694021732972,0.9002920524523073,14.527114876577091,1.070911827017301,-0.03277340254588571,1.115475771087625,0.39799480541315563,0.34154301315082086,-0.056451792262334766,0.8581594747103984,TRUE,TRUE,TRUE
1281,1246,prediction,GROSSCON,9,1.0042,0.98590638584043,0.9025,4.168257868074203,1.0038499228691562,-0.02939803501372015,1.0690508608296603,0.20175310863695334,0.197668502463884,-0.004084606173069327,0.9797544325306065,TRUE,FALSE,TRUE
1281,1247,prediction,GROSSCON,27,0.9941,0.7658203487608488,0.8844613609427293,14.2811466211473,1.0545153976346995,-0.03822294798403361,1.0610761506182567,0.39875968209490875,0.3612653697802778,-0.03749431231463096,0.9059726597291575,TRUE,TRUE,TRUE
1281,1248,prediction,GROSSCON,9,0.9944,0.9803434220417133,0.9344444444444444,7.776726977951923,1.031012398922517,-0.1494934159083694,1.1904367584314761,0.22078182741236616,0.19428561101657593,-0.026496216395790223,0.8799891426466826,TRUE,TRUE,FALSE
1281,1249,prediction,GROSSCON,11,1.0343,0.9244486435764588,0.7147933884297523,9.344014671812277,1.0285097005957546,-0.09438621671748831,1.176834573721298,0.22310021005903266,0.17869898238751247,-0.04440122767152019,0.8009807894857134,TRUE,TRUE,TRUE
1281,1250,prediction,GROSSCON,36,1.0139,0.9022501559759432,0.9608718965613517,8.897971204149085,1.026737239849863,-0.031358621529292634,1.063421324366969,0.36733855406750693,0.3458946340153434,-0.0214439200521635,0.9416235518577701,TRUE,TRUE,TRUE
1281,1251,prediction,GROSSCON,22,0.9722,0.9510714114825378,0.9273783205249676,9.92308173824762,1.0291313485858036,-0.06382131223254447,1.07178843523084,0.29243063176701867,0.2750128439642541,-0.017417787802764595,0.940437881977284,TRUE,TRUE,TRUE
1281,1252,prediction,GROSSCON,30,0.9903,0.9542478402978074,0.8830311989457337,8.269156359067138,1.0233453832590849,-0.08262089380996884,1.1277899356918815,0.22801949456364098,0.19800297352159077,-0.030016521042050215,0.8683598474793018,TRUE,TRUE,TRUE
1281,1253,prediction,GROSSCON,2,,,,,,,,,,,,,,
1282,1851,prediction,GROSSCON,14,0.9819,0.5594634540170085,0.7476835939391006,16.137045828094653,1.0711570664620687,-0.19864347722696415,1.1213726230451546,0.23334826823017604,0.1501788177170368,-0.08316945051313923,0.6435823109212003,TRUE,FALSE,FALSE
1282,1863,prediction,GROSSCON,5,1.0571,0.6583807134725627,0.8099999999999996,15.141188875694017,1.0769227022398697,-0.12247894503394399,1.4453273289443593,0.2545972103615144,0.15285374445133434,-0.10174346591018005,0.6003747811466207,TRUE,FALSE,FALSE
1282,1867,prediction,GROSSCON,2,,,,,,,,,,,,,,
1282,1869,prediction,GROSSCON,4,,,,,,,,,,,,,,
1282,1870,prediction,GROSSCON,9,1.0103,0.8712314833558649,0.8168067226890757,15.76703537524434,1.0559084762448587,-0.0866853445955966,1.0772976328341084,0.3408473221422861,0.3057996352268311,-0.035047686915454956,0.8971748209867867,TRUE,FALSE,FALSE
1282,1871,prediction,GROSSCON,7,0.9534,0.3552771680829346,0.04591836734693874,16.94575259871739,1.032839414450074,-0.5633381907783623,2.2362638629910276,0.1041219795956658,0.019996127278609523,-0.08412585231705627,0.19204520847817116,TRUE,FALSE,FALSE
1282,1873,prediction,GROSSCON,1,,,,,,,,,,,,,,
1282,1874,prediction,GROSSCON,21,1.0636,0.5296933215700562,0.6193894417271041,11.936604115337,1.0431919295035357,-0.2256824682076206,1.4181083233638343,0.17718949239323628,0.10027233077794964,-0.07691716161528664,0.5659044981934677,TRUE,TRUE,FALSE
1282,1875,prediction,GROSSCON,5,1.001,0.6971214609357488,0.6399999999999997,14.001808640056817,1.0413823493320422,-0.5742416783643532,2.0253345564438874,0.12567741935483862,0.06013239259059962,-0.065545026764239,0.4784661628102129,TRUE,TRUE,FALSE
1282,1876,prediction,GROSSCON,8,0.9313,0.7520539345202845,0.6944444444444446,16.76159355935206,1.047735250153038,-0.21111471459408407,1.4015603633796632,0.1962074303405572,0.12895342857567105,-0.06725400176488616,0.657230097513874,TRUE,FALSE,FALSE
1282,1877,prediction,GROSSCON,5,1.0103,0.8312370785115895,0.9999999999999996,6.125795127672145,1.0134995259131736,-0.14737945943287295,1.5232218805001927,0.12836516068933398,0.09903854066085387,-0.02932662002848012,0.7715375428115138,TRUE,TRUE,TRUE
1282,1879,prediction,GROSSCON,26,1.0067,0.9033436188668481,0.9009732116188246,12.836318828971285,1.0577201877946794,-0.0543641730345927,1.0540989167233972,0.39272380287053277,0.3534709660224048,-0.03925283684812797,0.9000497638258299,TRUE,TRUE,FALSE
1282,1880,prediction,GROSSCON,10,0.9929,0.6002116518087918,0.5201469237832872,21.390985257254304,1.097976425463717,-0.3634597967526886,1.5681204370076405,0.2330902461257976,0.14414145174127047,-0.08894879438452713,0.6183933224879692,TRUE,FALSE,FALSE
1282,1882,prediction,GROSSCON,18,1.0737,0.5207107983938255,0.7785467128027683,17.071963681042067,1.1117503952085097,-0.21963830577145635,1.3856164595044942,0.289237471205368,0.17252960260629635,-0.11670786859907167,0.5964981020173376,TRUE,FALSE,FALSE
1282,1883,prediction,GROSSCON,3,,,,,,,,,,,,,,
1282,1887,prediction,GROSSCON,21,1.015,0.9558551779470303,0.8975073041392937,12.304983614410931,1.0465401734260746,-0.06571425235049866,1.0724654495259633,0.35896500630619244,0.329718892963559,-0.02924611334263344,0.9185265615621404,TRUE,TRUE,FALSE
1282,1888,prediction,GROSSCON,20,1.0207,0.9599377490513034,0.9583379501385042,7.296891333767383,1.0228594111829523,-0.09614713800527097,1.1628595255805299,0.21754239988669752,0.18740101425177222,-0.0301413856349253,0.8614459266302853,TRUE,TRUE,TRUE
1282,1889,prediction,GROSSCON,9,0.9959,0.9745351929526906,0.9916666666666667,7.1903228887419015,1.0268350643757684,-0.08556920578443429,1.111806338023206,0.2564511366991439,0.2290844163860333,-0.027366720313110576,0.8932868043972997,TRUE,TRUE,TRUE
1282,1890,prediction,GROSSCON,37,1.0239,0.8723118138868076,0.9279491303600321,10.801802412814913,1.039614977502976,-0.05913237413549986,1.1151157001304193,0.29687438770458136,0.25412844589459593,-0.04274594180998542,0.8560133727247574,TRUE,TRUE,FALSE
1282,1891,prediction,GROSSCON,19,1.0254,0.9040598193031499,0.6989696314879134,10.102264425881804,1.041296622711215,-0.15497480205839445,1.4365443308055832,0.20271305908201873,0.13827605293553782,-0.0644370061464809,0.68212701027609,TRUE,TRUE,FALSE
1282,1892,prediction,GROSSCON,14,0.9915,0.8324003740778199,0.862100014522922,12.465201038496742,1.0543122309975064,-0.05606057317408014,1.1429709137955841,0.32844167513453953,0.27056528833871646,-0.057876386795823076,0.8237848873103111,TRUE,TRUE,FALSE
1282,1893,prediction,GROSSCON,13,1.0539,0.6920341824504148,0.692150657590177,11.997447719837744,1.0401127689653882,-0.20683344347212054,1.2688594328562273,0.1844793085896206,0.11375985387486832,-0.07071945471475229,0.6166537306789799,TRUE,TRUE,FALSE
1282,1894,prediction,GROSSCON,18,1.0168,0.8148381438885526,0.9540294597759111,10.09730673997145,1.0347566327278825,-0.09582993683381923,1.2319309723162495,0.26616915422885573,0.23046928609410086,-0.03569986813475487,0.8658752617740986,TRUE,TRUE,FALSE
1282,1895,prediction,GROSSCON,27,0.9998,0.9076006499541605,0.8441997224048505,11.792694818971789,1.0499934416468446,-0.06555917030498978,1.085656508061346,0.32448505759373875,0.2854437791762584,-0.03904127841748034,0.8796823536128411,TRUE,TRUE,FALSE
1282,1896,prediction,GROSSCON,6,1.0106,0.8005184794594999,0.8889795918367347,22.709032669983554,1.0876801292955012,-0.29386158263404893,1.5032959913189579,0.25248790285766454,0.15225511756897006,-0.10023278528869448,0.6030194549748433,TRUE,FALSE,FALSE
1290,2107,prediction,GROSSCON,6,1.0688,0.23822265725133399,0.23591836734693877,11.959356130763062,1.0322076568026124,-1.1364211207346429,37.17841629888284,0.0985252519138345,0.0016285591829886907,-0.09689669273084581,0.01652935822395005,TRUE,TRUE,FALSE
1290,2108,prediction,GROSSCON,9,1.0974,0.5736164673808126,0.41519607843137263,13.857580045951531,1.0391228385333926,-0.32206523839089224,1.739347845386179,0.14931696982979029,0.06639255358231032,-0.08292441624747997,0.44464171525843754,TRUE,TRUE,FALSE
1290,2126,prediction,GROSSCON,2,,,,,,,,,,,,,,
1290,2134,prediction,GROSSCON,4,,,,,,,,,,,,,,
1290,2135,prediction,GROSSCON,12,1.0823,0.5908563382973476,0.8520710059171601,10.466055987864237,1.0460286831376564,-0.10648758944021057,1.2285584819940212,0.23032229459461181,0.16206095171867707,-0.06826134287593474,0.7036268547251107,TRUE,TRUE,FALSE
1290,2139,prediction,GROSSCON,10,1.0796,0.9063394735863538,0.8598347107438014,10.01786646727911,1.028001888026902,-0.17252670192157074,1.3022668942464417,0.1847431138894315,0.13668475440594818,-0.048058359483483304,0.7398638657122226,TRUE,TRUE,TRUE
1290,2142,prediction,GROSSCON,1,,,,,,,,,,,,,,
1291,2171,prediction,GROSSCON,1,,,,,,,,,,,,,,
1291,2175,prediction,GROSSCON,2,,,,,,,,,,,,,,
1291,2177,prediction,GROSSCON,43,1.0092,0.8925031061826122,0.9150218173140302,7.893014110836971,1.0153060054601393,-0.058252481114820454,1.0886084581808775,0.1959428522068189,0.17055134388466037,-0.02539150832215853,0.8704137046277267,TRUE,TRUE,TRUE
1291,2179,prediction,GROSSCON,96,1.0223,0.6130580082862358,0.7928163702394704,13.415674132340339,1.060444622323423,-0.11890113029804701,1.1740863187245854,0.2560612602276257,0.18015643563647643,-0.07590482459114928,0.7035677145239633,TRUE,TRUE,FALSE
1291,2180,prediction,GROSSCON,87,0.9913,0.7348284460630483,0.7978916784505373,9.975631965212225,1.0285632027472447,-0.08858713997401108,1.151490407015715,0.1995991575961447,0.1570899372754443,-0.0425092203207004,0.7870270554612728,TRUE,TRUE,TRUE
1291,2246,prediction,GROSSCON,8,1.0443,0.9829123577408119,0.9070294784580502,5.575570194321556,1.0221553034802175,-0.10968707849037124,1.197187244834686,0.2013873412079341,0.16630801025650377,-0.03507933095143034,0.8258116387007134,TRUE,TRUE,TRUE
