nbhd,decile,cutoff,predicted,actual,n,median_sales_ratio,r,spearmans,cod,prd,prb,clapp,gini,ci,ki,mki,accuracy,uniformity,vertical_equity,boro
All,All,NA,unlogpred,grosscon,19498,0.9959,0.977195341,0.98392466,6.73195774,1.012087404,-0.006345308,1.009073626,0.453939291,0.446939975,-0.006999316,0.984580942,TRUE,TRUE,TRUE,NA
1010,1,"$680,152 ",unlogpred,grosscon,9,1.0485,0.657820193,0.871111111,8.354752826,0.995481903,0.614712262,0.448309421,0.037700849,0.077035838,0.039334989,2.043344928,TRUE,TRUE,TRUE,1
1010,2,"$741,000 ",unlogpred,grosscon,8,1.0304,0.630373831,0.723034997,2.524343505,1.000273595,0.104466657,0.862635066,0.031473343,0.031281295,-0.000192047,0.993898099,TRUE,FALSE,TRUE,1
1010,3,"$1,009,600 ",unlogpred,grosscon,10,0.9944,0.157877088,0.033259424,5.184266955,1.001441285,0.217702745,0.973971203,0.029240539,0.009870408,-0.019370131,0.337559037,TRUE,TRUE,TRUE,1
1010,4,"$1,095,000 ",unlogpred,grosscon,12,0.9877,0.380276304,0.107620138,7.666349593,0.998859565,0.594279119,0.451434704,0.033537276,0.035669698,0.002132422,1.063583641,TRUE,TRUE,TRUE,1
1010,5,"$1,185,000 ",unlogpred,grosscon,5,0.9484,0.602645349,0.64,3.595589082,0.999444753,0.374272558,0.612295679,0.024949153,0.035179545,0.010230393,1.410049699,TRUE,FALSE,TRUE,1
1010,6,"$1,207,000 ",unlogpred,grosscon,4,NA,NA,NA,NA,NA,NA,NA,NA,NA,NA,NA,NA,NA,NA,1
1010,7,"$1,276,000 ",unlogpred,grosscon,4,NA,NA,NA,NA,NA,NA,NA,NA,NA,NA,NA,NA,NA,NA,1
1010,8,"$1,432,000 ",unlogpred,grosscon,1,NA,NA,NA,NA,NA,NA,NA,NA,NA,NA,NA,NA,NA,NA,1
1030,1,"$965,467 ",unlogpred,grosscon,15,1.0618,0.787825469,0.68626001,4.954739083,0.997893067,0.234242797,0.734049178,0.04944041,0.061529128,0.012088718,1.244510875,TRUE,FALSE,TRUE,1
1030,2,"$1,094,771 ",unlogpred,grosscon,39,1.0129,0.307220585,0.3756646,6.874501072,1.000204349,0.446006555,0.627646467,0.034991742,0.032340109,-0.002651633,0.924221178,TRUE,TRUE,TRUE,1
1030,3,"$1,431,000 ",unlogpred,grosscon,82,1.0036,0.401589027,0.368254599,4.626385341,1.000031599,0.363428512,0.696048971,0.0278209,0.027002653,-0.000818248,0.970588745,TRUE,FALSE,TRUE,1
1030,4,"$1,800,000 ",unlogpred,grosscon,51,0.9868,0.429844057,0.49084658,6.919323156,0.998592101,0.551264797,0.54910193,0.036507271,0.048674867,0.012167596,1.333292388,TRUE,TRUE,TRUE,1
1030,5,"$2,175,000 ",unlogpred,grosscon,63,1.0142,0.292910531,0.329400158,5.24048129,1.000444032,0.405783047,0.628801801,0.031223522,0.026386715,-0.004836807,0.845090924,TRUE,TRUE,TRUE,1
1030,6,"$2,534,000 ",unlogpred,grosscon,57,0.9911,0.373946542,0.493450161,6.704332278,0.99899696,0.642687575,0.504307476,0.03040155,0.041406642,0.011005093,1.361991184,TRUE,TRUE,TRUE,1
1030,7,"$3,309,950 ",unlogpred,grosscon,108,0.9908,0.256747632,0.252705177,6.37822383,1.000987379,0.356018172,0.713372345,0.035804856,0.027169768,-0.008635089,0.758829116,TRUE,TRUE,TRUE,1
1030,8,"$4,498,467 ",unlogpred,grosscon,87,0.9773,0.386737458,0.416659101,7.200962825,0.999493847,0.457896382,0.633551083,0.04127189,0.04503702,0.00376513,1.091227464,TRUE,TRUE,TRUE,1
1030,9,"$6,190,000 ",unlogpred,grosscon,108,1.0218,0.590096058,0.628223819,7.184571205,0.998702729,0.277621204,0.751889958,0.063944109,0.07081489,0.006870781,1.107449786,TRUE,TRUE,TRUE,1
1030,10,"$14,575,000 ",unlogpred,grosscon,122,0.9621,0.891903921,0.871656092,8.272281995,1.009948558,-0.020316139,1.040042849,0.189855818,0.172779802,-0.017076015,0.910057982,TRUE,TRUE,TRUE,1
1040,1,"$550,600 ",unlogpred,grosscon,16,1.0289,0.553982845,0.519247405,7.875105952,1.002408863,0.082324989,0.954872764,0.071008818,0.056327728,-0.01468109,0.793249768,TRUE,TRUE,TRUE,1
1040,2,"$679,200 ",unlogpred,grosscon,13,1.026,0.324178966,0.223145604,4.867275351,1.001404296,0.129340098,1.008763802,0.03561841,0.020091043,-0.015527367,0.564063447,TRUE,FALSE,TRUE,1
1040,3,"$704,700 ",unlogpred,grosscon,1,NA,NA,NA,NA,NA,NA,NA,NA,NA,NA,NA,NA,NA,NA,1
1040,4,"$1,186,000 ",unlogpred,grosscon,5,1.0244,0.586725446,0.49,6.460242301,0.998240076,0.906950745,0.202185861,0.015057283,0.053970179,0.038912896,3.584323867,TRUE,TRUE,TRUE,1
1040,5,"$1,431,707 ",unlogpred,grosscon,8,0.9818,0.348228554,0.183673469,4.273188579,0.999903097,0.499161947,0.540751824,0.019847136,0.019451198,-0.000395938,0.980050608,TRUE,FALSE,TRUE,1
1040,6,"$1,683,481 ",unlogpred,grosscon,5,0.9671,0.511122086,0.49,4.425936424,1.000035268,0.276217291,0.767674381,0.030612293,0.03731401,0.006701717,1.218922426,TRUE,FALSE,TRUE,1
1040,7,"$2,414,000 ",unlogpred,grosscon,8,0.9843,0.689134545,0.655328798,5.74057879,0.997666489,0.391395782,0.598730321,0.040325596,0.054402126,0.014076531,1.349071864,TRUE,TRUE,TRUE,1
1040,8,"$2,679,000 ",unlogpred,grosscon,10,0.9815,0.75488149,0.673503326,3.485255832,0.9994213,0.148928287,0.936613671,0.044868767,0.049975196,0.005106429,1.113808101,TRUE,FALSE,TRUE,1
1040,9,"$3,150,000 ",unlogpred,grosscon,5,0.9855,0.76952716,0.81,3.265224076,0.999877802,0.129080673,0.752468399,0.035553665,0.038648134,0.003094469,1.087036558,TRUE,FALSE,TRUE,1
1040,10,"$3,800,000 ",unlogpred,grosscon,1,NA,NA,NA,NA,NA,NA,NA,NA,NA,NA,NA,NA,NA,NA,1
1050,3,"$2,359,560 ",unlogpred,grosscon,5,1.043,0.801866494,0.81,1.444208378,1.000126601,0.000877064,0.933352207,0.019286403,0.01768307,-0.001603333,0.916867195,TRUE,FALSE,TRUE,1
1050,4,"$2,828,919 ",unlogpred,grosscon,9,1.0365,0.560090701,0.554691877,4.184559723,0.999280199,0.5926579,0.487265486,0.018116913,0.034448834,0.016331921,1.90147374,TRUE,FALSE,TRUE,1
1050,5,"$3,175,000 ",unlogpred,grosscon,10,1.0653,0.248262864,0.196363636,10.08211211,0.998993172,0.877600603,0.293316237,0.023793896,0.044833698,0.021039802,1.884252112,TRUE,TRUE,TRUE,1
1050,6,"$3,564,568 ",unlogpred,grosscon,21,1.0168,0.07326888,0.025136372,6.374164088,1.002113226,0.277583891,0.613640572,0.031932204,0.011248639,-0.020683565,0.352266283,TRUE,TRUE,TRUE,1
1050,7,"$4,076,053 ",unlogpred,grosscon,26,0.9924,0.346169289,0.360903917,6.586745593,1.000278284,0.391217999,0.609639996,0.035982386,0.034367266,-0.00161512,0.955113586,TRUE,TRUE,TRUE,1
1050,8,"$4,863,000 ",unlogpred,grosscon,45,0.9757,0.430731692,0.403187107,6.163887197,0.999940518,0.349788982,0.699483418,0.03888653,0.039908379,0.001021849,1.026277713,TRUE,TRUE,TRUE,1
1050,9,"$6,380,000 ",unlogpred,grosscon,45,0.993,0.728509899,0.763990138,5.510616528,0.999383827,0.163500904,0.81749901,0.063163779,0.065939009,0.00277523,1.043937055,TRUE,TRUE,TRUE,1
1050,10,"$12,257,528 ",unlogpred,grosscon,34,0.9857,0.946297591,0.942765998,4.503859324,1.007459653,-0.036284774,1.073182407,0.184082958,0.172829843,-0.011253115,0.93886933,TRUE,FALSE,TRUE,1
1060,1,"$767,000 ",unlogpred,grosscon,17,1.0054,0.018087375,0.237895281,8.974188724,1.008904669,0.624069324,0.887493549,0.055028367,0.01530268,-0.039725687,0.278087117,TRUE,TRUE,TRUE,1
1060,2,"$900,000 ",unlogpred,grosscon,39,1.0353,0.455052911,0.604465998,4.396484849,0.999680103,0.398237556,0.669155802,0.029828756,0.03405645,0.004227694,1.141732173,TRUE,FALSE,TRUE,1
1060,3,"$1,000,200 ",unlogpred,grosscon,34,1.0122,0.345157549,0.408239066,7.398676822,0.999095642,0.618204689,0.469164816,0.032866475,0.04413113,0.011264655,1.342739973,TRUE,TRUE,TRUE,1
1060,4,"$1,167,000 ",unlogpred,grosscon,28,0.9806,0.488329992,0.423383292,8.567754337,0.996934206,0.702035411,0.440247102,0.034079832,0.062123782,0.02804395,1.822889918,TRUE,TRUE,TRUE,1
1060,5,"$1,290,000 ",unlogpred,grosscon,25,0.994,0.377584082,0.39141408,6.820116454,0.999133288,0.619163412,0.543002445,0.027994821,0.036601725,0.008606904,1.307446298,TRUE,TRUE,TRUE,1
1060,6,"$1,500,000 ",unlogpred,grosscon,35,0.9869,0.461099842,0.413878554,5.432400494,1.000118986,0.313167342,0.633996991,0.039128276,0.038056299,-0.001071977,0.972603516,TRUE,TRUE,TRUE,1
1060,7,"$1,680,000 ",unlogpred,grosscon,32,0.9984,0.643617436,0.634318424,6.434391117,0.998107578,0.371116531,0.616533264,0.044059674,0.05793167,0.013871996,1.314845635,TRUE,TRUE,TRUE,1
1060,8,"$2,026,000 ",unlogpred,grosscon,22,0.9292,0.029197849,0.014642603,7.911079435,1.003200125,0.418089791,0.973593975,0.036191474,0.003418133,-0.032773341,0.094445803,TRUE,TRUE,TRUE,1
1060,9,"$2,507,000 ",unlogpred,grosscon,1,NA,NA,NA,NA,NA,NA,NA,NA,NA,NA,NA,NA,NA,NA,1
1070,1,"$866,000 ",unlogpred,grosscon,2,NA,NA,NA,NA,NA,NA,NA,NA,NA,NA,NA,NA,NA,NA,1
1070,2,"$933,000 ",unlogpred,grosscon,9,1.0081,0.5988182,0.728571429,6.869328623,0.997279963,0.502810049,0.632579835,0.039281223,0.05574291,0.016461686,1.419072653,TRUE,TRUE,TRUE,1
1070,3,"$1,151,000 ",unlogpred,grosscon,13,1.0405,0.595334032,0.484432234,5.459447961,1.00006136,0.205391418,0.830236491,0.041599273,0.041407647,-0.000191626,0.99539353,TRUE,TRUE,TRUE,1
1070,4,"$1,332,000 ",unlogpred,grosscon,16,0.9835,0.306755648,0.401787949,3.923846734,1.000922308,0.090003897,0.958712427,0.027530336,0.020109441,-0.007420896,0.730446602,TRUE,FALSE,TRUE,1
1070,5,"$1,450,000 ",unlogpred,grosscon,17,1.0093,0.325557881,0.448818471,5.18923543,1.000083613,0.455114673,0.693387138,0.030173728,0.029337292,-0.000836435,0.972279355,TRUE,TRUE,TRUE,1
1070,6,"$1,666,000 ",unlogpred,grosscon,15,1.0043,0.775489277,0.845481311,3.954529438,0.998546503,0.328400834,0.656890066,0.035130236,0.049260454,0.014130218,1.402223829,TRUE,FALSE,TRUE,1
1070,7,"$1,846,000 ",unlogpred,grosscon,13,0.9962,0.695384561,0.699889496,4.884469244,0.99829302,0.319274203,0.720593702,0.041931009,0.051594067,0.009663058,1.230451353,TRUE,FALSE,TRUE,1
1070,8,"$2,118,109 ",unlogpred,grosscon,12,0.9773,0.677665598,0.654857642,4.290560199,0.999852243,0.157534927,0.816120724,0.04754938,0.048188097,0.000638717,1.013432718,TRUE,FALSE,TRUE,1
1070,9,"$2,524,000 ",unlogpred,grosscon,3,NA,NA,NA,NA,NA,NA,NA,NA,NA,NA,NA,NA,NA,NA,1
1070,10,"$3,250,000 ",unlogpred,grosscon,1,NA,NA,NA,NA,NA,NA,NA,NA,NA,NA,NA,NA,NA,NA,1
1080,1,"$880,000 ",unlogpred,grosscon,4,NA,NA,NA,NA,NA,NA,NA,NA,NA,NA,NA,NA,NA,NA,1
1080,2,"$1,147,356 ",unlogpred,grosscon,4,NA,NA,NA,NA,NA,NA,NA,NA,NA,NA,NA,NA,NA,NA,1
1080,3,"$1,380,000 ",unlogpred,grosscon,4,NA,NA,NA,NA,NA,NA,NA,NA,NA,NA,NA,NA,NA,NA,1
1080,4,"$1,490,000 ",unlogpred,grosscon,18,1.0148,0.514774981,0.472924921,4.663425475,0.999017558,0.43362977,0.678291356,0.030481113,0.035944991,0.005463878,1.179254558,TRUE,FALSE,TRUE,1
1080,5,"$1,999,999 ",unlogpred,grosscon,22,1.0063,0.316145299,0.353724315,5.093403445,0.999990074,0.470871912,0.529239629,0.026501989,0.027695083,0.001193093,1.045019002,TRUE,TRUE,TRUE,1
1080,6,"$2,200,356 ",unlogpred,grosscon,10,0.9921,0.605997627,0.389678604,6.530742647,0.997261848,0.601099746,0.414004299,0.031495788,0.050747279,0.019251492,1.6112402,TRUE,TRUE,TRUE,1
1080,7,"$2,275,356 ",unlogpred,grosscon,30,1.0309,0.348801974,0.431577821,4.109026489,1.001527932,-0.112655954,1.351099162,0.032177798,0.018046817,-0.01413098,0.560846879,TRUE,FALSE,TRUE,1
1080,8,"$2,450,356 ",unlogpred,grosscon,15,0.9772,0.062830318,0.056507156,6.041621272,1.002155913,0.381645804,0.723832734,0.034221034,0.011624261,-0.022596773,0.339681764,TRUE,TRUE,TRUE,1
1080,9,"$2,745,356 ",unlogpred,grosscon,3,NA,NA,NA,NA,NA,NA,NA,NA,NA,NA,NA,NA,NA,NA,1
1080,10,"$4,650,000 ",unlogpred,grosscon,2,NA,NA,NA,NA,NA,NA,NA,NA,NA,NA,NA,NA,NA,NA,1
1090,1,"$654,000 ",unlogpred,grosscon,56,0.9971,0.455372725,0.597237457,6.60628899,1.002339074,0.141955291,0.963972801,0.064326239,0.05194485,-0.01238139,0.807521943,TRUE,TRUE,TRUE,1
1090,2,"$837,400 ",unlogpred,grosscon,55,1.0127,0.310998607,0.346173575,6.333124407,1.000810679,0.334255399,0.642654158,0.037900006,0.032747436,-0.00515257,0.864048313,TRUE,TRUE,TRUE,1
1090,3,"$895,500 ",unlogpred,grosscon,91,1.0334,0.180154788,0.190796845,6.838816619,1.000890553,0.497613247,0.652450085,0.033180035,0.023818585,-0.00936145,0.717858941,TRUE,TRUE,TRUE,1
1090,4,"$967,360 ",unlogpred,grosscon,38,0.962,0.294710276,0.272112932,6.059181566,1.001100923,0.26840368,0.766853126,0.036304323,0.02652924,-0.009775083,0.730746037,TRUE,TRUE,TRUE,1
1090,5,"$1,080,000 ",unlogpred,grosscon,59,0.9947,0.208449855,0.223494236,7.342773532,1.000324203,0.580871964,0.507111482,0.031215544,0.028369848,-0.002845696,0.908837209,TRUE,TRUE,TRUE,1
1090,6,"$1,254,000 ",unlogpred,grosscon,34,0.9985,0.241606084,0.102482361,7.629803861,1.000928088,0.425389988,0.595429957,0.035697798,0.025620053,-0.010077745,0.717692815,TRUE,TRUE,TRUE,1
1090,7,"$1,478,000 ",unlogpred,grosscon,20,0.9973,0.017199126,0.007096749,7.449467005,1.002589121,0.561007781,0.533567103,0.032648133,0.005103411,-0.027544722,0.156315551,TRUE,TRUE,TRUE,1
1090,8,"$1,683,000 ",unlogpred,grosscon,26,0.9846,0.279283662,0.304790186,6.897024764,1.00106152,0.354932846,0.73409119,0.040165073,0.032692455,-0.007472618,0.813952346,TRUE,TRUE,TRUE,1
1090,9,"$2,666,000 ",unlogpred,grosscon,23,1.0027,0.151550642,0.214881628,7.946061143,1.004559115,0.108391742,0.92771713,0.051308512,0.026090807,-0.025217705,0.508508353,TRUE,TRUE,TRUE,1
1090,10,"$12,000,000 ",unlogpred,grosscon,6,0.9623,0.99501078,0.888979592,2.812623086,1.004478574,-0.023138375,1.027247166,0.1799583,0.170805234,-0.009153066,0.949137853,TRUE,FALSE,TRUE,1
1100,1,"$1,229,000 ",unlogpred,grosscon,3,NA,NA,NA,NA,NA,NA,NA,NA,NA,NA,NA,NA,NA,NA,1
1100,2,"$1,420,000 ",unlogpred,grosscon,3,NA,NA,NA,NA,NA,NA,NA,NA,NA,NA,NA,NA,NA,NA,1
1100,3,"$1,675,000 ",unlogpred,grosscon,11,1.0664,0.002661313,0.019027484,8.983436154,1.001633913,1.045940697,0.495549029,0.023941359,0.005091348,-0.01885001,0.212659119,TRUE,TRUE,TRUE,1
1100,4,"$1,916,000 ",unlogpred,grosscon,29,0.9943,0.218909703,0.237162447,7.549423707,0.999945268,0.663950464,0.44325299,0.02951192,0.031739195,0.002227274,1.075470323,TRUE,TRUE,TRUE,1
1100,5,"$2,300,000 ",unlogpred,grosscon,27,1.0008,0.09833364,0.122810412,9.125422546,1.000639396,0.812905189,0.502415364,0.030736224,0.02613431,-0.004601914,0.850277175,TRUE,TRUE,TRUE,1
1100,6,"$2,806,000 ",unlogpred,grosscon,53,0.9974,0.259263538,0.279936642,6.730030024,1.000408743,0.474081299,0.696229439,0.033123126,0.029084417,-0.004038709,0.87806981,TRUE,TRUE,TRUE,1
1100,7,"$3,394,000 ",unlogpred,grosscon,42,1.0214,0.39055797,0.407063256,5.908216326,1.000624593,0.282986728,0.742024885,0.038747688,0.035170208,-0.00357748,0.907672434,TRUE,TRUE,TRUE,1
1100,8,"$3,915,000 ",unlogpred,grosscon,33,0.953,0.534846226,0.535050027,5.968375173,0.999538217,0.312531199,0.644589535,0.041786369,0.046897164,0.005110795,1.122307718,TRUE,TRUE,TRUE,1
1100,9,"$4,726,000 ",unlogpred,grosscon,52,0.9923,0.399207205,0.282528657,8.018554997,1.001493078,0.26717223,0.783443352,0.058807189,0.048873801,-0.009933389,0.83108547,TRUE,TRUE,TRUE,1
1100,10,"$12,500,000 ",unlogpred,grosscon,41,0.9849,0.856926339,0.833271482,10.39324215,0.999265394,0.052407782,0.948432416,0.185212017,0.187327018,0.002115,1.011419348,TRUE,TRUE,TRUE,1
1110,1,"$942,000 ",unlogpred,grosscon,8,1.0504,0.448345646,0.290447504,8.811594277,0.996827616,0.56739147,0.570482539,0.043781726,0.060706044,0.016924318,1.386561241,TRUE,TRUE,TRUE,1
1110,2,"$1,237,471 ",unlogpred,grosscon,14,1.0531,0.292566286,0.475428571,10.42282098,0.996022271,0.992721004,0.412203942,0.036590828,0.072830831,0.036240004,1.990412239,TRUE,TRUE,TRUE,1
1110,3,"$1,325,000 ",unlogpred,grosscon,15,1.0949,0.376615775,0.343061224,5.846490284,0.999775381,0.423181854,0.534341849,0.03361919,0.034861043,0.001241853,1.036938822,TRUE,TRUE,TRUE,1
1110,4,"$1,458,603 ",unlogpred,grosscon,36,1.0238,0.269167644,0.295517442,5.938816353,1.001226236,0.234113433,0.780884486,0.034751816,0.025000241,-0.009751575,0.719393796,TRUE,TRUE,TRUE,1
1110,5,"$1,775,000 ",unlogpred,grosscon,46,0.9651,0.185655024,0.26891361,6.701978425,1.000573449,0.581779151,0.655422098,0.031239685,0.02623369,-0.005005995,0.839755271,TRUE,TRUE,TRUE,1
1110,6,"$2,096,000 ",unlogpred,grosscon,30,0.9808,0.558155721,0.588244391,7.092673609,0.99751672,0.523587454,0.511796831,0.038355788,0.060313953,0.021958165,1.572486346,TRUE,TRUE,TRUE,1
1110,7,"$2,444,411 ",unlogpred,grosscon,42,0.9931,0.37726957,0.447801013,4.691196056,1.000894968,0.231692061,0.895352257,0.037735851,0.029098219,-0.008637631,0.771102778,TRUE,FALSE,TRUE,1
1110,8,"$2,992,000 ",unlogpred,grosscon,38,0.9795,0.293671399,0.714722921,8.586135127,0.996782391,0.806098727,0.621865563,0.045201262,0.066832994,0.021631733,1.478564803,TRUE,TRUE,TRUE,1
1110,9,"$3,815,157 ",unlogpred,grosscon,39,0.9864,0.509779653,0.604387239,4.631455124,1.002217825,-0.030449452,1.139341868,0.046894164,0.031166871,-0.015727292,0.66462154,TRUE,FALSE,TRUE,1
1110,10,"$8,000,000 ",unlogpred,grosscon,14,0.9718,0.952681795,0.479289941,5.50723154,1.000104126,0.01941071,0.964600801,0.13259425,0.125202484,-0.007391766,0.944252743,TRUE,TRUE,TRUE,1
1120,1,"$910,000 ",unlogpred,grosscon,1,NA,NA,NA,NA,NA,NA,NA,NA,NA,NA,NA,NA,NA,NA,1
1120,2,"$1,330,000 ",unlogpred,grosscon,9,1.0426,0.017351975,0.047740113,6.305565474,1.001021277,0.809302307,0.437716742,0.020721162,0.005326337,-0.015394824,0.257048208,TRUE,TRUE,TRUE,1
1120,3,"$1,540,000 ",unlogpred,grosscon,4,NA,NA,NA,NA,NA,NA,NA,NA,NA,NA,NA,NA,NA,NA,1
1120,4,"$1,775,000 ",unlogpred,grosscon,11,1.0372,0.206119622,0.200250209,9.295519067,0.999223067,0.805586123,0.363161035,0.02684378,0.032585064,0.005741284,1.21387762,TRUE,TRUE,TRUE,1
1120,5,"$2,150,000 ",unlogpred,grosscon,15,1.012,0.113091438,0.264489796,6.413244036,1.000884118,0.665603548,1.04489708,0.029548506,0.022394801,-0.007153705,0.757899593,TRUE,TRUE,TRUE,1
1120,6,"$2,550,000 ",unlogpred,grosscon,17,1.0081,0.160519307,0.210585586,5.069937221,1.001520972,0.24670464,0.833407282,0.031406704,0.01406316,-0.017343543,0.447775751,TRUE,TRUE,TRUE,1
1120,7,"$2,950,000 ",unlogpred,grosscon,19,0.9748,0.278823621,0.184271907,4.49132442,1.001452675,0.10775862,0.825339224,0.033898076,0.016774849,-0.017123227,0.494861399,TRUE,FALSE,TRUE,1
1120,8,"$3,550,000 ",unlogpred,grosscon,22,0.9749,0.658160722,0.643985171,7.899853544,0.996705183,0.433036559,0.552178091,0.049559059,0.071447854,0.021888795,1.441670911,TRUE,TRUE,TRUE,1
1120,9,"$5,867,000 ",unlogpred,grosscon,28,0.982,0.594459093,0.512581598,5.531799869,1.002100393,0.016974768,0.941657781,0.055035395,0.042436487,-0.012598908,0.771076276,TRUE,TRUE,TRUE,1
1120,10,"$8,400,000 ",unlogpred,grosscon,23,0.9779,0.861123358,0.711862599,7.158820519,1.002776817,0.023313065,1.016885459,0.134304396,0.124783518,-0.009520877,0.929109711,TRUE,TRUE,TRUE,1
1121,1,"$999,000 ",unlogpred,grosscon,1,NA,NA,NA,NA,NA,NA,NA,NA,NA,NA,NA,NA,NA,NA,1
1121,2,"$1,480,000 ",unlogpred,grosscon,12,1.0957,0.365874664,0.334008097,6.964996309,0.999052271,0.591363054,0.559545411,0.030344086,0.032888771,0.002544685,1.083860991,TRUE,TRUE,TRUE,1
1121,3,"$1,880,000 ",unlogpred,grosscon,10,1.0856,0.179413981,0.17594235,6.228877809,1.000293025,0.585237532,0.475732645,0.020698077,0.01836514,-0.002332937,0.887287256,TRUE,TRUE,TRUE,1
1121,4,"$2,396,538 ",unlogpred,grosscon,14,1.0251,0.045036678,0.210366625,10.11952505,1.001308663,0.963820626,0.518038997,0.031999993,0.017410103,-0.014589889,0.544065859,TRUE,TRUE,TRUE,1
1121,5,"$2,800,000 ",unlogpred,grosscon,22,1.013,0.203307491,0.204629958,8.649955406,1.000028416,0.680237019,0.503880605,0.034047237,0.032732672,-0.001314565,0.961389967,TRUE,TRUE,TRUE,1
1121,6,"$3,340,800 ",unlogpred,grosscon,14,1.0345,0.237910883,0.15542877,10.47925295,0.998359352,0.956902336,0.255700576,0.022706423,0.047380635,0.024674212,2.086662208,TRUE,TRUE,TRUE,1
1121,7,"$3,900,000 ",unlogpred,grosscon,22,0.9737,0.592960052,0.501186538,4.645678137,0.999294407,0.320054162,0.731389887,0.036699771,0.040663334,0.003963563,1.107999658,TRUE,FALSE,TRUE,1
1121,8,"$5,575,000 ",unlogpred,grosscon,24,1.0082,0.002236821,0.059509989,9.687938935,1.003812087,0.797094304,0.63876688,0.037192107,0.007158333,-0.030033774,0.192469134,TRUE,TRUE,TRUE,1
1121,9,"$8,300,000 ",unlogpred,grosscon,30,1.0086,0.720303493,0.630338806,8.592187697,0.9949604,0.364539206,0.628671276,0.06509856,0.087931181,0.022832621,1.350739257,TRUE,TRUE,TRUE,1
1121,10,"$14,900,000 ",unlogpred,grosscon,50,0.9657,0.842799501,0.770412338,9.03096776,1.004154185,0.028016787,0.975797891,0.169478636,0.159464757,-0.010013879,0.94091362,TRUE,TRUE,TRUE,1
1130,1,"$583,348 ",unlogpred,grosscon,92,1.0111,0.808729628,0.840012875,4.315959055,1.000725193,0.035658857,0.959255311,0.067081967,0.063817469,-0.003264499,0.951335675,TRUE,FALSE,TRUE,1
1130,2,"$685,000 ",unlogpred,grosscon,82,1.0136,0.445320475,0.44649842,4.00594778,1.000871822,0.105420267,0.918104559,0.03384135,0.026043549,-0.007797801,0.769577712,TRUE,FALSE,TRUE,1
1130,3,"$799,854 ",unlogpred,grosscon,84,1.0111,0.307665206,0.435615605,5.644661639,0.999774349,0.534329428,0.707504333,0.034025469,0.036354224,0.002328756,1.06844155,TRUE,TRUE,TRUE,1
1130,4,"$872,000 ",unlogpred,grosscon,43,0.9802,0.391957745,0.416542027,5.057809227,1.000046432,0.383081929,0.699800511,0.031678978,0.029998628,-0.00168035,0.946956946,TRUE,TRUE,TRUE,1
1130,5,"$961,857 ",unlogpred,grosscon,61,0.9812,0.297390263,0.265450135,5.093393613,1.000472013,0.330470479,0.666265088,0.027477073,0.021512118,-0.005964955,0.782911542,TRUE,TRUE,TRUE,1
1130,6,"$1,073,000 ",unlogpred,grosscon,23,0.9795,0.484976456,0.484171162,3.937639177,1.001018214,0.088491711,0.845647583,0.037754723,0.028868139,-0.008886584,0.764623253,TRUE,FALSE,TRUE,1
1130,7,"$1,303,500 ",unlogpred,grosscon,14,0.9621,0.097469147,0.139182768,6.122710152,1.001372391,0.444313728,0.656362889,0.029876649,0.014151996,-0.015724653,0.473680836,TRUE,TRUE,TRUE,1
1130,8,"$1,445,915 ",unlogpred,grosscon,13,1.0436,0.335782121,0.2317758,6.29537325,1.001382163,0.202248432,0.896562767,0.038432218,0.025305321,-0.013126897,0.658440297,TRUE,TRUE,TRUE,1
1130,9,"$1,842,178 ",unlogpred,grosscon,8,0.9531,0.469503463,0.22675737,17.09549941,0.99160982,0.705644729,0.288809986,0.060904682,0.096724323,0.035819642,1.588126245,TRUE,FALSE,TRUE,1
1130,10,"$4,600,000 ",unlogpred,grosscon,1,NA,NA,NA,NA,NA,NA,NA,NA,NA,NA,NA,NA,NA,NA,1
1131,1,"$495,500 ",unlogpred,grosscon,45,1.0148,0.884126154,0.847882957,3.317261656,1.00050145,0.016882302,1.035390207,0.07428744,0.070713951,-0.003573489,0.951896451,TRUE,FALSE,TRUE,1
1131,2,"$538,000 ",unlogpred,grosscon,24,0.966,0.417695029,0.427198278,5.323495423,1.000072587,0.355603212,0.639396074,0.032571348,0.032050277,-0.00052107,0.984002191,TRUE,TRUE,TRUE,1
1131,3,"$601,324 ",unlogpred,grosscon,13,0.947,0.440982516,0.526023427,3.682488322,1.001032564,0.061850314,0.96179442,0.035230528,0.026722268,-0.00850826,0.758497519,TRUE,FALSE,TRUE,1
1131,4,"$694,000 ",unlogpred,grosscon,3,NA,NA,NA,NA,NA,NA,NA,NA,NA,NA,NA,NA,NA,NA,1
1131,5,"$741,500 ",unlogpred,grosscon,2,NA,NA,NA,NA,NA,NA,NA,NA,NA,NA,NA,NA,NA,NA,1
1131,6,"$797,595 ",unlogpred,grosscon,4,NA,NA,NA,NA,NA,NA,NA,NA,NA,NA,NA,NA,NA,NA,1
1132,1,"$481,125 ",unlogpred,grosscon,30,1.002,0.847211608,0.869837599,4.982043524,1.004089993,-0.0744159,1.100998827,0.088809753,0.074920907,-0.013888846,0.843611254,TRUE,FALSE,TRUE,1
1132,2,"$522,000 ",unlogpred,grosscon,7,0.9805,0.825907835,0.929846939,3.796999362,0.998936935,0.169293763,0.738713718,0.045761911,0.057294434,0.011532522,1.252011379,TRUE,FALSE,TRUE,1
1132,3,"$575,000 ",unlogpred,grosscon,5,0.9773,0.767147282,0.49,2.457460938,1.000272504,0.03618298,0.775510083,0.029213168,0.025295181,-0.003917987,0.86588284,TRUE,FALSE,TRUE,1
1133,1,"$637,600 ",unlogpred,grosscon,2,NA,NA,NA,NA,NA,NA,NA,NA,NA,NA,NA,NA,NA,NA,1
1133,2,"$737,200 ",unlogpred,grosscon,2,NA,NA,NA,NA,NA,NA,NA,NA,NA,NA,NA,NA,NA,NA,1
1133,3,"$836,800 ",unlogpred,grosscon,2,NA,NA,NA,NA,NA,NA,NA,NA,NA,NA,NA,NA,NA,NA,1
1133,5,"$877,500 ",unlogpred,grosscon,1,NA,NA,NA,NA,NA,NA,NA,NA,NA,NA,NA,NA,NA,NA,1
1140,1,"$620,000 ",unlogpred,grosscon,1,NA,NA,NA,NA,NA,NA,NA,NA,NA,NA,NA,NA,NA,NA,1
1150,4,"$2,040,000 ",unlogpred,grosscon,1,NA,NA,NA,NA,NA,NA,NA,NA,NA,NA,NA,NA,NA,NA,1
1150,5,"$2,200,000 ",unlogpred,grosscon,1,NA,NA,NA,NA,NA,NA,NA,NA,NA,NA,NA,NA,NA,NA,1
1150,6,"$3,000,000 ",unlogpred,grosscon,1,NA,NA,NA,NA,NA,NA,NA,NA,NA,NA,NA,NA,NA,NA,1
1150,7,"$3,800,000 ",unlogpred,grosscon,4,NA,NA,NA,NA,NA,NA,NA,NA,NA,NA,NA,NA,NA,NA,1
1150,9,"$5,429,999 ",unlogpred,grosscon,2,NA,NA,NA,NA,NA,NA,NA,NA,NA,NA,NA,NA,NA,NA,1
1150,10,"$6,250,000 ",unlogpred,grosscon,1,NA,NA,NA,NA,NA,NA,NA,NA,NA,NA,NA,NA,NA,NA,1
1160,1,"$687,200 ",unlogpred,grosscon,39,1.0129,0.605373387,0.595777871,5.289075351,1.001193924,0.085353662,0.955577783,0.058826744,0.050583902,-0.008242842,0.85987934,TRUE,TRUE,TRUE,1
1160,2,"$759,200 ",unlogpred,grosscon,66,1.0295,0.21700345,0.346644087,5.856857878,1.000931405,0.409799193,0.75244569,0.035296434,0.026800661,-0.008495773,0.75930223,TRUE,TRUE,TRUE,1
1160,3,"$850,000 ",unlogpred,grosscon,37,1.0086,0.316629827,0.338314346,5.822842836,1.00032365,0.39252962,0.725086476,0.033662545,0.029454964,-0.004207581,0.875007051,TRUE,TRUE,TRUE,1
1160,4,"$973,800 ",unlogpred,grosscon,52,0.9831,0.27966212,0.273095502,6.602267044,1.000604151,0.417513442,0.604559414,0.035928659,0.030558428,-0.005370232,0.850530699,TRUE,TRUE,TRUE,1
1160,5,"$1,120,000 ",unlogpred,grosscon,35,0.9414,0.375711577,0.422117711,6.217876628,0.999621912,0.508321069,0.531903643,0.032630148,0.040026715,0.007396567,1.226678938,TRUE,TRUE,TRUE,1
1160,6,"$1,271,262 ",unlogpred,grosscon,24,0.9927,0.174135452,0.137678181,8.901355116,0.999721506,0.803298869,0.473131583,0.027777628,0.033281798,0.005504171,1.19815121,TRUE,TRUE,TRUE,1
1160,7,"$1,533,000 ",unlogpred,grosscon,25,1.0552,0.658644952,0.626520824,5.135332623,0.998298048,0.474682488,0.499720203,0.028193469,0.046085039,0.01789157,1.634599784,TRUE,TRUE,TRUE,1
1160,8,"$1,862,000 ",unlogpred,grosscon,22,1.0299,0.543999496,0.427529312,3.500153906,1.000855657,0.030183138,0.936663412,0.032215356,0.024013857,-0.0082015,0.745416454,TRUE,FALSE,TRUE,1
1160,9,"$2,546,000 ",unlogpred,grosscon,14,0.9188,0.487736846,0.429897855,5.103425159,1.005575952,-0.190862571,1.150399735,0.064040003,0.036200668,-0.027839335,0.565282103,TRUE,TRUE,TRUE,1
1160,10,"$8,825,000 ",unlogpred,grosscon,3,NA,NA,NA,NA,NA,NA,NA,NA,NA,NA,NA,NA,NA,NA,1
1170,2,"$1,138,000 ",unlogpred,grosscon,3,NA,NA,NA,NA,NA,NA,NA,NA,NA,NA,NA,NA,NA,NA,1
1170,3,"$1,149,000 ",unlogpred,grosscon,3,NA,NA,NA,NA,NA,NA,NA,NA,NA,NA,NA,NA,NA,NA,1
1170,4,"$1,340,000 ",unlogpred,grosscon,9,1.0303,0.671747577,0.401111111,4.610372199,0.999254617,0.35562524,0.568494487,0.026834382,0.033637021,0.006802639,1.253504608,TRUE,FALSE,TRUE,1
1170,6,"$2,323,600 ",unlogpred,grosscon,2,NA,NA,NA,NA,NA,NA,NA,NA,NA,NA,NA,NA,NA,NA,1
1170,7,"$2,652,500 ",unlogpred,grosscon,10,0.964,0.774202618,0.686053077,3.563134484,0.998945426,0.234451508,0.725705166,0.038442278,0.04765521,0.009212931,1.239656225,TRUE,FALSE,TRUE,1
1170,8,"$3,200,000 ",unlogpred,grosscon,4,NA,NA,NA,NA,NA,NA,NA,NA,NA,NA,NA,NA,NA,NA,1
1170,9,"$6,047,500 ",unlogpred,grosscon,3,NA,NA,NA,NA,NA,NA,NA,NA,NA,NA,NA,NA,NA,NA,1
1170,10,"$10,250,000 ",unlogpred,grosscon,5,0.9776,0.945197401,0.36,6.13635426,1.005066152,-0.02454334,1.121430585,0.153945348,0.131322597,-0.022622751,0.853046868,TRUE,TRUE,TRUE,1
1180,1,"$699,600 ",unlogpred,grosscon,33,1.0364,0.691340092,0.433665077,5.222816756,1.003082253,-0.080102307,1.074567042,0.057702606,0.041148186,-0.016554421,0.713107923,TRUE,TRUE,TRUE,1
1180,2,"$924,000 ",unlogpred,grosscon,31,1.0049,0.401308746,0.616724638,6.404068887,0.999738207,0.406870846,0.605343273,0.038221482,0.044336018,0.006114536,1.159976431,TRUE,TRUE,TRUE,1
1180,3,"$1,218,125 ",unlogpred,grosscon,28,1.019,0.500156783,0.392381892,4.456041644,0.999728644,0.314574709,0.73005863,0.032992812,0.032900692,-9.21194E-05,0.997207894,TRUE,FALSE,TRUE,1
1180,4,"$1,344,000 ",unlogpred,grosscon,63,1.0227,0.26450425,0.213438969,6.212034809,1.000536307,0.40482283,0.548789357,0.03149825,0.025658256,-0.005839993,0.814593085,TRUE,TRUE,TRUE,1
1180,5,"$1,475,000 ",unlogpred,grosscon,78,0.9791,0.258990561,0.357586474,3.817506613,1.000841343,0.199548108,0.934307215,0.027456981,0.01772133,-0.00973565,0.645421663,TRUE,FALSE,TRUE,1
1180,6,"$1,606,484 ",unlogpred,grosscon,32,0.96,0.402375649,0.317019147,7.503973336,0.999068886,0.585095303,0.543809085,0.033622357,0.03870013,0.005077774,1.151023725,TRUE,TRUE,TRUE,1
1180,7,"$2,100,319 ",unlogpred,grosscon,73,0.9953,0.23591767,0.283907143,4.427844296,1.001737428,-0.009250944,0.960723224,0.032721867,0.016630258,-0.016091609,0.50823073,TRUE,FALSE,TRUE,1
1180,8,"$2,318,686 ",unlogpred,grosscon,57,0.9792,0.461729776,0.300673387,6.072239259,1.000100047,0.303412222,0.707548032,0.042459052,0.038313665,-0.004145386,0.902367433,TRUE,TRUE,TRUE,1
1180,9,"$2,791,000 ",unlogpred,grosscon,16,0.972,0.600125463,0.554526553,6.22583311,1.000188902,0.203406702,0.685004228,0.053408559,0.055831805,0.002423246,1.045371872,TRUE,TRUE,TRUE,1
1180,10,"$5,012,370 ",unlogpred,grosscon,5,1.029,0.002824983,0.16,2.978721114,1.001122222,-1.259675586,1.689716952,0.0178198,0.000173996,-0.017645804,0.0097642,TRUE,FALSE,TRUE,1
1190,1,"$594,600 ",unlogpred,grosscon,60,1.0295,0.204969509,0.400726349,7.067216197,1.00059052,0.588311503,0.687716093,0.046525423,0.045863525,-0.000661898,0.985773405,TRUE,TRUE,TRUE,1
1190,2,"$648,320 ",unlogpred,grosscon,39,0.9686,0.305195512,0.309430416,6.452755101,1.000015731,0.508169885,0.535554779,0.028964163,0.030155523,0.001191359,1.041132185,TRUE,TRUE,TRUE,1
1190,3,"$750,000 ",unlogpred,grosscon,21,1.0266,0.232606295,0.311622276,8.683616472,0.999838816,0.690543022,0.458375937,0.030942345,0.034302714,0.00336037,1.108601,TRUE,TRUE,TRUE,1
1190,4,"$789,000 ",unlogpred,grosscon,31,0.9357,0.065544707,0.060497083,7.232356644,1.001302287,0.613414222,0.699178051,0.02761223,0.01032716,-0.017285071,0.374006726,TRUE,TRUE,TRUE,1
1190,5,"$873,250 ",unlogpred,grosscon,12,0.9609,0.447823698,0.336886889,5.963947297,0.999408862,0.518489226,0.417734955,0.025129113,0.034209488,0.009080375,1.361348811,TRUE,TRUE,TRUE,1
1190,6,"$1,034,000 ",unlogpred,grosscon,8,0.9206,0.004913758,0.075874928,9.112898155,1.000841687,1.01582697,0.202539685,0.017643865,0.022610772,0.004966907,1.281508999,TRUE,TRUE,TRUE,1
1190,7,"$1,198,000 ",unlogpred,grosscon,8,0.9481,0.502858827,0.617346939,6.114842357,0.999112238,0.393132619,0.63295252,0.036362541,0.049115588,0.012753047,1.350719349,TRUE,TRUE,TRUE,1
1190,8,"$1,304,235 ",unlogpred,grosscon,1,NA,NA,NA,NA,NA,NA,NA,NA,NA,NA,NA,NA,NA,NA,1
1200,1,"$680,000 ",unlogpred,grosscon,20,1.0514,0.020975228,0.064445453,18.35527494,1.016552985,1.391870334,1.213165265,0.060905339,-0.033202256,-0.094107594,-0.545145243,TRUE,FALSE,TRUE,1
1200,2,"$839,995 ",unlogpred,grosscon,19,1.0184,0.525983291,0.519211762,4.991171647,0.999381127,0.376074725,0.6202729,0.032350102,0.037719707,0.005369606,1.165984194,TRUE,FALSE,TRUE,1
1200,3,"$1,500,000 ",unlogpred,grosscon,9,1.0011,0.001428669,0.046944444,8.488984705,1.003720442,0.642503813,0.594119203,0.035843496,0.018537592,-0.017305905,0.517181454,TRUE,TRUE,TRUE,1
1200,4,"$2,045,127 ",unlogpred,grosscon,2,NA,NA,NA,NA,NA,NA,NA,NA,NA,NA,NA,NA,NA,NA,1
1200,5,"$2,467,500 ",unlogpred,grosscon,14,0.9616,0.293263247,0.097020097,13.54309854,0.997538196,1.024782347,0.277912687,0.020458237,0.035826825,0.015368588,1.751217624,TRUE,TRUE,TRUE,1
1200,6,"$2,645,300 ",unlogpred,grosscon,14,0.9854,0.280167982,0.165721139,7.722854378,0.999417693,0.664215107,0.45564563,0.030432718,0.034404471,0.003971753,1.1305093,TRUE,TRUE,TRUE,1
1200,7,"$3,527,500 ",unlogpred,grosscon,31,1.1178,0.030367289,0.032354286,10.75907057,1.003375485,0.567898941,0.358115603,0.038177207,0.011371074,-0.026806133,0.297849808,FALSE,TRUE,TRUE,1
1200,8,"$3,829,000 ",unlogpred,grosscon,31,1.0015,0.454238186,0.312118804,6.489864463,0.997732371,0.595171152,0.558226391,0.03733343,0.049405846,0.012072416,1.32336744,TRUE,TRUE,TRUE,1
1200,9,"$5,860,000 ",unlogpred,grosscon,40,0.8982,0.237414402,0.318217234,7.210049155,1.003092436,0.188532124,0.770824336,0.04992764,0.030421498,-0.019506142,0.609311758,FALSE,TRUE,TRUE,1
1200,10,"$12,593,070 ",unlogpred,grosscon,27,0.9912,0.695058301,0.895438167,9.87093555,1.002102649,0.084793301,1.017499424,0.15759855,0.159100271,0.001501721,1.009528773,TRUE,TRUE,TRUE,1
1201,1,"$545,700 ",unlogpred,grosscon,85,1.0244,0.729598053,0.723935951,5.800927367,1.00018961,0.106340317,0.891257681,0.075112828,0.074051679,-0.001061149,0.985872605,TRUE,TRUE,TRUE,1
1201,2,"$714,110 ",unlogpred,grosscon,74,1.0126,0.308923793,0.31333197,6.861074718,1.000728625,0.366559205,0.729142824,0.039651281,0.033825018,-0.005826264,0.853062411,TRUE,TRUE,TRUE,1
1201,3,"$815,700 ",unlogpred,grosscon,61,1.016,0.397822791,0.393210688,6.550279078,0.999440474,0.479612125,0.561866734,0.035445119,0.041484081,0.006038961,1.17037498,TRUE,TRUE,TRUE,1
1201,4,"$911,000 ",unlogpred,grosscon,46,0.9834,0.19111645,0.311047451,7.211028634,1.00042874,0.623170611,0.639364327,0.032820311,0.031438229,-0.001382082,0.95788942,TRUE,TRUE,TRUE,1
1201,5,"$1,017,499 ",unlogpred,grosscon,40,0.981,0.169349352,0.197986053,7.80602321,1.000063991,0.745046867,0.439731561,0.027455688,0.026084692,-0.001370996,0.950065131,TRUE,TRUE,TRUE,1
1201,6,"$1,307,999 ",unlogpred,grosscon,44,0.9619,0.408157475,0.436267609,8.067471308,0.998228643,0.624338253,0.489261157,0.036292196,0.052820356,0.01652816,1.455419117,TRUE,TRUE,TRUE,1
1201,7,"$1,572,000 ",unlogpred,grosscon,28,0.9877,0.179848109,0.208193539,7.476597017,1.000727767,0.553254735,0.589929951,0.031948774,0.026794288,-0.005154486,0.83866405,TRUE,TRUE,TRUE,1
1201,8,"$1,947,000 ",unlogpred,grosscon,29,0.9688,0.151285793,0.257451408,6.297088508,1.002837929,0.254777569,0.948690733,0.043581796,0.024487735,-0.019094062,0.561879883,TRUE,TRUE,TRUE,1
1201,9,"$2,777,000 ",unlogpred,grosscon,18,0.9639,0.762861465,0.645297614,8.562404009,0.994647204,0.395436994,0.654524842,0.059781776,0.086242789,0.026461014,1.44262676,TRUE,TRUE,TRUE,1
1201,10,"$6,800,000 ",unlogpred,grosscon,13,0.9929,0.920068369,0.580699603,5.924259194,1.002682591,0.008556621,1.002168943,0.11579071,0.10735591,-0.008434801,0.927154771,TRUE,TRUE,TRUE,1
1202,1,"$677,600 ",unlogpred,grosscon,65,1.0232,0.369571003,0.381796085,5.44776353,1.002493894,0.03328432,1.01977277,0.044667576,0.02948231,-0.015185266,0.660038272,TRUE,TRUE,TRUE,1
1202,2,"$826,600 ",unlogpred,grosscon,65,1.0311,0.394238285,0.412767611,6.956188892,0.999138147,0.540499266,0.501843825,0.035118063,0.043924305,0.008806242,1.250761044,TRUE,TRUE,TRUE,1
1202,3,"$950,000 ",unlogpred,grosscon,82,1.0082,0.258450828,0.332788673,8.140029019,0.999210613,0.76561863,0.476230887,0.030677531,0.038931986,0.008254455,1.269071703,TRUE,TRUE,TRUE,1
1202,4,"$1,100,000 ",unlogpred,grosscon,81,1.0138,0.141406536,0.18979029,6.298713291,1.001108454,0.498144217,0.774664618,0.031432757,0.020145973,-0.011286784,0.640922872,TRUE,TRUE,TRUE,1
1202,5,"$1,320,000 ",unlogpred,grosscon,63,1.0011,0.105016759,0.091936116,8.930803517,1.000576705,0.799680313,0.396284378,0.028098088,0.019824888,-0.0082732,0.705560034,TRUE,TRUE,TRUE,1
1202,6,"$1,450,000 ",unlogpred,grosscon,67,0.9818,0.328149396,0.32946877,7.541056573,0.999153516,0.603590736,0.50132469,0.034829809,0.041588508,0.006758699,1.194049269,TRUE,TRUE,TRUE,1
1202,7,"$1,822,000 ",unlogpred,grosscon,30,0.9972,0.22801891,0.326931252,10.83537486,0.999357985,0.74618778,0.460355816,0.040473524,0.047611539,0.007138015,1.176362582,TRUE,TRUE,TRUE,1
1202,8,"$2,530,000 ",unlogpred,grosscon,32,0.954,0.296658728,0.329294538,7.350756866,1.000752289,0.387893133,0.682337567,0.042527272,0.036080076,-0.006447195,0.848398565,TRUE,TRUE,TRUE,1
1202,9,"$5,820,000 ",unlogpred,grosscon,34,0.9644,0.422683921,0.395201038,12.99893555,0.995724835,0.583478129,0.494358792,0.057173386,0.073211976,0.01603859,1.280525456,TRUE,TRUE,TRUE,1
1202,10,"$14,800,875 ",unlogpred,grosscon,64,0.9853,0.825368309,0.832607157,11.02825509,1.000910191,0.049259349,0.951806761,0.203304976,0.202519712,-0.000785263,0.99613751,TRUE,TRUE,TRUE,1
1210,3,"$1,400,500 ",unlogpred,grosscon,6,0.9303,0.994137767,0.971428571,7.384256053,0.995506665,0.63568689,0.383310257,0.028253425,0.075151311,0.046897887,2.659900962,TRUE,TRUE,TRUE,1
1210,4,"$1,650,000 ",unlogpred,grosscon,33,0.9888,0.50644728,0.523324246,4.729629219,0.999300866,0.492122228,0.52167082,0.025563651,0.033785256,0.008221605,1.321613116,TRUE,FALSE,TRUE,1
1210,5,"$1,831,369 ",unlogpred,grosscon,16,1.0332,0.640975769,0.586500087,4.050598712,0.998897405,0.351171376,0.631130967,0.033731098,0.042243113,0.008512015,1.252349192,TRUE,FALSE,TRUE,1
1210,6,"$2,280,000 ",unlogpred,grosscon,20,1.0158,0.629176993,0.475052088,3.913513311,0.999415393,0.320066005,0.682985745,0.03022838,0.03546095,0.00523257,1.173101237,TRUE,FALSE,TRUE,1
1210,7,"$2,497,823 ",unlogpred,grosscon,21,1.0323,0.405347964,0.319455561,6.910778507,0.999497629,0.441592053,0.630016035,0.034519333,0.0364729,0.001953567,1.056593428,TRUE,TRUE,TRUE,1
1210,8,"$3,195,709 ",unlogpred,grosscon,18,1.003,0.795093437,0.760771681,3.508311259,0.999930232,0.086242043,0.830743657,0.046994385,0.047909145,0.00091476,1.019465297,TRUE,FALSE,TRUE,1
1210,9,"$4,304,329 ",unlogpred,grosscon,14,0.9702,0.524156811,0.606651498,5.847167175,1.000123818,0.233699491,0.738389124,0.047027455,0.049117702,0.002090247,1.044447378,TRUE,TRUE,TRUE,1
1210,10,"$9,989,005 ",unlogpred,grosscon,8,0.9266,0.857733615,0.418244406,11.08331574,0.994540812,0.153426821,0.700014113,0.127284804,0.130590262,0.003305458,1.025968991,TRUE,TRUE,TRUE,1
1220,1,"$710,000 ",unlogpred,grosscon,53,1.0037,0.478210595,0.461693818,5.640793064,1.002191878,0.057381601,1.038446033,0.051078302,0.036415445,-0.014662857,0.712933743,TRUE,TRUE,TRUE,1
1220,2,"$833,400 ",unlogpred,grosscon,61,1.0214,0.3893142,0.443234322,6.378183049,0.999572405,0.484025446,0.585561634,0.036087721,0.040571605,0.004483885,1.124249594,TRUE,TRUE,TRUE,1
1220,3,"$1,087,600 ",unlogpred,grosscon,51,1.0101,0.369276332,0.417351066,6.855686316,0.999696835,0.461736792,0.581609788,0.035184957,0.037839847,0.00265489,1.075455264,TRUE,TRUE,TRUE,1
1220,4,"$1,304,800 ",unlogpred,grosscon,64,0.9868,0.148012557,0.179099738,6.934089625,1.000279603,0.742681224,0.51419676,0.032007587,0.027266945,-0.004740642,0.851890064,TRUE,TRUE,TRUE,1
1220,5,"$1,530,000 ",unlogpred,grosscon,76,0.9858,0.478998531,0.507319972,6.009052028,0.999195305,0.453302893,0.569305081,0.033342298,0.042088174,0.008745876,1.262305738,TRUE,TRUE,TRUE,1
1220,6,"$1,875,000 ",unlogpred,grosscon,57,1.011,0.12271612,0.140287848,7.683588684,1.002046016,0.377976632,0.735909935,0.037129333,0.020894456,-0.016234877,0.562747955,TRUE,TRUE,TRUE,1
1220,7,"$2,217,264 ",unlogpred,grosscon,76,1.0014,0.351938936,0.350136811,7.193110408,0.999805533,0.489220366,0.558963318,0.034044272,0.035866505,0.001822232,1.053525376,TRUE,TRUE,TRUE,1
1220,8,"$2,719,673 ",unlogpred,grosscon,66,0.9768,0.519018886,0.497595752,5.735151596,0.999304277,0.385188213,0.614452997,0.035665254,0.041674563,0.006009309,1.168491971,TRUE,TRUE,TRUE,1
1220,9,"$3,801,376 ",unlogpred,grosscon,59,0.9773,0.717750508,0.715864109,7.224562006,0.99771857,0.248202715,0.664486545,0.063923252,0.07688507,0.012961818,1.202771569,TRUE,TRUE,TRUE,1
1220,10,"$12,728,000 ",unlogpred,grosscon,24,0.9872,0.786369614,0.81505683,8.239278021,1.004832906,0.049999919,0.840237436,0.124062417,0.125814816,0.001752399,1.014125139,TRUE,TRUE,TRUE,1
1230,1,"$1,605,840 ",unlogpred,grosscon,1,NA,NA,NA,NA,NA,NA,NA,NA,NA,NA,NA,NA,NA,NA,1
1230,2,"$1,820,000 ",unlogpred,grosscon,1,NA,NA,NA,NA,NA,NA,NA,NA,NA,NA,NA,NA,NA,NA,1
1230,3,"$2,103,444 ",unlogpred,grosscon,3,NA,NA,NA,NA,NA,NA,NA,NA,NA,NA,NA,NA,NA,NA,1
1230,4,"$2,521,840 ",unlogpred,grosscon,8,0.9241,0.225801301,0.204648526,9.783179445,0.999029793,0.970117978,0.278442281,0.021997586,0.043939323,0.021941737,1.997461121,TRUE,TRUE,TRUE,1
1230,5,"$2,900,000 ",unlogpred,grosscon,12,1.0103,0.0339527,0.072739541,3.214989511,1.000523424,0.359188691,0.721561168,0.015057056,0.004705153,-0.010351903,0.312488238,TRUE,FALSE,TRUE,1
1230,6,"$3,379,200 ",unlogpred,grosscon,41,1.0175,0.555392667,0.574653402,5.386828944,0.999111775,0.395766148,0.642603507,0.034852579,0.04388617,0.009033591,1.259194334,TRUE,TRUE,TRUE,1
1230,7,"$4,154,000 ",unlogpred,grosscon,27,1.0132,0.53050776,0.556271263,6.111989852,0.999229473,0.365296294,0.704104779,0.040377855,0.045170562,0.004792706,1.118696406,TRUE,TRUE,TRUE,1
1230,8,"$5,172,200 ",unlogpred,grosscon,44,1.0122,0.551684499,0.575837503,5.033992433,1.000154417,0.218623092,0.747223009,0.040459922,0.040078239,-0.000381682,0.990566411,TRUE,TRUE,TRUE,1
1230,9,"$6,952,000 ",unlogpred,grosscon,50,0.9841,0.515750669,0.498354344,7.566128919,1.000473595,0.227231757,0.735118663,0.063143724,0.058897485,-0.004246239,0.932752798,TRUE,TRUE,TRUE,1
1230,10,"$13,950,000 ",unlogpred,grosscon,54,0.9806,0.736438961,0.82912031,7.933416184,1.013645685,-0.070839845,1.076537513,0.135252557,0.106710551,-0.028542006,0.788972522,TRUE,TRUE,TRUE,1
1240,1,"$835,000 ",unlogpred,grosscon,2,NA,NA,NA,NA,NA,NA,NA,NA,NA,NA,NA,NA,NA,NA,1
1240,2,"$1,252,000 ",unlogpred,grosscon,7,1.0527,0.267736503,0.183673469,3.584474148,1.000574546,0.152147941,0.570914231,0.021218978,0.013319677,-0.007899301,0.627724724,TRUE,FALSE,TRUE,1
1240,3,"$1,547,000 ",unlogpred,grosscon,2,NA,NA,NA,NA,NA,NA,NA,NA,NA,NA,NA,NA,NA,NA,1
1240,4,"$1,994,000 ",unlogpred,grosscon,2,NA,NA,NA,NA,NA,NA,NA,NA,NA,NA,NA,NA,NA,NA,1
1240,5,"$2,200,000 ",unlogpred,grosscon,8,1.0041,0.219164294,0.373063683,6.914820685,0.999681097,0.731758783,0.648557782,0.031486172,0.028915263,-0.002570909,0.918347995,TRUE,TRUE,TRUE,1
1240,6,"$2,454,999 ",unlogpred,grosscon,5,0.9997,0.910373905,0.760526316,2.918918516,0.998931053,0.504878249,0.482986982,0.017259475,0.036029509,0.018770034,2.087520534,TRUE,FALSE,TRUE,1
1240,7,"$2,815,000 ",unlogpred,grosscon,7,0.9417,0.046056657,0.081632653,5.279696961,1.00131069,0.590142249,0.480328069,0.024817255,0.009537713,-0.015279542,0.384317799,TRUE,TRUE,TRUE,1
1240,8,"$3,541,000 ",unlogpred,grosscon,12,1.0286,0.683084498,0.497402246,6.087303022,0.998033543,0.693202735,0.38349882,0.019710988,0.037976794,0.018265806,1.926681378,TRUE,TRUE,TRUE,1
1240,9,"$4,432,000 ",unlogpred,grosscon,13,0.9728,0.824336156,0.781440781,4.78545777,0.997697265,0.245274894,0.667152935,0.051709114,0.06606623,0.014357116,1.277651561,TRUE,FALSE,TRUE,1
1240,10,"$5,255,000 ",unlogpred,grosscon,5,1.0145,0.937714448,0.760526316,8.132572345,1.027859336,-0.144478074,1.163091032,0.17946517,0.162343022,-0.017122148,0.904593474,TRUE,TRUE,TRUE,1
1250,1,"$650,000 ",unlogpred,grosscon,70,1.0226,0.399499417,0.40687675,7.971780687,1.003464227,0.182372734,0.832114433,0.065957472,0.049457527,-0.016499945,0.749839637,TRUE,TRUE,TRUE,1
1250,2,"$967,000 ",unlogpred,grosscon,18,1.0038,0.015709803,0.008255934,8.378202389,1.003781635,0.318378033,0.663416536,0.038287889,0.006812724,-0.031475165,0.177934178,TRUE,TRUE,TRUE,1
1250,3,"$1,240,000 ",unlogpred,grosscon,38,1.0289,0.294135271,0.267685276,5.063980237,1.000810993,0.272241231,0.680410238,0.030516925,0.022774065,-0.00774286,0.74627653,TRUE,TRUE,TRUE,1
1250,4,"$1,800,000 ",unlogpred,grosscon,38,0.9761,0.191805335,0.223403405,6.65026572,1.000429325,0.59635905,0.62068134,0.030629259,0.026388752,-0.004240507,0.861553715,TRUE,TRUE,TRUE,1
1250,5,"$2,400,000 ",unlogpred,grosscon,23,0.9803,0.390370435,0.512885777,6.189185834,0.999059127,0.570859241,0.657217092,0.033714686,0.040545944,0.006831258,1.202619654,TRUE,TRUE,TRUE,1
1250,6,"$3,175,000 ",unlogpred,grosscon,34,0.9785,0.515153311,0.48369218,5.655476227,0.999345636,0.39840232,0.553920847,0.033758757,0.039471937,0.005713181,1.169235517,TRUE,TRUE,TRUE,1
1250,7,"$4,076,500 ",unlogpred,grosscon,24,1.0221,0.507284385,0.483958471,5.878677999,0.999569718,0.336514329,0.59593801,0.038083136,0.042471949,0.004388813,1.115242952,TRUE,TRUE,TRUE,1
1250,8,"$4,900,000 ",unlogpred,grosscon,48,1.0007,0.325047411,0.357774171,6.854757566,1.001000371,0.348404591,0.735957629,0.042996754,0.03627129,-0.006725464,0.843582045,TRUE,TRUE,TRUE,1
1250,9,"$6,650,000 ",unlogpred,grosscon,85,0.9945,0.519343502,0.529997649,7.557599823,1.001190443,0.184392934,0.791365224,0.06226586,0.055802779,-0.006463081,0.89620185,TRUE,TRUE,TRUE,1
1250,10,"$14,995,000 ",unlogpred,grosscon,99,0.9796,0.925744974,0.874741542,6.618743916,1.00062842,0.029966076,0.953627881,0.165809865,0.164440684,-0.001369181,0.991742462,TRUE,TRUE,TRUE,1
1270,1,"$631,250 ",unlogpred,grosscon,88,1.0207,0.717909825,0.742486028,6.12927635,0.999727785,0.12753292,0.872695101,0.07422033,0.075636214,0.001415884,1.019076766,TRUE,TRUE,TRUE,1
1270,2,"$813,000 ",unlogpred,grosscon,86,1.0099,0.343293503,0.400825309,6.046297967,0.999823296,0.473545861,0.59213988,0.0335121,0.035909143,0.002397044,1.071527705,TRUE,TRUE,TRUE,1
1270,3,"$974,750 ",unlogpred,grosscon,68,1.0374,0.314224853,0.304027718,7.50150343,0.999443195,0.608630139,0.453060596,0.032367557,0.037170906,0.004803349,1.148400108,TRUE,TRUE,TRUE,1
1270,4,"$1,234,000 ",unlogpred,grosscon,57,1.0251,0.193879448,0.238936733,6.014018105,1.000746219,0.466475002,0.650263092,0.029305011,0.022302912,-0.007002099,0.761061368,TRUE,TRUE,TRUE,1
1270,5,"$1,590,000 ",unlogpred,grosscon,48,0.9657,0.132383378,0.120891444,9.328715814,1.000116469,0.844818426,0.438652403,0.027591948,0.026002285,-0.001589663,0.9423867,TRUE,TRUE,TRUE,1
1270,6,"$1,833,000 ",unlogpred,grosscon,98,0.9764,0.148744514,0.267338101,6.60192123,1.000494212,0.697083687,0.574765796,0.029697986,0.024426878,-0.005271108,0.822509576,TRUE,TRUE,TRUE,1
1270,7,"$2,251,200 ",unlogpred,grosscon,55,0.9992,0.331007614,0.351383795,9.014604093,0.998203079,0.714217094,0.429706262,0.036764252,0.054174146,0.017409894,1.47355496,TRUE,TRUE,TRUE,1
1270,8,"$2,972,759 ",unlogpred,grosscon,74,0.979,0.383346632,0.438431415,6.14488584,1.000411393,0.339493136,0.663379479,0.041054359,0.03863887,-0.00241549,0.941163624,TRUE,TRUE,TRUE,1
1270,9,"$4,692,589 ",unlogpred,grosscon,61,0.9927,0.383535793,0.551797585,7.636813017,1.000697477,0.317951574,0.866225986,0.067184943,0.06286329,-0.004321653,0.935675273,TRUE,TRUE,TRUE,1
1270,10,"$14,159,212 ",unlogpred,grosscon,64,0.9814,0.927781242,0.855652067,6.947353738,0.99172773,0.091844383,0.916657628,0.174223843,0.188074089,0.013850247,1.079496849,TRUE,TRUE,TRUE,1
1271,1,"$646,550 ",unlogpred,grosscon,79,1.0175,0.656890576,0.708843547,6.207288135,0.99832925,0.249902804,0.755447729,0.059998201,0.070807416,0.010809215,1.180158992,TRUE,TRUE,TRUE,1
1271,2,"$804,000 ",unlogpred,grosscon,115,1.0263,0.245785014,0.228951986,6.198013208,1.001155737,0.292273019,0.713791342,0.034764505,0.023483518,-0.011280988,0.675502709,TRUE,TRUE,TRUE,1
1271,3,"$914,450 ",unlogpred,grosscon,53,1.0035,0.102319886,0.092185978,6.444457495,1.001508208,0.502302757,0.684522134,0.032531261,0.017937439,-0.014593822,0.551390839,TRUE,TRUE,TRUE,1
1271,4,"$1,244,000 ",unlogpred,grosscon,63,1.0102,0.074398323,0.109337911,7.389179047,1.001604707,0.615456596,0.646770137,0.032372606,0.016839518,-0.015533088,0.520178005,TRUE,TRUE,TRUE,1
1271,5,"$1,597,500 ",unlogpred,grosscon,49,0.9693,0.32118092,0.372606581,6.488776333,0.999458484,0.588987793,0.665596439,0.031548804,0.038046097,0.006497293,1.205944193,TRUE,TRUE,TRUE,1
1271,6,"$2,116,401 ",unlogpred,grosscon,56,0.9859,0.448358705,0.460844786,6.914875628,0.998718481,0.539626819,0.541243564,0.034188409,0.045965383,0.011776974,1.344472713,TRUE,TRUE,TRUE,1
1271,7,"$2,825,000 ",unlogpred,grosscon,63,0.9878,0.376018949,0.407437441,7.326053728,0.999416843,0.486886185,0.586639946,0.040735972,0.043202318,0.002466346,1.060544662,TRUE,TRUE,TRUE,1
1271,8,"$3,730,000 ",unlogpred,grosscon,71,1.0012,0.361375716,0.447565647,6.620438691,1.000805251,0.311550105,0.691406756,0.043419558,0.038911151,-0.004508407,0.896166443,TRUE,TRUE,TRUE,1
1271,9,"$5,388,047 ",unlogpred,grosscon,76,0.99,0.607192824,0.679307459,7.250642304,0.9984898,0.275418772,0.819464603,0.067890282,0.074788471,0.006898189,1.101607896,TRUE,TRUE,TRUE,1
1271,10,"$14,250,000 ",unlogpred,grosscon,112,0.9828,0.933444252,0.909111001,6.098456646,0.997794303,0.041234216,0.942944669,0.17169565,0.176162467,0.004466817,1.026015898,TRUE,TRUE,TRUE,1
1272,1,"$761,000 ",unlogpred,grosscon,2,NA,NA,NA,NA,NA,NA,NA,NA,NA,NA,NA,NA,NA,NA,1
1272,2,"$999,000 ",unlogpred,grosscon,2,NA,NA,NA,NA,NA,NA,NA,NA,NA,NA,NA,NA,NA,NA,1
1272,3,"$1,390,000 ",unlogpred,grosscon,1,NA,NA,NA,NA,NA,NA,NA,NA,NA,NA,NA,NA,NA,NA,1
1272,4,"$1,600,000 ",unlogpred,grosscon,1,NA,NA,NA,NA,NA,NA,NA,NA,NA,NA,NA,NA,NA,NA,1
1272,5,"$1,662,500 ",unlogpred,grosscon,1,NA,NA,NA,NA,NA,NA,NA,NA,NA,NA,NA,NA,NA,NA,1
1272,6,"$2,050,000 ",unlogpred,grosscon,4,NA,NA,NA,NA,NA,NA,NA,NA,NA,NA,NA,NA,NA,NA,1
1272,7,"$2,546,500 ",unlogpred,grosscon,4,NA,NA,NA,NA,NA,NA,NA,NA,NA,NA,NA,NA,NA,NA,1
1272,8,"$2,625,000 ",unlogpred,grosscon,7,0.971,0.339535615,0.12987013,14.63826327,0.997484705,1.151832484,0.22481369,0.017135207,0.033320054,0.016184847,1.944537527,TRUE,TRUE,TRUE,1
1272,9,"$3,492,500 ",unlogpred,grosscon,2,NA,NA,NA,NA,NA,NA,NA,NA,NA,NA,NA,NA,NA,NA,1
1272,10,"$6,850,000 ",unlogpred,grosscon,2,NA,NA,NA,NA,NA,NA,NA,NA,NA,NA,NA,NA,NA,NA,1
1280,1,"$940,000 ",unlogpred,grosscon,23,1.0346,0.040798686,0.37431299,7.661486071,1.005841821,0.521908181,1.11447242,0.049647389,0.020536497,-0.029110892,0.413647078,TRUE,TRUE,TRUE,1
1280,2,"$1,150,000 ",unlogpred,grosscon,46,1.0366,0.506753951,0.495535113,6.755100567,0.998903657,0.400242223,0.601030886,0.042047668,0.049730643,0.007682975,1.182720597,TRUE,TRUE,TRUE,1
1280,3,"$1,375,000 ",unlogpred,grosscon,105,1.032,0.211571943,0.232363503,7.793936056,1.000145513,0.620335145,0.495248276,0.032213819,0.031732279,-0.000481539,0.985051776,TRUE,TRUE,TRUE,1
1280,4,"$1,690,500 ",unlogpred,grosscon,88,1.0212,0.192791798,0.212182441,7.619519869,1.000386921,0.607269607,0.581288971,0.031980605,0.027688399,-0.004292206,0.865787221,TRUE,TRUE,TRUE,1
1280,5,"$2,000,000 ",unlogpred,grosscon,86,0.9945,0.167186254,0.217243903,6.736512689,1.000563322,0.602082718,0.636062585,0.030145793,0.02363501,-0.006510783,0.784023489,TRUE,TRUE,TRUE,1
1280,6,"$2,515,000 ",unlogpred,grosscon,116,0.991,0.116681224,0.220159598,9.114098152,1.000289739,0.864907041,0.514790463,0.034069943,0.03088831,-0.003181633,0.90661467,TRUE,TRUE,TRUE,1
1280,7,"$3,550,000 ",unlogpred,grosscon,88,1.0032,0.181440642,0.182249628,8.235938986,1.000836139,0.566423791,0.583400106,0.035998121,0.02711043,-0.008887692,0.753106794,TRUE,TRUE,TRUE,1
1280,8,"$4,675,000 ",unlogpred,grosscon,81,0.9812,0.238794079,0.333425274,8.496787688,1.000694648,0.522727922,0.67491141,0.045333926,0.041975228,-0.003358698,0.925912034,TRUE,TRUE,TRUE,1
1280,9,"$6,929,112 ",unlogpred,grosscon,118,0.9759,0.552731839,0.694900577,6.54764714,1.00004254,0.232947058,0.852027179,0.067951824,0.068091412,0.000139588,1.002054213,TRUE,TRUE,TRUE,1
1280,10,"$14,500,000 ",unlogpred,grosscon,185,0.9937,0.859670775,0.861276872,7.032574767,1.006266771,-0.000435252,0.990506282,0.162314539,0.150772946,-0.011541593,0.92889366,TRUE,TRUE,TRUE,1
1281,1,"$705,975 ",unlogpred,grosscon,46,1.0169,0.523257893,0.568472215,7.884118233,1.000087804,0.230680382,0.820169703,0.067615707,0.063873492,-0.003742215,0.944654651,TRUE,TRUE,TRUE,1
1281,2,"$849,000 ",unlogpred,grosscon,40,1.0437,0.243742304,0.256351173,8.419544248,0.999763104,0.640232245,0.571046236,0.035901889,0.03832514,0.002423251,1.067496466,TRUE,TRUE,TRUE,1
1281,3,"$1,002,000 ",unlogpred,grosscon,42,1.0046,0.131316942,0.260698928,14.36169595,0.992808048,1.800225137,0.33729117,0.036006834,0.101306242,0.065299408,2.813528177,TRUE,TRUE,TRUE,1
1281,4,"$1,281,185 ",unlogpred,grosscon,33,0.9984,0.160665231,0.227377544,7.102568396,1.001119922,0.538195257,0.57176952,0.033043611,0.025392578,-0.007651033,0.768456501,TRUE,TRUE,TRUE,1
1281,5,"$1,562,500 ",unlogpred,grosscon,41,0.9923,0.24560838,0.246326319,4.905455834,1.000486431,0.411238228,0.583296904,0.026139053,0.02135736,-0.004781693,0.817067092,TRUE,FALSE,TRUE,1
1281,6,"$1,920,000 ",unlogpred,grosscon,41,0.9606,0.503674594,0.423211611,7.281890461,0.998991265,0.436666685,0.561090706,0.038839785,0.046326744,0.007486959,1.192765188,TRUE,TRUE,TRUE,1
1281,7,"$2,560,000 ",unlogpred,grosscon,33,0.9502,0.392646934,0.390442363,5.698999222,1.00024966,0.34874396,0.694182573,0.036572652,0.033086365,-0.003486287,0.904675027,TRUE,TRUE,TRUE,1
1281,8,"$3,200,000 ",unlogpred,grosscon,45,0.9884,0.528902573,0.569632046,5.55107735,0.999483253,0.30734009,0.860088724,0.045207914,0.048818141,0.003610227,1.079858288,TRUE,TRUE,TRUE,1
1281,9,"$4,106,250 ",unlogpred,grosscon,45,0.9847,0.728120889,0.743012143,4.648896448,0.999922184,0.12249419,0.869874815,0.054758086,0.055476145,0.000718058,1.013113285,TRUE,FALSE,TRUE,1
1281,10,"$8,900,000 ",unlogpred,grosscon,33,0.966,0.776068832,0.594350659,7.535545531,1.002655446,0.045717406,0.987022039,0.111169517,0.102254684,-0.008914833,0.919808658,TRUE,TRUE,TRUE,1
1282,1,"$701,550 ",unlogpred,grosscon,10,1.0289,0.175470407,0.127860422,9.111677218,1.013398462,-0.589703262,0.998359113,0.070931131,0.015765174,-0.055165957,0.222260295,TRUE,TRUE,TRUE,1
1282,2,"$1,138,274 ",unlogpred,grosscon,4,NA,NA,NA,NA,NA,NA,NA,NA,NA,NA,NA,NA,NA,NA,1
1282,3,"$1,279,159 ",unlogpred,grosscon,3,NA,NA,NA,NA,NA,NA,NA,NA,NA,NA,NA,NA,NA,NA,1
1282,4,"$1,395,000 ",unlogpred,grosscon,14,1.0634,0.105978247,0.058575785,5.590432817,1.001472717,0.276089749,0.784861806,0.028329858,0.010165688,-0.01816417,0.358832992,TRUE,TRUE,TRUE,1
1282,5,"$1,577,500 ",unlogpred,grosscon,14,0.9764,0.00060847,0.001747592,8.703220921,1.003219381,0.483640998,0.627398203,0.032528484,0.003839461,-0.028689023,0.118033817,TRUE,TRUE,TRUE,1
1282,6,"$1,810,999 ",unlogpred,grosscon,15,0.9998,0.268175855,0.324493025,6.218247638,0.999804571,0.592941163,0.58967667,0.027514436,0.029717306,0.00220287,1.080062329,TRUE,TRUE,TRUE,1
1282,7,"$2,245,000 ",unlogpred,grosscon,14,0.9646,0.25682049,0.302560875,6.508842677,1.001833334,0.232710235,0.672033449,0.041182136,0.031436246,-0.00974589,0.763346667,TRUE,TRUE,TRUE,1
1282,8,"$2,550,000 ",unlogpred,grosscon,11,0.9634,0.431869192,0.334765463,5.319610808,1.000060787,0.321979157,0.823532299,0.039139354,0.040966542,0.001827189,1.046684181,TRUE,TRUE,TRUE,1
1282,9,"$3,158,500 ",unlogpred,grosscon,6,1.0214,0.697990775,0.303361345,6.061827872,0.996666771,0.371184135,0.625450407,0.041432051,0.046740899,0.005308848,1.128133844,TRUE,TRUE,TRUE,1
1282,10,"$4,297,500 ",unlogpred,grosscon,2,NA,NA,NA,NA,NA,NA,NA,NA,NA,NA,NA,NA,NA,NA,1
1290,1,"$486,000 ",unlogpred,grosscon,19,0.9935,0.7415379,0.794816306,4.571092775,1.003486053,-0.107190648,1.100408988,0.063773023,0.048767692,-0.015005331,0.764707229,TRUE,FALSE,TRUE,1
1290,2,"$500,000 ",unlogpred,grosscon,3,NA,NA,NA,NA,NA,NA,NA,NA,NA,NA,NA,NA,NA,NA,1
1290,3,"$505,000 ",unlogpred,grosscon,1,NA,NA,NA,NA,NA,NA,NA,NA,NA,NA,NA,NA,NA,NA,1
1291,1,"$558,000 ",unlogpred,grosscon,5,1.0842,0.796367327,0.49,3.391630198,1.002332417,-0.185446785,1.097626521,0.046023689,0.031157298,-0.014866391,0.676983942,TRUE,FALSE,TRUE,1
1291,2,"$616,000 ",unlogpred,grosscon,1,NA,NA,NA,NA,NA,NA,NA,NA,NA,NA,NA,NA,NA,NA,1
1291,3,"$700,000 ",unlogpred,grosscon,3,NA,NA,NA,NA,NA,NA,NA,NA,NA,NA,NA,NA,NA,NA,1
1291,4,"$810,000 ",unlogpred,grosscon,2,NA,NA,NA,NA,NA,NA,NA,NA,NA,NA,NA,NA,NA,NA,1
1291,5,"$920,000 ",unlogpred,grosscon,1,NA,NA,NA,NA,NA,NA,NA,NA,NA,NA,NA,NA,NA,NA,1
2060,1,"$159,000 ",unlogpred,grosscon,3,NA,NA,NA,NA,NA,NA,NA,NA,NA,NA,NA,NA,NA,NA,2
2060,3,"$209,000 ",unlogpred,grosscon,1,NA,NA,NA,NA,NA,NA,NA,NA,NA,NA,NA,NA,NA,NA,2
2060,5,"$285,750 ",unlogpred,grosscon,2,NA,NA,NA,NA,NA,NA,NA,NA,NA,NA,NA,NA,NA,NA,2
2060,6,"$288,120 ",unlogpred,grosscon,1,NA,NA,NA,NA,NA,NA,NA,NA,NA,NA,NA,NA,NA,NA,2
2060,7,"$300,000 ",unlogpred,grosscon,2,NA,NA,NA,NA,NA,NA,NA,NA,NA,NA,NA,NA,NA,NA,2
2060,8,"$308,896 ",unlogpred,grosscon,10,0.9108,0.134152988,0.122619746,3.362176075,1.000021364,0.790529721,0.397025776,0.008315325,0.003022979,-0.005292346,0.363543089,TRUE,FALSE,TRUE,2
2060,9,"$328,372 ",unlogpred,grosscon,12,0.8804,0.451735324,0.564529776,6.678234495,1.001384935,0.200128112,0.711037749,0.047684012,0.040404991,-0.007279021,0.847348818,FALSE,TRUE,TRUE,2
2130,8,"$354,564 ",unlogpred,grosscon,2,NA,NA,NA,NA,NA,NA,NA,NA,NA,NA,NA,NA,NA,NA,2
2130,9,"$366,282 ",unlogpred,grosscon,3,NA,NA,NA,NA,NA,NA,NA,NA,NA,NA,NA,NA,NA,NA,2
2150,10,"$525,000 ",unlogpred,grosscon,1,NA,NA,NA,NA,NA,NA,NA,NA,NA,NA,NA,NA,NA,NA,2
2190,3,"$565,500 ",unlogpred,grosscon,1,NA,NA,NA,NA,NA,NA,NA,NA,NA,NA,NA,NA,NA,NA,2
2190,9,"$655,000 ",unlogpred,grosscon,2,NA,NA,NA,NA,NA,NA,NA,NA,NA,NA,NA,NA,NA,NA,2
2190,10,"$675,000 ",unlogpred,grosscon,18,0.9566,0.335746066,0.143741402,6.737317444,1.003969118,-0.052183715,0.865962691,0.047146782,0.025916234,-0.021230547,0.549692545,TRUE,TRUE,TRUE,2
2220,1,"$280,250 ",unlogpred,grosscon,1,NA,NA,NA,NA,NA,NA,NA,NA,NA,NA,NA,NA,NA,NA,2
2220,6,"$339,000 ",unlogpred,grosscon,1,NA,NA,NA,NA,NA,NA,NA,NA,NA,NA,NA,NA,NA,NA,2
2220,7,"$363,000 ",unlogpred,grosscon,3,NA,NA,NA,NA,NA,NA,NA,NA,NA,NA,NA,NA,NA,NA,2
2220,8,"$373,400 ",unlogpred,grosscon,4,NA,NA,NA,NA,NA,NA,NA,NA,NA,NA,NA,NA,NA,NA,2
2220,9,"$392,299 ",unlogpred,grosscon,14,0.9709,0.556800122,0.637890304,5.693325065,1.004248865,-0.181898078,1.491248241,0.057506429,0.032640396,-0.024866033,0.567595606,TRUE,TRUE,TRUE,2
2220,10,"$440,000 ",unlogpred,grosscon,6,0.9453,0.05105927,0.008294931,8.467533085,1.000198395,1.00644697,0.555177871,0.01627123,0.016771404,0.000500174,1.030739757,TRUE,TRUE,TRUE,2
2230,10,"$855,000 ",unlogpred,grosscon,4,NA,NA,NA,NA,NA,NA,NA,NA,NA,NA,NA,NA,NA,NA,2
2250,1,"$160,000 ",unlogpred,grosscon,75,1.107,0.111154302,0.091803178,8.340091002,1.003091763,0.280823884,0.756986248,0.040171634,0.017492539,-0.022679095,0.435445045,FALSE,TRUE,TRUE,2
2250,2,"$175,000 ",unlogpred,grosscon,79,1.0461,0.000493477,2.44085E-07,6.760908218,1.000426864,1.218449823,0.291311225,0.011720375,0.003150936,-0.008569439,0.268842602,TRUE,TRUE,TRUE,2
2250,3,"$180,000 ",unlogpred,grosscon,79,1.0325,0.022851537,0.035938742,5.997345186,1.000022454,1.262657522,0.174455964,0.007323927,0.003683644,-0.003640282,0.502960289,TRUE,TRUE,TRUE,2
2250,4,"$190,000 ",unlogpred,grosscon,79,0.9792,0.003363133,0.004019758,6.435465654,1.000173546,1.240845787,0.186354536,0.008640625,0.002105763,-0.006534863,0.243704884,TRUE,TRUE,TRUE,2
2250,5,"$200,000 ",unlogpred,grosscon,79,0.9817,2.9461E-05,2.89898E-05,6.01783765,1.00048842,1.153459995,0.33808061,0.01193901,-0.000976136,-0.012915147,-0.08176025,TRUE,TRUE,TRUE,2
2250,6,"$218,800 ",unlogpred,grosscon,80,0.9486,0.119274795,0.130860178,6.981396665,1.000288734,0.773542544,0.382774297,0.02278729,0.020447884,-0.002339405,0.897337269,TRUE,TRUE,TRUE,2
2250,7,"$240,000 ",unlogpred,grosscon,76,0.92,0.016424498,0.003847776,6.757690569,1.001190377,1.154565852,0.444573115,0.016905396,-0.006009715,-0.022915111,-0.355490896,TRUE,TRUE,TRUE,2
2250,8,"$260,000 ",unlogpred,grosscon,59,0.8935,0.002632132,0.005382076,8.16981261,1.000445983,1.208050261,0.273283358,0.013425912,0.003375639,-0.010050273,0.251427197,FALSE,TRUE,TRUE,2
2250,9,"$277,700 ",unlogpred,grosscon,33,0.9002,0.144381149,0.203630336,7.697927875,1.000251742,0.748536229,0.410534816,0.028153389,0.024057834,-0.004095556,0.854527085,TRUE,TRUE,TRUE,2
2290,1,"$182,000 ",unlogpred,grosscon,2,NA,NA,NA,NA,NA,NA,NA,NA,NA,NA,NA,NA,NA,NA,2
2290,2,"$194,000 ",unlogpred,grosscon,1,NA,NA,NA,NA,NA,NA,NA,NA,NA,NA,NA,NA,NA,NA,2
2290,5,"$272,500 ",unlogpred,grosscon,1,NA,NA,NA,NA,NA,NA,NA,NA,NA,NA,NA,NA,NA,NA,2
2290,8,"$339,000 ",unlogpred,grosscon,2,NA,NA,NA,NA,NA,NA,NA,NA,NA,NA,NA,NA,NA,NA,2
2290,9,"$342,000 ",unlogpred,grosscon,5,0.8641,0.487383071,0.16,7.254571367,0.999546611,0.438361095,0.564831589,0.034482759,0.023505947,-0.010976812,0.681672453,FALSE,TRUE,TRUE,2
2300,4,"$485,000 ",unlogpred,grosscon,1,NA,NA,NA,NA,NA,NA,NA,NA,NA,NA,NA,NA,NA,NA,2
2300,8,"$861,000 ",unlogpred,grosscon,4,NA,NA,NA,NA,NA,NA,NA,NA,NA,NA,NA,NA,NA,NA,2
2300,9,"$999,000 ",unlogpred,grosscon,9,1.0403,0.004270866,0.008473389,8.372229754,1.004162227,0.406183324,0.703461942,0.034510976,0.000297497,-0.034213479,0.008620365,TRUE,TRUE,TRUE,2
2300,10,"$1,050,000 ",unlogpred,grosscon,48,0.9611,0.931283135,0.906999953,6.516104183,1.000087206,0.020259187,0.972082729,0.174193954,0.175638337,0.001444384,1.008291813,TRUE,TRUE,TRUE,2
2310,3,"$298,500 ",unlogpred,grosscon,1,NA,NA,NA,NA,NA,NA,NA,NA,NA,NA,NA,NA,NA,NA,2
2310,4,"$308,000 ",unlogpred,grosscon,1,NA,NA,NA,NA,NA,NA,NA,NA,NA,NA,NA,NA,NA,NA,2
2310,7,"$336,500 ",unlogpred,grosscon,1,NA,NA,NA,NA,NA,NA,NA,NA,NA,NA,NA,NA,NA,NA,2
2310,8,"$346,000 ",unlogpred,grosscon,1,NA,NA,NA,NA,NA,NA,NA,NA,NA,NA,NA,NA,NA,NA,2
2310,9,"$355,499 ",unlogpred,grosscon,1,NA,NA,NA,NA,NA,NA,NA,NA,NA,NA,NA,NA,NA,NA,2
2330,9,"$432,500 ",unlogpred,grosscon,3,NA,NA,NA,NA,NA,NA,NA,NA,NA,NA,NA,NA,NA,NA,2
2330,10,"$440,000 ",unlogpred,grosscon,5,0.9459,0.660717055,0.673684211,3.599641576,0.999472972,0.352041923,0.577754009,0.023584906,0.028923155,0.005338249,1.226341777,TRUE,FALSE,TRUE,2
2370,1,"$155,000 ",unlogpred,grosscon,2,NA,NA,NA,NA,NA,NA,NA,NA,NA,NA,NA,NA,NA,NA,2
2370,2,"$155,000 ",unlogpred,grosscon,3,NA,NA,NA,NA,NA,NA,NA,NA,NA,NA,NA,NA,NA,NA,2
2370,4,"$155,000 ",unlogpred,grosscon,1,NA,NA,NA,NA,NA,NA,NA,NA,NA,NA,NA,NA,NA,NA,2
3010,1,"$474,045 ",unlogpred,grosscon,2,NA,NA,NA,NA,NA,NA,NA,NA,NA,NA,NA,NA,NA,NA,3
3010,2,"$491,790 ",unlogpred,grosscon,3,NA,NA,NA,NA,NA,NA,NA,NA,NA,NA,NA,NA,NA,NA,3
3010,3,"$495,895 ",unlogpred,grosscon,2,NA,NA,NA,NA,NA,NA,NA,NA,NA,NA,NA,NA,NA,NA,3
3010,4,"$500,000 ",unlogpred,grosscon,1,NA,NA,NA,NA,NA,NA,NA,NA,NA,NA,NA,NA,NA,NA,3
3020,1,"$550,000 ",unlogpred,grosscon,1,NA,NA,NA,NA,NA,NA,NA,NA,NA,NA,NA,NA,NA,NA,3
3020,2,"$720,000 ",unlogpred,grosscon,4,NA,NA,NA,NA,NA,NA,NA,NA,NA,NA,NA,NA,NA,NA,3
3020,4,"$785,000 ",unlogpred,grosscon,8,0.9854,0.706637401,0.580498866,2.756397147,0.999406293,0.295802695,0.659169664,0.026228888,0.032199346,0.005970457,1.227629069,TRUE,FALSE,TRUE,3
3020,5,"$802,381 ",unlogpred,grosscon,3,NA,NA,NA,NA,NA,NA,NA,NA,NA,NA,NA,NA,NA,NA,3
3020,6,"$805,000 ",unlogpred,grosscon,2,NA,NA,NA,NA,NA,NA,NA,NA,NA,NA,NA,NA,NA,NA,3
3020,9,"$975,000 ",unlogpred,grosscon,1,NA,NA,NA,NA,NA,NA,NA,NA,NA,NA,NA,NA,NA,NA,3
3030,1,"$524,699 ",unlogpred,grosscon,30,1.0491,0.704068869,0.760445743,8.285237978,1.002071556,0.08393637,1.030276283,0.167346182,0.159757295,-0.007588886,0.954651571,TRUE,TRUE,TRUE,3
3030,2,"$600,000 ",unlogpred,grosscon,63,1.0275,0.539964044,0.526125442,3.59006496,1.000621034,0.068937248,0.876651508,0.031998777,0.026141544,-0.005857233,0.816954475,TRUE,FALSE,TRUE,3
3030,3,"$647,794 ",unlogpred,grosscon,62,1.0108,0.327872268,0.552296772,5.246764286,0.999411145,0.63266776,0.630044358,0.027608472,0.034970642,0.00736217,1.266663421,TRUE,TRUE,TRUE,3
3030,4,"$710,000 ",unlogpred,grosscon,64,0.9955,0.292150204,0.415974926,5.521948706,0.999774705,0.599779912,0.604416833,0.029904679,0.031467696,0.001563017,1.052266634,TRUE,TRUE,TRUE,3
3030,5,"$789,526 ",unlogpred,grosscon,59,0.9745,0.167058243,0.242906632,6.120141198,0.999968724,0.810645456,0.486976065,0.023712634,0.024309555,0.000596921,1.025173132,TRUE,TRUE,TRUE,3
3030,6,"$884,625 ",unlogpred,grosscon,64,0.9856,0.031617173,0.034197339,9.495306828,1.001361386,0.90440915,0.420770786,0.024863866,0.008987135,-0.015876731,0.361453645,TRUE,TRUE,TRUE,3
3030,7,"$960,000 ",unlogpred,grosscon,33,0.9228,0.151348546,0.065320513,6.747939183,1.000602292,0.587487434,0.511392692,0.026612056,0.018095655,-0.008516401,0.679979589,TRUE,TRUE,TRUE,3
3030,8,"$999,999 ",unlogpred,grosscon,19,0.9384,0.048822561,0.000694348,7.638685459,1.00179871,0.539371805,0.389219678,0.030552843,0.00696519,-0.023587653,0.227971901,TRUE,TRUE,TRUE,3
3030,9,"$1,188,991 ",unlogpred,grosscon,2,NA,NA,NA,NA,NA,NA,NA,NA,NA,NA,NA,NA,NA,NA,3
3030,10,"$2,341,975 ",unlogpred,grosscon,2,NA,NA,NA,NA,NA,NA,NA,NA,NA,NA,NA,NA,NA,NA,3
3040,1,"$430,000 ",unlogpred,grosscon,9,1.0406,0.447238235,0.444444444,9.748501219,1.01540832,-0.351001862,1.237136262,0.07965157,0.049729853,-0.029921717,0.624342403,TRUE,TRUE,TRUE,3
3040,2,"$493,600 ",unlogpred,grosscon,9,0.9739,0.592403545,0.694444444,4.940997997,0.998857733,0.428433019,0.508728736,0.033426624,0.041297212,0.007870588,1.235458657,TRUE,FALSE,TRUE,3
3040,3,"$556,400 ",unlogpred,grosscon,8,0.9793,0.50783296,0.55134825,5.258381437,0.99849494,0.550473885,0.492067674,0.031097444,0.049256396,0.018158952,1.583937104,TRUE,TRUE,TRUE,3
3040,4,"$563,800 ",unlogpred,grosscon,1,NA,NA,NA,NA,NA,NA,NA,NA,NA,NA,NA,NA,NA,NA,3
3040,5,"$610,950 ",unlogpred,grosscon,3,NA,NA,NA,NA,NA,NA,NA,NA,NA,NA,NA,NA,NA,NA,3
3040,7,"$630,052 ",unlogpred,grosscon,1,NA,NA,NA,NA,NA,NA,NA,NA,NA,NA,NA,NA,NA,NA,3
3060,2,"$991,000 ",unlogpred,grosscon,1,NA,NA,NA,NA,NA,NA,NA,NA,NA,NA,NA,NA,NA,NA,3
3060,4,"$1,208,000 ",unlogpred,grosscon,4,NA,NA,NA,NA,NA,NA,NA,NA,NA,NA,NA,NA,NA,NA,3
3060,5,"$1,399,000 ",unlogpred,grosscon,6,1.0604,0.758707208,0.658823529,2.651423421,0.999427987,0.329837805,0.684850404,0.020494973,0.02848663,0.007991657,1.389932556,TRUE,FALSE,TRUE,3
3060,6,"$1,544,999 ",unlogpred,grosscon,13,1.0087,0.054681529,0.035286935,7.687104084,1.003009077,0.788310539,0.979156335,0.026537302,-0.005867898,-0.032405201,-0.221118862,TRUE,TRUE,TRUE,3
3060,7,"$1,738,400 ",unlogpred,grosscon,15,0.9724,0.103322764,0.079451392,5.807696434,1.0002235,0.791833196,0.531252508,0.017661109,0.013682245,-0.003978864,0.774710422,TRUE,TRUE,TRUE,3
3060,8,"$1,766,169 ",unlogpred,grosscon,14,1.0051,0.641483221,0.678000049,3.57793476,1.000563336,0.056092506,0.973525683,0.036902319,0.0317312,-0.005171119,0.859870078,TRUE,FALSE,TRUE,3
3060,9,"$2,449,902 ",unlogpred,grosscon,27,0.9956,0.487442692,0.451942202,3.670242202,1.000974947,0.068767334,0.904502663,0.035620878,0.027581055,-0.008039823,0.774294632,TRUE,FALSE,TRUE,3
3060,10,"$4,200,000 ",unlogpred,grosscon,16,0.9856,0.88120173,0.7225,5.208030463,0.999978505,0.040824657,0.953955212,0.101177078,0.099397799,-0.001779279,0.982414208,TRUE,TRUE,TRUE,3
3070,1,"$404,800 ",unlogpred,grosscon,37,1.0225,0.73764979,0.709593279,5.799378924,1.003181647,-0.011608689,0.936947825,0.085296606,0.076422768,-0.008873838,0.89596493,TRUE,TRUE,TRUE,3
3070,2,"$484,000 ",unlogpred,grosscon,28,1.014,0.363197703,0.326083898,5.001458281,1.000666861,0.298216628,0.733357704,0.037238174,0.031257723,-0.00598045,0.839400012,TRUE,TRUE,TRUE,3
3070,3,"$545,000 ",unlogpred,grosscon,19,0.961,0.610338259,0.657261337,2.877158554,0.999817881,0.268248392,0.777306395,0.02346039,0.02577596,0.00231557,1.098701275,TRUE,FALSE,TRUE,3
3070,4,"$661,863 ",unlogpred,grosscon,10,0.9817,0.279842994,0.376977088,11.43238556,0.998050542,0.937420695,0.357013574,0.028107728,0.048984225,0.020876497,1.742731575,TRUE,TRUE,TRUE,3
3070,5,"$920,000 ",unlogpred,grosscon,42,1.0024,0.289881275,0.241888335,2.677677663,1.000229749,0.288955829,0.828139254,0.016352975,0.011583061,-0.004769914,0.708315227,TRUE,FALSE,TRUE,3
3070,6,"$941,881 ",unlogpred,grosscon,29,0.9837,0.058963707,0.000476072,2.688205759,1.000078965,1.458355101,0.15795526,0.002676965,-0.003238927,-0.005915892,-1.209924752,TRUE,FALSE,TRUE,3
3070,7,"$975,000 ",unlogpred,grosscon,15,0.9387,0.294772669,0.297885508,4.986286198,0.999620308,0.78316424,0.363049413,0.015066352,0.023828052,0.008761701,1.581540946,TRUE,FALSE,TRUE,3
3070,8,"$996,000 ",unlogpred,grosscon,6,0.9871,0.002018148,0.04,7.609770989,1.00435378,0.02445708,0.686643191,0.036400517,0.001068844,-0.035331673,0.02936342,TRUE,TRUE,TRUE,3
3070,9,"$1,114,500 ",unlogpred,grosscon,4,NA,NA,NA,NA,NA,NA,NA,NA,NA,NA,NA,NA,NA,NA,3
3070,10,"$1,900,000 ",unlogpred,grosscon,1,NA,NA,NA,NA,NA,NA,NA,NA,NA,NA,NA,NA,NA,NA,3
3080,1,"$436,102 ",unlogpred,grosscon,7,1.0187,0.953202863,0.734693878,2.588326225,1.001846502,-0.061389421,0.987504292,0.069832501,0.067335224,-0.002497277,0.964239042,TRUE,FALSE,TRUE,3
3080,2,"$542,000 ",unlogpred,grosscon,5,1.0148,0.968547769,1,1.255157951,1.000601512,-0.056809526,1.101594812,0.044477744,0.041737992,-0.002739752,0.938401737,TRUE,FALSE,TRUE,3
3080,3,"$673,500 ",unlogpred,grosscon,10,1.0219,0.38062743,0.657705893,9.071959939,0.997839815,1.065230153,0.256519976,0.019294624,0.06151901,0.042224386,3.188401612,TRUE,TRUE,TRUE,3
3080,4,"$709,000 ",unlogpred,grosscon,15,0.9844,0.374995991,0.438098456,6.829291994,0.998815588,0.896774928,0.371110427,0.018414026,0.037494988,0.019080962,2.036218909,TRUE,TRUE,TRUE,3
3080,5,"$791,500 ",unlogpred,grosscon,11,0.9696,0.307229897,0.216930776,6.126197769,0.999768013,0.597391545,0.489621878,0.024291128,0.025270863,0.000979734,1.040333008,TRUE,TRUE,TRUE,3
3080,6,"$818,076 ",unlogpred,grosscon,3,NA,NA,NA,NA,NA,NA,NA,NA,NA,NA,NA,NA,NA,NA,3
3080,7,"$894,000 ",unlogpred,grosscon,2,NA,NA,NA,NA,NA,NA,NA,NA,NA,NA,NA,NA,NA,NA,3
3080,8,"$984,000 ",unlogpred,grosscon,4,NA,NA,NA,NA,NA,NA,NA,NA,NA,NA,NA,NA,NA,NA,3
3080,9,"$1,482,500 ",unlogpred,grosscon,2,NA,NA,NA,NA,NA,NA,NA,NA,NA,NA,NA,NA,NA,NA,3
3080,10,"$2,200,000 ",unlogpred,grosscon,1,NA,NA,NA,NA,NA,NA,NA,NA,NA,NA,NA,NA,NA,NA,3
3090,1,"$1,070,000 ",unlogpred,grosscon,1,NA,NA,NA,NA,NA,NA,NA,NA,NA,NA,NA,NA,NA,NA,3
3090,4,"$2,360,000 ",unlogpred,grosscon,3,NA,NA,NA,NA,NA,NA,NA,NA,NA,NA,NA,NA,NA,NA,3
3090,5,"$2,512,500 ",unlogpred,grosscon,1,NA,NA,NA,NA,NA,NA,NA,NA,NA,NA,NA,NA,NA,NA,3
3090,6,"$2,992,999 ",unlogpred,grosscon,3,NA,NA,NA,NA,NA,NA,NA,NA,NA,NA,NA,NA,NA,NA,3
3090,7,"$3,525,000 ",unlogpred,grosscon,4,NA,NA,NA,NA,NA,NA,NA,NA,NA,NA,NA,NA,NA,NA,3
3090,8,"$3,990,000 ",unlogpred,grosscon,3,NA,NA,NA,NA,NA,NA,NA,NA,NA,NA,NA,NA,NA,NA,3
3090,9,"$4,200,000 ",unlogpred,grosscon,5,1.0339,0.976644957,1,4.607122718,0.996901114,0.406192293,0.521443936,0.034364995,0.062149005,0.02778401,1.808497431,TRUE,FALSE,TRUE,3
3090,10,"$4,300,000 ",unlogpred,grosscon,53,0.9985,0.82237862,0.860338768,6.517153509,1.004260075,-0.006748823,1.082894116,0.126166885,0.117298417,-0.008868468,0.929708435,TRUE,TRUE,TRUE,3
3110,1,"$493,200 ",unlogpred,grosscon,1,NA,NA,NA,NA,NA,NA,NA,NA,NA,NA,NA,NA,NA,NA,3
3110,2,"$496,400 ",unlogpred,grosscon,2,NA,NA,NA,NA,NA,NA,NA,NA,NA,NA,NA,NA,NA,NA,3
3110,3,"$512,444 ",unlogpred,grosscon,2,NA,NA,NA,NA,NA,NA,NA,NA,NA,NA,NA,NA,NA,NA,3
3120,1,"$494,600 ",unlogpred,grosscon,18,1.0302,0.499362769,0.411985847,5.302516187,1.002238813,0.112075554,0.843799153,0.055945853,0.045007345,-0.010938508,0.804480449,TRUE,TRUE,TRUE,3
3120,2,"$540,000 ",unlogpred,grosscon,48,1.0119,0.670428409,0.729865354,3.301961705,1.000105037,0.131255885,0.880837321,0.035533851,0.035544747,1.08962E-05,1.000306643,TRUE,FALSE,TRUE,3
3120,3,"$599,000 ",unlogpred,grosscon,43,1.008,0.423332426,0.538188173,4.029371037,0.999566427,0.490205337,0.692146743,0.025681346,0.030427526,0.00474618,1.184810405,TRUE,FALSE,TRUE,3
3120,4,"$622,000 ",unlogpred,grosscon,38,0.9866,0.353893697,0.33933101,3.947058557,1.000762796,0.085938998,0.941257753,0.027271994,0.017626981,-0.009645013,0.646340021,TRUE,FALSE,TRUE,3
3120,5,"$655,900 ",unlogpred,grosscon,24,0.9722,0.294997605,0.38449269,6.037115534,0.999810983,0.587276007,0.510422433,0.025476364,0.031373733,0.005897369,1.231483938,TRUE,TRUE,TRUE,3
3120,6,"$724,663 ",unlogpred,grosscon,15,0.9687,0.063552234,0.039214415,6.186286694,1.001318655,0.579395263,1.033189071,0.026696843,0.006690359,-0.020006483,0.250604883,TRUE,TRUE,TRUE,3
3120,7,"$776,000 ",unlogpred,grosscon,7,0.9624,0.553837345,0.717207792,3.604368834,0.999658763,0.376978377,0.5628,0.020987388,0.02980282,0.008815433,1.42003478,TRUE,FALSE,TRUE,3
3140,1,"$720,000 ",unlogpred,grosscon,1,NA,NA,NA,NA,NA,NA,NA,NA,NA,NA,NA,NA,NA,NA,3
3140,2,"$796,000 ",unlogpred,grosscon,1,NA,NA,NA,NA,NA,NA,NA,NA,NA,NA,NA,NA,NA,NA,3
3140,3,"$904,000 ",unlogpred,grosscon,3,NA,NA,NA,NA,NA,NA,NA,NA,NA,NA,NA,NA,NA,NA,3
3140,4,"$1,001,840 ",unlogpred,grosscon,8,1.0936,0.440130007,0.156196213,3.698811321,1.000383317,0.218046631,0.907853701,0.030022276,0.022750899,-0.007271378,0.757800586,TRUE,FALSE,TRUE,3
3140,5,"$1,167,500 ",unlogpred,grosscon,1,NA,NA,NA,NA,NA,NA,NA,NA,NA,NA,NA,NA,NA,NA,3
3140,6,"$1,361,000 ",unlogpred,grosscon,9,1.0047,0.063736298,0.022881356,3.984157551,1.000915155,0.412356847,0.7033204,0.019132415,0.002111489,-0.017020927,0.110361845,TRUE,FALSE,TRUE,3
3140,7,"$1,529,500 ",unlogpred,grosscon,8,0.8899,0.661015825,0.75261324,5.061025033,0.999030884,0.663143594,0.37588105,0.016735324,0.038460945,0.02172562,2.298189363,FALSE,TRUE,TRUE,3
3140,8,"$1,711,000 ",unlogpred,grosscon,8,0.9194,0.205425712,0.014172336,11.63917087,0.998584443,0.915946952,0.269553489,0.029267943,0.035325469,0.006057525,1.206967915,TRUE,TRUE,TRUE,3
3140,9,"$2,091,966 ",unlogpred,grosscon,5,0.9611,0.188571,0.01,6.331392019,1.0026273,1.342441419,0.816710073,0.019581958,-0.028692558,-0.048274516,-1.465254789,TRUE,TRUE,TRUE,3
3140,10,"$3,500,000 ",unlogpred,grosscon,11,0.9814,0.921751391,0.855313408,6.33823664,0.994264565,0.119822944,0.823954766,0.124874162,0.141233033,0.016358871,1.131002845,TRUE,TRUE,TRUE,3
3150,1,"$610,475 ",unlogpred,grosscon,6,1.0516,0.677260642,0.860504202,4.288910445,0.999713994,0.160334967,0.851121063,0.043480912,0.045034816,0.001553904,1.035737609,TRUE,FALSE,TRUE,3
3150,2,"$730,000 ",unlogpred,grosscon,7,1.0154,0.185899761,0.368622449,18.03845854,0.994621599,1.373646229,0.245367514,0.031314276,0.124063823,0.092749547,3.961893409,TRUE,FALSE,TRUE,3
3150,3,"$882,500 ",unlogpred,grosscon,11,1.0336,0.652475348,0.761652893,4.38840436,0.998355138,0.466075674,0.543087406,0.031672073,0.052478813,0.020806739,1.656942764,TRUE,FALSE,TRUE,3
3150,4,"$967,338 ",unlogpred,grosscon,20,1.036,0.240415836,0.118961609,5.008540936,1.000349002,0.453232039,0.645999046,0.022854255,0.015827542,-0.007026713,0.692542461,TRUE,TRUE,TRUE,3
3150,5,"$1,091,250 ",unlogpred,grosscon,28,1.0025,0.622291995,0.588121938,2.971935355,0.999567978,0.375434749,0.649639996,0.021675657,0.028013914,0.006338257,1.292413594,TRUE,FALSE,TRUE,3
3150,6,"$1,229,300 ",unlogpred,grosscon,14,0.9918,0.604319904,0.554265959,5.29874581,0.998247991,0.541072768,0.518739072,0.029059625,0.046305984,0.017246359,1.593481834,TRUE,TRUE,TRUE,3
3150,7,"$1,350,000 ",unlogpred,grosscon,23,0.9798,0.091048931,0.200225938,5.967451947,1.001009164,0.602600361,0.730646865,0.027604234,0.01653693,-0.011067304,0.599072213,TRUE,TRUE,TRUE,3
3150,8,"$1,495,000 ",unlogpred,grosscon,22,0.9889,0.767898396,0.721733052,4.440996959,0.998435787,0.303609541,0.707693784,0.03923906,0.051698874,0.012459813,1.317535969,TRUE,FALSE,TRUE,3
3150,9,"$1,744,500 ",unlogpred,grosscon,11,0.9693,0.333232971,0.268512397,5.499404384,1.002772351,-0.023205016,0.872443691,0.044135823,0.026578005,-0.017557817,0.602186699,TRUE,TRUE,TRUE,3
3150,10,"$2,291,063 ",unlogpred,grosscon,7,0.976,0.333134146,0.420779221,6.306161783,1.001784497,1.50007068,NA,0.015963155,-0.016560048,-0.032523202,-1.037391899,TRUE,TRUE,TRUE,3
3160,1,"$457,000 ",unlogpred,grosscon,8,1.0088,0.055924466,0.069420539,4.195140359,1.001896105,-0.574125421,3.090925187,0.026113694,0.00387877,-0.022234924,0.148533929,TRUE,FALSE,TRUE,3
3160,2,"$495,000 ",unlogpred,grosscon,2,NA,NA,NA,NA,NA,NA,NA,NA,NA,NA,NA,NA,NA,NA,3
3160,3,"$683,136 ",unlogpred,grosscon,6,1.0349,0.524190172,0.164705882,3.996116417,0.99952432,0.487537376,0.423013574,0.021216136,0.0261604,0.004944264,1.233042631,TRUE,FALSE,TRUE,3
3160,4,"$753,000 ",unlogpred,grosscon,2,NA,NA,NA,NA,NA,NA,NA,NA,NA,NA,NA,NA,NA,NA,3
3160,5,"$1,056,000 ",unlogpred,grosscon,2,NA,NA,NA,NA,NA,NA,NA,NA,NA,NA,NA,NA,NA,NA,3
3160,6,"$1,352,000 ",unlogpred,grosscon,3,NA,NA,NA,NA,NA,NA,NA,NA,NA,NA,NA,NA,NA,NA,3
3160,7,"$1,716,800 ",unlogpred,grosscon,3,NA,NA,NA,NA,NA,NA,NA,NA,NA,NA,NA,NA,NA,NA,3
3160,8,"$2,165,000 ",unlogpred,grosscon,7,1.0117,0.250942677,0.103316327,6.190078684,0.999896092,0.601458413,0.472687041,0.02522926,0.022964873,-0.002264387,0.910247578,TRUE,TRUE,TRUE,3
3160,9,"$2,558,000 ",unlogpred,grosscon,5,1.0473,0.603683887,0.36,11.64767183,1.006955707,2.032471957,NA,0.02906793,-0.042324365,-0.071392295,-1.456050157,TRUE,TRUE,TRUE,3
3160,10,"$3,802,294 ",unlogpred,grosscon,11,0.9935,0.979878606,0.924055625,2.767468512,0.997408476,0.051942285,0.944328023,0.111620456,0.119155692,0.007535236,1.067507659,TRUE,FALSE,TRUE,3
3161,2,"$873,000 ",unlogpred,grosscon,1,NA,NA,NA,NA,NA,NA,NA,NA,NA,NA,NA,NA,NA,NA,3
3161,3,"$920,600 ",unlogpred,grosscon,2,NA,NA,NA,NA,NA,NA,NA,NA,NA,NA,NA,NA,NA,NA,3
3161,4,"$1,005,000 ",unlogpred,grosscon,4,NA,NA,NA,NA,NA,NA,NA,NA,NA,NA,NA,NA,NA,NA,3
3161,5,"$1,170,000 ",unlogpred,grosscon,7,1.0259,0.725530422,0.797193878,4.64210049,0.998172438,0.516798773,0.489792938,0.027405202,0.049905845,0.022500643,1.821035467,TRUE,FALSE,TRUE,3
3161,6,"$1,302,644 ",unlogpred,grosscon,2,NA,NA,NA,NA,NA,NA,NA,NA,NA,NA,NA,NA,NA,NA,3
3161,7,"$1,479,000 ",unlogpred,grosscon,3,NA,NA,NA,NA,NA,NA,NA,NA,NA,NA,NA,NA,NA,NA,3
3161,8,"$1,499,000 ",unlogpred,grosscon,10,0.9629,0.716627942,0.611239669,5.374263815,0.998048604,0.499071592,0.547076992,0.028727712,0.048070972,0.01934326,1.673331032,TRUE,TRUE,TRUE,3
3161,9,"$1,671,000 ",unlogpred,grosscon,6,0.9823,0.510259746,0.36,1.86819555,1.000580118,-0.214602112,1.145709367,0.019801257,0.010455254,-0.009346003,0.528009614,TRUE,FALSE,TRUE,3
3170,1,"$418,000 ",unlogpred,grosscon,8,1.1081,0.272209428,0.433928571,7.626285597,1.001819567,0.268957253,1.034384819,0.047316384,0.030410865,-0.016905519,0.642713206,FALSE,TRUE,TRUE,3
3170,2,"$468,000 ",unlogpred,grosscon,13,0.9691,0.07323292,0.038362607,7.197067381,1.003414193,0.203285977,0.656581317,0.039646031,0.012210593,-0.027435438,0.307990298,TRUE,TRUE,TRUE,3
3170,3,"$500,000 ",unlogpred,grosscon,6,0.9924,0.55862116,0.36,7.094774158,0.997924159,0.669720746,0.426639331,0.025682355,0.044214564,0.018532209,1.721593033,TRUE,TRUE,TRUE,3
3170,4,"$513,000 ",unlogpred,grosscon,3,NA,NA,NA,NA,NA,NA,NA,NA,NA,NA,NA,NA,NA,NA,3
3180,1,"$526,719 ",unlogpred,grosscon,24,1.0622,0.26114782,0.166692425,6.042405186,1.003746618,-0.131481532,1.489187609,0.042330871,0.014396333,-0.027934539,0.340090629,TRUE,TRUE,TRUE,3
3180,2,"$583,000 ",unlogpred,grosscon,48,1.0025,0.459343755,0.563001029,5.537118561,0.99914705,0.476622209,0.624857852,0.033315599,0.04196007,0.00864447,1.259472146,TRUE,TRUE,TRUE,3
3180,3,"$682,935 ",unlogpred,grosscon,29,1.0469,0.623215391,0.699317704,4.610105033,0.999009972,0.424204586,0.554419608,0.028387291,0.040665205,0.012277915,1.43251449,TRUE,FALSE,TRUE,3
3180,4,"$746,000 ",unlogpred,grosscon,43,1.0127,0.11970725,0.085323932,5.120822961,1.000957658,0.350383361,0.68282115,0.024455572,0.012582394,-0.011873178,0.514500088,TRUE,TRUE,TRUE,3
3180,5,"$860,000 ",unlogpred,grosscon,23,0.9927,0.092240316,0.17159174,4.330359268,1.000551506,0.604449393,0.673400458,0.02109075,0.011496936,-0.009593814,0.545117479,TRUE,FALSE,TRUE,3
3180,6,"$988,667 ",unlogpred,grosscon,35,0.9851,0.28887711,0.462259691,7.695909938,0.997863437,0.955423597,0.393766013,0.027688581,0.053315389,0.025626809,1.925537107,TRUE,TRUE,TRUE,3
3180,7,"$1,116,015 ",unlogpred,grosscon,32,0.9821,0.450762407,0.514494205,4.260670931,0.999429094,0.511026029,0.569501987,0.025836971,0.033365089,0.007528118,1.291369988,TRUE,FALSE,TRUE,3
3180,8,"$1,200,000 ",unlogpred,grosscon,18,0.9729,0.666491985,0.546456973,4.722072119,0.998997434,0.324198332,0.624521939,0.035256615,0.044209143,0.008952528,1.253924761,TRUE,FALSE,TRUE,3
3180,9,"$1,584,000 ",unlogpred,grosscon,19,0.9681,0.142862795,0.06349166,7.875560572,1.002981838,0.331684669,0.689532605,0.04557857,0.025673134,-0.019905436,0.563272039,TRUE,TRUE,TRUE,3
3180,10,"$2,125,000 ",unlogpred,grosscon,5,0.9392,0.427153746,0.16,3.697839456,1.003181567,-0.32873202,1.140227251,0.041267678,0.01535493,-0.025912748,0.372081277,TRUE,FALSE,TRUE,3
3190,1,"$421,429 ",unlogpred,grosscon,2,NA,NA,NA,NA,NA,NA,NA,NA,NA,NA,NA,NA,NA,NA,3
3190,2,"$424,954 ",unlogpred,grosscon,1,NA,NA,NA,NA,NA,NA,NA,NA,NA,NA,NA,NA,NA,NA,3
3190,3,"$428,478 ",unlogpred,grosscon,1,NA,NA,NA,NA,NA,NA,NA,NA,NA,NA,NA,NA,NA,NA,3
3200,1,"$772,000 ",unlogpred,grosscon,1,NA,NA,NA,NA,NA,NA,NA,NA,NA,NA,NA,NA,NA,NA,3
3200,2,"$956,400 ",unlogpred,grosscon,2,NA,NA,NA,NA,NA,NA,NA,NA,NA,NA,NA,NA,NA,NA,3
3200,3,"$1,269,000 ",unlogpred,grosscon,18,1.0074,0.305952451,0.136919451,7.263992271,0.999249128,0.748794356,0.349801306,0.02512489,0.033724774,0.008599884,1.342285455,TRUE,TRUE,TRUE,3
3200,4,"$1,400,000 ",unlogpred,grosscon,19,0.9979,0.255679037,0.085625927,6.464079648,1.000240194,0.502085124,0.469959839,0.029534282,0.023271682,-0.0062626,0.787954893,TRUE,TRUE,TRUE,3
3200,5,"$1,545,000 ",unlogpred,grosscon,22,0.984,0.581958989,0.587374813,3.504621275,0.99954919,0.392867969,0.682394746,0.023307614,0.030947504,0.00763989,1.327785159,TRUE,FALSE,TRUE,3
3200,6,"$1,748,000 ",unlogpred,grosscon,20,0.9593,0.338658927,0.230979713,5.15229779,0.999879588,0.494620837,0.561970749,0.024697058,0.02831058,0.003613522,1.146313858,TRUE,TRUE,TRUE,3
3200,7,"$1,946,000 ",unlogpred,grosscon,23,0.9801,0.323505866,0.263531679,8.472499998,0.999192147,0.667379119,0.349529017,0.028442552,0.033685462,0.00524291,1.184333324,TRUE,TRUE,TRUE,3
3200,8,"$2,100,000 ",unlogpred,grosscon,63,0.9962,0.430062482,0.408441386,4.680343067,1.000471229,0.237174641,0.788080859,0.033989136,0.029224902,-0.004764234,0.859830686,TRUE,FALSE,TRUE,3
3200,9,"$2,395,000 ",unlogpred,grosscon,101,1.0089,0.712191919,0.794251925,3.499495281,1.000424149,0.072653571,1.00081186,0.044260461,0.040795295,-0.003465166,0.921709676,TRUE,FALSE,TRUE,3
3200,10,"$4,250,000 ",unlogpred,grosscon,63,0.9485,0.891475326,0.891297796,5.282697256,1.007769994,-0.136230694,1.220444191,0.102325549,0.079275772,-0.023049777,0.774740746,TRUE,TRUE,TRUE,3
3201,3,"$881,000 ",unlogpred,grosscon,1,NA,NA,NA,NA,NA,NA,NA,NA,NA,NA,NA,NA,NA,NA,3
3201,4,"$927,000 ",unlogpred,grosscon,13,0.9997,0.170153759,0.066688806,4.534167289,1.001105495,0.259760769,0.773470558,0.027870139,0.014458462,-0.013411677,0.518779693,TRUE,FALSE,TRUE,3
3201,5,"$970,000 ",unlogpred,grosscon,12,1.0091,0.231170295,0.180254605,5.426406504,0.999775387,0.765074915,0.439997509,0.01704842,0.021717083,0.004668663,1.273847265,TRUE,TRUE,TRUE,3
3201,6,"$999,399 ",unlogpred,grosscon,14,1.033,0.00387915,0.005596166,6.269749309,1.000808092,0.890586176,0.512210328,0.017495068,0.001184616,-0.016310451,0.067711445,TRUE,TRUE,TRUE,3
3201,7,"$1,190,000 ",unlogpred,grosscon,12,0.9752,0.17010143,0.103476943,5.746011593,1.000303413,0.584060392,0.359041328,0.019466858,0.020350082,0.000883224,1.045370666,TRUE,TRUE,TRUE,3
3201,8,"$1,282,800 ",unlogpred,grosscon,12,0.9745,0.006617624,0,8.70970753,1.003457118,0.831520087,1.740464041,0.030430202,-0.00503749,-0.035467692,-0.165542451,TRUE,TRUE,TRUE,3
3201,9,"$1,411,000 ",unlogpred,grosscon,4,NA,NA,NA,NA,NA,NA,NA,NA,NA,NA,NA,NA,NA,NA,3
3201,10,"$1,800,000 ",unlogpred,grosscon,1,NA,NA,NA,NA,NA,NA,NA,NA,NA,NA,NA,NA,NA,NA,3
3202,2,"$1,190,000 ",unlogpred,grosscon,1,NA,NA,NA,NA,NA,NA,NA,NA,NA,NA,NA,NA,NA,NA,3
3202,3,"$1,270,000 ",unlogpred,grosscon,5,0.9881,0.978610075,0.81,3.226028459,0.997880169,0.298862763,0.626910904,0.032459493,0.051280125,0.018820632,1.579819027,TRUE,FALSE,TRUE,3
3202,4,"$1,454,000 ",unlogpred,grosscon,8,1.0738,0.432660886,0.265203672,5.605176559,0.999066039,0.610350442,0.413222382,0.025592122,0.03156711,0.005974988,1.233469806,TRUE,TRUE,TRUE,3
3202,5,"$1,680,000 ",unlogpred,grosscon,28,1.0435,0.22128546,0.237680519,3.687586151,1.000363437,0.363167437,0.679733788,0.019180565,0.016222168,-0.002958397,0.845760705,TRUE,FALSE,TRUE,3
3202,6,"$1,971,081 ",unlogpred,grosscon,36,1.0277,0.424932351,0.467416562,5.86231656,0.99935018,0.509860069,0.49259703,0.029364145,0.037822006,0.008457861,1.288033621,TRUE,TRUE,TRUE,3
3202,7,"$2,170,500 ",unlogpred,grosscon,77,0.9962,0.158216066,0.168457357,5.716800012,1.000573821,0.54692107,0.523329153,0.025370213,0.018896557,-0.006473656,0.744832404,TRUE,TRUE,TRUE,3
3202,8,"$2,545,350 ",unlogpred,grosscon,51,0.9702,0.351844567,0.371292408,5.673304031,0.999997318,0.458551119,0.631387283,0.031676642,0.031079889,-0.000596753,0.981161117,TRUE,TRUE,TRUE,3
3202,9,"$2,799,300 ",unlogpred,grosscon,92,1.0318,0.353069029,0.417427642,6.962295921,1.000365965,0.380801702,0.620309233,0.041678736,0.03925648,-0.002422256,0.941882686,TRUE,TRUE,TRUE,3
3202,10,"$4,200,000 ",unlogpred,grosscon,140,0.9775,0.736901642,0.753242933,6.661565857,1.005491097,-0.032404599,1.057941837,0.09767826,0.080519926,-0.017158334,0.824338255,TRUE,TRUE,TRUE,3
3210,1,"$425,000 ",unlogpred,grosscon,1,NA,NA,NA,NA,NA,NA,NA,NA,NA,NA,NA,NA,NA,NA,3
3210,3,"$425,000 ",unlogpred,grosscon,1,NA,NA,NA,NA,NA,NA,NA,NA,NA,NA,NA,NA,NA,NA,3
3220,1,"$299,200 ",unlogpred,grosscon,19,1.0209,0.921695652,0.856316098,3.154917919,1.003287061,-0.111133366,1.20942935,0.073121776,0.057918764,-0.015203012,0.792086393,TRUE,FALSE,TRUE,3
3230,1,"$428,000 ",unlogpred,grosscon,31,1.0167,0.715822669,0.680920817,3.857273412,0.999748435,0.142492921,0.887915353,0.044379197,0.045406288,0.001027091,1.023143523,TRUE,FALSE,TRUE,3
3230,2,"$488,000 ",unlogpred,grosscon,28,1.0141,0.669594447,0.648627113,3.520940132,0.999661988,0.209384901,0.808453917,0.034353523,0.036360541,0.002007018,1.058422477,TRUE,FALSE,TRUE,3
3230,3,"$538,500 ",unlogpred,grosscon,39,0.9998,0.167161189,0.147147597,3.414248828,1.000868903,0.142043229,0.810187711,0.023275568,0.011502737,-0.011772831,0.494197914,TRUE,FALSE,TRUE,3
3230,4,"$582,000 ",unlogpred,grosscon,21,1.0007,0.256486335,0.284305573,5.183226439,1.001008113,0.23397658,0.823828933,0.030628156,0.022094869,-0.008533288,0.721390752,TRUE,TRUE,TRUE,3
3230,5,"$628,112 ",unlogpred,grosscon,18,0.9704,0.390593324,0.394295175,2.799991501,1.00077284,0.035174331,0.983617671,0.026768021,0.017180977,-0.009587044,0.641847118,TRUE,FALSE,TRUE,3
3230,6,"$650,000 ",unlogpred,grosscon,8,0.9593,0.088823549,0.063253012,3.853177814,1.001445841,0.00875134,0.779077858,0.024164022,0.005096467,-0.019067555,0.210911386,TRUE,FALSE,TRUE,3
3230,8,"$754,000 ",unlogpred,grosscon,2,NA,NA,NA,NA,NA,NA,NA,NA,NA,NA,NA,NA,NA,NA,3
3231,1,"$485,000 ",unlogpred,grosscon,7,1.0054,0.060130478,0.026785714,2.349144131,1.000363266,0.229075488,0.668810566,0.012792411,0.006041511,-0.0067509,0.472273028,TRUE,FALSE,TRUE,3
3231,2,"$495,000 ",unlogpred,grosscon,11,0.9843,0.585500664,0.588490409,2.996631463,1.00063951,0.051653212,0.799158556,0.031246968,0.025580748,-0.005666219,0.81866338,TRUE,FALSE,TRUE,3
3231,3,"$507,000 ",unlogpred,grosscon,2,NA,NA,NA,NA,NA,NA,NA,NA,NA,NA,NA,NA,NA,NA,3
3231,4,"$523,000 ",unlogpred,grosscon,1,NA,NA,NA,NA,NA,NA,NA,NA,NA,NA,NA,NA,NA,NA,3
3232,1,"$499,600 ",unlogpred,grosscon,4,NA,NA,NA,NA,NA,NA,NA,NA,NA,NA,NA,NA,NA,NA,3
3232,2,"$539,400 ",unlogpred,grosscon,26,1.0135,0.522612953,0.308095268,3.056580732,1.001065945,-0.080883988,1.108878982,0.030976347,0.019381329,-0.011595018,0.625681558,TRUE,FALSE,TRUE,3
3232,3,"$547,983 ",unlogpred,grosscon,5,1.0097,0.732204567,0.64,4.753066909,0.997512561,0.439754825,0.650086286,0.03485251,0.045007281,0.01015477,1.291364105,TRUE,FALSE,TRUE,3
3232,4,"$596,080 ",unlogpred,grosscon,13,0.9825,0.218254362,0.530795322,3.278569431,1.000872986,0.058285764,0.933852171,0.023677623,0.015482999,-0.008194624,0.653908507,TRUE,FALSE,TRUE,3
3232,5,"$715,000 ",unlogpred,grosscon,8,0.9544,0.13515946,0.027777778,7.320146115,0.999977955,0.823564903,0.505852153,0.022750656,0.014831307,-0.007919349,0.65190678,TRUE,TRUE,TRUE,3
3232,6,"$778,000 ",unlogpred,grosscon,13,0.9688,0.219948441,0.300009183,5.527738732,1.000274721,0.555379175,0.614243868,0.025969267,0.028058528,0.002089261,1.080451299,TRUE,TRUE,TRUE,3
3232,7,"$865,400 ",unlogpred,grosscon,4,NA,NA,NA,NA,NA,NA,NA,NA,NA,NA,NA,NA,NA,NA,3
3233,1,"$496,200 ",unlogpred,grosscon,9,1.0136,0.639252871,0.666944444,4.838159617,1.003983191,-0.2447572,1.218041974,0.053256834,0.02964556,-0.023611274,0.556652694,TRUE,FALSE,TRUE,3
3233,2,"$517,458 ",unlogpred,grosscon,27,1.0183,0.250232407,0.272641825,5.167224997,1.00089594,0.285072964,0.551731534,0.031863859,0.026055498,-0.005808361,0.817713194,TRUE,TRUE,TRUE,3
3233,3,"$542,499 ",unlogpred,grosscon,13,1.0214,0.393072986,0.297520661,2.997365815,0.999655307,0.515538905,0.658730661,0.021402221,0.02176122,0.000358999,1.016773911,TRUE,FALSE,TRUE,3
3233,4,"$607,187 ",unlogpred,grosscon,11,0.9598,0.302649287,0.023993358,3.715207675,1.001097117,-0.032830587,0.941431549,0.026083932,0.010346003,-0.015737929,0.39664278,TRUE,FALSE,TRUE,3
3233,5,"$636,406 ",unlogpred,grosscon,6,0.986,0.047801345,0.121008403,6.371818698,1.001038605,0.739589018,1.241022306,0.022504063,0.003366036,-0.019138027,0.149574604,TRUE,TRUE,TRUE,3
3233,6,"$673,000 ",unlogpred,grosscon,4,NA,NA,NA,NA,NA,NA,NA,NA,NA,NA,NA,NA,NA,NA,3
3233,7,"$742,600 ",unlogpred,grosscon,1,NA,NA,NA,NA,NA,NA,NA,NA,NA,NA,NA,NA,NA,NA,3
3233,8,"$767,136 ",unlogpred,grosscon,1,NA,NA,NA,NA,NA,NA,NA,NA,NA,NA,NA,NA,NA,NA,3
3250,1,"$783,800 ",unlogpred,grosscon,1,NA,NA,NA,NA,NA,NA,NA,NA,NA,NA,NA,NA,NA,NA,3
3250,2,"$1,087,000 ",unlogpred,grosscon,1,NA,NA,NA,NA,NA,NA,NA,NA,NA,NA,NA,NA,NA,NA,3
3250,3,"$1,240,355 ",unlogpred,grosscon,5,1.053,0.727045608,0.64,2.831948593,0.999340918,0.428681544,0.606482855,0.019135802,0.026510623,0.007374821,1.385393855,TRUE,FALSE,TRUE,3
3250,4,"$1,321,000 ",unlogpred,grosscon,1,NA,NA,NA,NA,NA,NA,NA,NA,NA,NA,NA,NA,NA,NA,3
3250,5,"$1,425,000 ",unlogpred,grosscon,1,NA,NA,NA,NA,NA,NA,NA,NA,NA,NA,NA,NA,NA,NA,3
3250,6,"$1,485,400 ",unlogpred,grosscon,6,1.0402,0.645843793,0.568067227,2.666645212,1.001543057,-0.48933861,1.768528208,0.026807422,0.012899734,-0.013907688,0.481200101,TRUE,FALSE,TRUE,3
3250,7,"$1,579,000 ",unlogpred,grosscon,13,0.9859,0.501374033,0.542084289,2.859308373,1.000613837,-0.030467649,0.911851839,0.024247424,0.017427334,-0.00682009,0.718729311,TRUE,FALSE,TRUE,3
3250,8,"$1,710,000 ",unlogpred,grosscon,15,1.0054,0.661267876,0.579721441,3.74783835,0.999590527,0.249318327,0.698532377,0.032209268,0.03413792,0.001928652,1.059878792,TRUE,FALSE,TRUE,3
3250,9,"$1,869,000 ",unlogpred,grosscon,12,0.9355,0.599511088,0.495656975,9.06796157,0.995871157,0.650676887,0.394873785,0.03806096,0.073073391,0.035012432,1.919904071,TRUE,TRUE,TRUE,3
3250,10,"$2,850,000 ",unlogpred,grosscon,6,0.9755,0.768348968,0.784489796,7.773495326,0.991221284,0.39434087,0.515737116,0.072456753,0.117291082,0.044834329,1.618773637,TRUE,TRUE,TRUE,3
3270,2,"$838,000 ",unlogpred,grosscon,1,NA,NA,NA,NA,NA,NA,NA,NA,NA,NA,NA,NA,NA,NA,3
3270,3,"$850,000 ",unlogpred,grosscon,4,NA,NA,NA,NA,NA,NA,NA,NA,NA,NA,NA,NA,NA,NA,3
3270,4,"$1,059,000 ",unlogpred,grosscon,4,NA,NA,NA,NA,NA,NA,NA,NA,NA,NA,NA,NA,NA,NA,3
3270,5,"$1,220,000 ",unlogpred,grosscon,4,NA,NA,NA,NA,NA,NA,NA,NA,NA,NA,NA,NA,NA,NA,3
3270,6,"$1,374,600 ",unlogpred,grosscon,1,NA,NA,NA,NA,NA,NA,NA,NA,NA,NA,NA,NA,NA,NA,3
3270,7,"$1,517,000 ",unlogpred,grosscon,10,0.971,0.027968508,0.050591279,5.155058005,1.001094303,0.495649975,0.656176263,0.021699352,0.00696093,-0.014738422,0.32078976,TRUE,TRUE,TRUE,3
3270,8,"$1,633,000 ",unlogpred,grosscon,6,0.9789,0.039521134,0.235918367,6.299268754,1.002328471,0.338157173,0.689715089,0.028613759,0.014231479,-0.01438228,0.49736489,TRUE,TRUE,TRUE,3
3270,9,"$2,475,855 ",unlogpred,grosscon,2,NA,NA,NA,NA,NA,NA,NA,NA,NA,NA,NA,NA,NA,NA,3
3270,10,"$4,200,000 ",unlogpred,grosscon,3,NA,NA,NA,NA,NA,NA,NA,NA,NA,NA,NA,NA,NA,NA,3
3280,1,"$367,450 ",unlogpred,grosscon,20,1.0191,0.781130284,0.788935413,7.938641925,1.008193999,-0.099985115,1.172045099,0.103535616,0.08490897,-0.018626646,0.820094313,TRUE,TRUE,TRUE,3
3280,2,"$400,000 ",unlogpred,grosscon,23,0.9962,0.655098229,0.731427138,3.821059202,0.99890478,0.478184292,0.581111929,0.025415748,0.039802299,0.01438655,1.566048666,TRUE,FALSE,TRUE,3
3280,3,"$495,750 ",unlogpred,grosscon,27,0.9885,0.405163833,0.472488508,2.520392057,1.000629266,-0.060982335,1.205074288,0.022380754,0.013558192,-0.008822562,0.60579694,TRUE,FALSE,TRUE,3
3280,4,"$549,855 ",unlogpred,grosscon,3,NA,NA,NA,NA,NA,NA,NA,NA,NA,NA,NA,NA,NA,NA,3
3290,2,"$883,000 ",unlogpred,grosscon,5,1.0234,0.251325222,0.49,15.68468325,0.995083663,1.179549909,0.476782451,0.0291108,0.036293606,0.007182806,1.246740249,TRUE,FALSE,TRUE,3
3290,3,"$981,000 ",unlogpred,grosscon,24,1.0384,0.065809189,0.140094881,4.660123405,1.000969372,0.562122565,0.597186775,0.022353534,0.011468901,-0.010884634,0.513068778,TRUE,FALSE,TRUE,3
3290,4,"$1,088,000 ",unlogpred,grosscon,46,1.0221,0.496174201,0.538412171,3.838753101,0.999490894,0.449036318,0.638776999,0.025505827,0.032217618,0.006711791,1.263147369,TRUE,FALSE,TRUE,3
3290,5,"$1,200,000 ",unlogpred,grosscon,43,1.0095,0.567150639,0.640814743,5.145283532,0.998406886,0.659165683,0.449076318,0.023935345,0.045780537,0.021845192,1.912675026,TRUE,TRUE,TRUE,3
3290,6,"$1,347,000 ",unlogpred,grosscon,49,0.9968,0.126625854,0.127513367,4.437084988,1.000922009,0.334448225,0.78241862,0.024876181,0.012474425,-0.012401756,0.501460618,TRUE,FALSE,TRUE,3
3290,7,"$1,579,000 ",unlogpred,grosscon,60,0.9893,0.347889286,0.325173737,5.04112901,0.999754281,0.547078546,0.516836388,0.023471979,0.025966172,0.002494194,1.106262601,TRUE,TRUE,TRUE,3
3290,8,"$1,785,000 ",unlogpred,grosscon,59,0.968,0.353963194,0.448809096,5.034670008,1.000369276,0.34208075,0.765874598,0.034818701,0.030939319,-0.003879382,0.888583368,TRUE,TRUE,TRUE,3
3290,9,"$2,310,999 ",unlogpred,grosscon,43,0.9969,0.350692232,0.35551587,6.855606943,1.00022485,0.400997419,0.655352456,0.036567518,0.035670791,-0.000896727,0.975477499,TRUE,TRUE,TRUE,3
3290,10,"$3,537,587 ",unlogpred,grosscon,44,0.9659,0.512277739,0.540168284,9.629620734,1.009054667,-0.000874503,1.017067495,0.096728436,0.069574464,-0.027153972,0.71927622,TRUE,TRUE,TRUE,3
3320,4,"$852,000 ",unlogpred,grosscon,2,NA,NA,NA,NA,NA,NA,NA,NA,NA,NA,NA,NA,NA,NA,3
3320,6,"$898,000 ",unlogpred,grosscon,1,NA,NA,NA,NA,NA,NA,NA,NA,NA,NA,NA,NA,NA,NA,3
3330,1,"$371,124 ",unlogpred,grosscon,65,1.0106,0.798573985,0.76510633,3.543617056,1.001805188,-0.024463824,0.986065962,0.062620746,0.055720325,-0.006900421,0.889806159,TRUE,FALSE,TRUE,3
3330,2,"$400,400 ",unlogpred,grosscon,16,0.9912,0.644087348,0.881581911,3.543899005,0.998749865,0.348802338,0.699123761,0.035980094,0.049402016,0.013421922,1.373037437,TRUE,FALSE,TRUE,3
3330,3,"$441,090 ",unlogpred,grosscon,11,0.9631,0.164617804,0.21043771,3.251141824,1.000575916,0.253985758,0.913971662,0.019222456,0.007704684,-0.011517772,0.400816828,TRUE,FALSE,TRUE,3
3330,4,"$442,972 ",unlogpred,grosscon,3,NA,NA,NA,NA,NA,NA,NA,NA,NA,NA,NA,NA,NA,NA,3
3330,5,"$459,000 ",unlogpred,grosscon,2,NA,NA,NA,NA,NA,NA,NA,NA,NA,NA,NA,NA,NA,NA,3
3340,1,"$427,665 ",unlogpred,grosscon,9,0.9927,0.139483089,0.013089851,21.62507914,1.056510131,-1.610452185,11.35648015,0.117683073,0.004447355,-0.113235718,0.037790952,TRUE,FALSE,FALSE,3
3340,2,"$486,720 ",unlogpred,grosscon,3,NA,NA,NA,NA,NA,NA,NA,NA,NA,NA,NA,NA,NA,NA,3
3340,3,"$487,629 ",unlogpred,grosscon,2,NA,NA,NA,NA,NA,NA,NA,NA,NA,NA,NA,NA,NA,NA,3
3340,4,"$497,000 ",unlogpred,grosscon,6,0.9153,0.102845581,0.235918367,14.66005386,0.999274721,1.141738019,0.405771064,0.025070269,0.008972859,-0.01609741,0.357908369,TRUE,TRUE,TRUE,3
3340,5,"$584,476 ",unlogpred,grosscon,4,NA,NA,NA,NA,NA,NA,NA,NA,NA,NA,NA,NA,NA,NA,3
3340,6,"$618,540 ",unlogpred,grosscon,1,NA,NA,NA,NA,NA,NA,NA,NA,NA,NA,NA,NA,NA,NA,3
3350,1,NA,unlogpred,grosscon,1,NA,NA,NA,NA,NA,NA,NA,NA,NA,NA,NA,NA,NA,NA,NA
3360,1,"$391,800 ",unlogpred,grosscon,24,1.0146,0.661298068,0.7396,5.600692085,1.002665095,0.014882263,1.06408519,0.073345884,0.065676937,-0.007668947,0.895441345,TRUE,TRUE,TRUE,3
3360,2,"$407,360 ",unlogpred,grosscon,24,1.0006,0.182739443,0.198692248,4.747110204,1.002410254,-0.437609133,1.473554282,0.03273628,0.008944189,-0.023792091,0.27321948,TRUE,FALSE,TRUE,3
3360,3,"$428,516 ",unlogpred,grosscon,11,0.971,0.361313328,0.328016529,3.247269847,1.000115595,0.341400919,0.588149324,0.019656896,0.01871571,-0.000941186,0.952119288,TRUE,FALSE,TRUE,3
3360,4,"$483,900 ",unlogpred,grosscon,5,0.9679,0.28402098,0.444736842,3.189734716,1.000636571,0.424182095,NA,0.010474045,-0.005254378,-0.015728423,-0.501657003,TRUE,FALSE,TRUE,3
3380,3,"$882,800 ",unlogpred,grosscon,1,NA,NA,NA,NA,NA,NA,NA,NA,NA,NA,NA,NA,NA,NA,3
3380,4,"$935,400 ",unlogpred,grosscon,4,NA,NA,NA,NA,NA,NA,NA,NA,NA,NA,NA,NA,NA,NA,3
3380,5,"$988,000 ",unlogpred,grosscon,2,NA,NA,NA,NA,NA,NA,NA,NA,NA,NA,NA,NA,NA,NA,3
3380,6,"$1,003,400 ",unlogpred,grosscon,2,NA,NA,NA,NA,NA,NA,NA,NA,NA,NA,NA,NA,NA,NA,3
3390,1,"$437,500 ",unlogpred,grosscon,18,1.0234,0.954773184,0.954031498,3.399703285,1.00734275,-0.143050056,1.164817878,0.086805397,0.076434132,-0.010371265,0.880522813,TRUE,FALSE,TRUE,3
3390,2,"$456,300 ",unlogpred,grosscon,18,0.9851,0.881119577,0.795647473,1.845732232,1.000079896,0.034687924,0.954635651,0.034743202,0.033516919,-0.001226284,0.964704352,TRUE,FALSE,TRUE,3
3390,3,"$477,500 ",unlogpred,grosscon,7,0.9852,0.443117235,0.25,3.21139941,0.999837456,0.413490689,0.68249045,0.019184415,0.016342765,-0.00284165,0.851877147,TRUE,FALSE,TRUE,3
3390,4,"$499,000 ",unlogpred,grosscon,2,NA,NA,NA,NA,NA,NA,NA,NA,NA,NA,NA,NA,NA,NA,3
3390,5,"$521,250 ",unlogpred,grosscon,3,NA,NA,NA,NA,NA,NA,NA,NA,NA,NA,NA,NA,NA,NA,3
3390,6,"$565,000 ",unlogpred,grosscon,2,NA,NA,NA,NA,NA,NA,NA,NA,NA,NA,NA,NA,NA,NA,3
3400,1,"$371,124 ",unlogpred,grosscon,19,1.0361,0.488862266,0.445617121,7.992689128,1.003917544,0.045238194,0.98402073,0.069494627,0.049487209,-0.020007418,0.712101228,TRUE,TRUE,TRUE,3
3400,2,"$419,286 ",unlogpred,grosscon,6,0.9701,0.962426055,1,2.210804832,0.998546084,0.269601864,0.665807356,0.031731481,0.047218588,0.015487107,1.488067575,TRUE,FALSE,TRUE,3
3400,3,"$472,500 ",unlogpred,grosscon,13,1.001,0.141606393,0.301895906,5.406067199,1.001041379,0.554806831,0.929193225,0.030852248,0.017067109,-0.013785139,0.553188501,TRUE,TRUE,TRUE,3
3400,4,"$562,030 ",unlogpred,grosscon,5,0.9705,0.92637271,1,1.344026893,0.999655757,0.15866924,0.997319628,0.021364517,0.023760793,0.002396276,1.112161495,TRUE,FALSE,TRUE,3
3400,5,"$598,500 ",unlogpred,grosscon,2,NA,NA,NA,NA,NA,NA,NA,NA,NA,NA,NA,NA,NA,NA,3
3400,6,"$642,059 ",unlogpred,grosscon,3,NA,NA,NA,NA,NA,NA,NA,NA,NA,NA,NA,NA,NA,NA,3
3400,9,"$854,461 ",unlogpred,grosscon,1,NA,NA,NA,NA,NA,NA,NA,NA,NA,NA,NA,NA,NA,NA,3
3400,10,"$1,750,000 ",unlogpred,grosscon,1,NA,NA,NA,NA,NA,NA,NA,NA,NA,NA,NA,NA,NA,NA,3
3401,3,"$1,271,200 ",unlogpred,grosscon,3,NA,NA,NA,NA,NA,NA,NA,NA,NA,NA,NA,NA,NA,NA,3
3401,8,"$1,760,000 ",unlogpred,grosscon,1,NA,NA,NA,NA,NA,NA,NA,NA,NA,NA,NA,NA,NA,NA,3
3401,9,"$1,780,000 ",unlogpred,grosscon,2,NA,NA,NA,NA,NA,NA,NA,NA,NA,NA,NA,NA,NA,NA,3
3420,1,"$754,067 ",unlogpred,grosscon,1,NA,NA,NA,NA,NA,NA,NA,NA,NA,NA,NA,NA,NA,NA,3
3420,2,"$862,000 ",unlogpred,grosscon,5,1.051,0.02983032,0.09,8.373667587,1.003210711,1.001099798,1.081172854,0.026005257,-0.014814528,-0.040819784,-0.569674355,TRUE,TRUE,TRUE,3
3420,3,"$995,499 ",unlogpred,grosscon,12,1.0393,0.270306983,0.232823121,3.142435632,0.999981484,0.597041813,0.471137921,0.01305196,0.013921866,0.000869906,1.066649444,TRUE,FALSE,TRUE,3
3420,4,"$1,200,000 ",unlogpred,grosscon,18,1.0546,0.464763675,0.34953539,5.242238343,0.999198147,0.498975581,0.537490842,0.028226301,0.031415785,0.003189485,1.112996903,TRUE,TRUE,TRUE,3
3420,5,"$1,400,000 ",unlogpred,grosscon,22,1.0404,0.172979421,0.161813068,6.074350199,1.000183232,0.682852125,0.570823059,0.025714689,0.022935119,-0.00277957,0.891907309,TRUE,TRUE,TRUE,3
3420,6,"$1,551,800 ",unlogpred,grosscon,18,1.0091,0.254234266,0.175049065,5.160812605,1.000920922,0.291622643,0.648960561,0.030759516,0.01957143,-0.011188085,0.636272386,TRUE,TRUE,TRUE,3
3420,7,"$1,736,000 ",unlogpred,grosscon,17,0.9969,0.450151467,0.46723298,3.364640557,1.00007207,0.307046818,0.724251926,0.025138679,0.024401798,-0.000736881,0.970687377,TRUE,FALSE,TRUE,3
3420,8,"$1,948,000 ",unlogpred,grosscon,46,0.9676,0.482393896,0.515651418,3.956415734,1.000305299,0.216456104,0.792795755,0.03310644,0.03032233,-0.00278411,0.915904287,TRUE,FALSE,TRUE,3
3420,9,"$2,449,499 ",unlogpred,grosscon,36,0.96,0.335775895,0.49680575,6.147586862,1.000908285,0.306683754,0.808226298,0.042534025,0.037313864,-0.005220161,0.877270948,TRUE,TRUE,TRUE,3
3420,10,"$3,950,000 ",unlogpred,grosscon,52,0.9903,0.872906256,0.770766752,5.956136657,0.998872423,0.072872223,0.889915208,0.109994824,0.112098405,0.002103581,1.019124367,TRUE,TRUE,TRUE,3
3430,1,"$943,000 ",unlogpred,grosscon,2,NA,NA,NA,NA,NA,NA,NA,NA,NA,NA,NA,NA,NA,NA,3
3430,4,"$1,200,000 ",unlogpred,grosscon,3,NA,NA,NA,NA,NA,NA,NA,NA,NA,NA,NA,NA,NA,NA,3
3430,5,"$1,240,000 ",unlogpred,grosscon,5,1.0387,0.700905512,0.36,1.368065617,0.999997576,0.13270754,0.798278302,0.0151169,0.014652009,-0.000464891,0.969246964,TRUE,FALSE,TRUE,3
3430,6,"$1,269,000 ",unlogpred,grosscon,4,NA,NA,NA,NA,NA,NA,NA,NA,NA,NA,NA,NA,NA,NA,3
3430,7,"$1,301,000 ",unlogpred,grosscon,14,0.9631,0.112384021,0.123472527,4.421525405,1.000792469,0.451468225,0.767765299,0.022937077,0.011461,-0.011476078,0.49967132,TRUE,FALSE,TRUE,3
3430,8,"$1,430,000 ",unlogpred,grosscon,8,1.0249,0.121598311,0.299886621,5.972552337,1.001025526,0.524893917,0.539344535,0.026268707,0.02091521,-0.005353497,0.79620248,TRUE,TRUE,TRUE,3
3430,9,"$1,780,000 ",unlogpred,grosscon,4,NA,NA,NA,NA,NA,NA,NA,NA,NA,NA,NA,NA,NA,NA,3
3430,10,"$2,040,000 ",unlogpred,grosscon,1,NA,NA,NA,NA,NA,NA,NA,NA,NA,NA,NA,NA,NA,NA,3
3440,1,"$725,000 ",unlogpred,grosscon,1,NA,NA,NA,NA,NA,NA,NA,NA,NA,NA,NA,NA,NA,NA,3
3440,2,"$930,000 ",unlogpred,grosscon,1,NA,NA,NA,NA,NA,NA,NA,NA,NA,NA,NA,NA,NA,NA,3
3440,3,"$1,148,000 ",unlogpred,grosscon,5,1.0037,0.572883483,0.81,2.849652002,0.999771069,0.938279236,0.237183111,0.005760369,0.019511134,0.013750766,3.387132899,TRUE,FALSE,TRUE,3
3440,4,"$1,481,000 ",unlogpred,grosscon,7,1.0594,0.216090189,0.545779221,5.037050322,1.000070524,0.608516879,0.682153557,0.023775142,0.020426496,-0.003348646,0.859153485,TRUE,TRUE,TRUE,3
3440,5,"$1,592,500 ",unlogpred,grosscon,10,1.0259,0.609455188,0.603404415,4.286007288,0.999561149,0.331159451,0.637897952,0.025973814,0.031358612,0.005384798,1.207316406,TRUE,FALSE,TRUE,3
3440,6,"$1,670,000 ",unlogpred,grosscon,6,0.975,0.001240552,0.07012987,6.394407066,1.000547729,1.052050901,0.432514176,0.013106638,0.000105033,-0.013001604,0.008013754,TRUE,TRUE,TRUE,3
3440,7,"$1,767,500 ",unlogpred,grosscon,9,0.9836,0.223036927,0.466944444,4.843758052,1.000340569,0.530914985,0.655729472,0.028358992,0.029878785,0.001519793,1.053591219,TRUE,FALSE,TRUE,3
3440,8,"$1,835,000 ",unlogpred,grosscon,14,0.9625,0.454325364,0.441514583,4.468158364,1.000087871,0.303585962,0.651678832,0.030880036,0.032163403,0.001283366,1.041559744,TRUE,FALSE,TRUE,3
3440,9,"$2,824,500 ",unlogpred,grosscon,25,0.9728,0.419708341,0.268832502,5.584912496,1.001242485,0.176088273,0.780780973,0.039799218,0.025422185,-0.014377033,0.638760926,TRUE,TRUE,TRUE,3
3440,10,"$3,150,000 ",unlogpred,grosscon,13,0.9854,0.771783062,0.784700148,6.158328972,0.997750051,0.13466986,0.826290201,0.089886095,0.09645558,0.006569485,1.073086782,TRUE,TRUE,TRUE,3
3460,5,"$1,800,000 ",unlogpred,grosscon,1,NA,NA,NA,NA,NA,NA,NA,NA,NA,NA,NA,NA,NA,NA,3
3460,6,"$2,031,156 ",unlogpred,grosscon,2,NA,NA,NA,NA,NA,NA,NA,NA,NA,NA,NA,NA,NA,NA,3
3460,7,"$2,166,123 ",unlogpred,grosscon,1,NA,NA,NA,NA,NA,NA,NA,NA,NA,NA,NA,NA,NA,NA,3
3460,8,"$2,282,600 ",unlogpred,grosscon,3,NA,NA,NA,NA,NA,NA,NA,NA,NA,NA,NA,NA,NA,NA,3
3460,9,"$2,646,570 ",unlogpred,grosscon,5,1.0576,0.283726404,0.25,11.10962653,0.998186508,0.668089908,0.603815461,0.034868017,0.031139348,-0.003728669,0.893063354,TRUE,TRUE,TRUE,3
3460,10,"$2,840,700 ",unlogpred,grosscon,9,0.9389,0.502894442,0.111111111,6.189423536,1.006713221,-0.358770798,1.225786844,0.060972936,0.029146502,-0.031826434,0.478023599,TRUE,TRUE,TRUE,3
3480,1,"$354,900 ",unlogpred,grosscon,38,1.0113,0.923278708,0.891872095,4.039749322,1.005543756,-0.085817004,1.142801302,0.106083755,0.095936032,-0.010147722,0.904342353,TRUE,FALSE,TRUE,3
3480,2,"$355,000 ",unlogpred,grosscon,5,0.9725,0.91615722,0.49,1.41982297,0.999532213,0.148123366,0.817020208,0.027306273,0.030539759,0.003233486,1.118415516,TRUE,FALSE,TRUE,3
3480,3,"$380,000 ",unlogpred,grosscon,7,0.9873,0.118963989,0.326530612,7.220344744,1.000674802,0.690898123,0.45352363,0.026939166,0.025589585,-0.001349581,0.94990265,TRUE,TRUE,TRUE,3
3480,4,"$400,000 ",unlogpred,grosscon,7,0.949,0.677891798,0.286989796,2.641324982,1.00023409,0.061287926,0.9440219,0.025497576,0.019784073,-0.005713503,0.775919758,TRUE,FALSE,TRUE,3
3480,5,"$476,580 ",unlogpred,grosscon,7,1.0108,0.032894114,0.005102041,5.685856828,1.001985734,0.703618997,0.7680699,0.022075911,-0.004946373,-0.027022284,-0.224061988,TRUE,TRUE,TRUE,3
3480,6,"$570,000 ",unlogpred,grosscon,1,NA,NA,NA,NA,NA,NA,NA,NA,NA,NA,NA,NA,NA,NA,3
3480,7,"$750,000 ",unlogpred,grosscon,5,0.9641,0.144554944,0.09,5.137521095,1.001000701,1.277857715,2.009597664,0.012324162,-0.010368314,-0.022692476,-0.84129969,TRUE,TRUE,TRUE,3
3480,10,"$1,340,000 ",unlogpred,grosscon,2,NA,NA,NA,NA,NA,NA,NA,NA,NA,NA,NA,NA,NA,NA,3
3500,1,"$365,040 ",unlogpred,grosscon,46,1.0333,0.671930163,0.540641593,5.769041258,1.004289712,-0.034553758,1.037981007,0.078716463,0.059897414,-0.018819049,0.760926136,TRUE,TRUE,TRUE,3
3500,2,"$483,880 ",unlogpred,grosscon,36,1.0081,0.348067958,0.293167591,6.509533705,0.999684401,0.496082284,0.594513722,0.035431641,0.036647995,0.001216354,1.034329606,TRUE,TRUE,TRUE,3
3500,3,"$516,252 ",unlogpred,grosscon,37,0.9964,0.292205168,0.377710694,3.81957249,1.000958908,0.129883741,1.06121289,0.029011111,0.018597926,-0.010413185,0.641062181,TRUE,FALSE,TRUE,3
3500,4,"$549,200 ",unlogpred,grosscon,8,0.9892,0.463213859,0.776077098,9.319733756,0.995401273,1.026091388,0.318196574,0.027428001,0.077225999,0.049797997,2.815589718,TRUE,TRUE,TRUE,3
3500,5,"$600,768 ",unlogpred,grosscon,4,NA,NA,NA,NA,NA,NA,NA,NA,NA,NA,NA,NA,NA,NA,3
3500,6,"$642,000 ",unlogpred,grosscon,10,0.9458,0.453714386,0.376977088,3.704780939,1.000719329,0.058577032,0.752115534,0.027594965,0.018257396,-0.009337569,0.661620567,TRUE,FALSE,TRUE,3
3500,7,"$688,400 ",unlogpred,grosscon,8,0.9686,0.742330432,0.734693878,5.167680913,0.998052289,0.585115127,0.458775197,0.024294987,0.048272736,0.023977749,1.986942256,TRUE,TRUE,TRUE,3
3500,8,"$814,000 ",unlogpred,grosscon,7,0.9235,0.105812938,0.12755102,6.7770646,1.001404721,0.46158325,1.216259354,0.029631948,0.014936824,-0.014695124,0.504078362,TRUE,TRUE,TRUE,3
3500,9,"$1,154,197 ",unlogpred,grosscon,7,0.9362,0.932399519,0.862244898,4.392227485,0.995398396,0.371306502,0.566734157,0.041788625,0.070785247,0.028996623,1.693887938,TRUE,FALSE,TRUE,3
3500,10,"$1,858,306 ",unlogpred,grosscon,3,NA,NA,NA,NA,NA,NA,NA,NA,NA,NA,NA,NA,NA,NA,3
3510,1,"$420,000 ",unlogpred,grosscon,8,1.0955,0.540268322,0.617346939,9.745058482,1.009035945,-0.085886519,1.305862608,0.087303304,0.060495898,-0.026807407,0.692939382,TRUE,TRUE,TRUE,3
3510,2,"$507,000 ",unlogpred,grosscon,4,NA,NA,NA,NA,NA,NA,NA,NA,NA,NA,NA,NA,NA,NA,3
3510,3,"$900,000 ",unlogpred,grosscon,1,NA,NA,NA,NA,NA,NA,NA,NA,NA,NA,NA,NA,NA,NA,3
3510,4,"$900,000 ",unlogpred,grosscon,2,NA,NA,NA,NA,NA,NA,NA,NA,NA,NA,NA,NA,NA,NA,3
3510,5,"$918,304 ",unlogpred,grosscon,6,0.9679,0.419516354,0.121008403,7.932728452,0.998208588,0.882348429,0.252910986,0.018181139,0.038708954,0.020527815,2.129071977,TRUE,TRUE,TRUE,3
3510,6,"$980,000 ",unlogpred,grosscon,4,NA,NA,NA,NA,NA,NA,NA,NA,NA,NA,NA,NA,NA,NA,3
3510,7,"$995,000 ",unlogpred,grosscon,2,NA,NA,NA,NA,NA,NA,NA,NA,NA,NA,NA,NA,NA,NA,3
3510,8,"$1,150,000 ",unlogpred,grosscon,4,NA,NA,NA,NA,NA,NA,NA,NA,NA,NA,NA,NA,NA,NA,3
3510,9,"$1,221,900 ",unlogpred,grosscon,1,NA,NA,NA,NA,NA,NA,NA,NA,NA,NA,NA,NA,NA,NA,3
3511,1,"$685,000 ",unlogpred,grosscon,3,NA,NA,NA,NA,NA,NA,NA,NA,NA,NA,NA,NA,NA,NA,3
3511,2,"$771,000 ",unlogpred,grosscon,10,1.0742,0.708461937,0.268637293,4.008925965,0.999250642,0.244615936,0.697921867,0.035397445,0.035762311,0.000364866,1.010307685,TRUE,FALSE,TRUE,3
3511,3,"$875,000 ",unlogpred,grosscon,36,1.0188,0.144138761,0.114529489,5.293032424,1.000782712,0.432923787,0.694538281,0.025003046,0.014228359,-0.010774687,0.569065021,TRUE,TRUE,TRUE,3
3511,4,"$934,000 ",unlogpred,grosscon,43,1.0085,0.472673299,0.480147148,3.869345792,1.000028775,0.295783372,0.769046518,0.0298417,0.029767793,-7.39076E-05,0.997523346,TRUE,FALSE,TRUE,3
3511,5,"$995,000 ",unlogpred,grosscon,55,1.0123,0.26006747,0.29244798,4.909041612,0.999995525,0.58954291,0.482113515,0.022110362,0.023201908,0.001091546,1.049368073,TRUE,FALSE,TRUE,3
3511,6,"$1,059,581 ",unlogpred,grosscon,46,1.0028,0.084695454,0.195038084,5.99311374,1.001049834,0.657888981,0.624778153,0.027716348,0.014730435,-0.012985914,0.531470974,TRUE,TRUE,TRUE,3
3511,7,"$1,179,800 ",unlogpred,grosscon,36,0.9751,0.284603356,0.306322248,5.918867948,0.999802508,0.60584534,0.477529925,0.026315181,0.027570946,0.001255764,1.04772014,TRUE,TRUE,TRUE,3
3511,8,"$1,412,904 ",unlogpred,grosscon,41,0.9648,0.185921028,0.384361121,5.06250351,1.001400609,0.315534375,0.873290865,0.034335391,0.020105676,-0.014229715,0.58556711,TRUE,TRUE,TRUE,3
3511,9,"$1,649,565 ",unlogpred,grosscon,22,0.9555,0.338978946,0.213700622,7.751738546,0.999017213,0.664784776,0.484767627,0.031887902,0.035213595,0.003325693,1.104293237,TRUE,TRUE,TRUE,3
3511,10,"$2,075,000 ",unlogpred,grosscon,2,NA,NA,NA,NA,NA,NA,NA,NA,NA,NA,NA,NA,NA,NA,3
3512,2,"$999,006 ",unlogpred,grosscon,1,NA,NA,NA,NA,NA,NA,NA,NA,NA,NA,NA,NA,NA,NA,3
3512,3,"$1,149,106 ",unlogpred,grosscon,4,NA,NA,NA,NA,NA,NA,NA,NA,NA,NA,NA,NA,NA,NA,3
3512,4,"$1,223,140 ",unlogpred,grosscon,13,0.9865,0.262753903,0.357362941,6.154726988,0.999793594,0.672571157,0.394783986,0.020920515,0.032734812,0.011814297,1.564723064,TRUE,TRUE,TRUE,3
3512,5,"$1,350,000 ",unlogpred,grosscon,28,1.032,0.256340389,0.360559376,5.683840651,1.000138758,0.547707334,0.547487933,0.025628828,0.025915139,0.000286311,1.011171427,TRUE,TRUE,TRUE,3
3512,6,"$1,554,132 ",unlogpred,grosscon,53,1.0133,0.162627008,0.147949339,6.463094066,1.000736317,0.551668596,0.594169338,0.029676693,0.021820744,-0.007855949,0.735282199,TRUE,TRUE,TRUE,3
3512,7,"$1,778,000 ",unlogpred,grosscon,56,0.9978,0.211291809,0.23698348,6.853314167,0.999783492,0.755536472,0.42253477,0.024415994,0.025519349,0.001103355,1.045189866,TRUE,TRUE,TRUE,3
3512,8,"$2,063,081 ",unlogpred,grosscon,47,0.99,0.058929378,0.386262005,7.440426739,1.001813714,0.927196048,0.710306059,0.037686266,0.019385034,-0.018301232,0.514379266,TRUE,TRUE,TRUE,3
3512,9,"$2,295,000 ",unlogpred,grosscon,58,0.9786,0.629788027,0.513074375,6.240920681,0.998370376,0.368059818,0.654808852,0.04332848,0.053060662,0.009732182,1.224613975,TRUE,TRUE,TRUE,3
3512,10,"$4,065,000 ",unlogpred,grosscon,56,0.9332,0.826738269,0.680985298,7.984461381,0.99822293,0.116474178,0.865917092,0.110875622,0.113756056,0.002880434,1.025978966,TRUE,TRUE,TRUE,3
3513,1,"$978,400 ",unlogpred,grosscon,1,NA,NA,NA,NA,NA,NA,NA,NA,NA,NA,NA,NA,NA,NA,3
3513,3,"$1,252,000 ",unlogpred,grosscon,1,NA,NA,NA,NA,NA,NA,NA,NA,NA,NA,NA,NA,NA,NA,3
3513,4,"$1,353,000 ",unlogpred,grosscon,6,0.9921,0.29254253,0.066122449,4.962126164,1.001313533,1.577367675,1.371617948,0.013437546,-0.01636573,-0.029803276,-1.217910561,TRUE,FALSE,TRUE,3
3513,5,"$1,450,000 ",unlogpred,grosscon,2,NA,NA,NA,NA,NA,NA,NA,NA,NA,NA,NA,NA,NA,NA,3
3513,6,"$1,595,000 ",unlogpred,grosscon,15,0.9992,0.397474622,0.696191331,5.018204719,0.999044813,0.625672387,0.533486496,0.027744667,0.044743226,0.016998559,1.612678444,TRUE,TRUE,TRUE,3
3513,7,"$1,745,000 ",unlogpred,grosscon,13,1.0198,0.045224277,0.041443405,6.565946446,1.001000246,0.763731199,0.549800349,0.02293633,0.005973934,-0.016962396,0.260457267,TRUE,TRUE,TRUE,3
3513,8,"$2,104,200 ",unlogpred,grosscon,24,1.0065,0.220395099,0.281974046,6.935988481,1.000913851,0.393169647,0.572939113,0.034990992,0.028433029,-0.006557963,0.812581404,TRUE,TRUE,TRUE,3
3513,9,"$2,660,000 ",unlogpred,grosscon,18,0.9834,0.071782903,0.06751455,8.199544648,1.003988482,0.342087523,0.839657168,0.043679998,0.015989839,-0.027690159,0.366067753,TRUE,TRUE,TRUE,3
3513,10,"$3,350,000 ",unlogpred,grosscon,22,0.9549,0.236918518,0.385086472,9.508045324,1.008915368,0.034877956,0.808905508,0.081030626,0.05071338,-0.030317246,0.625854474,TRUE,TRUE,TRUE,3
3520,3,"$1,041,000 ",unlogpred,grosscon,1,NA,NA,NA,NA,NA,NA,NA,NA,NA,NA,NA,NA,NA,NA,3
3520,4,"$1,147,000 ",unlogpred,grosscon,2,NA,NA,NA,NA,NA,NA,NA,NA,NA,NA,NA,NA,NA,NA,3
3520,5,"$1,175,000 ",unlogpred,grosscon,4,NA,NA,NA,NA,NA,NA,NA,NA,NA,NA,NA,NA,NA,NA,3
3520,6,"$1,211,000 ",unlogpred,grosscon,2,NA,NA,NA,NA,NA,NA,NA,NA,NA,NA,NA,NA,NA,NA,3
3520,7,"$1,340,275 ",unlogpred,grosscon,3,NA,NA,NA,NA,NA,NA,NA,NA,NA,NA,NA,NA,NA,NA,3
3520,8,"$1,432,275 ",unlogpred,grosscon,4,NA,NA,NA,NA,NA,NA,NA,NA,NA,NA,NA,NA,NA,NA,3
3530,1,"$566,000 ",unlogpred,grosscon,3,NA,NA,NA,NA,NA,NA,NA,NA,NA,NA,NA,NA,NA,NA,3
3530,2,"$587,270 ",unlogpred,grosscon,7,1.0231,0.727685544,0.862244898,2.816973189,0.999642429,0.188825272,0.739637085,0.030972375,0.036447034,0.00547466,1.176759444,TRUE,FALSE,TRUE,3
3530,3,"$616,000 ",unlogpred,grosscon,16,0.9903,0.824963891,0.763538126,1.650413598,1.000302792,-0.012565729,1.066070971,0.030438572,0.026846152,-0.00359242,0.88197803,TRUE,FALSE,TRUE,3
3530,4,"$653,000 ",unlogpred,grosscon,3,NA,NA,NA,NA,NA,NA,NA,NA,NA,NA,NA,NA,NA,NA,3
3530,5,"$677,000 ",unlogpred,grosscon,2,NA,NA,NA,NA,NA,NA,NA,NA,NA,NA,NA,NA,NA,NA,3
3530,6,"$696,750 ",unlogpred,grosscon,3,NA,NA,NA,NA,NA,NA,NA,NA,NA,NA,NA,NA,NA,NA,3
3530,7,"$713,000 ",unlogpred,grosscon,4,NA,NA,NA,NA,NA,NA,NA,NA,NA,NA,NA,NA,NA,NA,3
3530,9,"$1,131,038 ",unlogpred,grosscon,2,NA,NA,NA,NA,NA,NA,NA,NA,NA,NA,NA,NA,NA,NA,3
4040,1,"$535,764 ",unlogpred,grosscon,9,1.0336,0.102354105,0.4225,8.681295568,0.999761089,1.089965928,0.156449494,0.020331842,0.036823928,0.016492085,1.811145638,TRUE,TRUE,TRUE,4
4040,2,"$599,000 ",unlogpred,grosscon,14,1.0453,0.506909992,0.433743299,7.029422411,0.998533631,0.795649729,0.35844573,0.02069156,0.045242346,0.024550786,2.186512089,TRUE,TRUE,TRUE,4
4040,3,"$627,333 ",unlogpred,grosscon,9,1.0109,0.356943621,0.437044818,4.935559208,0.999471703,0.748065884,0.398449415,0.016923475,0.024522164,0.007598689,1.449002881,TRUE,FALSE,TRUE,4
4040,4,"$661,117 ",unlogpred,grosscon,22,0.9841,0.113239355,0.103188758,5.458707125,0.999979275,0.9353505,0.350767979,0.01446008,0.01430666,-0.000153419,0.989390165,TRUE,TRUE,TRUE,4
4040,5,"$697,501 ",unlogpred,grosscon,39,1.0259,0.27245944,0.332701642,3.967395017,0.999822582,0.720525355,0.422883045,0.014318658,0.018484797,0.004166139,1.290958786,TRUE,FALSE,TRUE,4
4040,6,"$726,219 ",unlogpred,grosscon,37,0.9971,0.200943824,0.260442871,3.28991606,1.000157597,0.512802399,0.772864635,0.015518052,0.011888365,-0.003629687,0.766099037,TRUE,FALSE,TRUE,4
4040,7,"$813,417 ",unlogpred,grosscon,31,0.9876,0.041069004,0.024723068,5.218685429,1.0001753,1.021076738,0.335735531,0.013209956,0.007095494,-0.006114462,0.537132298,TRUE,TRUE,TRUE,4
4040,8,"$881,000 ",unlogpred,grosscon,30,0.981,0.537688853,0.504519052,4.391427692,0.999529817,0.418740225,0.542936644,0.024687213,0.031222207,0.006534994,1.264711672,TRUE,FALSE,TRUE,4
4040,9,"$953,000 ",unlogpred,grosscon,36,0.9596,0.426098842,0.494608543,4.099564503,1.000430037,0.226295112,0.701067807,0.031839202,0.030573552,-0.00126565,0.960248702,TRUE,FALSE,TRUE,4
4040,10,"$1,886,361 ",unlogpred,grosscon,8,0.9778,0.789789855,0.862244898,4.89287856,1.001161249,0.032367656,0.90021142,0.069884606,0.069151969,-0.000732637,0.989516468,TRUE,FALSE,TRUE,4
4050,1,"$364,500 ",unlogpred,grosscon,15,1.0168,0.376639054,0.003719434,9.542704356,1.012825036,0.733905829,0.768669762,0.037019021,-0.011950121,-0.048969142,-0.322810295,TRUE,TRUE,TRUE,4
4050,2,"$379,000 ",unlogpred,grosscon,12,1.0781,0.038391255,0.085416357,6.991603664,1.000823038,0.876436486,0.541210258,0.021800575,0.012774702,-0.009025872,0.585980072,TRUE,TRUE,TRUE,4
4050,3,"$454,750 ",unlogpred,grosscon,16,0.9792,0.001823345,0.015218501,5.816602632,1.000682834,1.246938939,0.527998725,0.01277111,-0.001278769,-0.014049879,-0.100129809,TRUE,TRUE,TRUE,4
4050,4,"$520,000 ",unlogpred,grosscon,14,0.9756,0.025655035,0.015797919,5.451548138,1.000383491,0.936730379,0.358443991,0.014502559,0.00525896,-0.009243599,0.362622892,TRUE,TRUE,TRUE,4
4050,5,"$549,500 ",unlogpred,grosscon,10,1.0331,0.089603561,0.053362897,10.52618203,0.999686587,1.213663204,0.172191623,0.008444154,0.011016391,0.002572236,1.304617391,TRUE,TRUE,TRUE,4
4050,6,"$616,000 ",unlogpred,grosscon,10,0.9529,0.064229036,0.051856061,6.195040421,1.001466193,1.294001881,0.322148024,0.015686191,-0.011523321,-0.027209512,-0.734615634,TRUE,TRUE,TRUE,4
4050,7,"$700,777 ",unlogpred,grosscon,10,0.9648,0.055402754,0.003049125,2.697420255,1.000247067,0.492050227,0.429281527,0.011095771,0.005168476,-0.005927295,0.465805951,TRUE,FALSE,TRUE,4
4050,8,"$732,000 ",unlogpred,grosscon,9,0.9414,0.138999746,0.071111111,4.063339407,1.000074189,0.764147542,0.476441225,0.012873957,0.010462187,-0.00241177,0.812662913,TRUE,FALSE,TRUE,4
4050,9,"$818,200 ",unlogpred,grosscon,4,NA,NA,NA,NA,NA,NA,NA,NA,NA,NA,NA,NA,NA,NA,4
4100,1,"$415,000 ",unlogpred,grosscon,2,NA,NA,NA,NA,NA,NA,NA,NA,NA,NA,NA,NA,NA,NA,4
4100,2,"$415,000 ",unlogpred,grosscon,2,NA,NA,NA,NA,NA,NA,NA,NA,NA,NA,NA,NA,NA,NA,4
4130,6,"$858,406 ",unlogpred,grosscon,1,NA,NA,NA,NA,NA,NA,NA,NA,NA,NA,NA,NA,NA,NA,4
4130,8,"$909,203 ",unlogpred,grosscon,2,NA,NA,NA,NA,NA,NA,NA,NA,NA,NA,NA,NA,NA,NA,4
4130,9,"$934,601 ",unlogpred,grosscon,1,NA,NA,NA,NA,NA,NA,NA,NA,NA,NA,NA,NA,NA,NA,4
4140,1,"$264,000 ",unlogpred,grosscon,22,1.0129,0.795971992,0.770824722,6.702898365,1.009425369,-0.199741274,1.309380442,0.091064239,0.064713814,-0.026350425,0.710639159,TRUE,TRUE,TRUE,4
4140,2,"$355,000 ",unlogpred,grosscon,17,0.9798,0.000236535,0.017668872,4.755418467,1.001155747,0.919160773,0.753563247,0.019092089,-0.003870959,-0.022963048,-0.202751989,TRUE,FALSE,TRUE,4
4140,3,"$388,956 ",unlogpred,grosscon,7,0.9785,0.07040884,0.011479592,2.517182632,1.000336856,0.393305688,0.680756136,0.012686838,0.004516418,-0.008170421,0.355992372,TRUE,FALSE,TRUE,4
4140,4,"$394,200 ",unlogpred,grosscon,1,NA,NA,NA,NA,NA,NA,NA,NA,NA,NA,NA,NA,NA,NA,4
4140,5,"$395,460 ",unlogpred,grosscon,1,NA,NA,NA,NA,NA,NA,NA,NA,NA,NA,NA,NA,NA,NA,4
4160,1,"$421,427 ",unlogpred,grosscon,2,NA,NA,NA,NA,NA,NA,NA,NA,NA,NA,NA,NA,NA,NA,4
4160,2,"$441,000 ",unlogpred,grosscon,4,NA,NA,NA,NA,NA,NA,NA,NA,NA,NA,NA,NA,NA,NA,4
4160,3,"$497,157 ",unlogpred,grosscon,3,NA,NA,NA,NA,NA,NA,NA,NA,NA,NA,NA,NA,NA,NA,4
4160,4,"$536,556 ",unlogpred,grosscon,6,1.0465,0.74112875,0.971428571,0.796926721,1.000026376,0.037304201,0.829609671,0.008782892,0.009567079,0.000784187,1.089285747,TRUE,FALSE,TRUE,4
4160,5,"$547,921 ",unlogpred,grosscon,8,0.9919,0.688112323,0.402897303,2.966749797,0.999410623,0.557542999,0.502083084,0.015020581,0.024972718,0.009952137,1.6625667,TRUE,FALSE,TRUE,4
4160,6,"$554,804 ",unlogpred,grosscon,1,NA,NA,NA,NA,NA,NA,NA,NA,NA,NA,NA,NA,NA,NA,4
4160,8,"$605,370 ",unlogpred,grosscon,1,NA,NA,NA,NA,NA,NA,NA,NA,NA,NA,NA,NA,NA,NA,4
4170,1,"$400,159 ",unlogpred,grosscon,39,1.0453,0.561315969,0.33314366,8.729660815,1.001946407,0.150696983,0.865598902,0.085595916,0.068494489,-0.017101427,0.800207437,TRUE,TRUE,TRUE,4
4170,2,"$464,664 ",unlogpred,grosscon,38,1.0094,0.05682779,0.136299722,4.858351036,1.000653599,0.852435827,0.804400459,0.02237767,0.010744221,-0.011633449,0.480131358,TRUE,FALSE,TRUE,4
4170,3,"$480,552 ",unlogpred,grosscon,47,0.9907,0.002437147,0.074927966,6.286652299,1.000480339,1.223816825,0.403526073,0.012999687,0.00554199,-0.007457697,0.42631716,TRUE,TRUE,TRUE,4
4170,4,"$503,369 ",unlogpred,grosscon,26,0.9554,0.063795814,0.026036072,5.715307439,1.000235334,0.92865021,0.273859606,0.015383621,0.013322175,-0.002061446,0.865997332,TRUE,TRUE,TRUE,4
4170,5,"$535,000 ",unlogpred,grosscon,32,0.9712,0.09048349,0.131904342,6.172142085,0.999975348,1.030000136,0.28462501,0.015450707,0.01596926,0.000518552,1.033561711,TRUE,TRUE,TRUE,4
4170,6,"$587,734 ",unlogpred,grosscon,28,0.9717,0.265795398,0.360953148,4.083461378,0.999799232,0.730893076,0.421515984,0.016574608,0.021265441,0.004690833,1.283013217,TRUE,FALSE,TRUE,4
4170,7,"$625,958 ",unlogpred,grosscon,22,0.952,0.262137573,0.475328884,2.427043761,0.99990959,0.707638877,0.505662789,0.011844852,0.0148826,0.003037749,1.256461542,TRUE,FALSE,TRUE,4
4170,8,"$686,409 ",unlogpred,grosscon,12,0.9218,0.139629811,0.023668639,2.958888211,1.000407357,0.262713931,0.9695204,0.01583433,0.005719248,-0.010115083,0.361192897,TRUE,FALSE,TRUE,4
4180,2,"$482,930 ",unlogpred,grosscon,1,NA,NA,NA,NA,NA,NA,NA,NA,NA,NA,NA,NA,NA,NA,4
4180,3,"$486,896 ",unlogpred,grosscon,1,NA,NA,NA,NA,NA,NA,NA,NA,NA,NA,NA,NA,NA,NA,4
4200,6,"$650,000 ",unlogpred,grosscon,1,NA,NA,NA,NA,NA,NA,NA,NA,NA,NA,NA,NA,NA,NA,4
4210,1,"$476,580 ",unlogpred,grosscon,42,1.0821,0.340105561,0.282304612,8.09129446,1.00235122,0.201648095,0.789280652,0.052861916,0.039178024,-0.013683892,0.741138938,TRUE,TRUE,TRUE,4
4210,2,"$519,308 ",unlogpred,grosscon,112,1.0344,0.04718453,0.079647372,6.991484385,1.000558023,0.962807587,0.524529219,0.022110654,0.011313237,-0.010797417,0.511664505,TRUE,TRUE,TRUE,4
4210,3,"$555,640 ",unlogpred,grosscon,135,1.0111,0.123803449,0.168068051,4.461981252,1.000182335,0.733663086,0.487155973,0.016546623,0.012973155,-0.003573468,0.784036419,TRUE,FALSE,TRUE,4
4210,4,"$590,585 ",unlogpred,grosscon,155,0.9977,0.042318299,0.078810205,4.290407148,1.000333681,0.83514113,0.514057001,0.014583868,0.006951442,-0.007632426,0.476652799,TRUE,FALSE,TRUE,4
4210,5,"$634,370 ",unlogpred,grosscon,138,0.987,0.105338481,0.108915707,4.380883299,1.000128818,0.799465436,0.448929634,0.014631085,0.011900328,-0.002730757,0.813359215,TRUE,FALSE,TRUE,4
4210,6,"$680,000 ",unlogpred,grosscon,149,0.9786,0.039347894,0.105311206,5.543963292,1.000162356,1.091037572,0.407122607,0.013711757,0.009506408,-0.004205349,0.693303439,TRUE,TRUE,TRUE,4
4210,7,"$733,140 ",unlogpred,grosscon,151,0.9839,0.143774322,0.220189506,3.660973256,1.00004162,0.786549955,0.526879391,0.013844688,0.012975359,-0.000869328,0.937208527,TRUE,FALSE,TRUE,4
4210,8,"$792,541 ",unlogpred,grosscon,107,0.9679,0.194330953,0.240003203,4.835099631,1.000248327,0.584095408,0.624772788,0.022427655,0.019116782,-0.003310872,0.852375459,TRUE,FALSE,TRUE,4
4210,9,"$983,101 ",unlogpred,grosscon,129,0.9837,0.250896337,0.296066168,6.540224551,1.001506277,0.294647116,0.753601291,0.040832646,0.029931293,-0.010901354,0.733023582,TRUE,TRUE,TRUE,4
4210,10,"$1,950,000 ",unlogpred,grosscon,53,0.939,0.84779397,0.785741219,5.259170602,0.997893869,0.126630831,0.835709596,0.08422023,0.092088027,0.007867797,1.093419327,TRUE,TRUE,TRUE,4
4211,1,"$359,000 ",unlogpred,grosscon,10,0.9961,0.165232731,0.19573921,5.047121804,1.002223742,0.139878826,0.80221312,0.035767969,0.017496854,-0.018271114,0.489176628,TRUE,TRUE,TRUE,4
4211,2,"$386,000 ",unlogpred,grosscon,7,1.0271,0.607104173,0.5625,2.370880079,1.000190976,0.112135057,0.913225853,0.024497573,0.021747524,-0.002750049,0.887741984,TRUE,FALSE,TRUE,4
4211,3,"$401,520 ",unlogpred,grosscon,3,NA,NA,NA,NA,NA,NA,NA,NA,NA,NA,NA,NA,NA,NA,4
4211,4,"$422,600 ",unlogpred,grosscon,5,0.9971,0.388406283,0.002631579,4.441036299,0.999651599,1.007988921,0.176155306,0.006347173,0.018244783,0.01189761,2.8744739,TRUE,FALSE,TRUE,4
4211,5,"$441,500 ",unlogpred,grosscon,3,NA,NA,NA,NA,NA,NA,NA,NA,NA,NA,NA,NA,NA,NA,4
4211,6,"$458,000 ",unlogpred,grosscon,1,NA,NA,NA,NA,NA,NA,NA,NA,NA,NA,NA,NA,NA,NA,4
4220,1,"$474,750 ",unlogpred,grosscon,3,NA,NA,NA,NA,NA,NA,NA,NA,NA,NA,NA,NA,NA,NA,4
4220,2,"$599,000 ",unlogpred,grosscon,8,1.0071,0.424456934,0.717450271,1.880377589,1.000118194,0.208779298,0.862779854,0.013514495,0.017017013,0.003502518,1.259167497,TRUE,FALSE,TRUE,4
4220,3,"$645,749 ",unlogpred,grosscon,8,0.9878,0.039413866,0.063253012,4.749632192,1.001277468,0.483941555,2.798166237,0.01722103,-0.002225163,-0.019446193,-0.129211978,TRUE,FALSE,TRUE,4
4220,4,"$745,000 ",unlogpred,grosscon,5,0.9778,0.042694504,0.09,5.04183841,1.000613046,0.701065084,0.592243947,0.017475894,0.010725453,-0.006750441,0.613728446,TRUE,TRUE,TRUE,4
4220,5,"$786,500 ",unlogpred,grosscon,9,1.0168,0.567651545,0.352011494,6.10659076,0.99928969,1.011749933,0.188219709,0.008232206,0.024733078,0.016500872,3.004428967,TRUE,TRUE,TRUE,4
4220,6,"$890,000 ",unlogpred,grosscon,9,0.9641,0.076428518,0.030882353,3.112755103,1.0007454,-0.006026851,0.908451726,0.017812805,0.001897123,-0.015915682,0.10650335,TRUE,FALSE,TRUE,4
4220,7,"$1,131,000 ",unlogpred,grosscon,7,1.0282,0.048121887,0.067307692,4.67494583,1.000044541,1.113278867,NA,0.00915997,0.015859143,0.006699173,1.731353093,TRUE,FALSE,TRUE,4
4220,8,"$1,282,995 ",unlogpred,grosscon,17,1.0242,0.555817725,0.525848208,3.485514279,0.999843604,0.290343521,0.780373327,0.024804369,0.027144695,0.002340326,1.094351369,TRUE,FALSE,TRUE,4
4220,9,"$1,364,819 ",unlogpred,grosscon,19,1.0356,0.749646848,0.744628737,5.321207166,0.998084857,0.303171281,0.638615222,0.045026192,0.060640949,0.015614756,1.346792732,TRUE,TRUE,TRUE,4
4220,10,"$1,700,000 ",unlogpred,grosscon,34,0.9547,0.563532182,0.576193201,5.654428391,1.000953071,0.140075968,0.869320767,0.055832491,0.050629017,-0.005203475,0.906802035,TRUE,TRUE,TRUE,4
4230,1,NA,unlogpred,grosscon,1,NA,NA,NA,NA,NA,NA,NA,NA,NA,NA,NA,NA,NA,NA,NA
4230,3,NA,unlogpred,grosscon,1,NA,NA,NA,NA,NA,NA,NA,NA,NA,NA,NA,NA,NA,NA,NA
4250,1,"$408,000 ",unlogpred,grosscon,1,NA,NA,NA,NA,NA,NA,NA,NA,NA,NA,NA,NA,NA,NA,4
4250,2,"$436,000 ",unlogpred,grosscon,2,NA,NA,NA,NA,NA,NA,NA,NA,NA,NA,NA,NA,NA,NA,4
4250,3,"$464,000 ",unlogpred,grosscon,4,NA,NA,NA,NA,NA,NA,NA,NA,NA,NA,NA,NA,NA,NA,4
4250,7,"$524,000 ",unlogpred,grosscon,1,NA,NA,NA,NA,NA,NA,NA,NA,NA,NA,NA,NA,NA,NA,4
4260,1,"$315,000 ",unlogpred,grosscon,20,0.9881,0.291316607,0.153788404,5.55169459,1.004480803,-0.516305895,1.938441834,0.042808837,0.011630481,-0.031178356,0.271684121,TRUE,TRUE,TRUE,4
4260,2,"$323,000 ",unlogpred,grosscon,2,NA,NA,NA,NA,NA,NA,NA,NA,NA,NA,NA,NA,NA,NA,4
4260,5,"$360,000 ",unlogpred,grosscon,6,1.0194,0.085525796,0.066122449,6.588550331,1.000542621,1.413628106,0.225914176,0.008094645,-0.009598033,-0.017692678,-1.185726187,TRUE,TRUE,TRUE,4
4260,6,"$553,499 ",unlogpred,grosscon,1,NA,NA,NA,NA,NA,NA,NA,NA,NA,NA,NA,NA,NA,NA,4
4260,7,"$604,100 ",unlogpred,grosscon,2,NA,NA,NA,NA,NA,NA,NA,NA,NA,NA,NA,NA,NA,NA,4
4260,8,"$627,200 ",unlogpred,grosscon,1,NA,NA,NA,NA,NA,NA,NA,NA,NA,NA,NA,NA,NA,NA,4
4270,1,"$400,000 ",unlogpred,grosscon,4,NA,NA,NA,NA,NA,NA,NA,NA,NA,NA,NA,NA,NA,NA,4
4270,2,"$455,000 ",unlogpred,grosscon,5,1.0331,0.054310875,0.09,3.81090728,1.000624115,0.961113789,2.038210938,0.011211729,-0.008360187,-0.019571916,-0.745664388,TRUE,FALSE,TRUE,4
4270,3,"$469,000 ",unlogpred,grosscon,3,NA,NA,NA,NA,NA,NA,NA,NA,NA,NA,NA,NA,NA,NA,4
4270,4,"$470,000 ",unlogpred,grosscon,1,NA,NA,NA,NA,NA,NA,NA,NA,NA,NA,NA,NA,NA,NA,4
4270,5,"$475,000 ",unlogpred,grosscon,3,NA,NA,NA,NA,NA,NA,NA,NA,NA,NA,NA,NA,NA,NA,4
4270,6,"$530,000 ",unlogpred,grosscon,2,NA,NA,NA,NA,NA,NA,NA,NA,NA,NA,NA,NA,NA,NA,4
4310,1,"$295,700 ",unlogpred,grosscon,50,1.0183,0.726596677,0.60338219,6.924082585,1.009205744,-0.197013178,1.219313728,0.089930439,0.059386365,-0.030544075,0.660358886,TRUE,TRUE,TRUE,4
4310,2,"$304,800 ",unlogpred,grosscon,12,0.9396,0.400403981,0.213535575,8.908854239,0.998471183,0.900424293,0.249047152,0.01892971,0.045776475,0.026846765,2.418234371,TRUE,TRUE,TRUE,4
4310,3,"$315,000 ",unlogpred,grosscon,2,NA,NA,NA,NA,NA,NA,NA,NA,NA,NA,NA,NA,NA,NA,4
4320,1,"$403,668 ",unlogpred,grosscon,12,1.0442,0.398456109,0.428954025,8.586866173,1.0111788,-0.136418694,0.663902827,0.069104876,0.047367852,-0.021737024,0.685448766,TRUE,TRUE,TRUE,4
4320,2,"$437,208 ",unlogpred,grosscon,17,1.0104,0.47389543,0.43144641,5.38888164,0.999085654,0.623828248,0.448681692,0.023274505,0.036193631,0.012919125,1.555076261,TRUE,TRUE,TRUE,4
4320,3,"$461,764 ",unlogpred,grosscon,13,1.012,0.048480317,0.136269808,6.217254298,1.000345129,0.958201788,0.55199967,0.018143169,0.018062412,-8.07566E-05,0.995548923,TRUE,TRUE,TRUE,4
4320,4,"$491,800 ",unlogpred,grosscon,14,0.9459,0.014563386,0.006627293,4.737427745,1.000663805,1.19649934,0.464093929,0.012477132,-0.004469471,-0.016946603,-0.358213002,TRUE,FALSE,TRUE,4
4320,5,"$530,000 ",unlogpred,grosscon,6,0.8985,0.714500154,0.756302521,1.443711435,0.999802068,0.396161991,0.61511501,0.011566338,0.01667428,0.005107941,1.441621313,FALSE,FALSE,TRUE,4
4320,6,"$548,952 ",unlogpred,grosscon,2,NA,NA,NA,NA,NA,NA,NA,NA,NA,NA,NA,NA,NA,NA,4
4320,7,"$563,600 ",unlogpred,grosscon,3,NA,NA,NA,NA,NA,NA,NA,NA,NA,NA,NA,NA,NA,NA,4
4320,8,"$599,400 ",unlogpred,grosscon,2,NA,NA,NA,NA,NA,NA,NA,NA,NA,NA,NA,NA,NA,NA,4
4330,1,"$353,760 ",unlogpred,grosscon,2,NA,NA,NA,NA,NA,NA,NA,NA,NA,NA,NA,NA,NA,NA,4
4330,2,"$355,070 ",unlogpred,grosscon,2,NA,NA,NA,NA,NA,NA,NA,NA,NA,NA,NA,NA,NA,NA,4
4350,1,"$400,000 ",unlogpred,grosscon,1,NA,NA,NA,NA,NA,NA,NA,NA,NA,NA,NA,NA,NA,NA,4
4350,2,"$400,000 ",unlogpred,grosscon,1,NA,NA,NA,NA,NA,NA,NA,NA,NA,NA,NA,NA,NA,NA,4
4370,1,"$330,963 ",unlogpred,grosscon,11,1.0254,0.796272704,0.62553719,3.342555313,1.002485652,-0.056944552,1.014728419,0.068142846,0.053354759,-0.014788086,0.782984022,TRUE,FALSE,TRUE,4
4370,2,"$354,000 ",unlogpred,grosscon,5,1.0339,0.777152632,0.81,3.18675235,0.999254906,0.315703006,0.608841478,0.02518847,0.037620572,0.012432102,1.493563208,TRUE,FALSE,TRUE,4
4370,3,"$431,500 ",unlogpred,grosscon,7,0.9645,0.248524347,0.12755102,2.497689003,1.000123576,0.411565165,0.556248254,0.013705885,0.013935831,0.000229946,1.01677718,TRUE,FALSE,TRUE,4
4370,4,"$466,600 ",unlogpred,grosscon,6,0.9662,0.197324297,0.272268908,5.414768113,0.999864503,0.852305383,0.359323862,0.013537638,0.022446336,0.008908698,1.658068875,TRUE,TRUE,TRUE,4
4370,5,"$498,395 ",unlogpred,grosscon,7,0.9813,0.655476606,0.183673469,3.147471035,0.999468025,0.540051939,0.434084029,0.014219882,0.019853392,0.00563351,1.39617138,TRUE,FALSE,TRUE,4
4370,6,"$517,372 ",unlogpred,grosscon,2,NA,NA,NA,NA,NA,NA,NA,NA,NA,NA,NA,NA,NA,NA,4
4370,7,"$540,800 ",unlogpred,grosscon,1,NA,NA,NA,NA,NA,NA,NA,NA,NA,NA,NA,NA,NA,NA,4
4370,8,"$571,000 ",unlogpred,grosscon,4,NA,NA,NA,NA,NA,NA,NA,NA,NA,NA,NA,NA,NA,NA,4
4400,2,"$776,322 ",unlogpred,grosscon,2,NA,NA,NA,NA,NA,NA,NA,NA,NA,NA,NA,NA,NA,NA,4
4400,3,"$836,200 ",unlogpred,grosscon,2,NA,NA,NA,NA,NA,NA,NA,NA,NA,NA,NA,NA,NA,NA,4
4400,4,"$899,800 ",unlogpred,grosscon,5,1.0475,0.44413118,0.515789474,4.115068931,0.999532553,0.705694773,0.562471181,0.013410252,0.027672958,0.014262706,2.063567309,TRUE,FALSE,TRUE,4
4400,5,"$975,000 ",unlogpred,grosscon,13,1.0089,0.012594277,0.043956044,5.137544551,1.000525213,0.775811864,0.382249323,0.014443856,0.008210718,-0.006233138,0.568457491,TRUE,TRUE,TRUE,4
4400,6,"$1,100,000 ",unlogpred,grosscon,39,1.0211,0.140284438,0.286459238,4.311951009,0.999999197,0.829777738,0.477800901,0.014704811,0.014952265,0.000247454,1.016828099,TRUE,FALSE,TRUE,4
4400,7,"$1,280,355 ",unlogpred,grosscon,61,1.0023,0.177012575,0.164161557,3.328473739,1.000112383,0.58119198,0.570668407,0.013597118,0.011009866,-0.002587252,0.80972054,TRUE,FALSE,TRUE,4
4400,8,"$1,389,400 ",unlogpred,grosscon,103,1.0107,0.422917934,0.446945398,3.314185833,0.99991071,0.401528474,0.626531571,0.02089216,0.022608544,0.001716384,1.082154442,TRUE,FALSE,TRUE,4
4400,9,"$1,561,505 ",unlogpred,grosscon,123,1.0118,0.631876281,0.629407069,4.277567145,0.999832536,0.201069379,0.762240812,0.039958691,0.041768903,0.001810212,1.045302096,TRUE,FALSE,TRUE,4
4400,10,"$1,950,000 ",unlogpred,grosscon,215,0.9811,0.814958743,0.794206004,3.863881021,1.00083972,0.035500313,0.971659179,0.07621218,0.071517082,-0.004695098,0.938394384,TRUE,FALSE,TRUE,4
4410,1,"$456,800 ",unlogpred,grosscon,1,NA,NA,NA,NA,NA,NA,NA,NA,NA,NA,NA,NA,NA,NA,4
4410,2,"$461,600 ",unlogpred,grosscon,1,NA,NA,NA,NA,NA,NA,NA,NA,NA,NA,NA,NA,NA,NA,4
4410,3,"$466,400 ",unlogpred,grosscon,1,NA,NA,NA,NA,NA,NA,NA,NA,NA,NA,NA,NA,NA,NA,4
4410,4,"$471,200 ",unlogpred,grosscon,1,NA,NA,NA,NA,NA,NA,NA,NA,NA,NA,NA,NA,NA,NA,4
4420,1,"$402,008 ",unlogpred,grosscon,5,1.1417,0.51856753,0.25,4.108638053,0.999528932,0.871116406,0.3456945,0.009005527,0.017824923,0.008819396,1.979331485,FALSE,FALSE,TRUE,4
4420,2,"$446,011 ",unlogpred,grosscon,12,1.0018,0.094982806,0.05990513,4.465647965,1.000485091,0.540982643,0.817999078,0.018068462,0.008620658,-0.009447804,0.477110798,TRUE,FALSE,TRUE,4
4420,3,"$461,406 ",unlogpred,grosscon,10,1.0012,0.326773447,0.452561983,3.796165852,0.999750836,0.692350862,0.476266557,0.01419664,0.020147073,0.005950433,1.419143777,TRUE,FALSE,TRUE,4
4420,4,"$476,516 ",unlogpred,grosscon,4,NA,NA,NA,NA,NA,NA,NA,NA,NA,NA,NA,NA,NA,NA,4
4420,5,"$492,226 ",unlogpred,grosscon,3,NA,NA,NA,NA,NA,NA,NA,NA,NA,NA,NA,NA,NA,NA,4
4420,6,"$500,999 ",unlogpred,grosscon,3,NA,NA,NA,NA,NA,NA,NA,NA,NA,NA,NA,NA,NA,NA,4
4420,7,"$507,192 ",unlogpred,grosscon,1,NA,NA,NA,NA,NA,NA,NA,NA,NA,NA,NA,NA,NA,NA,4
4450,1,NA,unlogpred,grosscon,1,NA,NA,NA,NA,NA,NA,NA,NA,NA,NA,NA,NA,NA,NA,NA
4470,1,"$376,098 ",unlogpred,grosscon,35,1.0443,0.601335129,0.588229513,7.331684413,1.00085594,0.161180399,0.751692584,0.071741771,0.068533124,-0.003208648,0.955275042,TRUE,TRUE,TRUE,4
4470,2,"$401,600 ",unlogpred,grosscon,24,1.0256,0.003774989,0.019000285,6.128470487,1.000788393,0.99052755,0.410296082,0.016928125,0.003758144,-0.013169981,0.222005922,TRUE,TRUE,TRUE,4
4470,3,"$447,800 ",unlogpred,grosscon,26,0.9788,0.078156654,0.172732904,3.607064401,1.000453119,0.567806687,0.791648579,0.016857379,0.00933555,-0.007521828,0.553796073,TRUE,FALSE,TRUE,4
4470,4,"$468,000 ",unlogpred,grosscon,18,0.9405,2.01691E-05,0.002458851,4.594579558,1.000581187,0.87433548,1.244576406,0.013664861,-0.000748203,-0.014413064,-0.054753784,TRUE,FALSE,TRUE,4
4470,5,"$489,000 ",unlogpred,grosscon,13,0.963,0.326110456,0.39780832,5.555816419,0.999325433,0.904483927,0.319869268,0.01507483,0.026230775,0.011155945,1.740037864,TRUE,TRUE,TRUE,4
4470,6,"$522,981 ",unlogpred,grosscon,8,0.9837,0.380380094,0.533706254,1.95129565,1.000259339,0.018915437,1.187639153,0.015000668,0.010417985,-0.004582684,0.694501374,TRUE,FALSE,TRUE,4
4470,7,"$566,250 ",unlogpred,grosscon,10,0.9757,0.019418097,0.004471545,1.794717124,1.000296463,-0.322740311,1.365642988,0.010168663,0.000837812,-0.009330851,0.082391568,TRUE,FALSE,TRUE,4
4470,8,"$606,000 ",unlogpred,grosscon,7,0.917,0.09565813,0.020408163,5.317191381,1.001183009,0.404597839,0.686243551,0.025895737,0.004983518,-0.020912219,0.192445512,TRUE,TRUE,TRUE,4
4470,10,"$878,888 ",unlogpred,grosscon,1,NA,NA,NA,NA,NA,NA,NA,NA,NA,NA,NA,NA,NA,NA,4
4490,3,"$571,000 ",unlogpred,grosscon,5,1.0255,0.000310679,0.05,1.297824027,1.000524233,-1.084484115,NA,0.010885671,0.000957937,-0.009927733,0.087999824,TRUE,FALSE,TRUE,4
4490,4,"$625,000 ",unlogpred,grosscon,1,NA,NA,NA,NA,NA,NA,NA,NA,NA,NA,NA,NA,NA,NA,4
4490,5,"$625,000 ",unlogpred,grosscon,7,1.0018,0.055159268,0.021978022,1.999684154,1.000165569,0.369579027,0.933816285,0.00827533,0.00274928,-0.00552605,0.332226073,TRUE,FALSE,TRUE,4
4490,6,"$633,000 ",unlogpred,grosscon,1,NA,NA,NA,NA,NA,NA,NA,NA,NA,NA,NA,NA,NA,NA,4
4490,7,"$704,000 ",unlogpred,grosscon,4,NA,NA,NA,NA,NA,NA,NA,NA,NA,NA,NA,NA,NA,NA,4
4490,8,"$796,000 ",unlogpred,grosscon,3,NA,NA,NA,NA,NA,NA,NA,NA,NA,NA,NA,NA,NA,NA,4
4490,9,"$865,000 ",unlogpred,grosscon,1,NA,NA,NA,NA,NA,NA,NA,NA,NA,NA,NA,NA,NA,NA,4
4500,1,"$523,861 ",unlogpred,grosscon,1,NA,NA,NA,NA,NA,NA,NA,NA,NA,NA,NA,NA,NA,NA,4
4500,3,"$631,518 ",unlogpred,grosscon,4,NA,NA,NA,NA,NA,NA,NA,NA,NA,NA,NA,NA,NA,NA,4
4500,4,"$657,789 ",unlogpred,grosscon,3,NA,NA,NA,NA,NA,NA,NA,NA,NA,NA,NA,NA,NA,NA,4
4500,5,"$687,319 ",unlogpred,grosscon,3,NA,NA,NA,NA,NA,NA,NA,NA,NA,NA,NA,NA,NA,NA,4
4500,6,"$693,463 ",unlogpred,grosscon,8,1.0759,0.000131219,0.000146972,2.850339963,1.000694457,-0.215097021,1.354913155,0.014453618,-0.000107317,-0.014560935,-0.007424892,TRUE,FALSE,TRUE,4
4500,7,"$702,610 ",unlogpred,grosscon,3,NA,NA,NA,NA,NA,NA,NA,NA,NA,NA,NA,NA,NA,NA,4
4500,8,"$736,194 ",unlogpred,grosscon,8,0.9372,0.021217452,0.057372347,5.279461848,1.003297376,-0.644117202,5.26806295,0.030267586,0.000869712,-0.029397874,0.028734107,TRUE,TRUE,TRUE,4
4500,10,"$850,000 ",unlogpred,grosscon,2,NA,NA,NA,NA,NA,NA,NA,NA,NA,NA,NA,NA,NA,NA,4
4530,1,"$288,650 ",unlogpred,grosscon,4,NA,NA,NA,NA,NA,NA,NA,NA,NA,NA,NA,NA,NA,NA,4
4560,1,"$332,276 ",unlogpred,grosscon,7,1.0253,0.376570161,0.25,9.935430005,1.019728674,-0.3364265,0.847686153,0.094406622,0.04300065,-0.051405972,0.455483405,TRUE,TRUE,TRUE,4
4560,2,"$366,538 ",unlogpred,grosscon,3,NA,NA,NA,NA,NA,NA,NA,NA,NA,NA,NA,NA,NA,NA,4
4560,3,"$391,600 ",unlogpred,grosscon,1,NA,NA,NA,NA,NA,NA,NA,NA,NA,NA,NA,NA,NA,NA,4
4560,4,"$410,000 ",unlogpred,grosscon,5,0.9624,0.005034186,0.09,5.050559833,1.000253647,1.113620053,0.086111739,0.00992754,0.003502608,-0.006424932,0.352817307,TRUE,TRUE,TRUE,4
4560,5,"$450,000 ",unlogpred,grosscon,4,NA,NA,NA,NA,NA,NA,NA,NA,NA,NA,NA,NA,NA,NA,4
4560,6,"$470,000 ",unlogpred,grosscon,4,NA,NA,NA,NA,NA,NA,NA,NA,NA,NA,NA,NA,NA,NA,4
4560,7,"$539,800 ",unlogpred,grosscon,1,NA,NA,NA,NA,NA,NA,NA,NA,NA,NA,NA,NA,NA,NA,4
4560,8,"$605,800 ",unlogpred,grosscon,1,NA,NA,NA,NA,NA,NA,NA,NA,NA,NA,NA,NA,NA,NA,4
4580,1,"$330,000 ",unlogpred,grosscon,3,NA,NA,NA,NA,NA,NA,NA,NA,NA,NA,NA,NA,NA,NA,4
4590,1,"$359,800 ",unlogpred,grosscon,11,1.028,0.882552599,0.541226216,3.06167198,0.998222631,0.268915572,0.717293481,0.036114492,0.048572535,0.012458043,1.344959672,TRUE,FALSE,TRUE,4
4590,2,"$440,000 ",unlogpred,grosscon,9,1.0114,0.323477568,0.551566952,2.230156461,1.00022576,0.181604388,0.752623995,0.015268557,0.012692634,-0.002575923,0.831292304,TRUE,FALSE,TRUE,4
4590,3,"$462,465 ",unlogpred,grosscon,4,NA,NA,NA,NA,NA,NA,NA,NA,NA,NA,NA,NA,NA,NA,4
4590,4,"$519,308 ",unlogpred,grosscon,16,0.9865,0.000197884,0.000140054,4.94482383,1.00049536,0.989927389,0.304196471,0.012511771,4.21428E-05,-0.012469628,0.003368252,TRUE,FALSE,TRUE,4
4590,5,"$539,673 ",unlogpred,grosscon,9,0.9886,0.090728011,0.025280112,3.191724148,1.000401022,0.343252535,0.741541488,0.014475628,0.001145888,-0.01332974,0.079159817,TRUE,FALSE,TRUE,4
4590,6,"$568,184 ",unlogpred,grosscon,4,NA,NA,NA,NA,NA,NA,NA,NA,NA,NA,NA,NA,NA,NA,4
4590,7,"$572,663 ",unlogpred,grosscon,2,NA,NA,NA,NA,NA,NA,NA,NA,NA,NA,NA,NA,NA,NA,4
4590,8,"$590,381 ",unlogpred,grosscon,5,0.9488,0.094796007,0.16,2.814606929,1.001029764,-1.150801344,0.552124819,0.016814331,-0.001319218,-0.018133549,-0.078457972,TRUE,FALSE,TRUE,4
5031,1,"$341,400 ",unlogpred,grosscon,1,NA,NA,NA,NA,NA,NA,NA,NA,NA,NA,NA,NA,NA,NA,5
5031,3,"$344,200 ",unlogpred,grosscon,1,NA,NA,NA,NA,NA,NA,NA,NA,NA,NA,NA,NA,NA,NA,5
5031,4,"$345,600 ",unlogpred,grosscon,3,NA,NA,NA,NA,NA,NA,NA,NA,NA,NA,NA,NA,NA,NA,5
5031,5,"$347,000 ",unlogpred,grosscon,4,NA,NA,NA,NA,NA,NA,NA,NA,NA,NA,NA,NA,NA,NA,5
5031,8,"$402,800 ",unlogpred,grosscon,3,NA,NA,NA,NA,NA,NA,NA,NA,NA,NA,NA,NA,NA,NA,5
5130,1,"$251,000 ",unlogpred,grosscon,8,1.1069,0.34919742,0.218158348,10.59821978,1.006513876,0.011930734,0.97786744,0.072610823,0.049947567,-0.022663256,0.687880467,FALSE,TRUE,TRUE,5
5130,2,"$266,000 ",unlogpred,grosscon,9,1.0204,0.481976036,0.36302521,4.831339184,0.999039509,0.552837543,0.389322792,0.023679089,0.033381417,0.009702328,1.409742476,TRUE,FALSE,TRUE,5
5130,3,"$286,610 ",unlogpred,grosscon,6,0.9878,0.14033359,0.04516129,5.245737152,0.999817768,1.154106649,0.084526539,0.006438558,0.009651606,0.003213048,1.499032298,TRUE,TRUE,TRUE,5
5130,4,"$299,600 ",unlogpred,grosscon,3,NA,NA,NA,NA,NA,NA,NA,NA,NA,NA,NA,NA,NA,NA,5
5130,5,"$305,000 ",unlogpred,grosscon,3,NA,NA,NA,NA,NA,NA,NA,NA,NA,NA,NA,NA,NA,NA,5
5130,6,"$326,000 ",unlogpred,grosscon,9,0.9165,0.527238928,0.506896552,4.412646236,0.999479729,0.979002234,0.202512196,0.008286721,0.023605495,0.015318775,2.848593127,TRUE,FALSE,TRUE,5
5130,7,"$352,000 ",unlogpred,grosscon,2,NA,NA,NA,NA,NA,NA,NA,NA,NA,NA,NA,NA,NA,NA,5
5130,8,"$356,800 ",unlogpred,grosscon,1,NA,NA,NA,NA,NA,NA,NA,NA,NA,NA,NA,NA,NA,NA,5
5150,8,"$473,000 ",unlogpred,grosscon,2,NA,NA,NA,NA,NA,NA,NA,NA,NA,NA,NA,NA,NA,NA,5
5150,9,"$479,000 ",unlogpred,grosscon,5,0.9815,0.727718162,0.760526316,1.477779934,0.999991859,0.130826727,0.939194404,0.016528926,0.015401363,-0.001127563,0.931782459,TRUE,FALSE,TRUE,5
5231,6,"$540,000 ",unlogpred,grosscon,1,NA,NA,NA,NA,NA,NA,NA,NA,NA,NA,NA,NA,NA,NA,5
5231,7,"$598,000 ",unlogpred,grosscon,2,NA,NA,NA,NA,NA,NA,NA,NA,NA,NA,NA,NA,NA,NA,5
5231,8,"$841,000 ",unlogpred,grosscon,6,1.1843,0.171734089,0.272268908,9.168245051,1.002647633,1.490945167,NA,0.019358623,-0.031123236,-0.050481859,-1.607719475,FALSE,TRUE,TRUE,5
5231,9,"$924,600 ",unlogpred,grosscon,11,0.9727,0.097928211,0.168890742,4.837116735,1.000356209,0.742431758,0.999451825,0.019523647,0.009145861,-0.010377786,0.468450422,TRUE,FALSE,TRUE,5
5231,10,"$1,135,000 ",unlogpred,grosscon,20,0.9202,0.476326166,0.317624445,15.58091819,1.014186314,0.019765075,0.828758934,0.129218254,0.100923322,-0.028294932,0.781029914,TRUE,FALSE,TRUE,5
5250,1,"$275,000 ",unlogpred,grosscon,6,1.0259,0.825162578,0.658823529,2.707273135,1.0011418,-0.061264781,1.138441854,0.044779693,0.033339913,-0.01143978,0.744531966,TRUE,FALSE,TRUE,5
5250,2,"$295,000 ",unlogpred,grosscon,6,1.0171,0.962173229,0.671889401,1.921300586,0.999220333,0.221570197,0.721355429,0.023391813,0.028675523,0.00528371,1.225878619,TRUE,FALSE,TRUE,5
5250,3,"$308,000 ",unlogpred,grosscon,8,1.0223,0.217234064,0,1.928727708,1.000067151,0.379677115,0.449595169,0.008512175,0.00580872,-0.002703455,0.682401404,TRUE,FALSE,TRUE,5
5250,4,"$320,000 ",unlogpred,grosscon,5,0.9574,0.021233774,0.05,4.379935235,1.000016974,1.233076623,0.22601817,0.004711717,0.00806316,0.003351443,1.711299669,TRUE,FALSE,TRUE,5
5250,5,"$330,000 ",unlogpred,grosscon,5,0.9298,0.227468443,0.318421053,4.566218002,0.999904603,0.775864212,0.397558614,0.013017751,0.018579623,0.005561872,1.427252895,TRUE,FALSE,TRUE,5
5250,6,"$375,000 ",unlogpred,grosscon,7,0.9984,0.012307551,0.000324675,5.132869784,1.000352041,1.236488601,0.064596842,0.008541449,0.005765203,-0.002776246,0.674967819,TRUE,TRUE,TRUE,5
5250,7,"$380,000 ",unlogpred,grosscon,11,0.9473,0.238896357,0.230730753,2.232246407,1.000006289,0.613036802,0.445324775,0.008831169,0.010689552,0.001858383,1.21043459,TRUE,FALSE,TRUE,5
5250,8,"$418,000 ",unlogpred,grosscon,10,0.9987,0.00244872,0.007243163,5.078541047,1.000710739,0.837907824,0.327519303,0.015845296,0.003067014,-0.012778282,0.193559911,TRUE,TRUE,TRUE,5
5250,9,"$480,000 ",unlogpred,grosscon,7,0.9319,0.602653828,0.734693878,1.958776645,0.999924808,0.254832882,0.768322893,0.016532429,0.018092224,0.001559795,1.09434761,TRUE,FALSE,TRUE,5
5320,1,"$303,500 ",unlogpred,grosscon,1,NA,NA,NA,NA,NA,NA,NA,NA,NA,NA,NA,NA,NA,NA,5
5320,2,"$333,000 ",unlogpred,grosscon,1,NA,NA,NA,NA,NA,NA,NA,NA,NA,NA,NA,NA,NA,NA,5
5320,3,"$354,000 ",unlogpred,grosscon,1,NA,NA,NA,NA,NA,NA,NA,NA,NA,NA,NA,NA,NA,NA,5
5320,4,"$364,800 ",unlogpred,grosscon,2,NA,NA,NA,NA,NA,NA,NA,NA,NA,NA,NA,NA,NA,NA,5
5320,5,"$369,000 ",unlogpred,grosscon,3,NA,NA,NA,NA,NA,NA,NA,NA,NA,NA,NA,NA,NA,NA,5
5320,6,"$391,800 ",unlogpred,grosscon,3,NA,NA,NA,NA,NA,NA,NA,NA,NA,NA,NA,NA,NA,NA,5
5320,7,"$424,650 ",unlogpred,grosscon,1,NA,NA,NA,NA,NA,NA,NA,NA,NA,NA,NA,NA,NA,NA,5
5320,8,"$433,999 ",unlogpred,grosscon,2,NA,NA,NA,NA,NA,NA,NA,NA,NA,NA,NA,NA,NA,NA,5
5320,9,"$482,499 ",unlogpred,grosscon,1,NA,NA,NA,NA,NA,NA,NA,NA,NA,NA,NA,NA,NA,NA,5
5320,10,"$595,000 ",unlogpred,grosscon,5,0.9217,0.615549868,0.378947368,5.54595867,1.000142378,0.190410285,0.722208733,0.04,0.031084268,-0.008915732,0.777106691,TRUE,TRUE,TRUE,5
5340,1,"$274,600 ",unlogpred,grosscon,2,NA,NA,NA,NA,NA,NA,NA,NA,NA,NA,NA,NA,NA,NA,5
5340,2,"$300,600 ",unlogpred,grosscon,1,NA,NA,NA,NA,NA,NA,NA,NA,NA,NA,NA,NA,NA,NA,5
5340,3,"$309,900 ",unlogpred,grosscon,8,0.9771,3.50596E-08,0.00146771,5.080807105,1.000165394,1.241407589,0.124737233,0.006735911,8.99183E-05,-0.006645993,0.013349097,TRUE,TRUE,TRUE,5
5340,4,"$328,800 ",unlogpred,grosscon,3,NA,NA,NA,NA,NA,NA,NA,NA,NA,NA,NA,NA,NA,NA,5
5340,5,"$345,000 ",unlogpred,grosscon,3,NA,NA,NA,NA,NA,NA,NA,NA,NA,NA,NA,NA,NA,NA,5
5340,6,"$358,000 ",unlogpred,grosscon,3,NA,NA,NA,NA,NA,NA,NA,NA,NA,NA,NA,NA,NA,NA,5
5340,7,"$370,000 ",unlogpred,grosscon,6,1.013,0.044527832,0.013445378,9.242203918,1.001182823,1.315751707,1.17015352,0.01391863,-0.019773898,-0.033692528,-1.420678522,TRUE,TRUE,TRUE,5
5340,9,"$390,000 ",unlogpred,grosscon,1,NA,NA,NA,NA,NA,NA,NA,NA,NA,NA,NA,NA,NA,NA,5
5370,2,"$318,200 ",unlogpred,grosscon,2,NA,NA,NA,NA,NA,NA,NA,NA,NA,NA,NA,NA,NA,NA,5
5370,3,"$320,000 ",unlogpred,grosscon,2,NA,NA,NA,NA,NA,NA,NA,NA,NA,NA,NA,NA,NA,NA,5
5370,4,"$321,600 ",unlogpred,grosscon,7,0.9741,0.009134582,0.020779221,3.939304336,1.000258601,1.263916496,0.248799941,0.00772716,-0.001235421,-0.008962581,-0.159880332,TRUE,FALSE,TRUE,5
5370,5,"$330,000 ",unlogpred,grosscon,7,0.97,0.103455708,0.113445378,3.464572726,1.000102964,0.802312053,NA,0.0112984,0.012033776,0.000735376,1.065086738,TRUE,FALSE,TRUE,5
5370,6,"$332,000 ",unlogpred,grosscon,3,NA,NA,NA,NA,NA,NA,NA,NA,NA,NA,NA,NA,NA,NA,5
5370,7,"$343,999 ",unlogpred,grosscon,3,NA,NA,NA,NA,NA,NA,NA,NA,NA,NA,NA,NA,NA,NA,5
5370,8,"$364,399 ",unlogpred,grosscon,1,NA,NA,NA,NA,NA,NA,NA,NA,NA,NA,NA,NA,NA,NA,5
5390,1,"$240,000 ",unlogpred,grosscon,3,NA,NA,NA,NA,NA,NA,NA,NA,NA,NA,NA,NA,NA,NA,5
5390,2,"$245,000 ",unlogpred,grosscon,7,0.9558,0.018768156,0.000330688,4.128925185,1.000614254,1.070809893,0.694575217,0.011620306,-0.002204662,-0.013824968,-0.189724902,TRUE,FALSE,TRUE,5
5390,4,"$274,000 ",unlogpred,grosscon,2,NA,NA,NA,NA,NA,NA,NA,NA,NA,NA,NA,NA,NA,NA,5
5390,5,"$279,000 ",unlogpred,grosscon,1,NA,NA,NA,NA,NA,NA,NA,NA,NA,NA,NA,NA,NA,NA,5
5390,7,"$284,500 ",unlogpred,grosscon,1,NA,NA,NA,NA,NA,NA,NA,NA,NA,NA,NA,NA,NA,NA,5
5420,1,"$195,000 ",unlogpred,grosscon,5,1.0202,0.956158881,0.95,3.256727807,0.996270527,0.247126331,0.762683128,0.053382762,0.076143397,0.022760635,1.426366752,TRUE,FALSE,TRUE,5
5420,4,"$195,000 ",unlogpred,grosscon,1,NA,NA,NA,NA,NA,NA,NA,NA,NA,NA,NA,NA,NA,NA,5
BK01,1,"$372,000 ",unlogpred,grosscon,18,1.0957,0.199214453,0.085560235,11.8616281,1.010005304,0.095444165,0.740870761,0.075774032,0.036053703,-0.039720329,0.475805528,TRUE,TRUE,TRUE,3
BK01,2,"$436,142 ",unlogpred,grosscon,13,1.0098,0.003923049,0.005116096,4.504923732,1.00182264,-0.055914992,2.231574791,0.022934452,-0.00152786,-0.024462311,-0.066618544,TRUE,FALSE,TRUE,3
BK01,3,"$528,487 ",unlogpred,grosscon,7,0.9641,0.072435428,0.011688312,9.936435175,0.999975159,1.062028858,0.374283815,0.020075464,0.023609482,0.003534018,1.176036695,TRUE,TRUE,TRUE,3
BK01,4,"$539,934 ",unlogpred,grosscon,18,0.9898,0.493284811,0.589152027,10.35060324,0.997144041,0.872208056,0.252905759,0.023387923,0.066421759,0.043033837,2.840002528,TRUE,TRUE,TRUE,3
BK01,5,"$743,322 ",unlogpred,grosscon,8,0.9428,0.084538935,0.175702811,7.448095951,0.999831855,1.033807819,0.294787001,0.017793435,0.032097264,0.014303829,1.803882404,TRUE,TRUE,TRUE,3
BK01,6,"$780,010 ",unlogpred,grosscon,6,0.9602,0.212302576,0.003361345,5.00791164,1.001914631,0.062517498,0.74810328,0.031748564,0.0097862,-0.021962364,0.308240715,TRUE,TRUE,TRUE,3
BK01,7,"$823,500 ",unlogpred,grosscon,6,0.9316,0.885020144,1,3.90482078,0.998384384,0.552289367,0.435161662,0.021328056,0.047390492,0.026062436,2.221978968,TRUE,FALSE,TRUE,3
BK01,9,"$1,251,500 ",unlogpred,grosscon,2,NA,NA,NA,NA,NA,NA,NA,NA,NA,NA,NA,NA,NA,NA,3
BK02,1,"$350,000 ",unlogpred,grosscon,4,NA,NA,NA,NA,NA,NA,NA,NA,NA,NA,NA,NA,NA,NA,3
BK02,2,"$375,000 ",unlogpred,grosscon,1,NA,NA,NA,NA,NA,NA,NA,NA,NA,NA,NA,NA,NA,NA,3
BK02,7,"$500,000 ",unlogpred,grosscon,1,NA,NA,NA,NA,NA,NA,NA,NA,NA,NA,NA,NA,NA,NA,3
BK03,1,"$407,499 ",unlogpred,grosscon,3,NA,NA,NA,NA,NA,NA,NA,NA,NA,NA,NA,NA,NA,NA,3
BK03,2,"$426,110 ",unlogpred,grosscon,3,NA,NA,NA,NA,NA,NA,NA,NA,NA,NA,NA,NA,NA,NA,3
BK03,3,"$444,721 ",unlogpred,grosscon,1,NA,NA,NA,NA,NA,NA,NA,NA,NA,NA,NA,NA,NA,NA,3
BK03,5,"$481,944 ",unlogpred,grosscon,1,NA,NA,NA,NA,NA,NA,NA,NA,NA,NA,NA,NA,NA,NA,3
BK03,6,"$500,555 ",unlogpred,grosscon,1,NA,NA,NA,NA,NA,NA,NA,NA,NA,NA,NA,NA,NA,NA,3
BK05,1,"$407,293 ",unlogpred,grosscon,15,1.0445,0.641872082,0.577002939,4.57729055,1.004199466,-0.262787827,1.591034502,0.053940898,0.027967556,-0.025973342,0.518485168,TRUE,FALSE,TRUE,3
BK05,2,"$410,670 ",unlogpred,grosscon,11,0.9937,0.542322344,0.464876033,4.669561199,0.999400676,0.383216273,0.657241101,0.029834741,0.035157315,0.005322573,1.178401856,TRUE,FALSE,TRUE,3
BK05,3,"$431,505 ",unlogpred,grosscon,2,NA,NA,NA,NA,NA,NA,NA,NA,NA,NA,NA,NA,NA,NA,3
BK05,4,"$475,000 ",unlogpred,grosscon,5,0.9855,0.98758976,0.81,1.490268163,0.999037001,0.172529798,0.748048713,0.030508055,0.040103497,0.009595442,1.314521594,TRUE,FALSE,TRUE,3
BK05,5,"$496,353 ",unlogpred,grosscon,3,NA,NA,NA,NA,NA,NA,NA,NA,NA,NA,NA,NA,NA,NA,3
BK05,6,"$529,490 ",unlogpred,grosscon,1,NA,NA,NA,NA,NA,NA,NA,NA,NA,NA,NA,NA,NA,NA,3
BK06,7,NA,unlogpred,grosscon,1,NA,NA,NA,NA,NA,NA,NA,NA,NA,NA,NA,NA,NA,NA,NA
BK07,1,"$601,000 ",unlogpred,grosscon,1,NA,NA,NA,NA,NA,NA,NA,NA,NA,NA,NA,NA,NA,NA,3
BK07,2,"$829,000 ",unlogpred,grosscon,2,NA,NA,NA,NA,NA,NA,NA,NA,NA,NA,NA,NA,NA,NA,3
BK07,3,"$1,150,000 ",unlogpred,grosscon,1,NA,NA,NA,NA,NA,NA,NA,NA,NA,NA,NA,NA,NA,NA,3
BK07,4,"$1,200,000 ",unlogpred,grosscon,1,NA,NA,NA,NA,NA,NA,NA,NA,NA,NA,NA,NA,NA,NA,3
BK07,5,"$1,215,000 ",unlogpred,grosscon,4,NA,NA,NA,NA,NA,NA,NA,NA,NA,NA,NA,NA,NA,NA,3
BK07,6,"$1,280,000 ",unlogpred,grosscon,3,NA,NA,NA,NA,NA,NA,NA,NA,NA,NA,NA,NA,NA,NA,3
BK07,7,"$1,448,000 ",unlogpred,grosscon,5,0.974,0.322697289,0.318421053,1.836160023,1.00063377,-0.452728261,1.71184486,0.0162206,0.006079604,-0.010140997,0.374807562,TRUE,FALSE,TRUE,3
BK07,8,"$1,523,000 ",unlogpred,grosscon,8,1.0041,0.298106439,0.290447504,3.173235608,1.001342148,-0.299291756,1.176618054,0.0253555,0.012579302,-0.012776198,0.496117307,TRUE,FALSE,TRUE,3
BK07,9,"$1,545,000 ",unlogpred,grosscon,3,NA,NA,NA,NA,NA,NA,NA,NA,NA,NA,NA,NA,NA,NA,3
BK07,10,"$1,875,000 ",unlogpred,grosscon,2,NA,NA,NA,NA,NA,NA,NA,NA,NA,NA,NA,NA,NA,NA,3
QN01,6,"$665,000 ",unlogpred,grosscon,1,NA,NA,NA,NA,NA,NA,NA,NA,NA,NA,NA,NA,NA,NA,4
QN01,8,"$665,000 ",unlogpred,grosscon,1,NA,NA,NA,NA,NA,NA,NA,NA,NA,NA,NA,NA,NA,NA,4
QN03,3,"$542,900 ",unlogpred,grosscon,1,NA,NA,NA,NA,NA,NA,NA,NA,NA,NA,NA,NA,NA,NA,4
QN03,4,"$578,400 ",unlogpred,grosscon,1,NA,NA,NA,NA,NA,NA,NA,NA,NA,NA,NA,NA,NA,NA,4
QN03,6,"$675,600 ",unlogpred,grosscon,1,NA,NA,NA,NA,NA,NA,NA,NA,NA,NA,NA,NA,NA,NA,4
QN03,7,"$709,150 ",unlogpred,grosscon,3,NA,NA,NA,NA,NA,NA,NA,NA,NA,NA,NA,NA,NA,NA,4
QN04,2,"$462,400 ",unlogpred,grosscon,2,NA,NA,NA,NA,NA,NA,NA,NA,NA,NA,NA,NA,NA,NA,4
QN04,3,"$474,600 ",unlogpred,grosscon,1,NA,NA,NA,NA,NA,NA,NA,NA,NA,NA,NA,NA,NA,NA,4
QN04,4,"$486,800 ",unlogpred,grosscon,2,NA,NA,NA,NA,NA,NA,NA,NA,NA,NA,NA,NA,NA,NA,4
QN04,6,"$509,200 ",unlogpred,grosscon,1,NA,NA,NA,NA,NA,NA,NA,NA,NA,NA,NA,NA,NA,NA,4
QN04,7,"$519,400 ",unlogpred,grosscon,1,NA,NA,NA,NA,NA,NA,NA,NA,NA,NA,NA,NA,NA,NA,4
QN05,4,"$570,000 ",unlogpred,grosscon,3,NA,NA,NA,NA,NA,NA,NA,NA,NA,NA,NA,NA,NA,NA,4
