"nbhd","decile","cutoff","predicted","actual","n","median_sales_ratio","r","spearmans","cod","prd","prb","clapp","gini","ci","ki","mki","accuracy","uniformity","vertical_equity","boro"
"All","All",NA,"unlogpred","grosscon",9748,0.999,0.976206641994917,0.98227654015038,6.89243825385291,1.01663416934366,-0.00852958205889485,1.01092165865487,0.455828540409723,0.44601742061278,-0.00981111979694338,0.978476293327038,TRUE,TRUE,TRUE,NA
"1010","1","$680,152","unlogpred","grosscon",3,NA,NA,NA,NA,NA,NA,NA,NA,NA,NA,NA,NA,NA,NA,"1"
"1010","2","$741,000","unlogpred","grosscon",3,NA,NA,NA,NA,NA,NA,NA,NA,NA,NA,NA,NA,NA,NA,"1"
"1010","3","$1,009,600","unlogpred","grosscon",2,NA,NA,NA,NA,NA,NA,NA,NA,NA,NA,NA,NA,NA,NA,"1"
"1010","4","$1,095,000","unlogpred","grosscon",8,0.9885,0.788961173726663,0.83855981416957,3.01675486952599,0.999124224476371,0.272077257022252,0.708993629786066,0.0296281433921883,0.0362770139450002,0.00664887055281183,1.22441063771025,TRUE,FALSE,TRUE,"1"
"1010","5","$1,185,000","unlogpred","grosscon",4,NA,NA,NA,NA,NA,NA,NA,NA,NA,NA,NA,NA,NA,NA,"1"
"1010","6","$1,207,000","unlogpred","grosscon",2,NA,NA,NA,NA,NA,NA,NA,NA,NA,NA,NA,NA,NA,NA,"1"
"1010","7","$1,276,000","unlogpred","grosscon",1,NA,NA,NA,NA,NA,NA,NA,NA,NA,NA,NA,NA,NA,NA,"1"
"1030","1","$965,467","unlogpred","grosscon",9,1.0941,0.609305948441169,0.5546918767507,5.98604665780707,0.998320296924863,0.285581243800402,0.858578767033459,0.04866321564978,0.0435521038468839,-0.00511111180289604,0.894969706899771,TRUE,TRUE,TRUE,"1"
"1030","2","$1,094,771","unlogpred","grosscon",16,1.083,0.242317344803864,0.217961565157036,8.27123442650628,0.999849009071056,0.626131443750981,0.47684775213415,0.0291182303734832,0.0289388370064494,-0.000179393367033764,0.993839139098332,TRUE,TRUE,TRUE,"1"
"1030","3","$1,431,000","unlogpred","grosscon",40,1.0073,0.476352775437502,0.392134396975209,5.06572208262902,0.999390040542955,0.441112702130487,0.689151350998215,0.02916860141498,0.0324847279790095,0.00331612656402953,1.11368822648886,TRUE,TRUE,TRUE,"1"
"1030","4","$1,800,000","unlogpred","grosscon",33,0.9962,0.409771478946395,0.515231904275045,6.14640969093538,0.999842981666704,0.3861337582854,0.725153877493022,0.0385278672416217,0.0392426554021535,0.000714788160531755,1.01855249749614,TRUE,TRUE,TRUE,"1"
"1030","5","$2,175,000","unlogpred","grosscon",27,1.052,0.306338215727727,0.2784335145021,5.69851630236097,1.0001811379801,0.457528717017557,0.498749738164023,0.0283840106553594,0.0275438952944169,-0.0008401153609425,0.970401809274128,TRUE,TRUE,TRUE,"1"
"1030","6","$2,534,000","unlogpred","grosscon",35,0.9899,0.424138773868537,0.396175588237259,6.68765630456698,0.999320430876633,0.463265106202952,0.5737241066801,0.0350118217474291,0.0397110388768774,0.00469921712944828,1.1342180125144,TRUE,TRUE,TRUE,"1"
"1030","7","$3,309,950","unlogpred","grosscon",53,0.9988,0.0486070433949617,0.0992741871319627,7.53083551149982,1.00257522521749,0.550558085540338,0.725049039730795,0.0360831847741403,0.0123816461140402,-0.0237015386601001,0.343141720763899,TRUE,TRUE,TRUE,"1"
"1030","8","$4,498,467","unlogpred","grosscon",45,0.9906,0.428274636318119,0.487253151426783,6.55033374142271,0.999813759437883,0.360489076298018,0.729647707499814,0.0474781287586483,0.0481121740456501,0.00063404528700188,1.01335447086015,TRUE,TRUE,TRUE,"1"
"1030","9","$6,190,000","unlogpred","grosscon",49,1.0045,0.521805336423876,0.550985589882573,8.45804361490004,0.998439129435124,0.351820474627314,0.661630744038067,0.0610233850093026,0.0708424694441639,0.00981908443486123,1.16090691188901,TRUE,TRUE,TRUE,"1"
"1030","10","$14,575,000","unlogpred","grosscon",66,0.981,0.883480312004143,0.890706298033571,8.98168470353972,1.01477041424636,-0.040955662215747,1.095990849403,0.196883553910625,0.172384366911832,-0.024499186998793,0.875565091587516,TRUE,TRUE,TRUE,"1"
"1040","1","$550,600","unlogpred","grosscon",12,0.9851,0.814089510089787,0.878086948017018,4.43987956491577,1.00331382136692,-0.0717161007983097,1.09058497044578,0.0749291851019501,0.0620640339094255,-0.0128651511925246,0.828302534252575,TRUE,FALSE,TRUE,"1"
"1040","2","$679,200","unlogpred","grosscon",5,1.0294,0.560613987632399,0.49,5.45319197435413,0.999759355803366,0.282360016267691,0.703032634847715,0.0375702435108376,0.0405583941335008,0.00298815062266318,1.0795350347357,TRUE,TRUE,TRUE,"1"
"1040","4","$1,186,000","unlogpred","grosscon",3,NA,NA,NA,NA,NA,NA,NA,NA,NA,NA,NA,NA,NA,NA,"1"
"1040","5","$1,431,707","unlogpred","grosscon",4,NA,NA,NA,NA,NA,NA,NA,NA,NA,NA,NA,NA,NA,NA,"1"
"1040","6","$1,683,481","unlogpred","grosscon",4,NA,NA,NA,NA,NA,NA,NA,NA,NA,NA,NA,NA,NA,NA,"1"
"1040","7","$2,414,000","unlogpred","grosscon",4,NA,NA,NA,NA,NA,NA,NA,NA,NA,NA,NA,NA,NA,NA,"1"
"1040","8","$2,679,000","unlogpred","grosscon",8,0.9493,0.626920361903616,0.806798623063683,3.95919792772021,0.99827250164336,0.283627253991396,0.814374120190782,0.0525613422528208,0.055578343649048,0.00301700139622718,1.05739962616851,TRUE,FALSE,TRUE,"1"
"1040","9","$3,150,000","unlogpred","grosscon",4,NA,NA,NA,NA,NA,NA,NA,NA,NA,NA,NA,NA,NA,NA,"1"
"1050","3","$2,359,560","unlogpred","grosscon",1,NA,NA,NA,NA,NA,NA,NA,NA,NA,NA,NA,NA,NA,NA,"1"
"1050","4","$2,828,919","unlogpred","grosscon",5,1.0891,0.319616432929542,0.49,4.10509355088411,0.999670698271562,0.77525720263926,0.267018060278324,0.0124443802195287,0.0278040822350247,0.015359702015496,2.23426813907472,TRUE,FALSE,TRUE,"1"
"1050","5","$3,175,000","unlogpred","grosscon",4,NA,NA,NA,NA,NA,NA,NA,NA,NA,NA,NA,NA,NA,NA,"1"
"1050","6","$3,564,568","unlogpred","grosscon",14,1.0478,0.00206332069336559,0.00048409740039696,6.76993010102323,1.00286095035054,0.0941288629633621,1.21561076532713,0.0300515592506098,0.00144350628709056,-0.0286080529635192,0.0480343224473874,TRUE,TRUE,TRUE,"1"
"1050","7","$4,076,053","unlogpred","grosscon",7,1.0223,0.464807731876472,0.444480519480519,6.43023941012728,1.00020599803956,0.271774117583477,0.602907529826554,0.0406701897495818,0.0441961042981389,0.00352591454855705,1.08669530607718,TRUE,TRUE,TRUE,"1"
"1050","8","$4,863,000","unlogpred","grosscon",19,0.9714,0.356262280254204,0.304700183294056,7.40017155725329,0.999526209020551,0.474636044466168,0.548194781733043,0.0387730976737082,0.0401808918599415,0.00140779418623332,1.03630853015873,TRUE,TRUE,TRUE,"1"
"1050","9","$6,380,000","unlogpred","grosscon",24,0.9959,0.741638655045529,0.764056205911833,5.53064239088287,0.998450089282993,0.222842531079583,0.695206738381358,0.057878158772774,0.0674388344136584,0.00956067564088444,1.1651862437162,TRUE,TRUE,TRUE,"1"
"1050","10","$12,257,528","unlogpred","grosscon",23,0.9653,0.981817667635009,0.950215612452743,3.64075024564317,1.00601052318502,-0.0341335321538072,1.04276649523688,0.172939881253236,0.163271017310904,-0.0096688639423318,0.944091184333742,TRUE,FALSE,TRUE,"1"
"1060","1","$767,000","unlogpred","grosscon",6,1.0365,0.615915212914257,0.0987755102040817,5.50054368457834,0.998469134034317,0.544140709233428,0.383321314867231,0.0257806826434277,0.0332081041567887,0.00742742151336095,1.28810026546192,TRUE,TRUE,TRUE,"1"
"1060","2","$900,000","unlogpred","grosscon",15,1.0725,0.390991707927443,0.281781880909788,6.00661810890997,0.999128856690127,0.649077414740746,0.401086351428703,0.0264649212286071,0.0377326440118438,0.0112677227832367,1.42576067715844,TRUE,TRUE,TRUE,"1"
"1060","3","$1,000,200","unlogpred","grosscon",19,1.0188,0.281973639491666,0.340023670286828,7.00067054443547,0.999670570610967,0.592043249194784,0.485896633041829,0.0301703532078356,0.0325888143321538,0.00241846112431825,1.08016018598318,TRUE,TRUE,TRUE,"1"
"1060","4","$1,167,000","unlogpred","grosscon",20,0.999,0.593870831838205,0.427195539870083,6.22767192292856,0.998249659321763,0.467725193207531,0.559239088226471,0.0340418265588713,0.0454716022320687,0.0114297756731974,1.33575682707363,TRUE,TRUE,TRUE,"1"
"1060","5","$1,290,000","unlogpred","grosscon",11,0.9719,0.208381678287577,0.203044397463002,9.41591537682259,0.99935559905763,0.869381128112805,0.305521088220085,0.0224706284932132,0.0418124525726045,0.0193418240793913,1.86076026245697,TRUE,TRUE,TRUE,"1"
"1060","6","$1,500,000","unlogpred","grosscon",17,0.98,0.438673654439176,0.396692533101802,5.19188620375416,0.999113165556258,0.640189465731281,0.477970493235533,0.0227510164590152,0.033321684796636,0.0105706683376208,1.46462400291711,TRUE,TRUE,TRUE,"1"
"1060","7","$1,680,000","unlogpred","grosscon",15,1.0003,0.428422950477432,0.364298469387755,6.6354326324084,1.00011534439647,0.329439220270183,0.719103991296741,0.0428260569650519,0.0398532917096427,-0.00297276525540913,0.930585128165428,TRUE,TRUE,TRUE,"1"
"1060","8","$2,026,000","unlogpred","grosscon",12,0.9095,0.11477801456851,0.0690099374309901,6.2847833508509,1.00193100691044,0.359517378757391,0.834263325776499,0.0331759603215636,0.0122897627596883,-0.0208861975618753,0.370441809086088,TRUE,TRUE,TRUE,"1"
"1070","1","$866,000","unlogpred","grosscon",2,NA,NA,NA,NA,NA,NA,NA,NA,NA,NA,NA,NA,NA,NA,"1"
"1070","2","$933,000","unlogpred","grosscon",4,NA,NA,NA,NA,NA,NA,NA,NA,NA,NA,NA,NA,NA,NA,"1"
"1070","3","$1,151,000","unlogpred","grosscon",6,1.111,0.587331420447445,0.784489795918367,4.29996121593674,0.999256477742078,0.500581094947432,0.588150410762419,0.0216586224691132,0.0329900184882228,0.0113313960191096,1.52318175060621,FALSE,FALSE,TRUE,"1"
"1070","4","$1,332,000","unlogpred","grosscon",7,1.0306,0.906029296057059,0.912012987012987,4.19979238946347,0.997871106010513,0.465257591144473,0.499750093106248,0.026864915472255,0.049318528399401,0.022453612927146,1.83579689466491,TRUE,FALSE,TRUE,"1"
"1070","5","$1,450,000","unlogpred","grosscon",9,1.0249,0.49120221465497,0.645378151260504,5.02443728355513,0.998656390399229,0.641613467306266,0.658170601053035,0.0250851442698339,0.0392814859024286,0.0141963416325947,1.56592625020963,TRUE,TRUE,TRUE,"1"
"1070","6","$1,666,000","unlogpred","grosscon",7,0.9736,0.305985139381521,0.326530612244898,8.60826565579332,0.998382717085039,0.911608815607886,0.498196850852025,0.0233559324957245,0.0461669199586936,0.0228109874629691,1.97666781093603,TRUE,TRUE,TRUE,"1"
"1070","7","$1,846,000","unlogpred","grosscon",8,0.962,0.858650764129876,0.895152036718302,3.71435719006909,0.998810566156804,0.183791294809642,0.745320878147327,0.0439825062982413,0.0525231548667837,0.00854064856854242,1.19418285330602,TRUE,FALSE,TRUE,"1"
"1070","8","$2,118,109","unlogpred","grosscon",5,1.0088,0.970211218481527,1,0.939837315089272,1.00006368940213,0.000707610420830015,1.02942034416352,0.0425075321856147,0.0432821912699767,0.000774659084362028,1.01822404276445,TRUE,FALSE,TRUE,"1"
"1070","9","$2,524,000","unlogpred","grosscon",1,NA,NA,NA,NA,NA,NA,NA,NA,NA,NA,NA,NA,NA,NA,"1"
"1080","1","$880,000","unlogpred","grosscon",2,NA,NA,NA,NA,NA,NA,NA,NA,NA,NA,NA,NA,NA,NA,"1"
"1080","2","$1,147,356","unlogpred","grosscon",3,NA,NA,NA,NA,NA,NA,NA,NA,NA,NA,NA,NA,NA,NA,"1"
"1080","3","$1,380,000","unlogpred","grosscon",3,NA,NA,NA,NA,NA,NA,NA,NA,NA,NA,NA,NA,NA,NA,"1"
"1080","4","$1,490,000","unlogpred","grosscon",6,1.0507,0.661675307145135,0.784489795918367,6.03250943510677,0.998337570535831,0.389478022518272,0.566266320830285,0.035322230435659,0.0541610984515873,0.0188388680159283,1.53334310386328,TRUE,TRUE,TRUE,"1"
"1080","5","$1,999,999","unlogpred","grosscon",7,1.0456,0.571040711989744,0.292207792207792,8.79616166706063,0.997605816817476,0.792475351583674,0.316143216693332,0.021451220732924,0.0454747923792905,0.0240235716463665,2.11991629499641,TRUE,TRUE,TRUE,"1"
"1080","6","$2,200,356","unlogpred","grosscon",3,NA,NA,NA,NA,NA,NA,NA,NA,NA,NA,NA,NA,NA,NA,"1"
"1080","7","$2,275,356","unlogpred","grosscon",17,1.042,0.438815045051757,0.36532889017676,3.68624936908306,1.00142103552792,-0.11740949384729,1.3460628401317,0.0323029208462635,0.0174038762237874,-0.014899044622476,0.538770976984286,TRUE,FALSE,TRUE,"1"
"1080","8","$2,450,356","unlogpred","grosscon",9,0.9343,0.00289821822879774,0.00694444444444444,5.90700550971752,1.00387479704118,0.163403896571989,1.11267882656982,0.0367311034395394,0.00142502271662378,-0.0353060807229156,0.0387960769806279,TRUE,TRUE,TRUE,"1"
"1080","9","$2,745,356","unlogpred","grosscon",1,NA,NA,NA,NA,NA,NA,NA,NA,NA,NA,NA,NA,NA,NA,"1"
"1090","1","$654,000","unlogpred","grosscon",26,1.0205,0.739602032300925,0.727252387272956,5.02445366732101,0.999771010605496,0.119855304509739,0.869608648737131,0.0625644429452315,0.0630037512643943,0.000439308319162834,1.00702169312923,TRUE,TRUE,TRUE,"1"
"1090","2","$837,400","unlogpred","grosscon",30,1.0469,0.285965701097419,0.3548333005394,6.24144614394011,1.00096762554912,0.308360430368068,0.632842930198133,0.0353458951645801,0.0306269942211305,-0.00471890094344959,0.866493664356862,TRUE,TRUE,TRUE,"1"
"1090","3","$895,500","unlogpred","grosscon",44,1.0364,0.437721968237679,0.379888167980482,6.79162480894048,0.998900823009338,0.560918463876627,0.525793263424114,0.0311284854744019,0.040219846272795,0.00909136079839308,1.29205920750206,TRUE,TRUE,TRUE,"1"
"1090","4","$967,360","unlogpred","grosscon",27,0.9796,0.145587416946185,0.095442871597659,6.35269524199926,1.00107410487827,0.474488492477896,0.549885510213771,0.0294936329349616,0.0185082665321097,-0.010985366402852,0.627534307927527,TRUE,TRUE,TRUE,"1"
"1090","5","$1,080,000","unlogpred","grosscon",27,0.9958,0.296719543272283,0.317417003655536,6.45137179750385,0.999481019083646,0.681996701917127,0.381045013032496,0.0244720644423296,0.03411396021524,0.00964189577291037,1.39399601106937,TRUE,TRUE,TRUE,"1"
"1090","6","$1,254,000","unlogpred","grosscon",18,1.0071,0.346641502006891,0.401439446869518,6.70829589566358,0.999392801217881,0.609555830505426,0.439307753484196,0.0257616723803324,0.0401484996510142,0.0143868272706818,1.55845859144088,TRUE,TRUE,TRUE,"1"
"1090","7","$1,478,000","unlogpred","grosscon",12,1.0132,0.0291320385726648,0.0469949630788792,7.86028122346925,1.00304908427289,0.545183873088158,0.708129081276777,0.0370691788551471,0.0104030277703728,-0.0266661510847742,0.280638203803329,TRUE,TRUE,TRUE,"1"
"1090","8","$1,683,000","unlogpred","grosscon",9,0.985,0.0991709998256444,0.101120448179272,6.44690873879241,1.0008175892079,0.604566181505086,0.652284063209398,0.0242902029558846,0.0134118837542287,-0.0108783192016559,0.552151984015413,TRUE,TRUE,TRUE,"1"
"1090","9","$2,666,000","unlogpred","grosscon",13,1.0019,0.21137972792583,0.326530612244898,7.61105534709857,1.00312964966479,0.227265790996389,0.801233514688809,0.0526324373306934,0.0337618199640388,-0.0188706173666546,0.641464117496799,TRUE,TRUE,TRUE,"1"
"1090","10","$12,000,000","unlogpred","grosscon",3,NA,NA,NA,NA,NA,NA,NA,NA,NA,NA,NA,NA,NA,NA,"1"
"1100","1","$1,229,000","unlogpred","grosscon",1,NA,NA,NA,NA,NA,NA,NA,NA,NA,NA,NA,NA,NA,NA,"1"
"1100","2","$1,420,000","unlogpred","grosscon",1,NA,NA,NA,NA,NA,NA,NA,NA,NA,NA,NA,NA,NA,NA,"1"
"1100","3","$1,675,000","unlogpred","grosscon",6,1.1295,0.432153515763219,0.0987755102040817,3.07801316123351,1.00063747635892,0.00692408076948812,0.935550888632629,0.0234917987211565,0.0119507017974043,-0.0115410969237522,0.508718039825601,FALSE,FALSE,TRUE,"1"
"1100","4","$1,916,000","unlogpred","grosscon",14,1.0188,0.232654459272322,0.354744596063277,5.91040104163937,1.00030255794772,0.510084250171919,0.670840181533378,0.0282877120529157,0.0250911144343298,-0.00319659761858583,0.886996954274485,TRUE,TRUE,TRUE,"1"
"1100","5","$2,300,000","unlogpred","grosscon",15,1.0331,0.193511116282479,0.222642473805265,7.71927676156208,1.00037442508771,0.64317479713811,0.488655962250895,0.0316208008515702,0.029340907259967,-0.00227989359160314,0.927898929495648,TRUE,TRUE,TRUE,"1"
"1100","6","$2,806,000","unlogpred","grosscon",26,1.0111,0.305227618028137,0.281216329855343,5.48010318264244,1.00097596882264,0.229991134499382,0.892786683020591,0.0330223727640025,0.0226344540725197,-0.0103879186914828,0.685427853239952,TRUE,TRUE,TRUE,"1"
"1100","7","$3,394,000","unlogpred","grosscon",19,1.0312,0.32504759344322,0.254874243129949,6.50443405877146,1.00104732281234,0.286991058923541,0.597299042599373,0.0411811880014138,0.0335699685560837,-0.00761121944533016,0.815177273538858,TRUE,TRUE,TRUE,"1"
"1100","8","$3,915,000","unlogpred","grosscon",19,0.9754,0.433517729454793,0.394818477273077,6.73002484399102,0.999956368268896,0.35985777678625,0.673831690221844,0.0467213983946894,0.0456085496072518,-0.00111284878743758,0.976181175528255,TRUE,TRUE,TRUE,"1"
"1100","9","$4,726,000","unlogpred","grosscon",36,0.9928,0.302752154055672,0.243700495728306,8.06953325829769,1.00336910458308,0.203086623549101,0.858302744641913,0.0591893702492728,0.039676645768731,-0.0195127244805418,0.670333973847584,TRUE,TRUE,TRUE,"1"
"1100","10","$12,500,000","unlogpred","grosscon",16,0.9923,0.778724823514779,0.804714532871972,10.7262928999588,1.01961484103724,-0.0534391877874646,1.04074789337887,0.189415587582621,0.15632416405257,-0.0330914235300515,0.825297252710961,TRUE,TRUE,TRUE,"1"
"1110","1","$942,000","unlogpred","grosscon",3,NA,NA,NA,NA,NA,NA,NA,NA,NA,NA,NA,NA,NA,NA,"1"
"1110","2","$1,237,471","unlogpred","grosscon",8,1.0739,0.62969185140952,0.587492828456684,14.344853306073,0.990763844706365,1.03160008843579,0.315941639787393,0.0321631493506493,0.113941885309749,0.0817787359590998,3.54262215019838,TRUE,TRUE,TRUE,"1"
"1110","3","$1,325,000","unlogpred","grosscon",7,1.0882,0.641559328557207,0.413265306122449,5.18170269221251,0.998539684583415,0.48282028312785,0.406696173982153,0.0290862833149344,0.0471381983551691,0.0180519150402346,1.62063326705498,TRUE,TRUE,TRUE,"1"
"1110","4","$1,458,603","unlogpred","grosscon",20,1.0445,0.25560505481494,0.213180946309756,5.94198178596309,1.00201784612356,0.0324919262005499,0.902013309071353,0.0360890574264475,0.0174802666686041,-0.0186087907578434,0.484364733111424,TRUE,TRUE,TRUE,"1"
"1110","5","$1,775,000","unlogpred","grosscon",25,0.9873,0.221551295386656,0.167283857405104,4.2195917314595,1.00117282926562,0.140527274945749,0.812828794275004,0.0292965657797208,0.0149542501095149,-0.0143423156702059,0.510443791328822,TRUE,FALSE,TRUE,"1"
"1110","6","$2,096,000","unlogpred","grosscon",12,0.9658,0.235867469082648,0.226123526822828,8.17711065776042,1.00021217522217,0.55228817317548,0.528492497713554,0.0398435712651567,0.0387443825367999,-0.00109918872835676,0.972412394435185,TRUE,TRUE,TRUE,"1"
"1110","7","$2,444,411","unlogpred","grosscon",22,0.9825,0.383797371964119,0.385304035193497,5.939560828531,1.00108263716066,0.222508263588409,0.842125433939307,0.0424705055360807,0.0333884831394009,-0.00908202239667976,0.786156950993575,TRUE,TRUE,TRUE,"1"
"1110","8","$2,992,000","unlogpred","grosscon",17,0.9875,0.294062503593426,0.654998195597257,10.5647325037159,0.996704345798949,0.787678548121837,0.64010226882055,0.0477658249556988,0.0636590504548612,0.0158932254991624,1.33273214717641,TRUE,TRUE,TRUE,"1"
"1110","9","$3,815,157","unlogpred","grosscon",17,1.0101,0.280581576485368,0.373374042491689,5.27370167274516,1.00267315993492,-0.0121296122115872,1.00951385624322,0.0420211564093484,0.0221717965921552,-0.0198493598171932,0.52763413686594,TRUE,TRUE,TRUE,"1"
"1110","10","$8,000,000","unlogpred","grosscon",6,0.8877,0.712716629536718,0.235918367346939,8.65875470749266,1.00572361224449,0.011346054675407,0.967583919156723,0.10073650117574,0.0727876201225525,-0.0279488810531873,0.722554578261269,FALSE,TRUE,TRUE,"1"
"1120","1","$910,000","unlogpred","grosscon",1,NA,NA,NA,NA,NA,NA,NA,NA,NA,NA,NA,NA,NA,NA,"1"
"1120","2","$1,330,000","unlogpred","grosscon",7,1.0682,0.00179704557615966,0.000324675324675325,5.25237017217097,1.00153834433108,0.389882375519808,0.884966739777901,0.0219780219780219,0.00405043583976321,-0.0179275861382587,0.184294830709227,TRUE,TRUE,TRUE,"1"
"1120","3","$1,540,000","unlogpred","grosscon",3,NA,NA,NA,NA,NA,NA,NA,NA,NA,NA,NA,NA,NA,NA,"1"
"1120","4","$1,775,000","unlogpred","grosscon",5,0.9996,0.00592290089733635,0.09,10.6723797708666,1.00116829367798,1.23424094974421,0.393554127587272,0.0169635284139101,-0.0145149637526476,-0.0314784921665577,-0.855657113218575,TRUE,TRUE,TRUE,"1"
"1120","5","$2,150,000","unlogpred","grosscon",10,1.0313,0.151163885559344,0.253039485766758,9.69534588761352,0.999551289640227,0.916177363113177,0.275641913545097,0.0271538673272778,0.0388701255170933,0.0117162581898155,1.43147659405575,TRUE,TRUE,TRUE,"1"
"1120","6","$2,550,000","unlogpred","grosscon",10,1.0058,0.179407681807398,0.202365114560236,4.79469575692888,1.00010235236142,0.743219363516026,0.456769238206134,0.0196534113731566,0.015423087635055,-0.00423032373810166,0.784753717419277,TRUE,FALSE,TRUE,"1"
"1120","7","$2,950,000","unlogpred","grosscon",9,0.9859,0.00125440855975213,0.0347701149425287,6.42195312414584,1.00340100706282,0.121280072095991,0.397624381261411,0.0329372287838334,0.0016203691022015,-0.0313168596816319,0.0491956719503016,TRUE,TRUE,TRUE,"1"
"1120","8","$3,550,000","unlogpred","grosscon",15,0.9988,0.512986510696102,0.469434843830005,7.38131014114144,0.998844370106514,0.390215392979151,0.504912802592872,0.0418418333774568,0.0508582101908289,0.00901637681337206,1.21548713537562,TRUE,TRUE,TRUE,"1"
"1120","9","$5,867,000","unlogpred","grosscon",9,0.9896,0.864757377855505,0.816806722689076,7.98500903802904,0.991176654801093,0.439765891949163,0.528281464841365,0.0593016932736806,0.101343471990313,0.0420417787166328,1.70894735707811,TRUE,TRUE,TRUE,"1"
"1120","10","$8,400,000","unlogpred","grosscon",12,0.963,0.759679022608389,0.588406330511594,6.95251694909736,0.99974022867469,0.0873797522589858,0.977290765104105,0.095531128193648,0.0926467415318335,-0.00288438666181445,0.969806839756277,TRUE,TRUE,TRUE,"1"
"1121","2","$1,480,000","unlogpred","grosscon",5,1.0118,0.432376381547587,0.16,3.09615510208643,1.0000256639721,0.328712535576769,0.841116115530812,0.0222496909765143,0.0181156962170947,-0.00413399475941958,0.814199902201643,TRUE,FALSE,TRUE,"1"
"1121","3","$1,880,000","unlogpred","grosscon",7,1.0741,0.207259434634646,0.368622448979592,5.61212334361467,1.00008191961699,0.620225929449701,0.358950330637681,0.0183805729914298,0.0307511707292628,0.012370597737833,1.67302568552139,TRUE,TRUE,TRUE,"1"
"1121","4","$2,396,538","unlogpred","grosscon",3,NA,NA,NA,NA,NA,NA,NA,NA,NA,NA,NA,NA,NA,NA,"1"
"1121","5","$2,800,000","unlogpred","grosscon",10,0.9703,0.0680567329218767,0.312786400591279,9.31913803137635,1.00104064405167,0.955439922449149,0.669585193182716,0.0323899510283267,0.0213463276860981,-0.0110436233422286,0.659041678310339,TRUE,TRUE,TRUE,"1"
"1121","6","$3,340,800","unlogpred","grosscon",9,1.0051,0.324881716870094,0.474858757062147,7.71472637508531,0.998909655336332,0.670113046067251,0.597898936770598,0.0329323254906137,0.0416938808971311,0.00876155540651741,1.26604727349165,TRUE,TRUE,TRUE,"1"
"1121","7","$3,900,000","unlogpred","grosscon",13,1.0047,0.356159815264816,0.601852692761784,5.89763057757722,1.00046853702939,0.343933537008525,0.737873126849236,0.0392345203736481,0.0424924948177833,0.00325797444413526,1.08303846747986,TRUE,TRUE,TRUE,"1"
"1121","8","$5,575,000","unlogpred","grosscon",17,1.0323,0.00429241330665175,0.000341679422698447,9.87802472475554,1.00384011677994,0.915769140253862,0.546581048431007,0.0329101901238851,-0.00357776537672758,-0.0364879555006127,-0.10871299628655,TRUE,TRUE,TRUE,"1"
"1121","9","$8,300,000","unlogpred","grosscon",16,1.0135,0.356566156196452,0.333790946216005,6.83082813970045,1.00113478825299,0.358141259610314,0.851863919990096,0.0478605863637387,0.0388469788865,-0.00901360747723867,0.811669514269307,TRUE,TRUE,TRUE,"1"
"1121","10","$14,900,000","unlogpred","grosscon",31,0.9959,0.763630867421147,0.676189540537374,10.1067902009084,1.01856293654841,-0.0531397739397117,1.13207077229687,0.178309562991618,0.143597633184403,-0.0347119298072154,0.80532771644532,TRUE,TRUE,TRUE,"1"
"1130","1","$583,348","unlogpred","grosscon",47,1.0119,0.704309228410452,0.752462545418313,4.74157505476119,1.00008507853192,0.111963372641421,0.925011338616068,0.0642274289135472,0.0629888014953298,-0.00123862741821737,0.980714977398759,TRUE,FALSE,TRUE,"1"
"1130","2","$685,000","unlogpred","grosscon",43,1.0292,0.49130537375011,0.52808213476743,3.5504973734754,1.00129074231464,-0.0119350837225075,1.07513544087532,0.0370374398289288,0.0262782217178021,-0.0107592181111266,0.709504270251343,TRUE,FALSE,TRUE,"1"
"1130","3","$799,854","unlogpred","grosscon",42,1.0209,0.505930647696662,0.440381634922011,5.49901120101381,0.998872236081583,0.614650816301576,0.438152324925088,0.0240985954994273,0.03854285444816,0.0144442589487328,1.59938177513607,TRUE,TRUE,TRUE,"1"
"1130","4","$872,000","unlogpred","grosscon",25,1.0108,0.509772447734686,0.52,4.69807991287307,0.999891197865471,0.267114351160124,0.739604888464947,0.0379767476479363,0.0393849366256532,0.00140818897771695,1.0370802942572,TRUE,FALSE,TRUE,"1"
"1130","5","$961,857","unlogpred","grosscon",38,0.9902,0.110953970930434,0.163967497368152,5.02405137850252,1.00091242446437,0.43389097259424,0.66114905648149,0.0256170853749573,0.0156136476385375,-0.0100034377364198,0.60950133124048,TRUE,TRUE,TRUE,"1"
"1130","6","$1,073,000","unlogpred","grosscon",12,0.965,0.415873558001153,0.346264262053736,4.1979642892245,1.00158125203008,0.0482771371879906,0.850658639575175,0.0395958201577698,0.0282659877843526,-0.0113298323734172,0.713862919664918,TRUE,FALSE,TRUE,"1"
"1130","7","$1,303,500","unlogpred","grosscon",5,0.9525,0.608414410834996,0.760526315789474,5.2044718735151,0.998397944544305,0.680181133002276,0.455168820251477,0.0207660523658962,0.0418573692784742,0.021091316912578,2.01566328259944,TRUE,TRUE,TRUE,"1"
"1130","8","$1,445,915","unlogpred","grosscon",7,0.9933,0.518193295940104,0.326530612244898,4.745896280441,1.00134546614728,0.0206947445780681,0.859839776582756,0.0397755470766842,0.0295756017820421,-0.0101999452946421,0.743562413485416,TRUE,FALSE,TRUE,"1"
"1130","9","$1,842,178","unlogpred","grosscon",5,0.9419,0.968245320950451,0.81,2.13520148968596,1.00000949149465,0.0110688807586274,1.02915660291115,0.0692857750131934,0.0671076741646953,-0.00217810084849807,0.968563520461692,TRUE,FALSE,TRUE,"1"
"1131","1","$495,500","unlogpred","grosscon",25,1.0116,0.832896920824895,0.82823118455012,4.19533066373974,1.0003720728329,0.056606529347908,0.944480461747595,0.0675155031943522,0.0675016974825904,-0.0000138057117618495,0.999795517901687,TRUE,FALSE,TRUE,"1"
"1131","2","$538,000","unlogpred","grosscon",19,0.9883,0.193507330380866,0.177596892054389,8.07243524137476,1.00070343536402,0.542814799929655,0.488758078962526,0.0326344350659341,0.0265043962595618,-0.00613003880637227,0.812160412950699,TRUE,TRUE,TRUE,"1"
"1131","3","$601,324","unlogpred","grosscon",11,0.9849,0.405748991215612,0.211726857617269,3.60991956219718,1.00134854906974,-0.0553007715176683,1.07732968609769,0.0328293452155656,0.0174411437225283,-0.0153882014930373,0.53126687748432,TRUE,FALSE,TRUE,"1"
"1131","4","$694,000","unlogpred","grosscon",2,NA,NA,NA,NA,NA,NA,NA,NA,NA,NA,NA,NA,NA,NA,"1"
"1131","5","$741,500","unlogpred","grosscon",1,NA,NA,NA,NA,NA,NA,NA,NA,NA,NA,NA,NA,NA,NA,"1"
"1131","6","$797,595","unlogpred","grosscon",4,NA,NA,NA,NA,NA,NA,NA,NA,NA,NA,NA,NA,NA,NA,"1"
"1132","1","$481,125","unlogpred","grosscon",13,1.0106,0.762483589087753,0.786867828304292,4.84232984020365,1.00301180849546,-0.0276658867937273,1.06401189637572,0.0806274142403929,0.0733564109139541,-0.00727100332643879,0.909819713369945,TRUE,FALSE,TRUE,"1"
"1132","2","$522,000","unlogpred","grosscon",5,0.9929,0.99092709417631,0.49,0.559058327874829,1.00007111124126,-0.0029542396826536,0.939808909078378,0.0394885454194467,0.0397529589862215,0.000264413566774736,1.00669595610489,TRUE,FALSE,TRUE,"1"
"1132","3","$575,000","unlogpred","grosscon",2,NA,NA,NA,NA,NA,NA,NA,NA,NA,NA,NA,NA,NA,NA,"1"
"1133","1","$637,600","unlogpred","grosscon",1,NA,NA,NA,NA,NA,NA,NA,NA,NA,NA,NA,NA,NA,NA,"1"
"1133","2","$737,200","unlogpred","grosscon",1,NA,NA,NA,NA,NA,NA,NA,NA,NA,NA,NA,NA,NA,NA,"1"
"1133","3","$836,800","unlogpred","grosscon",1,NA,NA,NA,NA,NA,NA,NA,NA,NA,NA,NA,NA,NA,NA,"1"
"1133","5","$877,500","unlogpred","grosscon",1,NA,NA,NA,NA,NA,NA,NA,NA,NA,NA,NA,NA,NA,NA,"1"
"1140","1","$620,000","unlogpred","grosscon",1,NA,NA,NA,NA,NA,NA,NA,NA,NA,NA,NA,NA,NA,NA,"1"
"1150","5","$2,200,000","unlogpred","grosscon",1,NA,NA,NA,NA,NA,NA,NA,NA,NA,NA,NA,NA,NA,NA,"1"
"1150","6","$3,000,000","unlogpred","grosscon",1,NA,NA,NA,NA,NA,NA,NA,NA,NA,NA,NA,NA,NA,NA,"1"
"1150","7","$3,800,000","unlogpred","grosscon",1,NA,NA,NA,NA,NA,NA,NA,NA,NA,NA,NA,NA,NA,NA,"1"
"1150","9","$5,429,999","unlogpred","grosscon",1,NA,NA,NA,NA,NA,NA,NA,NA,NA,NA,NA,NA,NA,NA,"1"
"1150","10","$6,250,000","unlogpred","grosscon",1,NA,NA,NA,NA,NA,NA,NA,NA,NA,NA,NA,NA,NA,NA,"1"
"1160","1","$687,200","unlogpred","grosscon",19,1.0315,0.379074012668694,0.337122341251359,6.37964434015816,1.00227825674316,0.101885724299013,0.834875801159512,0.0492421953162513,0.0345973692137919,-0.0146448261024594,0.702595994991592,TRUE,TRUE,TRUE,"1"
"1160","2","$759,200","unlogpred","grosscon",36,1.0133,0.334901773480641,0.347255154118279,6.51758769685544,1.00092634520949,0.282119343189699,0.724625028604099,0.0390104185102592,0.0315089386804246,-0.00750147982983466,0.807705733075848,TRUE,TRUE,TRUE,"1"
"1160","3","$850,000","unlogpred","grosscon",21,1.0325,0.176578104683903,0.117334747230648,5.53526102718356,1.00102703019895,0.329702775353762,0.711742741915677,0.0293532097794738,0.0156267898077961,-0.0137264199716777,0.532370733054333,TRUE,TRUE,TRUE,"1"
"1160","4","$973,800","unlogpred","grosscon",26,0.9905,0.275033433971079,0.272255213793675,5.55695668948788,1.00046238423684,0.422587566907493,0.763241562119296,0.0299098484346012,0.0241741416463874,-0.00573570678821374,0.808233505403578,TRUE,TRUE,TRUE,"1"
"1160","5","$1,120,000","unlogpred","grosscon",18,0.9357,0.140562610517825,0.152329657395799,6.29892774388841,1.00234703630244,0.197732623863641,0.805687939535486,0.0370180396493418,0.0181548318469205,-0.0188632078024212,0.490432016900262,TRUE,TRUE,TRUE,"1"
"1160","6","$1,271,262","unlogpred","grosscon",12,0.9815,0.0101871962497109,0.0427064163906269,8.81159420200023,1.00200199022087,0.888649785842168,0.621211760943408,0.0284867795934649,0.00698014779943342,-0.0215066317940315,0.245031130196083,TRUE,TRUE,TRUE,"1"
"1160","7","$1,533,000","unlogpred","grosscon",12,1.0495,0.690909560024713,0.704190913981124,6.02351625978227,0.997143379519016,0.445627009072489,0.568888739335077,0.0364240429163618,0.0653549799764535,0.0289309370600916,1.79428132474267,TRUE,TRUE,TRUE,"1"
"1160","8","$1,862,000","unlogpred","grosscon",11,1.0348,0.279004012011158,0.152809917355372,3.12503244759878,1.00126773103531,-0.113991113438769,1.04831630946008,0.0270356040136724,0.010629813988478,-0.0164057900251944,0.393178343013987,TRUE,FALSE,TRUE,"1"
"1160","9","$2,546,000","unlogpred","grosscon",8,0.9373,0.0586022623563113,0.204648526077098,6.32991362552736,1.00541078056323,-0.151278668002271,0.701148175323644,0.0470809633168281,0.0187664091776907,-0.0283145541391374,0.398598666119115,TRUE,TRUE,TRUE,"1"
"1160","10","$8,825,000","unlogpred","grosscon",2,NA,NA,NA,NA,NA,NA,NA,NA,NA,NA,NA,NA,NA,NA,"1"
"1170","2","$1,138,000","unlogpred","grosscon",1,NA,NA,NA,NA,NA,NA,NA,NA,NA,NA,NA,NA,NA,NA,"1"
"1170","4","$1,340,000","unlogpred","grosscon",5,0.9948,0.0181052599821645,0.09,5.67159212028327,1.00083922055332,0.867663990834752,0.534502014174177,0.0184347826086956,0.000740662764197708,-0.0176941198444979,0.0401774612654418,TRUE,TRUE,TRUE,"1"
"1170","6","$2,323,600","unlogpred","grosscon",1,NA,NA,NA,NA,NA,NA,NA,NA,NA,NA,NA,NA,NA,NA,"1"
"1170","7","$2,652,500","unlogpred","grosscon",2,NA,NA,NA,NA,NA,NA,NA,NA,NA,NA,NA,NA,NA,NA,"1"
"1170","8","$3,200,000","unlogpred","grosscon",2,NA,NA,NA,NA,NA,NA,NA,NA,NA,NA,NA,NA,NA,NA,"1"
"1170","9","$6,047,500","unlogpred","grosscon",1,NA,NA,NA,NA,NA,NA,NA,NA,NA,NA,NA,NA,NA,NA,"1"
"1170","10","$10,250,000","unlogpred","grosscon",2,NA,NA,NA,NA,NA,NA,NA,NA,NA,NA,NA,NA,NA,NA,"1"
"1180","1","$699,600","unlogpred","grosscon",22,1.0407,0.745526091783875,0.252122551975168,4.36136895168133,1.00086991996487,0.0323151949714416,0.929088583486671,0.050053782933551,0.0373698408918533,-0.0126839420416977,0.746593737809262,TRUE,FALSE,TRUE,"1"
"1180","2","$924,000","unlogpred","grosscon",19,0.9903,0.607102768603868,0.724627635814734,3.49857910970205,1.00075527679263,0.0397172090192116,1.06549298353544,0.0370141701520586,0.0320218310958908,-0.00499233905616778,0.865123571981793,TRUE,FALSE,TRUE,"1"
"1180","3","$1,218,125","unlogpred","grosscon",11,1.008,0.694034312478137,0.725799086757991,4.02769003673989,0.998451802028628,0.410585689350614,0.670836344375012,0.0316431311456188,0.0484977266720563,0.0168545955264376,1.53264626211845,TRUE,FALSE,TRUE,"1"
"1180","4","$1,344,000","unlogpred","grosscon",29,1.0388,0.251603944926911,0.192478734236514,6.01150476202083,1.00019972586139,0.497399030846549,0.582705900021779,0.0271809162905966,0.0230350446211531,-0.00414587166944346,0.847471232201331,TRUE,TRUE,TRUE,"1"
"1180","5","$1,475,000","unlogpred","grosscon",47,0.9916,0.322235974363119,0.377379940826379,3.68192306327775,1.00075677558576,0.194466439584149,0.891562354225531,0.0287308070645382,0.020155133041423,-0.00857567402311514,0.701516424378488,TRUE,FALSE,TRUE,"1"
"1180","6","$1,606,484","unlogpred","grosscon",18,0.9887,0.300861527340444,0.236506281503467,6.52439679556661,1.00022218055573,0.503749554054613,0.774236775775775,0.0338074947302233,0.0255419524250513,-0.00826554230517197,0.75551154052883,TRUE,TRUE,TRUE,"1"
"1180","7","$2,100,319","unlogpred","grosscon",34,0.9846,0.233563034787154,0.278381400348537,4.30583228103997,1.00167533719838,0.0782126918811376,0.973705356333379,0.0328804954741877,0.016499283878868,-0.0163812115953197,0.501795476038994,TRUE,FALSE,TRUE,"1"
"1180","8","$2,318,686","unlogpred","grosscon",27,0.9805,0.49247827909293,0.382437223637957,5.86593213582144,1.00031155852807,0.240490820138458,0.805211179541129,0.0481013669851895,0.0435346420021482,-0.00456672498304129,0.905060390810777,TRUE,TRUE,TRUE,"1"
"1180","9","$2,791,000","unlogpred","grosscon",9,0.9395,0.649653221738342,0.772058823529412,6.84647355479197,0.999935245783512,0.207667765257526,0.737663963410533,0.0592842815063071,0.0619705278966748,0.00268624639036771,1.04531127513255,TRUE,TRUE,TRUE,"1"
"1180","10","$5,012,370","unlogpred","grosscon",1,NA,NA,NA,NA,NA,NA,NA,NA,NA,NA,NA,NA,NA,NA,"1"
"1190","1","$594,600","unlogpred","grosscon",23,1.0703,0.258199642188205,0.221322402893549,6.90741224278189,1.00336318453899,0.109759548602623,0.791797159937208,0.04917706019705,0.0276940909409316,-0.0214829692561184,0.563150599689425,TRUE,TRUE,TRUE,"1"
"1190","2","$648,320","unlogpred","grosscon",21,0.9966,0.297853956304074,0.239874096014447,6.09264497930156,1.00042871356707,0.389533265800142,0.631238266691955,0.0331590398854972,0.0277972226780432,-0.00536181720745398,0.838299986188711,TRUE,TRUE,TRUE,"1"
"1190","3","$750,000","unlogpred","grosscon",11,0.9818,0.497919405539094,0.475417014178482,9.16934547718096,0.996832625217733,0.731127444270154,0.369351414380207,0.0335585150871776,0.0643298847308606,0.0307713696436831,1.91694669933237,TRUE,TRUE,TRUE,"1"
"1190","4","$789,000","unlogpred","grosscon",15,0.9714,0.0221618137002057,0.035472972972973,5.07390712058529,1.00169997162549,0.189667062094293,1.13387036492878,0.0250977793729236,0.00432145175531957,-0.0207763276176041,0.1721846260224,TRUE,TRUE,TRUE,"1"
"1190","5","$873,250","unlogpred","grosscon",9,0.9312,0.000931699972811965,0.0336111111111111,5.26712392698413,1.00200544210288,0.074688144068147,0.991290020828488,0.0247730293548485,-0.00148489356325577,-0.0262579229181043,-0.0599399266834177,TRUE,TRUE,TRUE,"1"
"1190","6","$1,034,000","unlogpred","grosscon",3,NA,NA,NA,NA,NA,NA,NA,NA,NA,NA,NA,NA,NA,NA,"1"
"1190","7","$1,198,000","unlogpred","grosscon",5,1.002,0.896641928334698,0.49,1.14014378513555,0.999848172644865,0.129681159484412,0.648629916963879,0.0168589174800354,0.0192463146880669,0.00238739720803149,1.14161035018166,TRUE,FALSE,TRUE,"1"
"1190","8","$1,304,235","unlogpred","grosscon",1,NA,NA,NA,NA,NA,NA,NA,NA,NA,NA,NA,NA,NA,NA,"1"
"1200","1","$680,000","unlogpred","grosscon",13,1.0473,0.029596932245543,0.0430453947167039,15.852180564595,1.01445432231934,1.33683655960607,0.644849557146659,0.0553255567456928,-0.0232676440367552,-0.078593200782448,-0.420558696656344,TRUE,FALSE,TRUE,"1"
"1200","2","$839,995","unlogpred","grosscon",9,0.9756,0.318197094420967,0.111111111111111,4.42006877870179,1.00105553426488,0.103018414261822,0.963468051066567,0.0305856944952405,0.0148288182562095,-0.015756876239031,0.484828561225478,TRUE,FALSE,TRUE,"1"
"1200","3","$1,500,000","unlogpred","grosscon",5,0.998,0.87675499490192,0.81,1.77218135797747,1.00010579398693,0.0301623069325312,1.02474359752027,0.0315328176241302,0.0288948492261573,-0.00263796839797284,0.916342128717538,TRUE,FALSE,TRUE,"1"
"1200","4","$2,045,127","unlogpred","grosscon",1,NA,NA,NA,NA,NA,NA,NA,NA,NA,NA,NA,NA,NA,NA,"1"
"1200","5","$2,467,500","unlogpred","grosscon",7,0.9639,0.152554615703157,0.0476190476190476,15.3299183930471,0.998771595467728,1.1869050262391,0.0501511609267577,0.0115747791653974,0.0404599564253684,0.028885177259971,3.49552728801278,TRUE,FALSE,TRUE,"1"
"1200","6","$2,645,300","unlogpred","grosscon",5,1.0167,0.610115139794138,1,4.39914895979589,0.998772820977638,0.414344373473687,0.739019875724217,0.0312021045407755,0.0499283178381601,0.0187262132973846,1.60015866150672,TRUE,FALSE,TRUE,"1"
"1200","7","$3,527,500","unlogpred","grosscon",12,1.0877,0.0800373423822206,0.117826033615507,11.4568664696418,1.0065171635806,0.505377595025605,0.488742815376061,0.0373396103623732,-0.0162856829136181,-0.0536252932759913,-0.43615031746633,TRUE,TRUE,TRUE,"1"
"1200","8","$3,829,000","unlogpred","grosscon",15,1.0335,0.623125823595579,0.186747448979592,6.10619538154742,0.998215926911698,0.732499499428103,0.321182387170051,0.0205150131513311,0.0414166283839554,0.0209016152326242,2.01884483711715,TRUE,TRUE,TRUE,"1"
"1200","9","$5,860,000","unlogpred","grosscon",23,0.9182,0.45029387653726,0.462456725843993,4.90517631992453,1.00346629645408,-0.123932603496937,1.23900185514819,0.050187919566543,0.0297456589561948,-0.0204422606103482,0.592685634572992,TRUE,FALSE,TRUE,"1"
"1200","10","$12,593,070","unlogpred","grosscon",14,0.9603,0.928859443051831,0.922444149257336,5.79158134196268,0.999620034041899,0.0484652076602284,0.908490723798919,0.131897505361016,0.137160124523476,0.00526261916245957,1.0398993077849,TRUE,TRUE,TRUE,"1"
"1201","1","$545,700","unlogpred","grosscon",43,1.0422,0.615533781841469,0.587183464155428,6.50795450650794,1.0016900131939,0.0951658428071685,0.965434571394361,0.0679573164186521,0.0590135673780634,-0.00894374904058876,0.868391668301164,TRUE,TRUE,TRUE,"1"
"1201","2","$714,110","unlogpred","grosscon",40,1.0048,0.217715182388121,0.187077267633225,6.01997646332769,1.00199353415325,0.163944474813428,0.712541889191023,0.0380937491433999,0.0191659703306316,-0.0189277788127683,0.503126385866703,TRUE,TRUE,TRUE,"1"
"1201","3","$815,700","unlogpred","grosscon",33,1.038,0.278949285448967,0.214254522546514,5.65782201977433,1.00022798780224,0.477593876184483,0.499046545504875,0.0279375971785944,0.0257295844359203,-0.00220801274267412,0.920966261752607,TRUE,TRUE,TRUE,"1"
"1201","4","$911,000","unlogpred","grosscon",16,1.0056,0.346882793623775,0.321488997983694,5.41681812785757,1.00099671278214,0.229123000857,0.875138261781463,0.0365996675041949,0.0324704069018669,-0.00412926060232799,0.887177647123305,TRUE,TRUE,TRUE,"1"
"1201","5","$1,017,499","unlogpred","grosscon",24,0.9875,0.157260608128421,0.0732503276539974,9.43022935829761,1.00000617496656,0.80481185400406,0.294926393019248,0.0276728355189698,0.0266755254588129,-0.00099731006015687,0.963960684134692,TRUE,TRUE,TRUE,"1"
"1201","6","$1,307,999","unlogpred","grosscon",21,0.9978,0.595157478450552,0.574995777954165,6.03402055825581,0.998200931614555,0.454773971748127,0.520273517888506,0.0369151502234373,0.0527148283637881,0.0157996781403508,1.42799983325869,TRUE,TRUE,TRUE,"1"
"1201","7","$1,572,000","unlogpred","grosscon",16,0.9989,0.280473490813128,0.274324145825995,9.55900284558457,1.00044422276695,0.494967195305348,0.499489887928874,0.0427493042159359,0.0431724140437699,0.000423109827834001,1.00989746700196,TRUE,TRUE,TRUE,"1"
"1201","8","$1,947,000","unlogpred","grosscon",18,0.9688,0.217892278521653,0.313183907751879,6.79180781650506,1.00169008745721,0.373082896557862,0.903880209359828,0.0415418651604907,0.0282450073945477,-0.013296857765943,0.679916688512356,TRUE,TRUE,TRUE,"1"
"1201","9","$2,777,000","unlogpred","grosscon",11,0.9471,0.751870376480869,0.69508094645081,8.07930713298294,0.994995489814628,0.349798114370921,0.624103955916763,0.061749653854917,0.0862333382363172,0.0244836843814002,1.39649913567006,TRUE,TRUE,TRUE,"1"
"1201","10","$6,800,000","unlogpred","grosscon",2,NA,NA,NA,NA,NA,NA,NA,NA,NA,NA,NA,NA,NA,NA,"1"
"1202","1","$677,600","unlogpred","grosscon",35,1.0204,0.291417392417879,0.294913576144243,7.19136698889675,1.00305869004594,0.0911004905355734,0.944728348405299,0.0468543133544916,0.0294089862460629,-0.0174453271084287,0.62766870626317,TRUE,TRUE,TRUE,"1"
"1202","2","$826,600","unlogpred","grosscon",37,1.0281,0.245029711173267,0.244422126465801,6.8770056516722,1.000435842868,0.501307112976136,0.533827910919792,0.0335628283416536,0.0299023156838708,-0.00366051265778284,0.890935512927559,TRUE,TRUE,TRUE,"1"
"1202","3","$950,000","unlogpred","grosscon",50,1.0211,0.244096837171386,0.205120467369383,7.45381396447129,0.999501808631554,0.731078113334091,0.457944829976277,0.0287721524854115,0.0323228607369735,0.00355070825156205,1.12340780737077,TRUE,TRUE,TRUE,"1"
"1202","4","$1,100,000","unlogpred","grosscon",31,1.0369,0.242016364008684,0.267049714560836,6.13556885623728,1.00009214284002,0.570564884251038,0.618648865659795,0.0295561112443039,0.0298278251989313,0.000271713954627408,1.00919315644678,TRUE,TRUE,TRUE,"1"
"1202","5","$1,320,000","unlogpred","grosscon",43,1.0058,0.0205399324815836,0.0362236915335781,9.12354197574135,1.00155542218445,0.853046171639864,0.415180878085773,0.0273140621878294,0.011738309075901,-0.0155757531119284,0.42975332615049,TRUE,TRUE,TRUE,"1"
"1202","6","$1,450,000","unlogpred","grosscon",34,0.9701,0.357233406640339,0.286752593389581,8.2157691409358,0.998757198886488,0.632026914300422,0.46659287325016,0.0341538522082191,0.0446154767300404,0.0104616245218214,1.30630877179072,TRUE,TRUE,TRUE,"1"
"1202","7","$1,822,000","unlogpred","grosscon",18,0.9869,0.409317458278512,0.285548696976884,9.09571469836286,0.998142977093495,0.571586187501412,0.553089665046762,0.0444334569041762,0.0577673331759681,0.0133338762717919,1.30008640337274,TRUE,TRUE,TRUE,"1"
"1202","8","$2,530,000","unlogpred","grosscon",13,0.9727,0.479451023713231,0.460533925907887,9.04925942593923,0.996770210254061,0.61906688102078,0.446812143226324,0.0406585695006747,0.0671539218925109,0.0264953523918362,1.65165481022141,TRUE,TRUE,TRUE,"1"
"1202","9","$5,820,000","unlogpred","grosscon",16,0.9163,0.531017837481634,0.481175169182717,12.9791865231699,0.993372157908311,0.581577922442737,0.503231133904595,0.0577040505854705,0.0874847827774361,0.0297807321919656,1.51609431036136,TRUE,TRUE,TRUE,"1"
"1202","10","$14,800,875","unlogpred","grosscon",36,0.9933,0.806457261340653,0.834486614391352,10.8877045421094,1.00725730657596,0.0218415588756935,0.944410950313837,0.201973697384332,0.194034126826209,-0.00793957055812261,0.960690076673625,TRUE,TRUE,TRUE,"1"
"1210","3","$1,400,500","unlogpred","grosscon",3,NA,NA,NA,NA,NA,NA,NA,NA,NA,NA,NA,NA,NA,NA,"1"
"1210","4","$1,650,000","unlogpred","grosscon",13,1.018,0.346633360750898,0.485770445024589,5.44308438031139,0.99993582231964,0.45120414910758,0.424598517818608,0.0249402636039275,0.0341562418983035,0.00921597829437596,1.36952208848846,TRUE,TRUE,TRUE,"1"
"1210","5","$1,831,369","unlogpred","grosscon",8,1.0159,0.876091295692598,0.734693877551021,2.59440571239742,0.99929416084764,0.380707214358929,0.612038566763208,0.0186031997199776,0.028811286650855,0.0102080869308774,1.54872748153723,TRUE,FALSE,TRUE,"1"
"1210","6","$2,280,000","unlogpred","grosscon",10,1.0162,0.275919744339597,0.127860422405877,4.62652800659426,1.00015795524691,0.459471330567298,0.732635710041646,0.0245682255393231,0.0182558905265664,-0.0063123350127567,0.743069152362942,TRUE,FALSE,TRUE,"1"
"1210","7","$2,497,823","unlogpred","grosscon",11,1.0405,0.343863960367243,0.37826899128269,7.24284060953768,1.00011886870322,0.399550075776432,0.658474922443707,0.037692914000398,0.0340931570652155,-0.00359975693518244,0.904497780799212,TRUE,TRUE,TRUE,"1"
"1210","8","$3,195,709","unlogpred","grosscon",9,1.0118,0.768911523010366,0.579901960784314,3.08582087499103,1.00023144304303,0.0649569976082351,0.815112054465955,0.0444352718054668,0.04260579962203,-0.00182947218343681,0.958828378693259,TRUE,FALSE,TRUE,"1"
"1210","9","$4,304,329","unlogpred","grosscon",6,0.9847,0.3490227022822,0.29469387755102,6.33287987477207,1.0024335858844,0.0570040653587538,0.749499781162694,0.0465453445670369,0.031781135940501,-0.0147642086265359,0.68279945580225,TRUE,TRUE,TRUE,"1"
"1210","10","$9,989,005","unlogpred","grosscon",6,0.9026,0.940040622718927,0.658823529411765,10.6393337171174,0.984900436223117,0.177547248673922,0.750255361995019,0.127816701885608,0.159958327432658,0.0321416255470497,1.25146655384533,TRUE,TRUE,TRUE,"1"
"1220","1","$710,000","unlogpred","grosscon",30,1.0088,0.486065042001494,0.497586330765934,6.68396563909056,1.00146230558263,0.180709481474042,0.81539961820857,0.0567290266300598,0.049129510093789,-0.0075995165362708,0.866038305472283,TRUE,TRUE,TRUE,"1"
"1220","2","$833,400","unlogpred","grosscon",35,1.0145,0.186219414129793,0.29567417697416,5.20134621765066,1.00104207559137,0.416756442168191,0.728999358631274,0.0307923134798622,0.0200977409795684,-0.0106945725002938,0.652686943860585,TRUE,TRUE,TRUE,"1"
"1220","3","$1,087,600","unlogpred","grosscon",25,1.0197,0.337640648653009,0.324397973993661,7.07333769662394,1.00004787701121,0.466693878328382,0.604825479012953,0.0345969470906472,0.0344133643014908,-0.000183582789156422,0.994693670841088,TRUE,TRUE,TRUE,"1"
"1220","4","$1,304,800","unlogpred","grosscon",36,0.9921,0.334890735951898,0.266097823384385,6.89412267540099,0.999818038829485,0.49915431377759,0.5281672205777,0.0329198051125478,0.0330478002900369,0.00012799517748914,1.00388809037756,TRUE,TRUE,TRUE,"1"
"1220","5","$1,530,000","unlogpred","grosscon",38,0.9902,0.450188855946699,0.465062704844156,6.61370231673004,0.999050340497233,0.521794871973585,0.487144587484722,0.0313277808986758,0.0408033741044207,0.00947559320574486,1.30246614774254,TRUE,TRUE,TRUE,"1"
"1220","6","$1,875,000","unlogpred","grosscon",29,1.0393,0.0663933570872315,0.110509274463297,9.1196384418024,1.00208070481917,0.569897555093411,0.406271618579335,0.0352509747777262,0.0253750907933293,-0.00987588398439697,0.719840825773784,TRUE,TRUE,TRUE,"1"
"1220","7","$2,217,264","unlogpred","grosscon",47,1.0255,0.344902610241651,0.366581221771229,7.96148229577762,0.999615596482019,0.520033859863164,0.542282181885517,0.0351697361532919,0.0396064865401811,0.00443675038688923,1.12615250701771,TRUE,TRUE,TRUE,"1"
"1220","8","$2,719,673","unlogpred","grosscon",35,0.9746,0.557814197272016,0.562158644099186,5.35867640836438,0.999343178411505,0.350117903005172,0.661441352374524,0.0361555062205927,0.0424065127668229,0.00625100654623013,1.17289224241783,TRUE,TRUE,TRUE,"1"
"1220","9","$3,801,376","unlogpred","grosscon",29,0.9733,0.674332635945204,0.632765907832221,6.7129837495802,0.998869887015446,0.230070442471316,0.667229646315485,0.0556929805719105,0.064123283077717,0.00843030250580657,1.15137100617054,TRUE,TRUE,TRUE,"1"
"1220","10","$12,728,000","unlogpred","grosscon",11,0.9585,0.886492777122417,0.730247933884298,7.33591840487296,1.01480339898089,-0.0759820978993132,1.02462981920565,0.139348137280599,0.118113072147424,-0.0212350651331751,0.847611417363871,TRUE,TRUE,TRUE,"1"
"1230","1","$1,605,840","unlogpred","grosscon",1,NA,NA,NA,NA,NA,NA,NA,NA,NA,NA,NA,NA,NA,NA,"1"
"1230","2","$1,820,000","unlogpred","grosscon",1,NA,NA,NA,NA,NA,NA,NA,NA,NA,NA,NA,NA,NA,NA,"1"
"1230","3","$2,103,444","unlogpred","grosscon",2,NA,NA,NA,NA,NA,NA,NA,NA,NA,NA,NA,NA,NA,NA,"1"
"1230","4","$2,521,840","unlogpred","grosscon",3,NA,NA,NA,NA,NA,NA,NA,NA,NA,NA,NA,NA,NA,NA,"1"
"1230","5","$2,900,000","unlogpred","grosscon",4,NA,NA,NA,NA,NA,NA,NA,NA,NA,NA,NA,NA,NA,NA,"1"
"1230","6","$3,379,200","unlogpred","grosscon",19,1.033,0.524618292690062,0.501523586744639,6.1025722646701,0.998638260218824,0.511054566392865,0.520489807024667,0.0313379332028387,0.0468171496374088,0.0154792164345702,1.49394503250674,TRUE,TRUE,TRUE,"1"
"1230","7","$4,154,000","unlogpred","grosscon",17,1.0523,0.610061202678206,0.621690424636112,4.56891358316146,1.00127283961213,0.032966993605307,1.022260562067,0.0471643865175278,0.0380650530653469,-0.00909933345218092,0.807071942962742,TRUE,FALSE,TRUE,"1"
"1230","8","$5,172,200","unlogpred","grosscon",23,0.9954,0.641068865065708,0.704023025035546,4.8633661407025,0.999149286767606,0.273834806153443,0.716121593829702,0.0424964748096591,0.0513287342818216,0.00883225947216243,1.20783510895249,TRUE,FALSE,TRUE,"1"
"1230","9","$6,952,000","unlogpred","grosscon",24,0.9921,0.400162373295693,0.360941586748038,6.5097004226745,1.00209313367753,0.161316492966343,0.682036349665307,0.0565956102049641,0.0417617441876662,-0.0148338660172979,0.737897233308798,TRUE,TRUE,TRUE,"1"
"1230","10","$13,950,000","unlogpred","grosscon",29,0.9983,0.749909721046087,0.819963936106023,6.6879405467558,1.0134481028722,-0.0416628781008438,0.938362367536086,0.139123257468066,0.112152810475002,-0.0269704469930636,0.806139911587002,TRUE,TRUE,TRUE,"1"
"1240","1","$835,000","unlogpred","grosscon",2,NA,NA,NA,NA,NA,NA,NA,NA,NA,NA,NA,NA,NA,NA,"1"
"1240","2","$1,252,000","unlogpred","grosscon",3,NA,NA,NA,NA,NA,NA,NA,NA,NA,NA,NA,NA,NA,NA,"1"
"1240","5","$2,200,000","unlogpred","grosscon",3,NA,NA,NA,NA,NA,NA,NA,NA,NA,NA,NA,NA,NA,NA,"1"
"1240","6","$2,454,999","unlogpred","grosscon",2,NA,NA,NA,NA,NA,NA,NA,NA,NA,NA,NA,NA,NA,NA,"1"
"1240","7","$2,815,000","unlogpred","grosscon",5,0.9905,0.683950490423618,0.49,1.29401241945847,0.999988943786596,0.162753816440644,0.988916726161973,0.0114441416893733,0.0105620267728515,-0.000882114916521813,0.92291995848488,TRUE,FALSE,TRUE,"1"
"1240","8","$3,541,000","unlogpred","grosscon",4,NA,NA,NA,NA,NA,NA,NA,NA,NA,NA,NA,NA,NA,NA,"1"
"1240","9","$4,432,000","unlogpred","grosscon",4,NA,NA,NA,NA,NA,NA,NA,NA,NA,NA,NA,NA,NA,NA,"1"
"1240","10","$5,255,000","unlogpred","grosscon",2,NA,NA,NA,NA,NA,NA,NA,NA,NA,NA,NA,NA,NA,NA,"1"
"1250","1","$650,000","unlogpred","grosscon",30,1.0422,0.639558490418948,0.513526254140947,6.53282619191091,1.00129088081503,0.0954734133221628,0.867208670061842,0.0636412331575436,0.0545587810901563,-0.00908245206738722,0.85728667379993,TRUE,TRUE,TRUE,"1"
"1250","2","$967,000","unlogpred","grosscon",11,1.0434,0.404211914447807,0.298879202988792,5.02979665886138,1.00021230813416,0.323235048419684,0.623050258166189,0.0319777471105744,0.0328697052146516,0.000891958104077162,1.02789308768354,TRUE,TRUE,TRUE,"1"
"1250","3","$1,240,000","unlogpred","grosscon",18,1.0306,0.271226682592983,0.20359342083941,8.04650457777226,0.999826657827651,0.600321044066355,0.487979346789413,0.0333122721198394,0.035846352545917,0.00253408042607756,1.07607047687895,TRUE,TRUE,TRUE,"1"
"1250","4","$1,800,000","unlogpred","grosscon",21,0.9774,0.167920281713627,0.189455036488935,6.98375312748488,1.00022408603403,0.702995116801596,0.490633827756734,0.0274700258190345,0.0271797947956602,-0.000290231023374332,0.989434628664483,TRUE,TRUE,TRUE,"1"
"1250","5","$2,400,000","unlogpred","grosscon",10,0.9732,0.356935474633044,0.333518107908352,9.33544072412015,0.998166385062015,0.712300016770993,0.406950680331533,0.0332347377472056,0.0429247507596582,0.00969001301245261,1.29156279451212,TRUE,TRUE,TRUE,"1"
"1250","6","$3,175,000","unlogpred","grosscon",18,0.9908,0.501474039412705,0.527561887388718,5.62330700037421,0.999322725727574,0.384259071952364,0.704684244503693,0.03525387201962,0.04149421799524,0.00624034597561993,1.17701164774601,TRUE,TRUE,TRUE,"1"
"1250","7","$4,076,500","unlogpred","grosscon",19,1.0161,0.565513730323365,0.536148367403571,7.15554062225705,0.998461564109925,0.415915478420558,0.521857398826716,0.0406078991364186,0.0529442192031527,0.012336320066734,1.30379114234133,TRUE,TRUE,TRUE,"1"
"1250","8","$4,900,000","unlogpred","grosscon",24,0.9991,0.0797218787359556,0.121959839966628,10.1450583837719,1.00239377245383,0.68722643664906,0.555153381144228,0.0402895837048485,0.0233964473126306,-0.0168931363922179,0.580707099979667,TRUE,TRUE,TRUE,"1"
"1250","9","$6,650,000","unlogpred","grosscon",42,1.0013,0.479837327355131,0.456816096152255,7.45460849149419,1.00161030153511,0.181303049335527,0.862258741957696,0.0618493769416402,0.0507317226180272,-0.011117654323613,0.820246300393561,TRUE,TRUE,TRUE,"1"
"1250","10","$14,995,000","unlogpred","grosscon",58,0.9795,0.881586629164944,0.842394402495076,7.75937785994884,1.00811002122119,-0.000997992440216748,1.00429621782571,0.17623109087301,0.161061054825168,-0.0151700360478425,0.913919638284633,TRUE,TRUE,TRUE,"1"
"1270","1","$631,250","unlogpred","grosscon",45,1.033,0.57263590729004,0.554422325568948,6.80044125162468,1.00212723787193,0.0800035630416675,0.874821843464372,0.0634281463806791,0.053142945928695,-0.0102852004519842,0.8378448521851,TRUE,TRUE,TRUE,"1"
"1270","2","$813,000","unlogpred","grosscon",39,1.012,0.346598619718591,0.398851888859787,6.83888126157563,0.9996628301654,0.516501326673822,0.588593563906716,0.0352555729710902,0.0388017525687627,0.00354617959767249,1.10058493732552,TRUE,TRUE,TRUE,"1"
"1270","3","$974,750","unlogpred","grosscon",40,1.0278,0.172351497648386,0.250681490293686,6.92519250411674,1.0002991724369,0.67580017615304,0.52298858399396,0.0295528164640682,0.0258936133229174,-0.00365920314115087,0.876180899861104,TRUE,TRUE,TRUE,"1"
"1270","4","$1,234,000","unlogpred","grosscon",29,1.0057,0.187847380219685,0.229132875323853,5.41445469062684,1.00199518675131,0.0969391223712376,1.09419326166723,0.035147479187201,0.0178607391480193,-0.0172867400391817,0.508165580037481,TRUE,TRUE,TRUE,"1"
"1270","5","$1,590,000","unlogpred","grosscon",27,0.9391,0.00844198911472203,0.0251322439110104,9.16611591574497,1.00148908194836,0.982612213171419,0.557511743122721,0.0251820677352592,0.00465566313182924,-0.02052640460343,0.184880097249143,TRUE,TRUE,TRUE,"1"
"1270","6","$1,833,000","unlogpred","grosscon",56,0.9886,0.400515839113655,0.397531090035435,6.03678043138213,0.99950041327245,0.505150277814868,0.550971825729132,0.0313416407184802,0.0364799331347318,0.00513829241625161,1.16394458932145,TRUE,TRUE,TRUE,"1"
"1270","7","$2,251,200","unlogpred","grosscon",27,1.0007,0.40536133888125,0.443223816276062,8.11471658694686,0.997875162056498,0.603583524625276,0.520673829662256,0.0413003937406861,0.0594979463382496,0.0181975525975635,1.44061450628827,TRUE,TRUE,TRUE,"1"
"1270","8","$2,972,759","unlogpred","grosscon",33,0.9971,0.417939405062338,0.480164514890468,7.45860729617358,0.998557752533664,0.574658052807449,0.511477395239362,0.0366248653416161,0.0500363059629644,0.0134114406213483,1.36618402542245,TRUE,TRUE,TRUE,"1"
"1270","9","$4,692,589","unlogpred","grosscon",32,0.9958,0.655513861983023,0.65410649382183,6.1674251190262,1.00122517577826,0.090860756524818,0.95767006412808,0.0674633661399198,0.0602088238640637,-0.00725454227585609,0.892466938859676,TRUE,TRUE,TRUE,"1"
"1270","10","$14,159,212","unlogpred","grosscon",36,0.9708,0.93990745688156,0.843881389669643,6.94439628885923,0.991754718024278,0.0813974439158893,0.948403256506153,0.18397335990622,0.196516415423543,0.0125430555173233,1.06817865110317,TRUE,TRUE,TRUE,"1"
"1271","1","$646,550","unlogpred","grosscon",48,1.021,0.655879028209408,0.61244336604901,5.7173553385652,0.998818031404857,0.243984958352666,0.781956970579351,0.0538201567294121,0.0602536975001334,0.0064335407707213,1.11953775614342,TRUE,TRUE,TRUE,"1"
"1271","2","$804,000","unlogpred","grosscon",51,1.04,0.167665782281877,0.127208191817258,6.53128058694704,1.0010089697111,0.460466057722595,0.562771210428474,0.0318129034447368,0.0208085159165599,-0.0110043875281769,0.654090437004816,TRUE,TRUE,TRUE,"1"
"1271","3","$914,450","unlogpred","grosscon",32,1.0107,0.207349952983473,0.327292097917557,5.75153735680559,1.00046149806599,0.533821842198065,0.646366590073759,0.0301174828366939,0.0259823033553814,-0.00413517948131248,0.862698370121611,TRUE,TRUE,TRUE,"1"
"1271","4","$1,244,000","unlogpred","grosscon",32,1.0292,0.0282804986438825,0.00558823616726932,8.38027042165529,1.00186605072017,0.68366526568966,0.498674514620931,0.0299710887172095,0.00957177542598542,-0.0203993132912241,0.31936695781389,TRUE,TRUE,TRUE,"1"
"1271","5","$1,597,500","unlogpred","grosscon",22,0.9716,0.0986990089801122,0.0442593209504173,6.46245348887087,1.00051874284732,0.684869981383735,0.633053124603241,0.0219921734182878,0.0101374925653884,-0.0118546808528995,0.460959104522085,TRUE,TRUE,TRUE,"1"
"1271","6","$2,116,401","unlogpred","grosscon",25,0.9567,0.422241458238614,0.387022940408357,7.563740542776,0.999039531904085,0.49501885972505,0.51619887014985,0.0370222068806811,0.0429030518979067,0.00588084501722562,1.15884641983064,TRUE,TRUE,TRUE,"1"
"1271","7","$2,825,000","unlogpred","grosscon",32,0.9877,0.43594886756262,0.449596336680154,6.77260073876519,0.999571451868307,0.41189047831727,0.675379936084705,0.043524340472257,0.0443912918889557,0.000866951416698791,1.01991877205472,TRUE,TRUE,TRUE,"1"
"1271","8","$3,730,000","unlogpred","grosscon",41,1.0212,0.297777442474577,0.35193144101196,7.53741876526467,1.00056704851766,0.429296107007019,0.643588946148545,0.0429455421966196,0.0420767623813869,-0.000868779815232715,0.979770198004367,TRUE,TRUE,TRUE,"1"
"1271","9","$5,388,047","unlogpred","grosscon",42,0.9933,0.798455193091368,0.766148200636665,6.99961750116913,0.99462037451268,0.295598424886823,0.700860571082616,0.0709240192414893,0.0952683720277114,0.0243443527862221,1.34324553298837,TRUE,TRUE,TRUE,"1"
"1271","10","$14,250,000","unlogpred","grosscon",53,0.9791,0.952846775127253,0.918014839047482,5.19604140572304,1.00028077062619,0.0212316425201889,0.968100510569627,0.178103883942037,0.178731796399933,0.000627912457895868,1.00352554051039,TRUE,TRUE,TRUE,"1"
"1272","1","$761,000","unlogpred","grosscon",2,NA,NA,NA,NA,NA,NA,NA,NA,NA,NA,NA,NA,NA,NA,"1"
"1272","2","$999,000","unlogpred","grosscon",1,NA,NA,NA,NA,NA,NA,NA,NA,NA,NA,NA,NA,NA,NA,"1"
"1272","3","$1,390,000","unlogpred","grosscon",1,NA,NA,NA,NA,NA,NA,NA,NA,NA,NA,NA,NA,NA,NA,"1"
"1272","4","$1,600,000","unlogpred","grosscon",1,NA,NA,NA,NA,NA,NA,NA,NA,NA,NA,NA,NA,NA,NA,"1"
"1272","5","$1,662,500","unlogpred","grosscon",1,NA,NA,NA,NA,NA,NA,NA,NA,NA,NA,NA,NA,NA,NA,"1"
"1272","6","$2,050,000","unlogpred","grosscon",3,NA,NA,NA,NA,NA,NA,NA,NA,NA,NA,NA,NA,NA,NA,"1"
"1272","7","$2,546,500","unlogpred","grosscon",1,NA,NA,NA,NA,NA,NA,NA,NA,NA,NA,NA,NA,NA,NA,"1"
"1272","8","$2,625,000","unlogpred","grosscon",4,NA,NA,NA,NA,NA,NA,NA,NA,NA,NA,NA,NA,NA,NA,"1"
"1272","9","$3,492,500","unlogpred","grosscon",1,NA,NA,NA,NA,NA,NA,NA,NA,NA,NA,NA,NA,NA,NA,"1"
"1272","10","$6,850,000","unlogpred","grosscon",1,NA,NA,NA,NA,NA,NA,NA,NA,NA,NA,NA,NA,NA,NA,"1"
"1280","1","$940,000","unlogpred","grosscon",12,1.0878,0.134742403260537,0.137366130373123,10.8541438399508,1.0038344981149,0.422963531036412,0.55004674702579,0.051929305731587,0.0350292024496128,-0.0169001032819742,0.674555570426308,TRUE,TRUE,TRUE,"1"
"1280","2","$1,150,000","unlogpred","grosscon",18,1.0424,0.363558870738071,0.346378220709772,8.46288878189584,0.999065536470244,0.595838418463984,0.466634135729877,0.0338472063128421,0.0428540717114302,0.00900686539858814,1.26610365757634,TRUE,TRUE,TRUE,"1"
"1280","3","$1,375,000","unlogpred","grosscon",47,1.0092,0.384980921702292,0.334172416639243,6.96281381580782,0.99916902490251,0.589716518948799,0.475782069190022,0.0302609018861768,0.0384726724290379,0.00821177054286104,1.27136569074341,TRUE,TRUE,TRUE,"1"
"1280","4","$1,690,500","unlogpred","grosscon",47,1.0343,0.245918559285183,0.301928004853499,7.71721245142245,0.999866885451291,0.622792092944853,0.597399400938166,0.034711357554617,0.0375231787553453,0.00281182120072831,1.08100579749161,TRUE,TRUE,TRUE,"1"
"1280","5","$2,000,000","unlogpred","grosscon",35,0.9897,0.166698567268017,0.22126885426475,7.55913495709856,1.00062064867375,0.614684152580781,0.595932155053063,0.033013686861353,0.0276504868141966,-0.00536320004715642,0.837546164726159,TRUE,TRUE,TRUE,"1"
"1280","6","$2,515,000","unlogpred","grosscon",57,0.9862,0.195774612084866,0.223120129781314,9.31697515963675,1.0001128671088,0.681600709597607,0.509927398577775,0.0372703193159216,0.0342342120208478,-0.00303610729507385,0.918538200079846,TRUE,TRUE,TRUE,"1"
"1280","7","$3,550,000","unlogpred","grosscon",46,1.0164,0.0609170922359259,0.141697361891007,9.30063191941962,1.00221136052952,0.717957637943602,0.65280340355524,0.0376761537945041,0.018199285875092,-0.0194768679194121,0.483045216726628,TRUE,TRUE,TRUE,"1"
"1280","8","$4,675,000","unlogpred","grosscon",42,0.9807,0.165827870289882,0.284456404217228,9.40714096565918,1.00214251080478,0.503724842717026,0.661360881849321,0.0494692941407747,0.0355084178161689,-0.0139608763246058,0.717787031994486,TRUE,TRUE,TRUE,"1"
"1280","9","$6,929,112","unlogpred","grosscon",59,0.9762,0.442673511235546,0.589704782806004,7.28982401929013,1.00047398033694,0.303070875055844,0.824787979458199,0.0624101110129474,0.0601980672350081,-0.00221204377793927,0.964556323614288,TRUE,TRUE,TRUE,"1"
"1280","10","$14,500,000","unlogpred","grosscon",88,0.9868,0.824174114306634,0.816746405541998,6.99937718393134,1.01169572084924,-0.0470931470019082,1.07859720839163,0.164941507668232,0.142091975252981,-0.0228495324152501,0.861468876219985,TRUE,TRUE,TRUE,"1"
"1281","1","$705,975","unlogpred","grosscon",21,1.0889,0.61508842401986,0.618769567015181,6.43725793669437,1.00020422768542,0.14779869017055,0.791214423829326,0.0621172644455531,0.0658275124751687,0.0037102480296156,1.05972973959386,TRUE,TRUE,TRUE,"1"
"1281","2","$849,000","unlogpred","grosscon",24,1.0159,0.247178113731765,0.245236327829117,7.82742113640094,0.999959473978449,0.62121082973161,0.502197458577329,0.0308960933566092,0.0307391818506548,-0.000156911505954462,0.994921315645206,TRUE,TRUE,TRUE,"1"
"1281","3","$1,002,000","unlogpred","grosscon",18,1.0137,0.357945454934603,0.318967063247885,7.78217794866024,0.998864688318325,0.777312927273263,0.283584931373901,0.0235074736440255,0.0417031974573635,0.018195723813338,1.77403995379837,TRUE,TRUE,TRUE,"1"
"1281","4","$1,281,185","unlogpred","grosscon",23,1.0581,0.25620518482588,0.219896032396032,6.98499935148693,1.00086308732058,0.40712672296262,0.614028125100861,0.0356217197225683,0.0293889774761391,-0.00623274224642918,0.825029720772285,TRUE,TRUE,TRUE,"1"
"1281","5","$1,562,500","unlogpred","grosscon",17,0.9982,0.133172672293838,0.175710512318368,5.27897210804546,1.00109346840035,0.366171563604579,0.690147768448318,0.0268667356342768,0.016029591359058,-0.0108371442752188,0.596633382531494,TRUE,TRUE,TRUE,"1"
"1281","6","$1,920,000","unlogpred","grosscon",21,0.972,0.114611141899555,0.0905664602151264,6.85954269666335,1.00172738797568,0.426679479065291,0.854850373180972,0.0327544925412695,0.0169377382452137,-0.0158167542960558,0.517111911407962,TRUE,TRUE,TRUE,"1"
"1281","7","$2,560,000","unlogpred","grosscon",17,0.9672,0.0362066853223081,0.0224632956630928,6.89660975505794,1.0026463754649,0.393976468317154,0.58060575078483,0.0318074272895181,0.00758980922344175,-0.0242176180660764,0.238617513901947,TRUE,TRUE,TRUE,"1"
"1281","8","$3,200,000","unlogpred","grosscon",24,1.0107,0.317600457968991,0.147980608998637,7.35736984452712,1.00039930656768,0.403240994546584,0.565240449144298,0.0404987807919605,0.0341548800147748,-0.00634390077718564,0.84335575903448,TRUE,TRUE,TRUE,"1"
"1281","9","$4,106,250","unlogpred","grosscon",26,0.989,0.7379569790008,0.755963119072708,3.7389864524473,1.0007539297584,0.0593192716243408,0.864329239589457,0.0547763788332399,0.0503652792233351,-0.00441109960990483,0.919470769994966,TRUE,FALSE,TRUE,"1"
"1281","10","$8,900,000","unlogpred","grosscon",15,0.9782,0.881694396014099,0.680625,4.60587534566316,1.00602253197912,-0.0869168685778622,1.10112520996332,0.0954669576780795,0.0785364075029115,-0.016930550175168,0.822655392117356,TRUE,FALSE,TRUE,"1"
"1282","1","$701,550","unlogpred","grosscon",5,1.109,0.449055474625059,0.25,8.3288649742923,1.00440077924009,-0.0147391761965797,1.01754404606492,0.0623770915991029,0.0374988007948872,-0.0248782908042157,0.601163020486619,FALSE,TRUE,TRUE,"1"
"1282","2","$1,138,274","unlogpred","grosscon",3,NA,NA,NA,NA,NA,NA,NA,NA,NA,NA,NA,NA,NA,NA,"1"
"1282","3","$1,279,159","unlogpred","grosscon",1,NA,NA,NA,NA,NA,NA,NA,NA,NA,NA,NA,NA,NA,NA,"1"
"1282","4","$1,395,000","unlogpred","grosscon",8,0.9955,0.177506402354545,0.137837062535858,6.09570259509112,1.00006621619828,0.69026923170723,0.8869090448159,0.0233297886396129,0.00979894494064659,-0.0135308436989663,0.420018590481718,TRUE,TRUE,TRUE,"1"
"1282","5","$1,577,500","unlogpred","grosscon",7,0.9963,0.350437457538538,0.0636363636363636,5.87021137746673,1.00004372056499,0.426134302767513,0.49252969427666,0.0277227722772277,0.0278177765252836,0.000095004248055832,1.00342693894773,TRUE,TRUE,TRUE,"1"
"1282","6","$1,810,999","unlogpred","grosscon",6,0.9905,0.414726330962809,0.431836734693878,7.91630331849374,0.999479449370841,0.449528794223525,0.410650663251784,0.0349631966351209,0.0389115408595517,0.00394834422443072,1.11292858217845,TRUE,TRUE,TRUE,"1"
"1282","7","$2,245,000","unlogpred","grosscon",7,0.9811,0.0806414624272254,0.326530612244898,7.78157397699099,1.003543727941,0.141496227228631,0.728744600871541,0.0399236996727253,0.020990716004313,-0.0189329836684123,0.525770812233949,TRUE,TRUE,TRUE,"1"
"1282","8","$2,550,000","unlogpred","grosscon",6,0.9572,0.958042237910215,0.658823529411765,5.27109811509173,0.995753354887124,0.370534041278755,0.59968694834731,0.0421674527105838,0.0701795820280452,0.0280121293174614,1.66430688876852,TRUE,TRUE,TRUE,"1"
"1282","9","$3,158,500","unlogpred","grosscon",5,0.9501,0.887831385222078,0.444736842105263,2.65706673998343,1.00068832555714,0.0112369211347851,0.709373153473508,0.0468576314664386,0.0509230767186942,0.00406544525225563,1.08676164639622,TRUE,FALSE,TRUE,"1"
"1290","1","$486,000","unlogpred","grosscon",10,1.0071,0.732625185532433,0.630339761248852,5.11679771496014,1.00416750663646,-0.117483894774824,1.0722418004729,0.0667743062562582,0.0462371226607434,-0.0205371835955148,0.692438832435043,TRUE,TRUE,TRUE,"1"
"1290","2","$500,000","unlogpred","grosscon",1,NA,NA,NA,NA,NA,NA,NA,NA,NA,NA,NA,NA,NA,NA,"1"
"1291","1","$558,000","unlogpred","grosscon",2,NA,NA,NA,NA,NA,NA,NA,NA,NA,NA,NA,NA,NA,NA,"1"
"1291","3","$700,000","unlogpred","grosscon",3,NA,NA,NA,NA,NA,NA,NA,NA,NA,NA,NA,NA,NA,NA,"1"
"2060","1","$159,000","unlogpred","grosscon",2,NA,NA,NA,NA,NA,NA,NA,NA,NA,NA,NA,NA,NA,NA,"2"
"2060","3","$209,000","unlogpred","grosscon",1,NA,NA,NA,NA,NA,NA,NA,NA,NA,NA,NA,NA,NA,NA,"2"
"2060","5","$285,750","unlogpred","grosscon",2,NA,NA,NA,NA,NA,NA,NA,NA,NA,NA,NA,NA,NA,NA,"2"
"2060","8","$308,896","unlogpred","grosscon",4,NA,NA,NA,NA,NA,NA,NA,NA,NA,NA,NA,NA,NA,NA,"2"
"2060","9","$328,372","unlogpred","grosscon",5,0.8451,0.782695216890681,0.760526315789474,3.9858837447915,0.998943244548219,0.282297298060704,0.739087596779282,0.03268381527407,0.0456032283278276,0.0129194130537575,1.39528472870813,FALSE,FALSE,TRUE,"2"
"2130","8","$354,564","unlogpred","grosscon",1,NA,NA,NA,NA,NA,NA,NA,NA,NA,NA,NA,NA,NA,NA,"2"
"2130","9","$366,282","unlogpred","grosscon",1,NA,NA,NA,NA,NA,NA,NA,NA,NA,NA,NA,NA,NA,NA,"2"
"2130","10","$378,000","unlogpred","grosscon",1,NA,NA,NA,NA,NA,NA,NA,NA,NA,NA,NA,NA,NA,NA,"2"
"2150","10","$525,000","unlogpred","grosscon",1,NA,NA,NA,NA,NA,NA,NA,NA,NA,NA,NA,NA,NA,NA,"2"
"2190","3","$565,500","unlogpred","grosscon",1,NA,NA,NA,NA,NA,NA,NA,NA,NA,NA,NA,NA,NA,NA,"2"
"2190","10","$675,000","unlogpred","grosscon",8,0.9723,0.68785900132793,0.383219954648526,5.8735266460833,1.00488125415795,-0.209313929025266,1.30518835463262,0.0584675311094844,0.0375961957898341,-0.0208713353196504,0.643026908720203,TRUE,TRUE,TRUE,"2"
"2220","7","$363,000","unlogpred","grosscon",1,NA,NA,NA,NA,NA,NA,NA,NA,NA,NA,NA,NA,NA,NA,"2"
"2220","8","$373,400","unlogpred","grosscon",2,NA,NA,NA,NA,NA,NA,NA,NA,NA,NA,NA,NA,NA,NA,"2"
"2220","9","$392,299","unlogpred","grosscon",5,0.9864,0.734608671254208,0.81,3.76201263027766,1.00070042211344,0.032745225520587,1.08482514522443,0.0461815995189417,0.0408769848357466,-0.00530461468319512,0.885135752367793,TRUE,FALSE,TRUE,"2"
"2220","10","$440,000","unlogpred","grosscon",2,NA,NA,NA,NA,NA,NA,NA,NA,NA,NA,NA,NA,NA,NA,"2"
"2230","10","$855,000","unlogpred","grosscon",1,NA,NA,NA,NA,NA,NA,NA,NA,NA,NA,NA,NA,NA,NA,"2"
"2250","1","$160,000","unlogpred","grosscon",35,1.1074,0.111711814249238,0.172669598034848,11.6241384421138,1.00193884597322,0.659485924356891,0.353892662587197,0.0389115804066799,0.028921866583257,-0.00998971382342282,0.743271444669775,FALSE,TRUE,TRUE,"2"
"2250","2","$175,000","unlogpred","grosscon",37,1.0076,0.004011476395696,0.00225084859540224,9.24327750692784,1.00054687626333,1.41196980813071,0.129957602649547,0.0108389750767584,-0.0116054721278264,-0.0224444472045848,-1.07071674633809,TRUE,TRUE,TRUE,"2"
"2250","3","$180,000","unlogpred","grosscon",37,1.0122,0.00517952746589072,0.00940853078282569,7.53082244627917,1.00017093760178,1.27047247361704,0.160286320262863,0.00901235883016208,0.00178450128925098,-0.0072278575409111,0.198006018499697,TRUE,TRUE,TRUE,"2"
"2250","4","$190,000","unlogpred","grosscon",39,0.9914,0.126802139010322,0.132198984885057,6.08841614422685,0.999773150824175,1.09433091563579,0.254612256724536,0.0111985538875295,0.018590388348943,0.00739183446141348,1.66007044620689,TRUE,TRUE,TRUE,"2"
"2250","5","$200,000","unlogpred","grosscon",35,0.9874,0.0735763256062401,0.0602693421970751,6.83322345635934,1.00155918101221,1.24550411084009,0.679170427064722,0.0163242609895838,-0.01330361761807,-0.0296278786076538,-0.814959870254386,TRUE,TRUE,TRUE,"2"
"2250","6","$218,800","unlogpred","grosscon",38,0.9299,0.0739026071482608,0.0690060417337931,8.0759841546562,1.00042534479068,0.900997431088828,0.364039819610189,0.021959545234865,0.0159754843718119,-0.00598406086305303,0.727496138965929,TRUE,TRUE,TRUE,"2"
"2250","7","$240,000","unlogpred","grosscon",37,0.9346,0.0149754436105442,0.00595028041521513,7.76184931532165,1.00044712691094,1.0809895973005,0.210084720008752,0.0156363584935014,0.00744377488509742,-0.00819258360840401,0.476055527135113,TRUE,TRUE,TRUE,"2"
"2250","8","$260,000","unlogpred","grosscon",26,0.8965,0.0207696543048526,0.0301653693803496,7.8589423854262,1.00030348150143,1.1007215106484,0.223610377244265,0.0149353829121335,0.00387499540948651,-0.011060387502647,0.259450690503454,FALSE,TRUE,TRUE,"2"
"2250","9","$277,700","unlogpred","grosscon",18,0.7963,0.102065275724234,0.0318025455796354,9.12701612356938,1.00064242977901,0.801005639017341,0.391442840425499,0.029703265866619,0.021316387916989,-0.00838687794963001,0.717644585370145,FALSE,TRUE,TRUE,"2"
"2290","2","$194,000","unlogpred","grosscon",1,NA,NA,NA,NA,NA,NA,NA,NA,NA,NA,NA,NA,NA,NA,"2"
"2290","5","$272,500","unlogpred","grosscon",1,NA,NA,NA,NA,NA,NA,NA,NA,NA,NA,NA,NA,NA,NA,"2"
"2290","9","$342,000","unlogpred","grosscon",2,NA,NA,NA,NA,NA,NA,NA,NA,NA,NA,NA,NA,NA,NA,"2"
"2300","8","$861,000","unlogpred","grosscon",4,NA,NA,NA,NA,NA,NA,NA,NA,NA,NA,NA,NA,NA,NA,"2"
"2300","9","$999,000","unlogpred","grosscon",5,1.0274,0.334790454578746,0.128947368421053,7.59308864295877,0.998739928005707,0.89053992453361,0.265528290668437,0.0194244604316546,0.0287274139823495,0.00930295355069486,1.47892983094318,TRUE,TRUE,TRUE,"2"
"2300","10","$1,050,000","unlogpred","grosscon",22,0.9591,0.925914151321367,0.897676241717336,6.35926807403412,0.997360768809027,0.0427773832079135,0.942812401992378,0.14897347710674,0.15374766282731,0.00477418572057026,1.03204721950035,TRUE,TRUE,TRUE,"2"
"2310","8","$346,000","unlogpred","grosscon",1,NA,NA,NA,NA,NA,NA,NA,NA,NA,NA,NA,NA,NA,NA,"2"
"2310","9","$355,499","unlogpred","grosscon",1,NA,NA,NA,NA,NA,NA,NA,NA,NA,NA,NA,NA,NA,NA,"2"
"2330","9","$432,500","unlogpred","grosscon",1,NA,NA,NA,NA,NA,NA,NA,NA,NA,NA,NA,NA,NA,NA,"2"
"2330","10","$440,000","unlogpred","grosscon",3,NA,NA,NA,NA,NA,NA,NA,NA,NA,NA,NA,NA,NA,NA,"2"
"2370","1","$155,000","unlogpred","grosscon",2,NA,NA,NA,NA,NA,NA,NA,NA,NA,NA,NA,NA,NA,NA,"2"
"2370","2","$155,000","unlogpred","grosscon",1,NA,NA,NA,NA,NA,NA,NA,NA,NA,NA,NA,NA,NA,NA,"2"
"3010","1","$474,045","unlogpred","grosscon",2,NA,NA,NA,NA,NA,NA,NA,NA,NA,NA,NA,NA,NA,NA,"3"
"3010","2","$491,790","unlogpred","grosscon",1,NA,NA,NA,NA,NA,NA,NA,NA,NA,NA,NA,NA,NA,NA,"3"
"3010","3","$495,895","unlogpred","grosscon",2,NA,NA,NA,NA,NA,NA,NA,NA,NA,NA,NA,NA,NA,NA,"3"
"3010","4","$500,000","unlogpred","grosscon",1,NA,NA,NA,NA,NA,NA,NA,NA,NA,NA,NA,NA,NA,NA,"3"
"3020","2","$720,000","unlogpred","grosscon",2,NA,NA,NA,NA,NA,NA,NA,NA,NA,NA,NA,NA,NA,NA,"3"
"3020","4","$785,000","unlogpred","grosscon",6,0.9969,0.919115103207218,0.686530612244898,1.12088610532531,0.999906892099321,0.0598520929165518,0.928574636463984,0.024288960395719,0.0239161607657044,-0.000372799630014541,0.984651478534246,TRUE,FALSE,TRUE,"3"
"3020","5","$802,381","unlogpred","grosscon",1,NA,NA,NA,NA,NA,NA,NA,NA,NA,NA,NA,NA,NA,NA,"3"
"3020","6","$805,000","unlogpred","grosscon",2,NA,NA,NA,NA,NA,NA,NA,NA,NA,NA,NA,NA,NA,NA,"3"
"3030","1","$524,699","unlogpred","grosscon",11,1.0503,0.691057657680599,0.412457912457913,9.50226088177278,0.992658805504785,0.158106640164581,1.0678278657166,0.170976087964125,0.165256295415018,-0.00571979254910668,0.966546242710227,TRUE,TRUE,TRUE,"3"
"3030","2","$600,000","unlogpred","grosscon",30,1.0147,0.520674024543512,0.419295173532825,3.41263440337014,1.00065779716024,0.0715257596671126,0.943792825298361,0.0317283285753912,0.0235015422311572,-0.00822678634423397,0.740711638033944,TRUE,FALSE,TRUE,"3"
"3030","3","$647,794","unlogpred","grosscon",35,1.0089,0.367517649941083,0.317691322047211,3.30687493279369,1.00013000870785,0.331333091802586,0.723529476997677,0.0221065046336014,0.0202150192002197,-0.00189148543338169,0.914437607177994,TRUE,FALSE,TRUE,"3"
"3030","4","$710,000","unlogpred","grosscon",29,1.009,0.233655110077376,0.25545373202554,8.27305997583463,0.999378445955715,0.807081232651139,0.518656752989457,0.0300807753419324,0.0360537904402515,0.00597301509831907,1.19856586242951,TRUE,TRUE,TRUE,"3"
"3030","5","$789,526","unlogpred","grosscon",32,1.0176,0.020878302102866,0.0000436969567497232,7.02541857565712,1.0018016304214,1.21984649037288,0.611179636421934,0.0203973339827395,-0.00511898040870173,-0.0255163143914412,-0.250963209850537,TRUE,TRUE,TRUE,"3"
"3030","6","$884,625","unlogpred","grosscon",31,0.9722,0.160598035367986,0.241737828962402,8.11377872890455,0.999758270869202,0.859406218805085,0.321485976045275,0.0231914444656504,0.0322428333464946,0.00905138888084419,1.39029000087728,TRUE,TRUE,TRUE,"3"
"3030","7","$960,000","unlogpred","grosscon",16,0.9631,0.146009209208612,0.0526297577854671,4.84742338360185,1.00107919259186,0.278645661025894,0.622752676591126,0.0248805075455483,0.00974018790588893,-0.0151403196396593,0.391478666102681,TRUE,FALSE,TRUE,"3"
"3030","8","$999,999","unlogpred","grosscon",11,0.9481,0.0225101558135293,0.00206611570247934,7.87028533949003,1.00248315485715,0.577717364420832,0.585547378158954,0.0336183314048697,0.00866540219516907,-0.0249529292097006,0.257758247749139,TRUE,TRUE,TRUE,"3"
"3030","10","$2,341,975","unlogpred","grosscon",1,NA,NA,NA,NA,NA,NA,NA,NA,NA,NA,NA,NA,NA,NA,"3"
"3040","1","$430,000","unlogpred","grosscon",3,NA,NA,NA,NA,NA,NA,NA,NA,NA,NA,NA,NA,NA,NA,"3"
"3040","2","$493,600","unlogpred","grosscon",4,NA,NA,NA,NA,NA,NA,NA,NA,NA,NA,NA,NA,NA,NA,"3"
"3040","3","$556,400","unlogpred","grosscon",5,0.995,0.603900850781543,0.760526315789474,2.62155750804645,0.999458603772942,0.643865011241591,0.476075700522506,0.0130655125406417,0.0304320321528982,0.0173665196122565,2.32918778029075,TRUE,FALSE,TRUE,"3"
"3040","4","$563,800","unlogpred","grosscon",2,NA,NA,NA,NA,NA,NA,NA,NA,NA,NA,NA,NA,NA,NA,"3"
"3040","5","$610,950","unlogpred","grosscon",1,NA,NA,NA,NA,NA,NA,NA,NA,NA,NA,NA,NA,NA,NA,"3"
"3060","3","$1,070,000","unlogpred","grosscon",1,NA,NA,NA,NA,NA,NA,NA,NA,NA,NA,NA,NA,NA,NA,"3"
"3060","4","$1,208,000","unlogpred","grosscon",2,NA,NA,NA,NA,NA,NA,NA,NA,NA,NA,NA,NA,NA,NA,"3"
"3060","5","$1,399,000","unlogpred","grosscon",5,1.0265,0.705334631563196,0.318421052631579,3.10906340415812,0.999418242908924,0.385766764626294,0.616259464776925,0.0191011235955056,0.0223457853835077,0.00324466178800211,1.16986758772482,TRUE,FALSE,TRUE,"3"
"3060","6","$1,544,999","unlogpred","grosscon",8,1.0367,0.340501025907521,0.27768215720023,3.91916719144083,1.00009005976505,0.397765269081631,0.968066588860593,0.0219783560311284,0.0197699420177384,-0.00220841401339,0.899518689648026,TRUE,FALSE,TRUE,"3"
"3060","7","$1,738,400","unlogpred","grosscon",7,0.9932,0.0360936180236501,0,7.35384431509802,1.00188303896245,0.556987402911198,0.628284821148967,0.0291098771664142,0.00190173043139045,-0.0272081467350238,0.0653293870159158,TRUE,TRUE,TRUE,"3"
"3060","8","$1,766,169","unlogpred","grosscon",7,1.0012,0.069141336299148,0.154336734693877,3.39801499433644,1.00221099410904,-0.40484450661023,0.987953478633631,0.0291707143541259,0.00715842246945085,-0.0220122918846751,0.245397571775213,TRUE,FALSE,TRUE,"3"
"3060","9","$2,449,902","unlogpred","grosscon",10,0.9965,0.22517217151895,0.630339761248852,3.78281671807065,1.00169403386057,0.0136470375783113,1.23229012945073,0.02743136985743,0.0201786985198218,-0.00725267133760816,0.735606665824466,TRUE,FALSE,TRUE,"3"
"3060","10","$4,200,000","unlogpred","grosscon",7,1.0081,0.934772598141173,0.73469387755102,3.80320696974973,1.00012681956224,0.0325025265832501,0.982001565325047,0.104989409434845,0.103250574097844,-0.00173883533700117,0.983437992971279,TRUE,FALSE,TRUE,"3"
"3070","1","$404,800","unlogpred","grosscon",21,1.0063,0.753201665466787,0.623268961207843,6.01004423172827,1.00523292247182,-0.0665728686506247,1.05600270337623,0.0896645401770054,0.0737710708926769,-0.0158934692843285,0.822745209500283,TRUE,TRUE,TRUE,"3"
"3070","2","$484,000","unlogpred","grosscon",15,0.9929,0.49085718762161,0.414746543778802,3.78521360080899,1.00007581269034,0.29110449604961,0.747089959966484,0.0350142379756517,0.0314640009220606,-0.00355023705359112,0.898605902659944,TRUE,FALSE,TRUE,"3"
"3070","3","$545,000","unlogpred","grosscon",5,0.9711,0.0287010889694974,0.01,4.8975841158682,1.00017013255389,0.984157318555235,0.304251178883312,0.0103394679490124,0.00851346797687125,-0.00182599997214119,0.823395170704543,TRUE,FALSE,TRUE,"3"
"3070","4","$661,863","unlogpred","grosscon",5,0.9903,0.705247880347758,0.444736842105263,5.13231588283993,0.99834141586738,0.438266582938456,0.593230727744438,0.0287326797492421,0.035566572134374,0.00683389238513197,1.23784389220822,TRUE,TRUE,TRUE,"3"
"3070","5","$920,000","unlogpred","grosscon",20,1.0209,0.258305400376113,0.221504438807863,1.80739380028365,1.00003386891415,0.45611483090971,0.546511171845161,0.00834768591751427,0.00687772516492267,-0.0014699607525916,0.823907994728517,TRUE,FALSE,TRUE,"3"
"3070","6","$941,881","unlogpred","grosscon",20,1.0008,0.0230121563895548,0.00746140371226248,2.72783679246012,1.00001503533929,1.23210416695112,0.325876571257197,0.00409422901702374,0.0013088481478011,-0.00278538086922264,0.319681225050902,TRUE,FALSE,TRUE,"3"
"3070","7","$975,000","unlogpred","grosscon",3,NA,NA,NA,NA,NA,NA,NA,NA,NA,NA,NA,NA,NA,NA,"3"
"3070","8","$996,000","unlogpred","grosscon",4,NA,NA,NA,NA,NA,NA,NA,NA,NA,NA,NA,NA,NA,NA,"3"
"3070","9","$1,114,500","unlogpred","grosscon",3,NA,NA,NA,NA,NA,NA,NA,NA,NA,NA,NA,NA,NA,NA,"3"
"3080","1","$436,102","unlogpred","grosscon",4,NA,NA,NA,NA,NA,NA,NA,NA,NA,NA,NA,NA,NA,NA,"3"
"3080","2","$542,000","unlogpred","grosscon",3,NA,NA,NA,NA,NA,NA,NA,NA,NA,NA,NA,NA,NA,NA,"3"
"3080","3","$673,500","unlogpred","grosscon",5,1.0125,0.552897186779645,0.81,13.8452475507268,0.997689679395342,1.26136479340184,0.12467567598134,0.0117820324005891,0.0784097781861398,0.0666277457855507,6.65502992354864,TRUE,TRUE,TRUE,"3"
"3080","4","$709,000","unlogpred","grosscon",7,1.0112,0.404533672741824,0.5625,4.8225571671443,1.00001339480794,0.391769799475057,0.288113879401174,0.0244055993042568,0.033306427724267,0.00890082842001024,1.36470435776014,TRUE,FALSE,TRUE,"3"
"3080","5","$791,500","unlogpred","grosscon",5,0.9249,0.830236550831865,0.81,12.6153998125993,0.996135618996595,1.01530874495558,0.20583203057703,0.0179627601314348,0.0838888123073513,0.0659260521759165,4.67015156320805,TRUE,TRUE,TRUE,"3"
"3080","6","$818,076","unlogpred","grosscon",1,NA,NA,NA,NA,NA,NA,NA,NA,NA,NA,NA,NA,NA,NA,"3"
"3080","8","$984,000","unlogpred","grosscon",2,NA,NA,NA,NA,NA,NA,NA,NA,NA,NA,NA,NA,NA,NA,"3"
"3080","9","$1,482,500","unlogpred","grosscon",2,NA,NA,NA,NA,NA,NA,NA,NA,NA,NA,NA,NA,NA,NA,"3"
"3080","10","$2,200,000","unlogpred","grosscon",1,NA,NA,NA,NA,NA,NA,NA,NA,NA,NA,NA,NA,NA,NA,"3"
"3090","4","$2,360,000","unlogpred","grosscon",2,NA,NA,NA,NA,NA,NA,NA,NA,NA,NA,NA,NA,NA,NA,"3"
"3090","6","$2,992,999","unlogpred","grosscon",2,NA,NA,NA,NA,NA,NA,NA,NA,NA,NA,NA,NA,NA,NA,"3"
"3090","7","$3,525,000","unlogpred","grosscon",1,NA,NA,NA,NA,NA,NA,NA,NA,NA,NA,NA,NA,NA,NA,"3"
"3090","8","$3,990,000","unlogpred","grosscon",1,NA,NA,NA,NA,NA,NA,NA,NA,NA,NA,NA,NA,NA,NA,"3"
"3090","9","$4,200,000","unlogpred","grosscon",3,NA,NA,NA,NA,NA,NA,NA,NA,NA,NA,NA,NA,NA,NA,"3"
"3090","10","$4,300,000","unlogpred","grosscon",25,1.0067,0.924419690756253,0.86871809693197,5.05063025755206,1.00552889765917,-0.0485845319833621,1.06246103370652,0.136079503589873,0.12401851420695,-0.0120609893829226,0.911368067455089,TRUE,TRUE,TRUE,"3"
"3110","1","$493,200","unlogpred","grosscon",1,NA,NA,NA,NA,NA,NA,NA,NA,NA,NA,NA,NA,NA,NA,"3"
"3110","2","$496,400","unlogpred","grosscon",2,NA,NA,NA,NA,NA,NA,NA,NA,NA,NA,NA,NA,NA,NA,"3"
"3110","3","$512,444","unlogpred","grosscon",2,NA,NA,NA,NA,NA,NA,NA,NA,NA,NA,NA,NA,NA,NA,"3"
"3120","1","$494,600","unlogpred","grosscon",11,0.9938,0.81314234746235,0.8302200083022,3.76580441046515,1.00091195622508,0.00581924746386053,0.899808764393694,0.0609033860560943,0.0626593149841111,0.00175592892801678,1.02883138429117,TRUE,FALSE,TRUE,"3"
"3120","2","$540,000","unlogpred","grosscon",19,1.009,0.556845231997702,0.444445819619188,3.27981137945775,1.00075476686016,0.0327785365379631,1.03789944145447,0.0333127745569459,0.0257226532219817,-0.00759012133496421,0.772155834033295,TRUE,FALSE,TRUE,"3"
"3120","3","$599,000","unlogpred","grosscon",24,1.0005,0.302544799559569,0.22934896128959,4.54394002659202,1.00017144532533,0.44889043401652,0.678329497243418,0.0265579522154359,0.0222925009433639,-0.00426545127207205,0.839390807036964,TRUE,FALSE,TRUE,"3"
"3120","4","$622,000","unlogpred","grosscon",24,1.0004,0.187454957025785,0.229648589827724,4.88542599456345,1.00063067406697,0.404651599396109,0.650328770308376,0.025900044529923,0.0186886338961455,-0.0072114106337775,0.721567635706342,TRUE,FALSE,TRUE,"3"
"3120","5","$655,900","unlogpred","grosscon",8,1.0078,0.541518331968224,0.655328798185941,5.91167622297012,0.998565082905594,0.513353756806087,0.512177099984368,0.0304225382428256,0.0495232075882996,0.0191006693454741,1.62784601314384,TRUE,TRUE,TRUE,"3"
"3120","6","$724,663","unlogpred","grosscon",9,1.0002,0.771788004158475,0.694444444444445,6.18594704996711,0.997399944342042,0.593977955997666,0.439546797301424,0.0269996341675513,0.0552274935439012,0.02822785937635,2.04549043891398,TRUE,TRUE,TRUE,"3"
"3120","7","$776,000","unlogpred","grosscon",2,NA,NA,NA,NA,NA,NA,NA,NA,NA,NA,NA,NA,NA,NA,"3"
"3140","1","$720,000","unlogpred","grosscon",1,NA,NA,NA,NA,NA,NA,NA,NA,NA,NA,NA,NA,NA,NA,"3"
"3140","2","$796,000","unlogpred","grosscon",1,NA,NA,NA,NA,NA,NA,NA,NA,NA,NA,NA,NA,NA,NA,"3"
"3140","4","$1,001,840","unlogpred","grosscon",4,NA,NA,NA,NA,NA,NA,NA,NA,NA,NA,NA,NA,NA,NA,"3"
"3140","5","$1,167,500","unlogpred","grosscon",2,NA,NA,NA,NA,NA,NA,NA,NA,NA,NA,NA,NA,NA,NA,"3"
"3140","6","$1,361,000","unlogpred","grosscon",3,NA,NA,NA,NA,NA,NA,NA,NA,NA,NA,NA,NA,NA,NA,"3"
"3140","7","$1,529,500","unlogpred","grosscon",3,NA,NA,NA,NA,NA,NA,NA,NA,NA,NA,NA,NA,NA,NA,"3"
"3140","8","$1,711,000","unlogpred","grosscon",5,0.9989,0.203677502061189,0.49,15.2420673023117,0.997102628568113,0.929286796339459,0.267706215112319,0.0300990099009901,0.0554962463592634,0.0253972364582733,1.84378976390974,TRUE,FALSE,TRUE,"3"
"3140","9","$2,091,966","unlogpred","grosscon",2,NA,NA,NA,NA,NA,NA,NA,NA,NA,NA,NA,NA,NA,NA,"3"
"3140","10","$3,500,000","unlogpred","grosscon",3,NA,NA,NA,NA,NA,NA,NA,NA,NA,NA,NA,NA,NA,NA,"3"
"3150","1","$610,475","unlogpred","grosscon",2,NA,NA,NA,NA,NA,NA,NA,NA,NA,NA,NA,NA,NA,NA,"3"
"3150","2","$730,000","unlogpred","grosscon",3,NA,NA,NA,NA,NA,NA,NA,NA,NA,NA,NA,NA,NA,NA,"3"
"3150","3","$882,500","unlogpred","grosscon",7,1.0074,0.0366737407383217,0.0459183673469387,16.3029016405765,1.00142641612703,1.64580793218579,0.161875735461513,0.0110147167046054,-0.0389791791741376,-0.049993895878743,-3.53882720904113,TRUE,FALSE,TRUE,"3"
"3150","4","$967,338","unlogpred","grosscon",8,1.0193,0.625257190990723,0.81859410430839,2.67887538894773,1.00007074217673,0.163537318626884,0.833373565664088,0.0242433626837188,0.0284452034952563,0.00420184081153741,1.17331922416684,TRUE,FALSE,TRUE,"3"
"3150","5","$1,091,250","unlogpred","grosscon",11,1.0206,0.242609982588695,0.287685950413223,7.3049833511017,0.999576048054721,0.75160474012421,0.337341124615007,0.0222303195059576,0.0300188222511823,0.00778850274522469,1.35035496197603,TRUE,TRUE,TRUE,"3"
"3150","6","$1,229,300","unlogpred","grosscon",8,0.9891,0.558019269595164,0.729166666666667,6.00693894018494,0.998380624869699,0.638138792310578,0.442827167038519,0.0240252817544928,0.0471802303973521,0.0231549486428593,1.96377428075445,TRUE,TRUE,TRUE,"3"
"3150","7","$1,350,000","unlogpred","grosscon",13,1.0126,0.0515257678022314,0.00980837344473708,4.51343952273681,1.00257003947869,0.315028818296414,1.20411716186596,0.0248969099667673,-0.00465571856754985,-0.0295526285343171,-0.186999855554941,TRUE,FALSE,TRUE,"3"
"3150","8","$1,495,000","unlogpred","grosscon",14,0.9926,0.755862094791911,0.714841256304671,2.67099705152241,1.00010982327457,0.0799335822474912,0.889981262020999,0.0377230359828048,0.0373736597831369,-0.000349376199667926,0.990738385960579,TRUE,FALSE,TRUE,"3"
"3150","9","$1,744,500","unlogpred","grosscon",5,0.9729,0.0166564899447566,0.01,3.55524688454442,1.00071364594882,0.737808699114025,-4.58726742874391,0.0124540441176471,-0.00701590468463031,-0.0194699488022774,-0.563343490544484,TRUE,FALSE,TRUE,"3"
"3150","10","$2,291,063","unlogpred","grosscon",5,1.0009,0.543286932352994,0.09,7.4192961918981,0.997888880341792,0.897412193496084,0.170664687896357,0.016654468418891,0.0494350462905423,0.0327805778716513,2.96827524284526,TRUE,TRUE,TRUE,"3"
"3160","1","$457,000","unlogpred","grosscon",5,1.0078,0.0280706922063955,0,3.69485033767263,1.00228179476194,-0.95313215057451,2.38711767277618,0.0244213876217145,-0.00163342207327908,-0.0260548096949936,-0.0668849001776911,TRUE,FALSE,TRUE,"3"
"3160","2","$495,000","unlogpred","grosscon",2,NA,NA,NA,NA,NA,NA,NA,NA,NA,NA,NA,NA,NA,NA,"3"
"3160","3","$683,136","unlogpred","grosscon",1,NA,NA,NA,NA,NA,NA,NA,NA,NA,NA,NA,NA,NA,NA,"3"
"3160","4","$753,000","unlogpred","grosscon",3,NA,NA,NA,NA,NA,NA,NA,NA,NA,NA,NA,NA,NA,NA,"3"
"3160","6","$1,352,000","unlogpred","grosscon",2,NA,NA,NA,NA,NA,NA,NA,NA,NA,NA,NA,NA,NA,NA,"3"
"3160","7","$1,716,800","unlogpred","grosscon",1,NA,NA,NA,NA,NA,NA,NA,NA,NA,NA,NA,NA,NA,NA,"3"
"3160","8","$2,165,000","unlogpred","grosscon",3,NA,NA,NA,NA,NA,NA,NA,NA,NA,NA,NA,NA,NA,NA,"3"
"3160","9","$2,558,000","unlogpred","grosscon",2,NA,NA,NA,NA,NA,NA,NA,NA,NA,NA,NA,NA,NA,NA,"3"
"3160","10","$3,802,294","unlogpred","grosscon",6,0.9544,0.93485283020406,0.686530612244898,4.81393501932759,1.00299662930358,-0.0209456929952961,0.967905022690768,0.113308078997775,0.103703912988211,-0.00960416600956368,0.915238471126562,TRUE,FALSE,TRUE,"3"
"3161","4","$1,005,000","unlogpred","grosscon",2,NA,NA,NA,NA,NA,NA,NA,NA,NA,NA,NA,NA,NA,NA,"3"
"3161","5","$1,170,000","unlogpred","grosscon",4,NA,NA,NA,NA,NA,NA,NA,NA,NA,NA,NA,NA,NA,NA,"3"
"3161","6","$1,302,644","unlogpred","grosscon",2,NA,NA,NA,NA,NA,NA,NA,NA,NA,NA,NA,NA,NA,NA,"3"
"3161","7","$1,479,000","unlogpred","grosscon",2,NA,NA,NA,NA,NA,NA,NA,NA,NA,NA,NA,NA,NA,NA,"3"
"3161","8","$1,499,000","unlogpred","grosscon",5,0.9965,0.0464111311766128,0.25,8.44612305840469,1.00044476324851,0.969369618043388,0.0905926843080815,0.0180748659326529,0.0345112433705038,0.016436377437851,1.90934989499192,TRUE,TRUE,TRUE,"3"
"3161","9","$1,671,000","unlogpred","grosscon",2,NA,NA,NA,NA,NA,NA,NA,NA,NA,NA,NA,NA,NA,NA,"3"
"3170","1","$418,000","unlogpred","grosscon",4,NA,NA,NA,NA,NA,NA,NA,NA,NA,NA,NA,NA,NA,NA,"3"
"3170","2","$468,000","unlogpred","grosscon",9,0.9892,0.0119552849173796,0.0406779661016949,6.90635005642867,1.00345899557472,0.171888977567993,0.485002706028145,0.0349304837412387,0.000850723915435441,-0.0340797598258033,0.0243547705132718,TRUE,TRUE,TRUE,"3"
"3170","3","$500,000","unlogpred","grosscon",4,NA,NA,NA,NA,NA,NA,NA,NA,NA,NA,NA,NA,NA,NA,"3"
"3180","1","$526,719","unlogpred","grosscon",8,1.0564,0.361409939465953,0.444444444444445,4.47262648742409,1.00134142574179,0.0893599411616933,1.03462242143227,0.0360913079243215,0.0234372172390767,-0.0126540906852448,0.64938675229563,TRUE,FALSE,TRUE,"3"
"3180","2","$583,000","unlogpred","grosscon",24,0.986,0.411339504794599,0.502328190743338,5.58267695460028,0.999762432025359,0.434526727704734,0.51700999489787,0.030752808696825,0.0353086360402052,0.00455582734338019,1.14814345539276,TRUE,TRUE,TRUE,"3"
"3180","3","$682,935","unlogpred","grosscon",16,1.0383,0.2741210599396,0.321976279433487,7.82965211189202,0.99951954159227,0.699544101029434,0.448657813437983,0.0290391656022024,0.0393138200843919,0.0102746544821894,1.35382058227631,TRUE,TRUE,TRUE,"3"
"3180","4","$746,000","unlogpred","grosscon",21,1.0274,0.163162933257666,0.0874637724019637,4.38945809612137,1.00099976991374,0.106134684972092,0.849992205396714,0.0242897108737019,0.0101261451364812,-0.0141635657372207,0.41689031166874,TRUE,FALSE,TRUE,"3"
"3180","5","$860,000","unlogpred","grosscon",12,1.0111,0.197523328495523,0.185609127714391,4.65591612538247,1.00035006878426,0.500156464076668,0.529759561935751,0.0213109413674311,0.0183105354673401,-0.00300040590009099,0.859208195060007,TRUE,FALSE,TRUE,"3"
"3180","6","$988,667","unlogpred","grosscon",17,1.0072,0.528212666179982,0.516988244929421,8.04773989807032,0.997245242938306,0.797621150196893,0.317298760771238,0.0262650963959701,0.0619432338737006,0.0356781374777305,2.35838593317345,TRUE,TRUE,TRUE,"3"
"3180","7","$1,116,015","unlogpred","grosscon",21,0.9702,0.312774606243629,0.183474723064834,4.59357947649578,1.00053285909932,0.312379213726522,0.764429635555461,0.0265731615776143,0.0175688798465426,-0.00900428173107163,0.661151282101976,TRUE,FALSE,TRUE,"3"
"3180","8","$1,200,000","unlogpred","grosscon",8,0.9485,0.57182108404332,0.59465737514518,5.02465775128036,1.00014781213626,0.220379290947785,0.727982657670435,0.0393923240938165,0.0436610975633138,0.00426877346949728,1.10836561608629,TRUE,TRUE,TRUE,"3"
"3180","9","$1,584,000","unlogpred","grosscon",11,1.0025,0.000554080564007044,0.0000826446280991736,12.1350552743298,1.00508168763282,0.775425331236532,0.428962003428384,0.0418514898629176,0.00570706396247706,-0.0361444259004406,0.136364654667498,TRUE,TRUE,TRUE,"3"
"3180","10","$2,125,000","unlogpred","grosscon",1,NA,NA,NA,NA,NA,NA,NA,NA,NA,NA,NA,NA,NA,NA,"3"
"3190","1","$421,429","unlogpred","grosscon",2,NA,NA,NA,NA,NA,NA,NA,NA,NA,NA,NA,NA,NA,NA,"3"
"3200","1","$772,000","unlogpred","grosscon",1,NA,NA,NA,NA,NA,NA,NA,NA,NA,NA,NA,NA,NA,NA,"3"
"3200","2","$956,400","unlogpred","grosscon",1,NA,NA,NA,NA,NA,NA,NA,NA,NA,NA,NA,NA,NA,NA,"3"
"3200","3","$1,269,000","unlogpred","grosscon",11,1.0198,0.39271876687927,0.359467951403435,5.92168811439557,0.999196979871414,0.690716554483445,0.397839017068657,0.0219446640316205,0.0368496976288616,0.0149050335972412,1.67920992436996,TRUE,TRUE,TRUE,"3"
"3200","4","$1,400,000","unlogpred","grosscon",7,1.0891,0.35830381006058,0.326530612244898,6.27940537888588,0.998940280716696,0.788262003577682,0.219737175279213,0.0205415499533146,0.0375981339721615,0.0170565840188469,1.83034552200841,TRUE,TRUE,TRUE,"3"
"3200","5","$1,545,000","unlogpred","grosscon",14,0.9806,0.629841966692527,0.546526601152152,3.57988715456132,0.999555860409708,0.342972594297018,0.640549766565777,0.024532967046076,0.030729685838937,0.006196718792861,1.25258741762555,TRUE,FALSE,TRUE,"3"
"3200","6","$1,748,000","unlogpred","grosscon",9,0.9775,0.418585633488843,0.373179271708683,3.38100796523544,1.00034330367373,0.196758248127496,0.719449590676925,0.0255936667331811,0.0194002511839803,-0.00619341554920084,0.758009838380394,TRUE,FALSE,TRUE,"3"
"3200","7","$1,946,000","unlogpred","grosscon",10,0.9932,0.501687451162189,0.452561983471074,7.26901429749408,0.998650857187048,0.596963502076368,0.429906597025305,0.0276335652858105,0.0443998760759749,0.0167663107901644,1.60673715522237,TRUE,TRUE,TRUE,"3"
"3200","8","$2,100,000","unlogpred","grosscon",33,0.9825,0.351852709138091,0.411846234988132,5.43067822848507,1.00019824060111,0.393863758556363,0.626247550775514,0.0324936799635081,0.0325850430739109,0.0000913631104028229,1.00281171940222,TRUE,TRUE,TRUE,"3"
"3200","9","$2,395,000","unlogpred","grosscon",43,1.0047,0.740536242658534,0.814043941345792,3.42897318607552,1.00000957260838,0.103414707157714,0.980779661912324,0.0406187011793149,0.041603114199503,0.000984413020188118,1.02423546276978,TRUE,FALSE,TRUE,"3"
"3200","10","$4,250,000","unlogpred","grosscon",34,0.9559,0.904488292498595,0.880743289809669,5.39905976106454,1.01181782620872,-0.168596226873497,1.2533951974687,0.116170130520036,0.0874945374650789,-0.0286755930549569,0.753158639603911,TRUE,TRUE,TRUE,"3"
"3201","4","$927,000","unlogpred","grosscon",5,1.0595,0.209497311550672,0.09,4.02080277355604,1.00032705494624,0.44996074119153,0.458777152924526,0.0189987163029524,0.0122122308751287,-0.00678648542782376,0.64279242241387,TRUE,FALSE,TRUE,"3"
"3201","5","$970,000","unlogpred","grosscon",8,1.0038,0.746761037250028,0.81859410430839,3.5433855609627,0.998266120303156,0.416130930973955,0.593307298813255,0.0314424607293613,0.0472407917722943,0.015798331042933,1.50245211972803,TRUE,FALSE,TRUE,"3"
"3201","6","$999,399","unlogpred","grosscon",4,NA,NA,NA,NA,NA,NA,NA,NA,NA,NA,NA,NA,NA,NA,"3"
"3201","7","$1,190,000","unlogpred","grosscon",5,0.9652,0.154936362446867,0.01,3.97638441030376,1.00004809383642,0.752214678044778,0.790561260806641,0.0143259305598999,0.00828745198378549,-0.00603847857611441,0.578493100265551,TRUE,FALSE,TRUE,"3"
"3201","8","$1,282,800","unlogpred","grosscon",2,NA,NA,NA,NA,NA,NA,NA,NA,NA,NA,NA,NA,NA,NA,"3"
"3201","9","$1,411,000","unlogpred","grosscon",1,NA,NA,NA,NA,NA,NA,NA,NA,NA,NA,NA,NA,NA,NA,"3"
"3202","3","$1,270,000","unlogpred","grosscon",1,NA,NA,NA,NA,NA,NA,NA,NA,NA,NA,NA,NA,NA,NA,"3"
"3202","4","$1,454,000","unlogpred","grosscon",4,NA,NA,NA,NA,NA,NA,NA,NA,NA,NA,NA,NA,NA,NA,"3"
"3202","5","$1,680,000","unlogpred","grosscon",14,1.051,0.0066143891888341,0.000818124606670862,4.23764592990094,1.00165893812244,0.356999180369323,1.05414083747717,0.0234707722980644,0.00194684629957452,-0.0215239259984899,0.0829476880799134,TRUE,FALSE,TRUE,"3"
"3202","6","$1,971,081","unlogpred","grosscon",20,1.0626,0.35738968923484,0.310133907275742,5.9258062836597,0.999431784714128,0.599626914978612,0.482792419455672,0.0265857167493074,0.0327763835007202,0.0061906667514128,1.23285686858806,TRUE,TRUE,TRUE,"3"
"3202","7","$2,170,500","unlogpred","grosscon",32,0.9969,0.35376787457391,0.264431173753935,6.07334894242161,0.999497002791122,0.660253848057595,0.396900496526077,0.0211603424861775,0.0287814897244041,0.0076211472382266,1.36016180944164,TRUE,TRUE,TRUE,"3"
"3202","8","$2,545,350","unlogpred","grosscon",29,0.9829,0.371979655134465,0.361067193675889,4.81681809825313,1.00058069734643,0.237624640419548,0.7021484719003,0.0331398282860911,0.0256497370489429,-0.00749009123714816,0.773985212823454,TRUE,FALSE,TRUE,"3"
"3202","9","$2,799,300","unlogpred","grosscon",40,1.0306,0.212150962529843,0.3226815797884,8.2979175882902,1.00117676227072,0.482746043045255,0.721795547272883,0.0418984422158728,0.0328631047392815,-0.00903533747659129,0.784351469917696,TRUE,TRUE,TRUE,"3"
"3202","10","$4,200,000","unlogpred","grosscon",72,0.9804,0.771034774577913,0.766777457723104,6.55831853664136,1.00593602522211,-0.0590930742354376,1.13510207241085,0.0967015961777322,0.0786415940531242,-0.018060002124608,0.813239875674702,TRUE,TRUE,TRUE,"3"
"3210","1","$425,000","unlogpred","grosscon",1,NA,NA,NA,NA,NA,NA,NA,NA,NA,NA,NA,NA,NA,NA,"3"
"3220","1","$299,200","unlogpred","grosscon",13,1.008,0.846593921896288,0.727303000030273,4.83433022479458,1.00809037752106,-0.260137606062159,1.40150022184527,0.0783068074731909,0.0491310054407675,-0.0291758020324234,0.627416785668194,TRUE,FALSE,TRUE,"3"
"3230","1","$428,000","unlogpred","grosscon",14,1.0283,0.452437256745733,0.527182069032289,5.04919123181671,1.0022134195711,-0.0742400348180625,1.50914534075863,0.0427116810639063,0.0232770623361277,-0.0194346187277786,0.544981179769065,TRUE,TRUE,TRUE,"3"
"3230","2","$488,000","unlogpred","grosscon",13,1.0065,0.349128678865605,0.320281366984664,5.77618247776249,0.999923076320195,0.435146342977934,0.80056799595109,0.0335027057951619,0.0367358446722691,0.00323313887710724,1.09650381365836,TRUE,TRUE,TRUE,"3"
"3230","3","$538,500","unlogpred","grosscon",21,1.0057,0.230027238199287,0.331226475873996,3.68099560604721,1.0007148215968,0.215447650553731,0.636154111205835,0.0242221251963548,0.0157898094179673,-0.00843231577838752,0.651875477067698,TRUE,FALSE,TRUE,"3"
"3230","4","$582,000","unlogpred","grosscon",8,0.9861,0.183040190785255,0.0145158949049209,9.10253819413231,1.00422131414243,1.65877292245821,1.34929493814341,0.0235431002326918,-0.0397526339008931,-0.0632957341335849,-1.68850463651736,TRUE,TRUE,TRUE,"3"
"3230","5","$628,112","unlogpred","grosscon",6,0.9826,0.680379098809062,0.612605042016807,5.7777753743894,0.998504306555816,0.5649187017112,0.379125361281347,0.0218788928524633,0.0465830249082548,0.0247041320557915,2.12913081216585,TRUE,TRUE,TRUE,"3"
"3230","6","$650,000","unlogpred","grosscon",2,NA,NA,NA,NA,NA,NA,NA,NA,NA,NA,NA,NA,NA,NA,"3"
"3231","1","$485,000","unlogpred","grosscon",3,NA,NA,NA,NA,NA,NA,NA,NA,NA,NA,NA,NA,NA,NA,"3"
"3231","2","$495,000","unlogpred","grosscon",11,0.9905,0.745782660564446,0.876251042535446,2.80967190066686,1.00018143399018,0.0862117779866774,0.786943909678867,0.0354547712060924,0.0350481267003332,-0.000406644505759217,0.988530612610769,TRUE,FALSE,TRUE,"3"
"3231","3","$507,000","unlogpred","grosscon",1,NA,NA,NA,NA,NA,NA,NA,NA,NA,NA,NA,NA,NA,NA,"3"
"3231","4","$523,000","unlogpred","grosscon",1,NA,NA,NA,NA,NA,NA,NA,NA,NA,NA,NA,NA,NA,NA,"3"
"3232","1","$499,600","unlogpred","grosscon",1,NA,NA,NA,NA,NA,NA,NA,NA,NA,NA,NA,NA,NA,NA,"3"
"3232","2","$539,400","unlogpred","grosscon",13,0.994,0.679418709900462,0.803818757419865,2.73788456841053,1.00014184746966,0.110566446848066,0.90970823098801,0.0324548224288386,0.0327632817240427,0.000308459295204129,1.00950426691998,TRUE,FALSE,TRUE,"3"
"3232","3","$547,983","unlogpred","grosscon",2,NA,NA,NA,NA,NA,NA,NA,NA,NA,NA,NA,NA,NA,NA,"3"
"3232","4","$596,080","unlogpred","grosscon",6,0.9999,0.417780318368255,0.568067226890756,3.96155979269449,0.999756388321212,0.450035583264241,0.611604741474474,0.0235934010517974,0.0287561003071922,0.00516269925539481,1.21881962859278,TRUE,FALSE,TRUE,"3"
"3232","5","$715,000","unlogpred","grosscon",3,NA,NA,NA,NA,NA,NA,NA,NA,NA,NA,NA,NA,NA,NA,"3"
"3232","6","$778,000","unlogpred","grosscon",8,0.9928,0.16345034163716,0.265203671830178,5.50729778246349,0.999986781119087,0.803669081189287,0.519794174983774,0.0196543532817546,0.028832543001962,0.00917818972020745,1.46697999108054,TRUE,TRUE,TRUE,"3"
"3233","1","$496,200","unlogpred","grosscon",4,NA,NA,NA,NA,NA,NA,NA,NA,NA,NA,NA,NA,NA,NA,"3"
"3233","2","$517,458","unlogpred","grosscon",11,1.0648,0.156646541368202,0.382148760330578,4.14153827925074,1.00054258893683,0.484772748736161,1.21325438925689,0.0227439611880882,0.0139732355696554,-0.00877072561843274,0.614371237010979,TRUE,FALSE,TRUE,"3"
"3233","3","$542,499","unlogpred","grosscon",11,0.9913,0.3749086349634,0.653218239819854,6.04454093038719,0.997392946767015,0.968261635453488,0.533880112078206,0.0254972770340925,0.0565484975198261,0.0310512204857336,2.217824963984,TRUE,TRUE,TRUE,"3"
"3233","4","$607,187","unlogpred","grosscon",7,0.9251,0.145544534654588,0.117207792207792,5.40736493487328,1.0020293778908,0.765910113070144,0.793704456112069,0.0182973928403809,-0.0169780545491004,-0.0352754473894813,-0.927894738731915,TRUE,TRUE,TRUE,"3"
"3233","5","$636,406","unlogpred","grosscon",3,NA,NA,NA,NA,NA,NA,NA,NA,NA,NA,NA,NA,NA,NA,"3"
"3233","6","$673,000","unlogpred","grosscon",1,NA,NA,NA,NA,NA,NA,NA,NA,NA,NA,NA,NA,NA,NA,"3"
"3233","7","$742,600","unlogpred","grosscon",1,NA,NA,NA,NA,NA,NA,NA,NA,NA,NA,NA,NA,NA,NA,"3"
"3233","8","$767,136","unlogpred","grosscon",1,NA,NA,NA,NA,NA,NA,NA,NA,NA,NA,NA,NA,NA,NA,"3"
"3250","1","$783,800","unlogpred","grosscon",1,NA,NA,NA,NA,NA,NA,NA,NA,NA,NA,NA,NA,NA,NA,"3"
"3250","3","$1,240,355","unlogpred","grosscon",2,NA,NA,NA,NA,NA,NA,NA,NA,NA,NA,NA,NA,NA,NA,"3"
"3250","5","$1,425,000","unlogpred","grosscon",1,NA,NA,NA,NA,NA,NA,NA,NA,NA,NA,NA,NA,NA,NA,"3"
"3250","6","$1,485,400","unlogpred","grosscon",2,NA,NA,NA,NA,NA,NA,NA,NA,NA,NA,NA,NA,NA,NA,"3"
"3250","7","$1,579,000","unlogpred","grosscon",5,0.999,0.788629038223767,0.81,1.84866202573316,1.00021960333591,0.0196840675670147,0.893678866499133,0.0273590108254197,0.0285545591328766,0.00119554830745692,1.04369852094017,TRUE,FALSE,TRUE,"3"
"3250","8","$1,710,000","unlogpred","grosscon",7,1.0104,0.25060014828316,0.413265306122449,4.07981690201871,1.00085129980092,0.278284832797619,0.622521549417051,0.0284057971014493,0.0235702521765186,-0.00483554492493075,0.829769081724377,TRUE,FALSE,TRUE,"3"
"3250","9","$1,869,000","unlogpred","grosscon",5,0.9927,0.341183013996999,0.16,11.5542240985162,0.996149085697294,0.87074292821805,0.123765340061135,0.0281179138321995,0.0834004273380989,0.0552825135058994,2.966095843234,TRUE,TRUE,TRUE,"3"
"3250","10","$2,850,000","unlogpred","grosscon",2,NA,NA,NA,NA,NA,NA,NA,NA,NA,NA,NA,NA,NA,NA,"3"
"3270","3","$850,000","unlogpred","grosscon",2,NA,NA,NA,NA,NA,NA,NA,NA,NA,NA,NA,NA,NA,NA,"3"
"3270","4","$1,059,000","unlogpred","grosscon",1,NA,NA,NA,NA,NA,NA,NA,NA,NA,NA,NA,NA,NA,NA,"3"
"3270","5","$1,220,000","unlogpred","grosscon",4,NA,NA,NA,NA,NA,NA,NA,NA,NA,NA,NA,NA,NA,NA,"3"
"3270","7","$1,517,000","unlogpred","grosscon",2,NA,NA,NA,NA,NA,NA,NA,NA,NA,NA,NA,NA,NA,NA,"3"
"3270","8","$1,633,000","unlogpred","grosscon",4,NA,NA,NA,NA,NA,NA,NA,NA,NA,NA,NA,NA,NA,NA,"3"
"3270","9","$2,475,855","unlogpred","grosscon",1,NA,NA,NA,NA,NA,NA,NA,NA,NA,NA,NA,NA,NA,NA,"3"
"3270","10","$4,200,000","unlogpred","grosscon",3,NA,NA,NA,NA,NA,NA,NA,NA,NA,NA,NA,NA,NA,NA,"3"
"3280","1","$367,450","unlogpred","grosscon",11,1.0157,0.85970877307411,0.880780406807804,6.62178900601764,1.00177700536551,0.0190027619687958,1.02843428677773,0.102499164910838,0.100366454122045,-0.00213271078879274,0.979192895955319,TRUE,TRUE,TRUE,"3"
"3280","2","$400,000","unlogpred","grosscon",12,1.015,0.743286415241046,0.842154336891179,3.71137055352051,0.998286832373856,0.552002919984221,0.468614654473238,0.0243665206817239,0.046489923769188,0.0221234030874641,1.90794263885437,TRUE,FALSE,TRUE,"3"
"3280","3","$495,750","unlogpred","grosscon",11,0.9933,0.819617776102583,0.963824020016681,1.33195434822074,1.00043873568724,-0.0991222345183386,1.13060130365593,0.0263326709091119,0.0217748431798136,-0.00455782772929826,0.826913580280946,TRUE,FALSE,TRUE,"3"
"3280","4","$549,855","unlogpred","grosscon",2,NA,NA,NA,NA,NA,NA,NA,NA,NA,NA,NA,NA,NA,NA,"3"
"3290","2","$883,000","unlogpred","grosscon",1,NA,NA,NA,NA,NA,NA,NA,NA,NA,NA,NA,NA,NA,NA,"3"
"3290","3","$981,000","unlogpred","grosscon",5,1.018,0.801770540273596,0.673684210526316,2.10426434214342,1.00115225826293,-0.323211021672841,1.55370728632263,0.025856419422103,0.012284724726231,-0.013571694695872,0.475113144077853,TRUE,FALSE,TRUE,"3"
"3290","4","$1,088,000","unlogpred","grosscon",27,1.0054,0.36670575278494,0.720618934445793,3.62758480010671,0.999491166367201,0.563883109325536,0.753443115443879,0.027031801789975,0.0332348232702253,0.00620302148025029,1.22947125494797,TRUE,FALSE,TRUE,"3"
"3290","5","$1,200,000","unlogpred","grosscon",21,1.0181,0.629324686479771,0.725163609236716,5.34497695468403,0.998324117602645,0.62860629907324,0.377190811864641,0.0238880158413082,0.0464482873143109,0.0225602714730027,1.94441797187653,TRUE,TRUE,TRUE,"3"
"3290","6","$1,347,000","unlogpred","grosscon",23,1.0067,0.121866243717547,0.176213249027504,5.36067973784883,1.00050067916387,0.63078465238803,0.653123829826974,0.0226789810884552,0.0174478116218527,-0.0052311694666025,0.769338426351727,TRUE,TRUE,TRUE,"3"
"3290","7","$1,579,000","unlogpred","grosscon",32,0.9914,0.382938352819718,0.39712288957418,4.40216257734939,0.999752668606006,0.508061089249906,0.612764415021543,0.0223793427544772,0.0250049073029099,0.00262556454843277,1.11732089620494,TRUE,FALSE,TRUE,"3"
"3290","8","$1,785,000","unlogpred","grosscon",26,1.005,0.477380236152111,0.442774328574602,4.70147422653009,0.999978270042903,0.284503277702789,0.707725011180691,0.0353821186980771,0.0355696955722097,0.000187576874132567,1.00530145963652,TRUE,FALSE,TRUE,"3"
"3290","9","$2,310,999","unlogpred","grosscon",24,0.9935,0.352857860972994,0.447559275552762,6.21731744190469,0.999772370109132,0.475485175431478,0.629561192188679,0.0347042265137013,0.0376588262185621,0.00295459970486078,1.08513659578882,TRUE,TRUE,TRUE,"3"
"3290","10","$3,537,587","unlogpred","grosscon",26,0.9108,0.524505504351207,0.427437417423738,11.7750378091286,1.00688019519332,0.116890743427769,0.850694872783434,0.0970723765290689,0.0753848240221816,-0.0216875525068873,0.776583686499188,TRUE,TRUE,TRUE,"3"
"3320","4","$852,000","unlogpred","grosscon",1,NA,NA,NA,NA,NA,NA,NA,NA,NA,NA,NA,NA,NA,NA,"3"
"3320","6","$898,000","unlogpred","grosscon",1,NA,NA,NA,NA,NA,NA,NA,NA,NA,NA,NA,NA,NA,NA,"3"
"3330","1","$371,124","unlogpred","grosscon",32,1.0163,0.620457417865589,0.691365265558814,4.15068179286501,1.00284581257167,-0.085414725184973,1.13037411529766,0.0538681803578525,0.0394186729661894,-0.0144495073916631,0.73176173214552,TRUE,FALSE,TRUE,"3"
"3330","2","$400,400","unlogpred","grosscon",11,0.9913,0.5987594044904,0.702698215026982,4.76665673152601,0.999100636879296,0.356164779896632,0.603617594551628,0.0334126354251947,0.042755985300423,0.00934334987522834,1.27963522650425,TRUE,FALSE,TRUE,"3"
"3330","3","$441,090","unlogpred","grosscon",7,1.0002,0.223508825741136,0.00292207792207792,8.60973041140033,1.00432940582709,1.55657800587919,0.317088439294851,0.0225662973366753,-0.0121754085755942,-0.0347417059122696,-0.539539490858628,TRUE,TRUE,TRUE,"3"
"3330","4","$442,972","unlogpred","grosscon",2,NA,NA,NA,NA,NA,NA,NA,NA,NA,NA,NA,NA,NA,NA,"3"
"3330","5","$459,000","unlogpred","grosscon",1,NA,NA,NA,NA,NA,NA,NA,NA,NA,NA,NA,NA,NA,NA,"3"
"3340","1","$427,665","unlogpred","grosscon",4,NA,NA,NA,NA,NA,NA,NA,NA,NA,NA,NA,NA,NA,NA,"3"
"3340","2","$486,720","unlogpred","grosscon",2,NA,NA,NA,NA,NA,NA,NA,NA,NA,NA,NA,NA,NA,NA,"3"
"3340","3","$487,629","unlogpred","grosscon",1,NA,NA,NA,NA,NA,NA,NA,NA,NA,NA,NA,NA,NA,NA,"3"
"3340","4","$497,000","unlogpred","grosscon",3,NA,NA,NA,NA,NA,NA,NA,NA,NA,NA,NA,NA,NA,NA,"3"
"3340","5","$584,476","unlogpred","grosscon",1,NA,NA,NA,NA,NA,NA,NA,NA,NA,NA,NA,NA,NA,NA,"3"
"3360","1","$391,800","unlogpred","grosscon",15,1.0228,0.543719680192368,0.470204081632653,5.0618637086951,1.00322017231468,-0.0386704814497718,1.27709026556302,0.0577080709729685,0.0398294433908416,-0.0178786275821269,0.690188438450809,TRUE,TRUE,TRUE,"3"
"3360","2","$407,360","unlogpred","grosscon",10,1.0151,0.14670421551774,0.36,4.11322173071397,1.00220638775404,-0.318342498802128,1.79908706738871,0.0304505595081537,0.0117566771127777,-0.018693882395376,0.386090676252751,TRUE,FALSE,TRUE,"3"
"3360","3","$428,516","unlogpred","grosscon",6,0.9737,0.464985741605059,0.510204081632653,4.12551157223619,0.999901887655983,0.344862145617578,0.593635498858194,0.0245467801189229,0.0273310480685932,0.00278426794967027,1.11342701308201,TRUE,FALSE,TRUE,"3"
"3360","4","$483,900","unlogpred","grosscon",2,NA,NA,NA,NA,NA,NA,NA,NA,NA,NA,NA,NA,NA,NA,"3"
"3380","4","$935,400","unlogpred","grosscon",1,NA,NA,NA,NA,NA,NA,NA,NA,NA,NA,NA,NA,NA,NA,"3"
"3380","6","$1,003,400","unlogpred","grosscon",2,NA,NA,NA,NA,NA,NA,NA,NA,NA,NA,NA,NA,NA,NA,"3"
"3390","1","$437,500","unlogpred","grosscon",9,0.9938,0.905995747080849,0.751111111111111,6.5298935949948,1.00620302889511,-0.0350140295865223,1.01354621904975,0.104761295065525,0.100263351170209,-0.00449794389531633,0.957064831123909,TRUE,TRUE,TRUE,"3"
"3390","2","$456,300","unlogpred","grosscon",9,1.015,0.826298492702195,0.832002801120448,2.53707444460325,0.999278664860056,0.22000981717993,0.70504192080728,0.0302657603004969,0.0394279479399711,0.00916218763947422,1.30272451603748,TRUE,FALSE,TRUE,"3"
"3390","3","$477,500","unlogpred","grosscon",5,0.9856,0.989673394435166,1,1.25656096728182,0.998962602881247,0.193954145448636,0.803986717452207,0.0277206757496696,0.0355016839367696,0.00778100818710002,1.28069330839429,TRUE,FALSE,TRUE,"3"
"3390","4","$499,000","unlogpred","grosscon",1,NA,NA,NA,NA,NA,NA,NA,NA,NA,NA,NA,NA,NA,NA,"3"
"3390","5","$521,250","unlogpred","grosscon",2,NA,NA,NA,NA,NA,NA,NA,NA,NA,NA,NA,NA,NA,NA,"3"
"3400","1","$371,124","unlogpred","grosscon",8,1.034,0.299618818375698,0.326530612244898,9.74415374162786,1.006314372004,0.0081156995913688,1.52841575754519,0.0689872712957997,0.0314935845977871,-0.0374936866980127,0.45651297704979,TRUE,TRUE,TRUE,"3"
"3400","2","$419,286","unlogpred","grosscon",4,NA,NA,NA,NA,NA,NA,NA,NA,NA,NA,NA,NA,NA,NA,"3"
"3400","3","$472,500","unlogpred","grosscon",6,0.9921,0.472369917621887,0.595102040816327,4.53113989040014,0.999359254084337,0.527840290816142,0.698371742347714,0.0221350336772296,0.0352027103058591,0.0130676766286295,1.59036172337394,TRUE,FALSE,TRUE,"3"
"3400","4","$562,030","unlogpred","grosscon",3,NA,NA,NA,NA,NA,NA,NA,NA,NA,NA,NA,NA,NA,NA,"3"
"3400","5","$598,500","unlogpred","grosscon",2,NA,NA,NA,NA,NA,NA,NA,NA,NA,NA,NA,NA,NA,NA,"3"
"3400","9","$854,461","unlogpred","grosscon",1,NA,NA,NA,NA,NA,NA,NA,NA,NA,NA,NA,NA,NA,NA,"3"
"3401","3","$1,271,200","unlogpred","grosscon",1,NA,NA,NA,NA,NA,NA,NA,NA,NA,NA,NA,NA,NA,NA,"3"
"3401","9","$1,780,000","unlogpred","grosscon",2,NA,NA,NA,NA,NA,NA,NA,NA,NA,NA,NA,NA,NA,NA,"3"
"3420","1","$754,067","unlogpred","grosscon",1,NA,NA,NA,NA,NA,NA,NA,NA,NA,NA,NA,NA,NA,NA,"3"
"3420","3","$995,499","unlogpred","grosscon",7,0.9916,0.308765097769363,0.413265306122449,2.12184328458279,0.999997311571885,0.509387895559627,0.636614696467844,0.0117835938446625,0.0120796825294381,0.000296088684775597,1.02512719707407,TRUE,FALSE,TRUE,"3"
"3420","4","$1,200,000","unlogpred","grosscon",9,1.0224,0.0299959348212771,0.16,5.92833091413571,1.00143617626516,0.751516923629101,0.690051474068677,0.0259304559613934,0.00744371264594454,-0.0184867433154488,0.287064471871499,TRUE,TRUE,TRUE,"3"
"3420","5","$1,400,000","unlogpred","grosscon",13,1.0373,0.491955613206573,0.455535486612835,7.2836508890625,0.997876880174149,0.696811126809069,0.371736295836523,0.0286372298987461,0.0552264056532195,0.0265891757544733,1.92848281235601,TRUE,TRUE,TRUE,"3"
"3420","6","$1,551,800","unlogpred","grosscon",7,0.9961,0.0518518967746407,0.0204081632653061,6.89935528606688,1.00302536416509,0.513202504676566,1.15940000672556,0.0263614327244444,-0.00475004538729478,-0.0311114781117391,-0.180189196730957,TRUE,TRUE,TRUE,"3"
"3420","7","$1,736,000","unlogpred","grosscon",12,1.0136,0.421588781300876,0.52616178148093,5.29448285816458,0.999191941380983,0.57331660822027,0.493087037223551,0.0278505897771953,0.0379980327935074,0.0101474430163121,1.36435289512688,TRUE,TRUE,TRUE,"3"
"3420","8","$1,948,000","unlogpred","grosscon",23,0.9892,0.363347756016049,0.354147701578091,4.14931848456788,1.00068461303706,0.266248280291627,0.822058921006927,0.0330835989133101,0.0248655573233995,-0.00821804158991066,0.751597714279978,TRUE,FALSE,TRUE,"3"
"3420","9","$2,449,499","unlogpred","grosscon",17,0.9891,0.266487324756013,0.509328762179719,5.29909734750886,1.0005817728917,0.422740124464584,0.943743247277321,0.0361034688189491,0.0304950833077208,-0.00560838551122825,0.844657987315483,TRUE,TRUE,TRUE,"3"
"3420","10","$3,950,000","unlogpred","grosscon",19,0.9704,0.833093301067439,0.723991997537704,6.40078480719923,1.00451031515392,-0.0285306003082675,1.02977464473039,0.102806975329021,0.0869129523618944,-0.0158940229671262,0.845399371820254,TRUE,TRUE,TRUE,"3"
"3430","2","$996,999","unlogpred","grosscon",1,NA,NA,NA,NA,NA,NA,NA,NA,NA,NA,NA,NA,NA,NA,"3"
"3430","5","$1,240,000","unlogpred","grosscon",1,NA,NA,NA,NA,NA,NA,NA,NA,NA,NA,NA,NA,NA,NA,"3"
"3430","6","$1,269,000","unlogpred","grosscon",3,NA,NA,NA,NA,NA,NA,NA,NA,NA,NA,NA,NA,NA,NA,"3"
"3430","7","$1,301,000","unlogpred","grosscon",4,NA,NA,NA,NA,NA,NA,NA,NA,NA,NA,NA,NA,NA,NA,"3"
"3430","8","$1,430,000","unlogpred","grosscon",2,NA,NA,NA,NA,NA,NA,NA,NA,NA,NA,NA,NA,NA,NA,"3"
"3430","9","$1,780,000","unlogpred","grosscon",2,NA,NA,NA,NA,NA,NA,NA,NA,NA,NA,NA,NA,NA,NA,"3"
"3440","1","$725,000","unlogpred","grosscon",1,NA,NA,NA,NA,NA,NA,NA,NA,NA,NA,NA,NA,NA,NA,"3"
"3440","3","$1,148,000","unlogpred","grosscon",4,NA,NA,NA,NA,NA,NA,NA,NA,NA,NA,NA,NA,NA,NA,"3"
"3440","4","$1,481,000","unlogpred","grosscon",2,NA,NA,NA,NA,NA,NA,NA,NA,NA,NA,NA,NA,NA,NA,"3"
"3440","5","$1,592,500","unlogpred","grosscon",5,1.0085,0.302387601572392,0.760526315789474,1.80907751942232,1.00034276488081,-0.138916776167947,1.05365125128896,0.0132085619016888,0.00907743200151181,-0.00413112990017694,0.687238479788722,TRUE,FALSE,TRUE,"3"
"3440","6","$1,670,000","unlogpred","grosscon",1,NA,NA,NA,NA,NA,NA,NA,NA,NA,NA,NA,NA,NA,NA,"3"
"3440","7","$1,767,500","unlogpred","grosscon",3,NA,NA,NA,NA,NA,NA,NA,NA,NA,NA,NA,NA,NA,NA,"3"
"3440","8","$1,835,000","unlogpred","grosscon",7,1.0153,0.55338386968149,0.171753246753247,3.20306416399961,1.00035340233911,0.114214494213957,0.719134777263705,0.0256396927047136,0.0200970664694779,-0.00554262623523576,0.783826339142637,TRUE,FALSE,TRUE,"3"
"3440","9","$2,824,500","unlogpred","grosscon",16,0.9985,0.328038701188976,0.106897449245185,6.79223874003381,1.00073418353628,0.364009540542797,0.567890502224163,0.0333644943019944,0.0217128292145001,-0.0116516650874943,0.650776511640466,TRUE,TRUE,TRUE,"3"
"3440","10","$3,150,000","unlogpred","grosscon",7,0.9737,0.0863969125000286,0.219480519480519,7.82260860057653,1.00377713169718,0.176192764513973,0.450257479011249,0.0388416362975624,0.0186883377551381,-0.0201532985424243,0.481141876000494,TRUE,TRUE,TRUE,"3"
"3460","6","$2,031,156","unlogpred","grosscon",1,NA,NA,NA,NA,NA,NA,NA,NA,NA,NA,NA,NA,NA,NA,"3"
"3460","7","$2,166,123","unlogpred","grosscon",1,NA,NA,NA,NA,NA,NA,NA,NA,NA,NA,NA,NA,NA,NA,"3"
"3460","8","$2,282,600","unlogpred","grosscon",2,NA,NA,NA,NA,NA,NA,NA,NA,NA,NA,NA,NA,NA,NA,"3"
"3460","9","$2,646,570","unlogpred","grosscon",2,NA,NA,NA,NA,NA,NA,NA,NA,NA,NA,NA,NA,NA,NA,"3"
"3460","10","$2,840,700","unlogpred","grosscon",4,NA,NA,NA,NA,NA,NA,NA,NA,NA,NA,NA,NA,NA,NA,"3"
"3480","1","$354,900","unlogpred","grosscon",18,1.0083,0.853687734144208,0.830742626408261,4.70312500923327,1.00697939186721,-0.138387851533445,1.1871292782364,0.0921763067292191,0.0814259822624018,-0.0107503244668173,0.88337215008627,TRUE,FALSE,TRUE,"3"
"3480","2","$355,000","unlogpred","grosscon",1,NA,NA,NA,NA,NA,NA,NA,NA,NA,NA,NA,NA,NA,NA,"3"
"3480","3","$380,000","unlogpred","grosscon",1,NA,NA,NA,NA,NA,NA,NA,NA,NA,NA,NA,NA,NA,NA,"3"
"3480","4","$400,000","unlogpred","grosscon",3,NA,NA,NA,NA,NA,NA,NA,NA,NA,NA,NA,NA,NA,NA,"3"
"3480","5","$476,580","unlogpred","grosscon",4,NA,NA,NA,NA,NA,NA,NA,NA,NA,NA,NA,NA,NA,NA,"3"
"3480","6","$570,000","unlogpred","grosscon",2,NA,NA,NA,NA,NA,NA,NA,NA,NA,NA,NA,NA,NA,NA,"3"
"3480","7","$750,000","unlogpred","grosscon",1,NA,NA,NA,NA,NA,NA,NA,NA,NA,NA,NA,NA,NA,NA,"3"
"3480","8","$875,000","unlogpred","grosscon",1,NA,NA,NA,NA,NA,NA,NA,NA,NA,NA,NA,NA,NA,NA,"3"
"3500","1","$365,040","unlogpred","grosscon",21,1.0029,0.591074472968649,0.537206356712208,7.90967024737413,1.00620276370339,-0.0192907129750252,0.902153731133194,0.0872709787300704,0.0645121474764917,-0.0227588312535787,0.739216500321695,TRUE,TRUE,TRUE,"3"
"3500","2","$483,880","unlogpred","grosscon",22,0.9988,0.276581253901144,0.229662920200005,5.98590530268303,1.0000750686138,0.576655491026137,0.663323714934496,0.030204498201683,0.0243529474525289,-0.00585155074915407,0.806268897099968,TRUE,TRUE,TRUE,"3"
"3500","3","$516,252","unlogpred","grosscon",22,1,0.52944365953334,0.683029772569892,3.6233730035308,0.999662736631564,0.361491951187773,0.71527119703081,0.0285981887262759,0.0335408306931256,0.00494264196684973,1.172830594768,TRUE,FALSE,TRUE,"3"
"3500","4","$549,200","unlogpred","grosscon",6,1.0047,0.825006389920487,0.888979591836735,1.99109516134367,0.999454352681104,0.228099999273568,0.622681146415724,0.0263708352009563,0.0359327519016501,0.00956191670069388,1.36259438231016,TRUE,FALSE,TRUE,"3"
"3500","5","$600,768","unlogpred","grosscon",3,NA,NA,NA,NA,NA,NA,NA,NA,NA,NA,NA,NA,NA,NA,"3"
"3500","6","$642,000","unlogpred","grosscon",4,NA,NA,NA,NA,NA,NA,NA,NA,NA,NA,NA,NA,NA,NA,"3"
"3500","7","$688,400","unlogpred","grosscon",7,1.0008,0.304464987091944,0.510204081632653,8.90864366571621,0.998198267752635,0.849259014522151,0.316367922712704,0.0256131622111457,0.0485685632163295,0.0229554010051837,1.89623455377933,TRUE,TRUE,TRUE,"3"
"3500","8","$814,000","unlogpred","grosscon",1,NA,NA,NA,NA,NA,NA,NA,NA,NA,NA,NA,NA,NA,NA,"3"
"3500","9","$1,154,197","unlogpred","grosscon",3,NA,NA,NA,NA,NA,NA,NA,NA,NA,NA,NA,NA,NA,NA,"3"
"3510","1","$420,000","unlogpred","grosscon",2,NA,NA,NA,NA,NA,NA,NA,NA,NA,NA,NA,NA,NA,NA,"3"
"3510","2","$507,000","unlogpred","grosscon",1,NA,NA,NA,NA,NA,NA,NA,NA,NA,NA,NA,NA,NA,NA,"3"
"3510","5","$918,304","unlogpred","grosscon",3,NA,NA,NA,NA,NA,NA,NA,NA,NA,NA,NA,NA,NA,NA,"3"
"3510","6","$980,000","unlogpred","grosscon",2,NA,NA,NA,NA,NA,NA,NA,NA,NA,NA,NA,NA,NA,NA,"3"
"3510","7","$995,000","unlogpred","grosscon",2,NA,NA,NA,NA,NA,NA,NA,NA,NA,NA,NA,NA,NA,NA,"3"
"3510","8","$1,150,000","unlogpred","grosscon",1,NA,NA,NA,NA,NA,NA,NA,NA,NA,NA,NA,NA,NA,NA,"3"
"3511","1","$685,000","unlogpred","grosscon",1,NA,NA,NA,NA,NA,NA,NA,NA,NA,NA,NA,NA,NA,NA,"3"
"3511","2","$771,000","unlogpred","grosscon",3,NA,NA,NA,NA,NA,NA,NA,NA,NA,NA,NA,NA,NA,NA,"3"
"3511","3","$875,000","unlogpred","grosscon",14,1.0194,0.0000462705365464501,0.00407125913733843,8.19148143949492,1.00172366228488,0.912852029609743,0.471404290468365,0.022826725967099,-0.00444530748469431,-0.0272720334517933,-0.194741352356071,TRUE,TRUE,TRUE,"3"
"3511","4","$934,000","unlogpred","grosscon",16,0.997,0.277718414617459,0.243058563631638,2.95552878945043,1.00056362862273,0.201585459921648,0.728734751573178,0.0235770796817432,0.0164168148770583,-0.0071602648046849,0.696303999420699,TRUE,FALSE,TRUE,"3"
"3511","5","$995,000","unlogpred","grosscon",28,1.008,0.0240111986543367,0.0176514005783221,7.20937669123916,1.00124188597323,0.796581834815501,0.526027263974248,0.0243072585909416,0.00772720868726801,-0.0165800499036736,0.317897168796635,TRUE,TRUE,TRUE,"3"
"3511","6","$1,059,581","unlogpred","grosscon",28,1.0087,0.362528744513299,0.426234760040179,5.2150047424445,0.999370519490709,0.663754976944272,0.441423526210878,0.0227049316672327,0.0321036037198343,0.00939867205260165,1.41394848442401,TRUE,TRUE,TRUE,"3"
"3511","7","$1,179,800","unlogpred","grosscon",16,0.9876,0.327369921740873,0.532457671495898,7.00001185331417,0.998949401670769,0.838803388092151,0.27877490072798,0.0201049885202018,0.0418027709956539,0.0216977824754521,2.07922381819068,TRUE,TRUE,TRUE,"3"
"3511","8","$1,412,904","unlogpred","grosscon",15,1.0024,0.0011515756761188,0.000204081632653061,10.0202421162794,1.0030416020307,0.975824416844346,0.373671266255092,0.0303187235491867,-0.00185322670155621,-0.0321719502507429,-0.0611248260023112,TRUE,TRUE,TRUE,"3"
"3511","9","$1,649,565","unlogpred","grosscon",16,0.9739,0.36288876867495,0.262675689744925,8.38472848245236,0.999064971025574,0.583871221309954,0.478871636545919,0.0348552480537554,0.0415184857600686,0.00666323770631316,1.19116885055693,TRUE,TRUE,TRUE,"3"
"3512","2","$999,006","unlogpred","grosscon",1,NA,NA,NA,NA,NA,NA,NA,NA,NA,NA,NA,NA,NA,NA,"3"
"3512","3","$1,149,106","unlogpred","grosscon",2,NA,NA,NA,NA,NA,NA,NA,NA,NA,NA,NA,NA,NA,NA,"3"
"3512","4","$1,223,140","unlogpred","grosscon",9,0.9933,0.259572760451755,0.559392655367232,4.62134570377085,1.00020380622315,0.479103088268044,0.545266318979997,0.0201683657535617,0.0272862881728781,0.00711792241931638,1.35292509597905,TRUE,FALSE,TRUE,"3"
"3512","5","$1,350,000","unlogpred","grosscon",12,1.009,0.221961461004261,0.275074575773877,4.82340909995935,1.00027349811089,0.548073743565216,0.500778861704407,0.0261720667648502,0.0229792064050582,-0.00319286035979201,0.878005035350127,TRUE,FALSE,TRUE,"3"
"3512","6","$1,554,132","unlogpred","grosscon",21,1.053,0.595721804247482,0.466671032285866,6.00182091999665,0.998336968480224,0.686443183677082,0.40891342886449,0.0221568285659699,0.0429187773572479,0.020761948791278,1.93704515199281,TRUE,TRUE,TRUE,"3"
"3512","7","$1,778,000","unlogpred","grosscon",36,0.9972,0.267925101855146,0.28104763696411,5.09837000443848,1.00028567218534,0.453003734477899,0.681284823495648,0.0275888668104369,0.023835277296867,-0.00375358951356988,0.863945498763657,TRUE,TRUE,TRUE,"3"
"3512","8","$2,063,081","unlogpred","grosscon",23,0.9857,0.151419331246013,0.159683794466403,5.93031828959922,1.00134350626121,0.374814793986665,0.588895256314499,0.0324405009169117,0.0185270220891037,-0.0139134788278081,0.571107768543896,TRUE,TRUE,TRUE,"3"
"3512","9","$2,295,000","unlogpred","grosscon",32,0.9902,0.60968636986384,0.498635347405708,4.30563187616432,1.00067233187753,0.0905509488237015,0.969479220764261,0.0427295952921449,0.0356748439185914,-0.00705475137355349,0.834897772250832,TRUE,FALSE,TRUE,"3"
"3512","10","$4,065,000","unlogpred","grosscon",31,0.9527,0.814934227399623,0.726466760324013,6.90728315560697,1.00171815957133,0.0676771349479881,1.01268326790748,0.11251512481039,0.102854502946338,-0.00966062186405185,0.914139348995685,TRUE,TRUE,TRUE,"3"
"3513","1","$978,400","unlogpred","grosscon",1,NA,NA,NA,NA,NA,NA,NA,NA,NA,NA,NA,NA,NA,NA,"3"
"3513","4","$1,353,000","unlogpred","grosscon",2,NA,NA,NA,NA,NA,NA,NA,NA,NA,NA,NA,NA,NA,NA,"3"
"3513","5","$1,450,000","unlogpred","grosscon",3,NA,NA,NA,NA,NA,NA,NA,NA,NA,NA,NA,NA,NA,NA,"3"
"3513","6","$1,595,000","unlogpred","grosscon",7,0.999,0.591435415571597,0.444480519480519,3.41866184564662,0.998845207897785,0.56002779834645,0.395295113385147,0.0224391662062176,0.0349547702217627,0.0125156040155451,1.55775708867815,TRUE,FALSE,TRUE,"3"
"3513","7","$1,745,000","unlogpred","grosscon",7,1.0153,0.56187209661481,0.25,7.02543502027682,1.00386484496305,1.0376993760929,NA,0.0242614034364827,-0.0189848786821364,-0.043246282118619,-0.78251362217522,TRUE,TRUE,TRUE,"3"
"3513","8","$2,104,200","unlogpred","grosscon",13,1.0303,0.525377769787917,0.507967032967033,6.40446623537163,0.998600974955248,0.591001877070391,0.471735899967958,0.0269850702076517,0.0407664489934436,0.0137813787857919,1.51070383288772,TRUE,TRUE,TRUE,"3"
"3513","9","$2,660,000","unlogpred","grosscon",11,0.9879,0.54280074212463,0.628393524283935,6.95528064039207,0.997650967303852,0.543892561284561,0.478620101261399,0.0366070006835173,0.062715308265876,0.0261083075823587,1.71320531851478,TRUE,TRUE,TRUE,"3"
"3513","10","$3,350,000","unlogpred","grosscon",11,0.8891,0.296987427345653,0.25,11.3413853928784,1.00467122810779,0.189640797155383,0.564265991126485,0.0747875564811543,0.0556898232317556,-0.0190977332493987,0.74464022963217,FALSE,TRUE,TRUE,"3"
"3520","3","$1,041,000","unlogpred","grosscon",1,NA,NA,NA,NA,NA,NA,NA,NA,NA,NA,NA,NA,NA,NA,"3"
"3520","5","$1,175,000","unlogpred","grosscon",1,NA,NA,NA,NA,NA,NA,NA,NA,NA,NA,NA,NA,NA,NA,"3"
"3520","6","$1,211,000","unlogpred","grosscon",1,NA,NA,NA,NA,NA,NA,NA,NA,NA,NA,NA,NA,NA,NA,"3"
"3520","7","$1,340,275","unlogpred","grosscon",3,NA,NA,NA,NA,NA,NA,NA,NA,NA,NA,NA,NA,NA,NA,"3"
"3520","8","$1,432,275","unlogpred","grosscon",3,NA,NA,NA,NA,NA,NA,NA,NA,NA,NA,NA,NA,NA,NA,"3"
"3530","1","$566,000","unlogpred","grosscon",1,NA,NA,NA,NA,NA,NA,NA,NA,NA,NA,NA,NA,NA,NA,"3"
"3530","2","$587,270","unlogpred","grosscon",3,NA,NA,NA,NA,NA,NA,NA,NA,NA,NA,NA,NA,NA,NA,"3"
"3530","3","$616,000","unlogpred","grosscon",5,0.9847,0.831759822665886,0.81,2.0178279911092,1.00088105698794,-0.272673216330177,1.3863292638152,0.0255626552085243,0.0179642457330361,-0.00759840947548814,0.702753512359924,TRUE,FALSE,TRUE,"3"
"3530","4","$653,000","unlogpred","grosscon",2,NA,NA,NA,NA,NA,NA,NA,NA,NA,NA,NA,NA,NA,NA,"3"
"3530","5","$677,000","unlogpred","grosscon",1,NA,NA,NA,NA,NA,NA,NA,NA,NA,NA,NA,NA,NA,NA,"3"
"3530","6","$696,750","unlogpred","grosscon",1,NA,NA,NA,NA,NA,NA,NA,NA,NA,NA,NA,NA,NA,NA,"3"
"3530","7","$713,000","unlogpred","grosscon",2,NA,NA,NA,NA,NA,NA,NA,NA,NA,NA,NA,NA,NA,NA,"3"
"4040","1","$535,764","unlogpred","grosscon",2,NA,NA,NA,NA,NA,NA,NA,NA,NA,NA,NA,NA,NA,NA,"4"
"4040","2","$599,000","unlogpred","grosscon",9,1.0178,0.575155497883069,0.530042016806723,1.98584196305969,1.00070300519947,-0.231972842410208,1.28503342870762,0.0221579110118631,0.0124667130313375,-0.00969119798052552,0.562630341130219,TRUE,FALSE,TRUE,"4"
"4040","3","$627,333","unlogpred","grosscon",2,NA,NA,NA,NA,NA,NA,NA,NA,NA,NA,NA,NA,NA,NA,"4"
"4040","4","$661,117","unlogpred","grosscon",9,0.9951,0.0956176200435824,0.00463768115942029,4.74200190170811,1.00015597218167,0.796402321376392,0.434708462447489,0.0135173810624573,0.0109788671242814,-0.00253851393817585,0.812203715612765,TRUE,FALSE,TRUE,"4"
"4040","5","$697,501","unlogpred","grosscon",21,1.013,0.283442839327672,0.346609889131117,3.46920720107695,0.999885254259009,0.684601281789869,0.46219458292567,0.012757304715505,0.0156077137435536,0.00285040902804855,1.22343348313882,TRUE,FALSE,TRUE,"4"
"4040","6","$726,219","unlogpred","grosscon",20,1.0096,0.351177467386878,0.303773079400548,2.58363279788637,0.999937144173494,0.536553887589862,0.494911491765381,0.0122956076097424,0.0136518616268251,0.00135625401708275,1.11030394431326,TRUE,FALSE,TRUE,"4"
"4040","7","$813,417","unlogpred","grosscon",17,0.9903,0.0306654371951286,0.0294719114639721,5.1695899994761,1.00065623972189,1.24245775551561,0.515331677362351,0.0118006576255667,-0.00555769706507025,-0.017358354690637,-0.470965029358127,TRUE,TRUE,TRUE,"4"
"4040","8","$881,000","unlogpred","grosscon",18,0.9904,0.128863832014143,0.092245334426156,5.30172211068446,1.00046970463566,0.581867545958632,0.487803151326086,0.0208050073558541,0.0150406015730348,-0.0057644057828193,0.722931807510401,TRUE,TRUE,TRUE,"4"
"4040","9","$953,000","unlogpred","grosscon",25,0.9774,0.46966237859889,0.484678251586501,3.50296880571783,1.00056145754742,0.125457899060468,0.837462564532167,0.0293415603354983,0.0235368918548633,-0.00580466848063494,0.802169059373019,TRUE,FALSE,TRUE,"4"
"4040","10","$1,886,361","unlogpred","grosscon",2,NA,NA,NA,NA,NA,NA,NA,NA,NA,NA,NA,NA,NA,NA,"4"
"4050","1","$364,500","unlogpred","grosscon",12,1.001,0.363539331247365,0.00241307987786861,10.0300100692608,1.01480568888003,0.141722091517826,0.742930892685613,0.0425162096711194,-0.0133470023635095,-0.055863212034629,-0.313927381268324,TRUE,TRUE,TRUE,"4"
"4050","2","$379,000","unlogpred","grosscon",6,1.056,0.709305005781294,0.510204081632653,4.628917922971,0.998885748191654,0.470415846691312,0.510592813019927,0.0235457063711911,0.0381975197219465,0.0146518133507554,1.62227113172032,TRUE,FALSE,TRUE,"4"
"4050","3","$454,750","unlogpred","grosscon",5,1.0049,0.861229692226155,0.544444444444444,9.16612500927059,1.00216342188585,1.95316776868088,-0.0739003521362275,0.00849420849420852,-0.0398406823343207,-0.0483348908285292,-4.69033487481319,TRUE,TRUE,TRUE,"4"
"4050","4","$520,000","unlogpred","grosscon",5,0.9688,0.402899449172325,0.16,5.69871648460987,0.999201452077998,0.883037914020666,0.302466705860875,0.0133867707223899,0.0308445618058458,0.0174577910834559,2.30410772287726,TRUE,TRUE,TRUE,"4"
"4050","5","$549,500","unlogpred","grosscon",3,NA,NA,NA,NA,NA,NA,NA,NA,NA,NA,NA,NA,NA,NA,"4"
"4050","6","$616,000","unlogpred","grosscon",3,NA,NA,NA,NA,NA,NA,NA,NA,NA,NA,NA,NA,NA,NA,"4"
"4050","7","$700,777","unlogpred","grosscon",7,0.9622,0.0760569193534059,0.183673469387755,2.98918799827025,1.0001986939298,0.543329716239873,0.843550354608837,0.0107116771476531,0.00507767643935507,-0.005634000708298,0.474031878422287,TRUE,FALSE,TRUE,"4"
"4050","8","$732,000","unlogpred","grosscon",6,0.9358,0.720889398719343,0.888979591836735,3.09915379941164,0.999421368894836,0.634520930201817,0.3331162530693,0.0114995088575009,0.0295583170347578,0.0180588081772569,2.57039821448353,TRUE,FALSE,TRUE,"4"
"4050","9","$818,200","unlogpred","grosscon",3,NA,NA,NA,NA,NA,NA,NA,NA,NA,NA,NA,NA,NA,NA,"4"
"4100","1","$415,000","unlogpred","grosscon",1,NA,NA,NA,NA,NA,NA,NA,NA,NA,NA,NA,NA,NA,NA,"4"
"4130","6","$858,406","unlogpred","grosscon",1,NA,NA,NA,NA,NA,NA,NA,NA,NA,NA,NA,NA,NA,NA,"4"
"4130","8","$909,203","unlogpred","grosscon",1,NA,NA,NA,NA,NA,NA,NA,NA,NA,NA,NA,NA,NA,NA,"4"
"4130","9","$934,601","unlogpred","grosscon",1,NA,NA,NA,NA,NA,NA,NA,NA,NA,NA,NA,NA,NA,NA,"4"
"4140","1","$264,000","unlogpred","grosscon",10,0.9918,0.964038787030845,0.649733700642791,2.4294488278479,1.00386001127064,-0.0737043563193974,1.09653331163484,0.0905556768082413,0.0807840486747255,-0.00977162813351579,0.892092594545917,TRUE,FALSE,TRUE,"4"
"4140","2","$355,000","unlogpred","grosscon",5,1.0123,0.808022697618363,1,1.18522018700552,1.00038453150084,-0.130048378989713,1.03270492784139,0.0212642394460577,0.0185599148796578,-0.00270432456639984,0.872822887775504,TRUE,FALSE,TRUE,"4"
"4140","3","$388,956","unlogpred","grosscon",3,NA,NA,NA,NA,NA,NA,NA,NA,NA,NA,NA,NA,NA,NA,"4"
"4140","5","$395,460","unlogpred","grosscon",1,NA,NA,NA,NA,NA,NA,NA,NA,NA,NA,NA,NA,NA,NA,"4"
"4160","1","$421,427","unlogpred","grosscon",1,NA,NA,NA,NA,NA,NA,NA,NA,NA,NA,NA,NA,NA,NA,"4"
"4160","2","$441,000","unlogpred","grosscon",2,NA,NA,NA,NA,NA,NA,NA,NA,NA,NA,NA,NA,NA,NA,"4"
"4160","3","$497,157","unlogpred","grosscon",1,NA,NA,NA,NA,NA,NA,NA,NA,NA,NA,NA,NA,NA,NA,"4"
"4160","4","$536,556","unlogpred","grosscon",3,NA,NA,NA,NA,NA,NA,NA,NA,NA,NA,NA,NA,NA,NA,"4"
"4160","5","$547,921","unlogpred","grosscon",3,NA,NA,NA,NA,NA,NA,NA,NA,NA,NA,NA,NA,NA,NA,"4"
"4170","1","$400,159","unlogpred","grosscon",18,1.0562,0.288675141069031,0.0965903760373223,11.4330642251821,1.00518257757655,0.204690669699673,0.738714608335868,0.0662010704788616,0.0367241758862673,-0.0294768945925943,0.554736889005345,TRUE,TRUE,TRUE,"4"
"4170","2","$464,664","unlogpred","grosscon",21,1.0156,0.0267086750968816,0.0125067640692641,4.64426328820488,1.00120889124103,0.538366074298496,0.662317995347221,0.0208950321430196,0.00451173336963302,-0.0163832987733866,0.215923734347556,TRUE,FALSE,TRUE,"4"
"4170","3","$480,552","unlogpred","grosscon",21,0.9883,0.0502097110666318,0.383881147823688,4.0857865155284,1.0003220831022,0.896429759696811,0.662426439288128,0.0151641115677277,0.0143716573095641,-0.000792454258163591,0.947741464798367,TRUE,FALSE,TRUE,"4"
"4170","4","$503,369","unlogpred","grosscon",14,0.9856,0.045924440167523,0.059228077045449,4.02960225217366,1.00069621187653,0.484096864314469,0.530957944039991,0.0180303325614754,0.00340278045995162,-0.0146275521015238,0.188725329849,TRUE,FALSE,TRUE,"4"
"4170","5","$535,000","unlogpred","grosscon",14,0.9734,0.085901178806183,0.0895386551774217,7.32606322972862,0.999838673477973,1.15055135397957,0.2315584096692,0.0129382621292136,0.0192266884003903,0.00628842627117671,1.48603330249261,TRUE,TRUE,TRUE,"4"
"4170","6","$587,734","unlogpred","grosscon",13,0.9848,0.032663181286161,0.131505856780582,2.85534479429861,1.00053860061062,0.378349879416723,0.828643855776425,0.0150833265323472,0.00424577592639089,-0.0108375506059563,0.281488033643343,TRUE,FALSE,TRUE,"4"
"4170","7","$625,958","unlogpred","grosscon",16,0.9627,0.0914593852959545,0.199861591695502,2.73772129267429,1.00019618541706,0.62389970018512,0.417026768084416,0.0118776941666283,0.00838913043162504,-0.00348856373500328,0.706292847242625,TRUE,FALSE,TRUE,"4"
"4170","8","$686,409","unlogpred","grosscon",7,0.9191,0.210687607318122,0.286989795918367,6.11543817457058,1.00118695533151,1.43655980084804,NA,0.0131106936689326,-0.0128145176705937,-0.0259252113395263,-0.97740958595953,TRUE,TRUE,TRUE,"4"
"4180","2","$482,930","unlogpred","grosscon",1,NA,NA,NA,NA,NA,NA,NA,NA,NA,NA,NA,NA,NA,NA,"4"
"4180","3","$486,896","unlogpred","grosscon",1,NA,NA,NA,NA,NA,NA,NA,NA,NA,NA,NA,NA,NA,NA,"4"
"4200","6","$650,000","unlogpred","grosscon",1,NA,NA,NA,NA,NA,NA,NA,NA,NA,NA,NA,NA,NA,NA,"4"
"4210","1","$476,580","unlogpred","grosscon",21,1.0901,0.426447508275701,0.30178613594198,6.71990446750382,0.999937375936808,0.328272014781835,0.629644088126944,0.0426271333400947,0.0417005226999294,-0.000926610640165332,0.978262421899861,TRUE,TRUE,TRUE,"4"
"4210","2","$519,308","unlogpred","grosscon",49,1.0425,0.000875340143426995,0.00373091396980038,6.53395643675762,1.00148382059933,0.761934749632394,0.577071419334863,0.0225578372433276,0.000296745256989519,-0.0222610919863381,0.0131548629324956,TRUE,TRUE,TRUE,"4"
"4210","3","$555,640","unlogpred","grosscon",75,1.0255,0.0961723509172412,0.0795985945254878,5.60957219942437,1.0001374832358,0.872614212737344,0.398592044403518,0.0166176331404711,0.0128118626531564,-0.00380577048731463,0.770979991245207,TRUE,TRUE,TRUE,"4"
"4210","4","$590,585","unlogpred","grosscon",77,1.0066,0.0382134981009535,0.0476921173812652,3.91930901697856,1.00041173009772,0.737513794224367,0.553458993093937,0.0150179605372891,0.00573394628406418,-0.00928401425322497,0.381805922969831,TRUE,FALSE,TRUE,"4"
"4210","5","$634,370","unlogpred","grosscon",74,0.9938,0.0992305621183741,0.0986031263711137,4.30870996163709,1.00009427451888,0.86506997422476,0.39195407857898,0.0138257128454584,0.0118799863509962,-0.0019457264944622,0.859267546186499,TRUE,FALSE,TRUE,"4"
"4210","6","$680,000","unlogpred","grosscon",77,0.9932,0.0604489092910311,0.0657681403084535,5.95937274578331,1.0000585335706,1.06512993408341,0.336765210555115,0.0143557904801376,0.013009013097373,-0.0013467773827646,0.906185773285841,TRUE,TRUE,TRUE,"4"
"4210","7","$733,140","unlogpred","grosscon",65,0.9963,0.112841032840299,0.115324048651793,4.80191000574405,0.999993279051362,0.928955920490077,0.355010976410888,0.0132150266362124,0.0129450971680038,-0.000269929468208609,0.979574050386782,TRUE,FALSE,TRUE,"4"
"4210","8","$792,541","unlogpred","grosscon",57,0.9763,0.0333857458705529,0.0514367797875818,6.28414390918108,1.00065003112015,0.866358886389034,0.482413710541572,0.0193889060843745,0.00939368735168294,-0.0099952187326916,0.484487743186981,TRUE,TRUE,TRUE,"4"
"4210","9","$983,101","unlogpred","grosscon",54,0.9774,0.15362223322792,0.169689666115554,7.6597203489063,1.00153698285796,0.429336277393951,0.603876831055773,0.0372604522985637,0.0247918689872201,-0.0124685833113437,0.665366828844848,TRUE,TRUE,TRUE,"4"
"4210","10","$1,950,000","unlogpred","grosscon",34,0.9133,0.830375989721375,0.684864050087695,5.83748591554677,1.00271392238261,-0.00765112446608299,1.01390485050364,0.0843251184471656,0.0748493620704361,-0.00947575637672943,0.887628306354927,TRUE,TRUE,TRUE,"4"
"4211","1","$359,000","unlogpred","grosscon",5,1.0488,0.427969973507012,0.49,4.88691476910224,1.00145113726896,0.02271843966491,0.878884240612943,0.0373574349042393,0.0306798903489112,-0.00667754455532812,0.821252594766073,TRUE,FALSE,TRUE,"4"
"4211","2","$386,000","unlogpred","grosscon",4,NA,NA,NA,NA,NA,NA,NA,NA,NA,NA,NA,NA,NA,NA,"4"
"4211","4","$422,600","unlogpred","grosscon",2,NA,NA,NA,NA,NA,NA,NA,NA,NA,NA,NA,NA,NA,NA,"4"
"4211","5","$441,500","unlogpred","grosscon",2,NA,NA,NA,NA,NA,NA,NA,NA,NA,NA,NA,NA,NA,NA,"4"
"4211","6","$458,000","unlogpred","grosscon",1,NA,NA,NA,NA,NA,NA,NA,NA,NA,NA,NA,NA,NA,NA,"4"
"4220","1","$474,750","unlogpred","grosscon",3,NA,NA,NA,NA,NA,NA,NA,NA,NA,NA,NA,NA,NA,NA,"4"
"4220","2","$599,000","unlogpred","grosscon",3,NA,NA,NA,NA,NA,NA,NA,NA,NA,NA,NA,NA,NA,NA,"4"
"4220","3","$645,749","unlogpred","grosscon",3,NA,NA,NA,NA,NA,NA,NA,NA,NA,NA,NA,NA,NA,NA,"4"
"4220","4","$745,000","unlogpred","grosscon",1,NA,NA,NA,NA,NA,NA,NA,NA,NA,NA,NA,NA,NA,NA,"4"
"4220","5","$786,500","unlogpred","grosscon",6,1.0427,0.358403522818343,0.101680672268908,6.58444177717571,0.999450393724546,1.09005875740163,0.146760430060674,0.00874569103874334,0.0259238257737954,0.0171781347350521,2.96418266537808,TRUE,TRUE,TRUE,"4"
"4220","6","$890,000","unlogpred","grosscon",5,0.9756,0.0301280977000597,0,3.86439554605815,1.00082264734934,0.479775596535017,0.25097390391372,0.014122363027319,0.000664004665383722,-0.0134583583619353,0.0470179575542165,TRUE,FALSE,TRUE,"4"
"4220","7","$1,131,000","unlogpred","grosscon",2,NA,NA,NA,NA,NA,NA,NA,NA,NA,NA,NA,NA,NA,NA,"4"
"4220","8","$1,282,995","unlogpred","grosscon",9,1.0403,0.72636896423417,0.546892655367232,2.07601325192569,0.999647461758996,0.288342066485819,0.678979941662399,0.0199595402648091,0.0271567524195853,0.00719721215477619,1.36059007668957,TRUE,FALSE,TRUE,"4"
"4220","9","$1,364,819","unlogpred","grosscon",6,0.9827,0.0497884474938792,0.04,3.58741121330625,1.00142275921441,-0.724432748616137,1.40265433818397,0.019484412470024,-0.00398931882199527,-0.0234737312920193,-0.204744116771941,TRUE,FALSE,TRUE,"4"
"4220","10","$1,700,000","unlogpred","grosscon",18,0.9526,0.729556597494937,0.546546239200335,4.77488644900969,1.00207490017648,-0.0329155290085888,0.976872470704706,0.0575494059878281,0.0436771827711882,-0.0138722232166398,0.758951061639561,TRUE,FALSE,TRUE,"4"
"4250","1","$408,000","unlogpred","grosscon",1,NA,NA,NA,NA,NA,NA,NA,NA,NA,NA,NA,NA,NA,NA,"4"
"4250","3","$464,000","unlogpred","grosscon",2,NA,NA,NA,NA,NA,NA,NA,NA,NA,NA,NA,NA,NA,NA,"4"
"4260","1","$315,000","unlogpred","grosscon",10,1.0084,0.0381230746226983,0.0481873954266592,6.29225188708609,1.00474781766151,-1.00972702664287,3.70524948492509,0.0370906321401371,-0.000652814664901236,-0.0377434468050383,-0.0176005267970292,TRUE,TRUE,TRUE,"4"
"4260","2","$323,000","unlogpred","grosscon",1,NA,NA,NA,NA,NA,NA,NA,NA,NA,NA,NA,NA,NA,NA,"4"
"4260","4","$345,500","unlogpred","grosscon",1,NA,NA,NA,NA,NA,NA,NA,NA,NA,NA,NA,NA,NA,NA,"4"
"4260","5","$360,000","unlogpred","grosscon",3,NA,NA,NA,NA,NA,NA,NA,NA,NA,NA,NA,NA,NA,NA,"4"
"4260","6","$553,499","unlogpred","grosscon",1,NA,NA,NA,NA,NA,NA,NA,NA,NA,NA,NA,NA,NA,NA,"4"
"4260","7","$604,100","unlogpred","grosscon",2,NA,NA,NA,NA,NA,NA,NA,NA,NA,NA,NA,NA,NA,NA,"4"
"4260","8","$627,200","unlogpred","grosscon",1,NA,NA,NA,NA,NA,NA,NA,NA,NA,NA,NA,NA,NA,NA,"4"
"4270","1","$400,000","unlogpred","grosscon",2,NA,NA,NA,NA,NA,NA,NA,NA,NA,NA,NA,NA,NA,NA,"4"
"4270","2","$455,000","unlogpred","grosscon",4,NA,NA,NA,NA,NA,NA,NA,NA,NA,NA,NA,NA,NA,NA,"4"
"4270","3","$469,000","unlogpred","grosscon",1,NA,NA,NA,NA,NA,NA,NA,NA,NA,NA,NA,NA,NA,NA,"4"
"4270","4","$470,000","unlogpred","grosscon",1,NA,NA,NA,NA,NA,NA,NA,NA,NA,NA,NA,NA,NA,NA,"4"
"4270","5","$475,000","unlogpred","grosscon",2,NA,NA,NA,NA,NA,NA,NA,NA,NA,NA,NA,NA,NA,NA,"4"
"4270","6","$530,000","unlogpred","grosscon",1,NA,NA,NA,NA,NA,NA,NA,NA,NA,NA,NA,NA,NA,NA,"4"
"4310","1","$295,700","unlogpred","grosscon",22,1.0103,0.767048582660392,0.588041148227589,6.20184179291843,1.00974309081091,-0.262689748926516,1.28434552300762,0.0862893911895726,0.0544988375065882,-0.0317905536829845,0.631582130262774,TRUE,TRUE,TRUE,"4"
"4310","2","$304,800","unlogpred","grosscon",6,0.9084,0.000453807116048842,0.101680672268908,4.45150452598665,1.00101037066275,0.658781656410362,1.15021715963784,0.0178525886253507,0.00584796288148996,-0.0120046257438607,0.327569463690316,TRUE,FALSE,TRUE,"4"
"4320","1","$403,668","unlogpred","grosscon",6,1.1175,0.699228866049713,0.36,6.08303070859163,1.00183944372747,0.0185473123234667,0.937625950906109,0.0626715906606088,0.0516817636072496,-0.0109898270533592,0.824644197833219,FALSE,TRUE,TRUE,"4"
"4320","2","$437,208","unlogpred","grosscon",9,1.0037,0.368947713724675,0.204201680672269,3.98614525146301,0.999625183256016,0.633826714820507,0.420851440997605,0.0188949459999349,0.0216005572334365,0.00270561123350158,1.14319232420727,TRUE,FALSE,TRUE,"4"
"4320","3","$461,764","unlogpred","grosscon",5,1.0572,0.0458022545009562,0.168421052631579,5.37378891130841,1.00130123387902,0.643857056159627,0.609281402114828,0.0173219892510033,-0.00862390870666498,-0.0259458979576683,-0.497859026564484,TRUE,TRUE,TRUE,"4"
"4320","4","$491,800","unlogpred","grosscon",9,0.9801,0.12876764953366,0.295868347338936,3.12639907822396,1.00012562884458,0.654640217943369,0.813066224988119,0.0119723071089239,0.0106241242357884,-0.00134818287313543,0.887391556124506,TRUE,FALSE,TRUE,"4"
"4320","5","$530,000","unlogpred","grosscon",4,NA,NA,NA,NA,NA,NA,NA,NA,NA,NA,NA,NA,NA,NA,"4"
"4320","6","$548,952","unlogpred","grosscon",2,NA,NA,NA,NA,NA,NA,NA,NA,NA,NA,NA,NA,NA,NA,"4"
"4320","7","$563,600","unlogpred","grosscon",2,NA,NA,NA,NA,NA,NA,NA,NA,NA,NA,NA,NA,NA,NA,"4"
"4320","8","$599,400","unlogpred","grosscon",2,NA,NA,NA,NA,NA,NA,NA,NA,NA,NA,NA,NA,NA,NA,"4"
"4330","1","$353,760","unlogpred","grosscon",2,NA,NA,NA,NA,NA,NA,NA,NA,NA,NA,NA,NA,NA,NA,"4"
"4330","2","$355,070","unlogpred","grosscon",1,NA,NA,NA,NA,NA,NA,NA,NA,NA,NA,NA,NA,NA,NA,"4"
"4350","1","$400,000","unlogpred","grosscon",1,NA,NA,NA,NA,NA,NA,NA,NA,NA,NA,NA,NA,NA,NA,"4"
"4370","1","$330,963","unlogpred","grosscon",5,1.0141,0.217855489317597,0.25,4.76831951303347,1.00282147025631,-0.454554029947393,1.19073742025057,0.0330670081699928,0.00895673191465391,-0.0241102762553389,0.270866111279515,TRUE,FALSE,TRUE,"4"
"4370","2","$354,000","unlogpred","grosscon",3,NA,NA,NA,NA,NA,NA,NA,NA,NA,NA,NA,NA,NA,NA,"4"
"4370","3","$431,500","unlogpred","grosscon",4,NA,NA,NA,NA,NA,NA,NA,NA,NA,NA,NA,NA,NA,NA,"4"
"4370","4","$466,600","unlogpred","grosscon",3,NA,NA,NA,NA,NA,NA,NA,NA,NA,NA,NA,NA,NA,NA,"4"
"4370","6","$517,372","unlogpred","grosscon",1,NA,NA,NA,NA,NA,NA,NA,NA,NA,NA,NA,NA,NA,NA,"4"
"4370","8","$571,000","unlogpred","grosscon",1,NA,NA,NA,NA,NA,NA,NA,NA,NA,NA,NA,NA,NA,NA,"4"
"4370","9","$736,000","unlogpred","grosscon",1,NA,NA,NA,NA,NA,NA,NA,NA,NA,NA,NA,NA,NA,NA,"4"
"4400","2","$776,322","unlogpred","grosscon",2,NA,NA,NA,NA,NA,NA,NA,NA,NA,NA,NA,NA,NA,NA,"4"
"4400","5","$975,000","unlogpred","grosscon",6,1.0671,0.23247064923061,0.431836734693878,3.58321564374215,0.999947708488631,0.684204713435936,0.621188157070012,0.0136986301369864,0.0146274500630477,0.000928819926061308,1.06780385460248,TRUE,FALSE,TRUE,"4"
"4400","6","$1,100,000","unlogpred","grosscon",10,1.0341,0.428458574495757,0.345601469237833,3.04788282888837,0.999846961379347,0.47433408903293,0.450447921685292,0.0135980359156967,0.0180858947898518,0.00448785887415504,1.33003728641241,TRUE,FALSE,TRUE,"4"
"4400","7","$1,280,355","unlogpred","grosscon",26,1.002,0.18144658286805,0.154674037104521,2.82877410930543,1.00014964911503,0.495346997722022,0.582961878620282,0.0130923441539668,0.00976584140744745,-0.00332650274651933,0.745920004286517,TRUE,FALSE,TRUE,"4"
"4400","8","$1,389,400","unlogpred","grosscon",42,1.0257,0.538842307563231,0.506060791689422,4.01531485281054,0.999437083411531,0.500977182646213,0.554787387404197,0.0207827812982319,0.0294845876169506,0.00870180631871875,1.41870268439283,TRUE,FALSE,TRUE,"4"
"4400","9","$1,561,505","unlogpred","grosscon",60,1.0131,0.528359609583552,0.560427935567928,4.57479765031901,0.999841825845312,0.280457186014531,0.719355321284271,0.0357321839516743,0.0375013050723561,0.00176912112068178,1.04951057912034,TRUE,FALSE,TRUE,"4"
"4400","10","$1,950,000","unlogpred","grosscon",97,0.9777,0.800609321214893,0.767023719080748,5.12316689158412,0.999757035866543,0.0807568980064474,0.919725866195972,0.0801810948335888,0.080100600648968,-0.000080494184620819,0.99899609521686,TRUE,TRUE,TRUE,"4"
"4410","2","$461,600","unlogpred","grosscon",1,NA,NA,NA,NA,NA,NA,NA,NA,NA,NA,NA,NA,NA,NA,"4"
"4410","3","$466,400","unlogpred","grosscon",1,NA,NA,NA,NA,NA,NA,NA,NA,NA,NA,NA,NA,NA,NA,"4"
"4420","1","$402,008","unlogpred","grosscon",3,NA,NA,NA,NA,NA,NA,NA,NA,NA,NA,NA,NA,NA,NA,"4"
"4420","2","$446,011","unlogpred","grosscon",5,0.9867,0.58281385589415,0.49,1.53786098336569,1.00006862801378,0.149359987182175,0.843798829631911,0.016180770343146,0.0135910926564359,-0.00258967768671017,0.83995337479052,TRUE,FALSE,TRUE,"4"
"4420","3","$461,406","unlogpred","grosscon",7,0.992,0.434718339420536,0.460459183673469,4.10389722459553,0.999577242431443,0.645814452066343,0.481960613279588,0.0155483550011587,0.0238840474699966,0.00833569246883797,1.53611410777647,TRUE,FALSE,TRUE,"4"
"4420","5","$492,226","unlogpred","grosscon",1,NA,NA,NA,NA,NA,NA,NA,NA,NA,NA,NA,NA,NA,NA,"4"
"4420","6","$500,999","unlogpred","grosscon",1,NA,NA,NA,NA,NA,NA,NA,NA,NA,NA,NA,NA,NA,NA,"4"
"4420","7","$507,192","unlogpred","grosscon",1,NA,NA,NA,NA,NA,NA,NA,NA,NA,NA,NA,NA,NA,NA,"4"
"4470","1","$376,098","unlogpred","grosscon",15,1.0698,0.69139605228473,0.587915282392027,6.4224439218008,1.00010551161155,0.132005988077598,0.730118714387624,0.0645756137659992,0.063756129129266,-0.000819484636733134,0.9873096887673,TRUE,TRUE,TRUE,"4"
"4470","2","$401,600","unlogpred","grosscon",12,1.0032,0.374438884695639,0.406379585326954,3.59850800637046,0.999951593611959,0.464096650563506,0.645231337648251,0.0189163932497256,0.0192691418405756,0.000352748590849956,1.0186477721304,TRUE,FALSE,TRUE,"4"
"4470","3","$447,800","unlogpred","grosscon",10,1.0187,0.020876648234691,0.0402439024390244,6.30547407160861,1.00061035534152,0.863028241921902,0.489191019556117,0.0168716167007315,0.00889253070185099,-0.00797908599888046,0.527070455640772,TRUE,TRUE,TRUE,"4"
"4470","4","$468,000","unlogpred","grosscon",9,0.924,0.00507016683645397,0.0136111111111111,4.85882561157629,1.00094155206359,0.758774215406284,0.461124348752691,0.0162046662887685,-0.00205216807291918,-0.0182568343616876,-0.126640563671561,TRUE,FALSE,TRUE,"4"
"4470","5","$489,000","unlogpred","grosscon",3,NA,NA,NA,NA,NA,NA,NA,NA,NA,NA,NA,NA,NA,NA,"4"
"4470","6","$522,981","unlogpred","grosscon",2,NA,NA,NA,NA,NA,NA,NA,NA,NA,NA,NA,NA,NA,NA,"4"
"4470","7","$566,250","unlogpred","grosscon",7,0.9529,0.566804737613426,0.600324675324675,1.76620225919721,0.99993491141302,0.308602168141373,0.673268646678617,0.012871585766102,0.0163200499252343,0.00344846415913226,1.26791292244767,TRUE,FALSE,TRUE,"4"
"4470","8","$606,000","unlogpred","grosscon",1,NA,NA,NA,NA,NA,NA,NA,NA,NA,NA,NA,NA,NA,NA,"4"
"4470","9","$712,775","unlogpred","grosscon",1,NA,NA,NA,NA,NA,NA,NA,NA,NA,NA,NA,NA,NA,NA,"4"
"4490","3","$571,000","unlogpred","grosscon",2,NA,NA,NA,NA,NA,NA,NA,NA,NA,NA,NA,NA,NA,NA,"4"
"4490","4","$625,000","unlogpred","grosscon",1,NA,NA,NA,NA,NA,NA,NA,NA,NA,NA,NA,NA,NA,NA,"4"
"4490","5","$625,000","unlogpred","grosscon",3,NA,NA,NA,NA,NA,NA,NA,NA,NA,NA,NA,NA,NA,NA,"4"
"4490","7","$704,000","unlogpred","grosscon",1,NA,NA,NA,NA,NA,NA,NA,NA,NA,NA,NA,NA,NA,NA,"4"
"4490","8","$796,000","unlogpred","grosscon",2,NA,NA,NA,NA,NA,NA,NA,NA,NA,NA,NA,NA,NA,NA,"4"
"4500","3","$631,518","unlogpred","grosscon",3,NA,NA,NA,NA,NA,NA,NA,NA,NA,NA,NA,NA,NA,NA,"4"
"4500","4","$657,789","unlogpred","grosscon",2,NA,NA,NA,NA,NA,NA,NA,NA,NA,NA,NA,NA,NA,NA,"4"
"4500","5","$687,319","unlogpred","grosscon",1,NA,NA,NA,NA,NA,NA,NA,NA,NA,NA,NA,NA,NA,NA,"4"
"4500","6","$693,463","unlogpred","grosscon",7,1.0448,0.0489511663436518,0.00132275132275132,2.97298762608446,1.00079380839852,-0.183603833726957,1.56942740763767,0.0168108320706867,-0.000557854346141846,-0.0173686864168285,-0.0331842197813983,TRUE,FALSE,TRUE,"4"
"4500","7","$702,610","unlogpred","grosscon",2,NA,NA,NA,NA,NA,NA,NA,NA,NA,NA,NA,NA,NA,NA,"4"
"4500","8","$736,194","unlogpred","grosscon",4,NA,NA,NA,NA,NA,NA,NA,NA,NA,NA,NA,NA,NA,NA,"4"
"4530","1","$288,650","unlogpred","grosscon",2,NA,NA,NA,NA,NA,NA,NA,NA,NA,NA,NA,NA,NA,NA,"4"
"4560","1","$332,276","unlogpred","grosscon",4,NA,NA,NA,NA,NA,NA,NA,NA,NA,NA,NA,NA,NA,NA,"4"
"4560","2","$366,538","unlogpred","grosscon",2,NA,NA,NA,NA,NA,NA,NA,NA,NA,NA,NA,NA,NA,NA,"4"
"4560","4","$410,000","unlogpred","grosscon",1,NA,NA,NA,NA,NA,NA,NA,NA,NA,NA,NA,NA,NA,NA,"4"
"4560","6","$470,000","unlogpred","grosscon",2,NA,NA,NA,NA,NA,NA,NA,NA,NA,NA,NA,NA,NA,NA,"4"
"4580","1","$330,000","unlogpred","grosscon",1,NA,NA,NA,NA,NA,NA,NA,NA,NA,NA,NA,NA,NA,NA,"4"
"4590","1","$359,800","unlogpred","grosscon",5,1.0887,0.718472006868526,0.04,3.17621772136157,1.00055960936191,0.032230481915176,0.986398255457759,0.032295991597147,0.0228449176435351,-0.00945107395361191,0.707360774937568,TRUE,FALSE,TRUE,"4"
"4590","2","$440,000","unlogpred","grosscon",5,0.9997,0.649219946958501,0.95,1.02604700554873,1.00014178185153,-0.0941008876967417,1.40684854178795,0.0119534308638492,0.00885618402653261,-0.00309724683731663,0.740890554971658,TRUE,FALSE,TRUE,"4"
"4590","3","$462,465","unlogpred","grosscon",3,NA,NA,NA,NA,NA,NA,NA,NA,NA,NA,NA,NA,NA,NA,"4"
"4590","4","$519,308","unlogpred","grosscon",10,1.0035,0.00566554358135523,0.0121212121212121,6.22374307883666,1.00071671281881,0.928288362431866,0.279534610205288,0.0160346360453618,0.00397841429233008,-0.0120562217530317,0.248113788244098,TRUE,TRUE,TRUE,"4"
"4590","5","$539,673","unlogpred","grosscon",4,NA,NA,NA,NA,NA,NA,NA,NA,NA,NA,NA,NA,NA,NA,"4"
"4590","6","$568,184","unlogpred","grosscon",2,NA,NA,NA,NA,NA,NA,NA,NA,NA,NA,NA,NA,NA,NA,"4"
"4590","7","$572,663","unlogpred","grosscon",1,NA,NA,NA,NA,NA,NA,NA,NA,NA,NA,NA,NA,NA,NA,"4"
"5031","5","$347,000","unlogpred","grosscon",2,NA,NA,NA,NA,NA,NA,NA,NA,NA,NA,NA,NA,NA,NA,"5"
"5031","8","$402,800","unlogpred","grosscon",1,NA,NA,NA,NA,NA,NA,NA,NA,NA,NA,NA,NA,NA,NA,"5"
"5130","1","$251,000","unlogpred","grosscon",4,NA,NA,NA,NA,NA,NA,NA,NA,NA,NA,NA,NA,NA,NA,"5"
"5130","2","$266,000","unlogpred","grosscon",4,NA,NA,NA,NA,NA,NA,NA,NA,NA,NA,NA,NA,NA,NA,"5"
"5130","3","$286,610","unlogpred","grosscon",4,NA,NA,NA,NA,NA,NA,NA,NA,NA,NA,NA,NA,NA,NA,"5"
"5130","4","$299,600","unlogpred","grosscon",3,NA,NA,NA,NA,NA,NA,NA,NA,NA,NA,NA,NA,NA,NA,"5"
"5130","5","$305,000","unlogpred","grosscon",4,NA,NA,NA,NA,NA,NA,NA,NA,NA,NA,NA,NA,NA,NA,"5"
"5130","6","$326,000","unlogpred","grosscon",2,NA,NA,NA,NA,NA,NA,NA,NA,NA,NA,NA,NA,NA,NA,"5"
"5130","7","$352,000","unlogpred","grosscon",2,NA,NA,NA,NA,NA,NA,NA,NA,NA,NA,NA,NA,NA,NA,"5"
"5150","8","$473,000","unlogpred","grosscon",2,NA,NA,NA,NA,NA,NA,NA,NA,NA,NA,NA,NA,NA,NA,"5"
"5150","9","$479,000","unlogpred","grosscon",2,NA,NA,NA,NA,NA,NA,NA,NA,NA,NA,NA,NA,NA,NA,"5"
"5231","6","$540,000","unlogpred","grosscon",1,NA,NA,NA,NA,NA,NA,NA,NA,NA,NA,NA,NA,NA,NA,"5"
"5231","7","$598,000","unlogpred","grosscon",3,NA,NA,NA,NA,NA,NA,NA,NA,NA,NA,NA,NA,NA,NA,"5"
"5231","8","$841,000","unlogpred","grosscon",3,NA,NA,NA,NA,NA,NA,NA,NA,NA,NA,NA,NA,NA,NA,"5"
"5231","9","$924,600","unlogpred","grosscon",5,0.9297,0.27572655453889,0.213157894736842,3.27050117055535,1.00026017450834,0.328782234814646,0.648231221624748,0.0171638741315897,0.0146982006799828,-0.00246567345160695,0.856345168188519,TRUE,FALSE,TRUE,"5"
"5231","10","$1,135,000","unlogpred","grosscon",11,0.9464,0.447918609721048,0.221205170975813,15.9452621064908,1.03790697354983,-0.310465325623177,1.66474131740947,0.144428327090866,0.066368871821626,-0.0780594552692398,0.459528079833471,TRUE,FALSE,FALSE,"5"
"5250","1","$275,000","unlogpred","grosscon",3,NA,NA,NA,NA,NA,NA,NA,NA,NA,NA,NA,NA,NA,NA,"5"
"5250","2","$295,000","unlogpred","grosscon",2,NA,NA,NA,NA,NA,NA,NA,NA,NA,NA,NA,NA,NA,NA,"5"
"5250","3","$308,000","unlogpred","grosscon",6,1.0077,0.334655462628545,0.280519480519481,1.34904363283163,1.00013534703564,0.0767968574087619,0.887161390819706,0.0105088495575221,0.00797341288847312,-0.00253543666904902,0.758733184334704,TRUE,FALSE,TRUE,"5"
"5250","4","$320,000","unlogpred","grosscon",4,NA,NA,NA,NA,NA,NA,NA,NA,NA,NA,NA,NA,NA,NA,"5"
"5250","5","$330,000","unlogpred","grosscon",1,NA,NA,NA,NA,NA,NA,NA,NA,NA,NA,NA,NA,NA,NA,"5"
"5250","6","$375,000","unlogpred","grosscon",4,NA,NA,NA,NA,NA,NA,NA,NA,NA,NA,NA,NA,NA,NA,"5"
"5250","7","$380,000","unlogpred","grosscon",4,NA,NA,NA,NA,NA,NA,NA,NA,NA,NA,NA,NA,NA,NA,"5"
"5250","8","$418,000","unlogpred","grosscon",3,NA,NA,NA,NA,NA,NA,NA,NA,NA,NA,NA,NA,NA,NA,"5"
"5250","9","$480,000","unlogpred","grosscon",4,NA,NA,NA,NA,NA,NA,NA,NA,NA,NA,NA,NA,NA,NA,"5"
"5320","2","$333,000","unlogpred","grosscon",1,NA,NA,NA,NA,NA,NA,NA,NA,NA,NA,NA,NA,NA,NA,"5"
"5320","3","$354,000","unlogpred","grosscon",1,NA,NA,NA,NA,NA,NA,NA,NA,NA,NA,NA,NA,NA,NA,"5"
"5320","5","$369,000","unlogpred","grosscon",1,NA,NA,NA,NA,NA,NA,NA,NA,NA,NA,NA,NA,NA,NA,"5"
"5320","6","$391,800","unlogpred","grosscon",3,NA,NA,NA,NA,NA,NA,NA,NA,NA,NA,NA,NA,NA,NA,"5"
"5320","8","$433,999","unlogpred","grosscon",2,NA,NA,NA,NA,NA,NA,NA,NA,NA,NA,NA,NA,NA,NA,"5"
"5320","9","$482,499","unlogpred","grosscon",1,NA,NA,NA,NA,NA,NA,NA,NA,NA,NA,NA,NA,NA,NA,"5"
"5320","10","$595,000","unlogpred","grosscon",1,NA,NA,NA,NA,NA,NA,NA,NA,NA,NA,NA,NA,NA,NA,"5"
"5340","1","$274,600","unlogpred","grosscon",1,NA,NA,NA,NA,NA,NA,NA,NA,NA,NA,NA,NA,NA,NA,"5"
"5340","2","$300,600","unlogpred","grosscon",1,NA,NA,NA,NA,NA,NA,NA,NA,NA,NA,NA,NA,NA,NA,"5"
"5340","3","$309,900","unlogpred","grosscon",1,NA,NA,NA,NA,NA,NA,NA,NA,NA,NA,NA,NA,NA,NA,"5"
"5340","4","$328,800","unlogpred","grosscon",1,NA,NA,NA,NA,NA,NA,NA,NA,NA,NA,NA,NA,NA,NA,"5"
"5340","5","$345,000","unlogpred","grosscon",2,NA,NA,NA,NA,NA,NA,NA,NA,NA,NA,NA,NA,NA,NA,"5"
"5340","6","$358,000","unlogpred","grosscon",2,NA,NA,NA,NA,NA,NA,NA,NA,NA,NA,NA,NA,NA,NA,"5"
"5340","7","$370,000","unlogpred","grosscon",2,NA,NA,NA,NA,NA,NA,NA,NA,NA,NA,NA,NA,NA,NA,"5"
"5370","2","$318,200","unlogpred","grosscon",1,NA,NA,NA,NA,NA,NA,NA,NA,NA,NA,NA,NA,NA,NA,"5"
"5370","3","$320,000","unlogpred","grosscon",1,NA,NA,NA,NA,NA,NA,NA,NA,NA,NA,NA,NA,NA,NA,"5"
"5370","4","$321,600","unlogpred","grosscon",5,0.9534,0.184678935074121,0.213157894736842,3.79624798539525,1.00046496169581,1.57864789406613,0.123927164394153,0.00696084524549416,-0.0151627495045947,-0.0221235947500888,-2.17829142436541,TRUE,FALSE,TRUE,"5"
"5370","5","$330,000","unlogpred","grosscon",3,NA,NA,NA,NA,NA,NA,NA,NA,NA,NA,NA,NA,NA,NA,"5"
"5370","6","$332,000","unlogpred","grosscon",1,NA,NA,NA,NA,NA,NA,NA,NA,NA,NA,NA,NA,NA,NA,"5"
"5370","7","$343,999","unlogpred","grosscon",1,NA,NA,NA,NA,NA,NA,NA,NA,NA,NA,NA,NA,NA,NA,"5"
"5370","8","$364,399","unlogpred","grosscon",1,NA,NA,NA,NA,NA,NA,NA,NA,NA,NA,NA,NA,NA,NA,"5"
"5390","1","$240,000","unlogpred","grosscon",2,NA,NA,NA,NA,NA,NA,NA,NA,NA,NA,NA,NA,NA,NA,"5"
"5390","2","$245,000","unlogpred","grosscon",4,NA,NA,NA,NA,NA,NA,NA,NA,NA,NA,NA,NA,NA,NA,"5"
"5420","1","$195,000","unlogpred","grosscon",3,NA,NA,NA,NA,NA,NA,NA,NA,NA,NA,NA,NA,NA,NA,"5"
"BK01","1","$372,000","unlogpred","grosscon",10,1.068,0.494981844245103,0.724316334072432,12.7230908863512,0.998051608651141,0.409442687253933,0.701841227312058,0.0681346619292803,0.083431313999705,0.0152966520704247,1.22450617112185,TRUE,TRUE,TRUE,"3"
"BK01","2","$436,142","unlogpred","grosscon",6,1.0092,0.70889713745942,0.000816326530612245,1.32142167658626,0.999962152065138,0.16756403976203,0.780855778984729,0.0125899144464752,0.00877831570088627,-0.0038115987455889,0.697249829473143,TRUE,FALSE,TRUE,"3"
"BK01","3","$528,487","unlogpred","grosscon",2,NA,NA,NA,NA,NA,NA,NA,NA,NA,NA,NA,NA,NA,NA,"3"
"BK01","4","$539,934","unlogpred","grosscon",10,0.9138,0.687040516133901,0.550036954915004,15.3021272152912,0.995768755448387,0.975003612587875,0.196557729426158,0.020799878283283,0.0874893575747839,0.0666894792915009,4.20624372812315,TRUE,FALSE,TRUE,"3"
"BK01","5","$743,322","unlogpred","grosscon",2,NA,NA,NA,NA,NA,NA,NA,NA,NA,NA,NA,NA,NA,NA,"3"
"BK01","6","$780,010","unlogpred","grosscon",2,NA,NA,NA,NA,NA,NA,NA,NA,NA,NA,NA,NA,NA,NA,"3"
"BK01","7","$823,500","unlogpred","grosscon",4,NA,NA,NA,NA,NA,NA,NA,NA,NA,NA,NA,NA,NA,NA,"3"
"BK01","8","$960,512","unlogpred","grosscon",1,NA,NA,NA,NA,NA,NA,NA,NA,NA,NA,NA,NA,NA,NA,"3"
"BK01","9","$1,251,500","unlogpred","grosscon",1,NA,NA,NA,NA,NA,NA,NA,NA,NA,NA,NA,NA,NA,NA,"3"
"BK02","1","$350,000","unlogpred","grosscon",1,NA,NA,NA,NA,NA,NA,NA,NA,NA,NA,NA,NA,NA,NA,"3"
"BK02","2","$375,000","unlogpred","grosscon",1,NA,NA,NA,NA,NA,NA,NA,NA,NA,NA,NA,NA,NA,NA,"3"
"BK03","1","$407,499","unlogpred","grosscon",1,NA,NA,NA,NA,NA,NA,NA,NA,NA,NA,NA,NA,NA,NA,"3"
"BK03","2","$426,110","unlogpred","grosscon",1,NA,NA,NA,NA,NA,NA,NA,NA,NA,NA,NA,NA,NA,NA,"3"
"BK05","1","$407,293","unlogpred","grosscon",8,0.9979,0.738598228790109,0.510204081632653,3.79679410781185,1.00135714363497,0.00871542781817339,1.0187038438971,0.0528077063792107,0.0399955855314913,-0.0128121208477194,0.757381607227628,TRUE,FALSE,TRUE,"3"
"BK05","2","$410,670","unlogpred","grosscon",5,0.9691,0.82545522898778,0.64,2.72529952106932,0.999368261405056,0.195584358025896,0.793688847894475,0.0319834629535951,0.0355551070953885,0.0035716441417934,1.11167158937653,TRUE,FALSE,TRUE,"3"
"BK05","4","$475,000","unlogpred","grosscon",2,NA,NA,NA,NA,NA,NA,NA,NA,NA,NA,NA,NA,NA,NA,"3"
"BK05","5","$496,353","unlogpred","grosscon",1,NA,NA,NA,NA,NA,NA,NA,NA,NA,NA,NA,NA,NA,NA,"3"
"BK07","1","$601,000","unlogpred","grosscon",1,NA,NA,NA,NA,NA,NA,NA,NA,NA,NA,NA,NA,NA,NA,"3"
"BK07","2","$829,000","unlogpred","grosscon",1,NA,NA,NA,NA,NA,NA,NA,NA,NA,NA,NA,NA,NA,NA,"3"
"BK07","3","$1,150,000","unlogpred","grosscon",1,NA,NA,NA,NA,NA,NA,NA,NA,NA,NA,NA,NA,NA,NA,"3"
"BK07","6","$1,280,000","unlogpred","grosscon",1,NA,NA,NA,NA,NA,NA,NA,NA,NA,NA,NA,NA,NA,NA,"3"
"BK07","7","$1,448,000","unlogpred","grosscon",4,NA,NA,NA,NA,NA,NA,NA,NA,NA,NA,NA,NA,NA,NA,"3"
"BK07","8","$1,523,000","unlogpred","grosscon",4,NA,NA,NA,NA,NA,NA,NA,NA,NA,NA,NA,NA,NA,NA,"3"
"BK07","9","$1,545,000","unlogpred","grosscon",1,NA,NA,NA,NA,NA,NA,NA,NA,NA,NA,NA,NA,NA,NA,"3"
"QN01","6","$665,000","unlogpred","grosscon",1,NA,NA,NA,NA,NA,NA,NA,NA,NA,NA,NA,NA,NA,NA,"4"
"QN03","3","$542,900","unlogpred","grosscon",1,NA,NA,NA,NA,NA,NA,NA,NA,NA,NA,NA,NA,NA,NA,"4"
"QN03","4","$578,400","unlogpred","grosscon",1,NA,NA,NA,NA,NA,NA,NA,NA,NA,NA,NA,NA,NA,NA,"4"
"QN03","7","$709,150","unlogpred","grosscon",2,NA,NA,NA,NA,NA,NA,NA,NA,NA,NA,NA,NA,NA,NA,"4"
"QN04","2","$462,400","unlogpred","grosscon",1,NA,NA,NA,NA,NA,NA,NA,NA,NA,NA,NA,NA,NA,NA,"4"
"QN04","3","$474,600","unlogpred","grosscon",1,NA,NA,NA,NA,NA,NA,NA,NA,NA,NA,NA,NA,NA,NA,"4"
"QN04","4","$486,800","unlogpred","grosscon",1,NA,NA,NA,NA,NA,NA,NA,NA,NA,NA,NA,NA,NA,NA,"4"
"QN05","4","$570,000","unlogpred","grosscon",1,NA,NA,NA,NA,NA,NA,NA,NA,NA,NA,NA,NA,NA,NA,"4"
