"nbhd","decile","cutoff","predicted","actual","n","median_sales_ratio","r","spearmans","cod","prd","prb","clapp","gini","ci","ki","mki","accuracy","uniformity","vertical_equity","boro"
"All","All",NA,"unlogpred","grosscon",9750,0.9917,0.984427384349198,0.988468997356263,5.74589698997089,1.00989893745285,-0.00589118056187546,1.00994328852535,0.452008698806026,0.446026147049577,-0.00598255175644946,0.986764520744286,TRUE,TRUE,TRUE,NA
"1010","1","$680,152","unlogpred","grosscon",3,NA,NA,NA,NA,NA,NA,NA,NA,NA,NA,NA,NA,NA,NA,"1"
"1010","2","$741,000","unlogpred","grosscon",3,NA,NA,NA,NA,NA,NA,NA,NA,NA,NA,NA,NA,NA,NA,"1"
"1010","3","$1,009,600","unlogpred","grosscon",3,NA,NA,NA,NA,NA,NA,NA,NA,NA,NA,NA,NA,NA,NA,"1"
"1010","4","$1,095,000","unlogpred","grosscon",3,NA,NA,NA,NA,NA,NA,NA,NA,NA,NA,NA,NA,NA,NA,"1"
"1010","5","$1,185,000","unlogpred","grosscon",3,NA,NA,NA,NA,NA,NA,NA,NA,NA,NA,NA,NA,NA,NA,"1"
"1010","6","$1,207,000","unlogpred","grosscon",3,NA,NA,NA,NA,NA,NA,NA,NA,NA,NA,NA,NA,NA,NA,"1"
"1010","7","$1,276,000","unlogpred","grosscon",3,NA,NA,NA,NA,NA,NA,NA,NA,NA,NA,NA,NA,NA,NA,"1"
"1010","8","$1,432,000","unlogpred","grosscon",3,NA,NA,NA,NA,NA,NA,NA,NA,NA,NA,NA,NA,NA,NA,"1"
"1010","9","$1,564,000","unlogpred","grosscon",3,NA,NA,NA,NA,NA,NA,NA,NA,NA,NA,NA,NA,NA,NA,"1"
"1010","10","$2,000,000","unlogpred","grosscon",3,NA,NA,NA,NA,NA,NA,NA,NA,NA,NA,NA,NA,NA,NA,"1"
"1030","1","$965,467","unlogpred","grosscon",36,1.0244,0.831838392551057,0.834062799891946,4.62292910525798,1.00128157806599,0.0220959828048614,0.99067766694574,0.0820479951557681,0.076180494030584,-0.0058675011251841,0.928486965293367,TRUE,FALSE,TRUE,"1"
"1030","2","$1,094,771","unlogpred","grosscon",36,1.0008,0.306586070808744,0.246692290372084,4.68047047891646,1.00020327323566,0.427082264165261,0.639531682567622,0.0252043077193564,0.020755569214753,-0.00444873850460345,0.823492930091989,TRUE,FALSE,TRUE,"1"
"1030","3","$1,431,000","unlogpred","grosscon",36,1.0073,0.553656037123697,0.663006757794527,4.32898174722756,0.999350843800465,0.328287491404409,0.723687535912896,0.037930940130396,0.044248795616972,0.00631785548657603,1.16656205896445,TRUE,FALSE,TRUE,"1"
"1030","4","$1,800,000","unlogpred","grosscon",36,0.9998,0.487615077751907,0.589995227860932,5.47855403762128,1.0002066785524,0.258316504844637,0.814159315704845,0.0440397539037731,0.0420275552487867,-0.00201219865498636,0.954309493659228,TRUE,TRUE,TRUE,"1"
"1030","5","$2,175,000","unlogpred","grosscon",36,0.9897,0.174734788276196,0.107722074509828,6.40676027184746,1.00037976857861,0.61692241404006,0.56668796167039,0.0265349133825692,0.0205580268788381,-0.0059768865037311,0.774753871717655,TRUE,TRUE,TRUE,"1"
"1030","6","$2,534,000","unlogpred","grosscon",36,0.9856,0.533496526398711,0.469124943786103,4.98195607988372,0.999596454562116,0.327763196589299,0.70368983168463,0.0343533408130917,0.0375550943290147,0.00320175351592292,1.09320064483227,TRUE,FALSE,TRUE,"1"
"1030","7","$3,309,950","unlogpred","grosscon",36,0.9678,0.446680443269903,0.437314017683145,6.44135758658719,0.998714953137761,0.542325384137302,0.536739511570001,0.036058975988158,0.0468176645229976,0.0107586885348396,1.29836367339918,TRUE,TRUE,TRUE,"1"
"1030","8","$4,498,467","unlogpred","grosscon",36,1.0283,0.460337954790797,0.424966032394457,6.64760790906141,0.999098702805236,0.472006508962495,0.558163988523337,0.035551858805747,0.0438853809237215,0.00833352211797451,1.23440468087782,TRUE,TRUE,TRUE,"1"
"1030","9","$6,190,000","unlogpred","grosscon",36,0.9966,0.315431032255674,0.360803767602634,6.14835735472361,1.00412633914029,-0.0770083012319882,1.23602368600163,0.0529274392598577,0.0264938629063138,-0.0264335763535439,0.500569520778003,TRUE,TRUE,TRUE,"1"
"1030","10","$14,575,000","unlogpred","grosscon",35,0.9656,0.911427756402588,0.894255171948298,6.37596812687864,1.00398659599441,-0.00252481965412599,1.00489850020779,0.149845137963818,0.142958499450588,-0.00688663851322976,0.9540416285319,TRUE,TRUE,TRUE,"1"
"1040","1","$550,600","unlogpred","grosscon",3,NA,NA,NA,NA,NA,NA,NA,NA,NA,NA,NA,NA,NA,NA,"1"
"1040","2","$679,200","unlogpred","grosscon",3,NA,NA,NA,NA,NA,NA,NA,NA,NA,NA,NA,NA,NA,NA,"1"
"1040","3","$704,700","unlogpred","grosscon",3,NA,NA,NA,NA,NA,NA,NA,NA,NA,NA,NA,NA,NA,NA,"1"
"1040","4","$1,186,000","unlogpred","grosscon",3,NA,NA,NA,NA,NA,NA,NA,NA,NA,NA,NA,NA,NA,NA,"1"
"1040","5","$1,431,707","unlogpred","grosscon",3,NA,NA,NA,NA,NA,NA,NA,NA,NA,NA,NA,NA,NA,NA,"1"
"1040","6","$1,683,481","unlogpred","grosscon",3,NA,NA,NA,NA,NA,NA,NA,NA,NA,NA,NA,NA,NA,NA,"1"
"1040","7","$2,414,000","unlogpred","grosscon",3,NA,NA,NA,NA,NA,NA,NA,NA,NA,NA,NA,NA,NA,NA,"1"
"1040","8","$2,679,000","unlogpred","grosscon",3,NA,NA,NA,NA,NA,NA,NA,NA,NA,NA,NA,NA,NA,NA,"1"
"1040","9","$3,150,000","unlogpred","grosscon",2,NA,NA,NA,NA,NA,NA,NA,NA,NA,NA,NA,NA,NA,NA,"1"
"1040","10","$3,800,000","unlogpred","grosscon",2,NA,NA,NA,NA,NA,NA,NA,NA,NA,NA,NA,NA,NA,NA,"1"
"1050","1","$1,560,000","unlogpred","grosscon",10,1.0511,0.875229118491302,0.882460973370064,4.81830411283764,0.994929215644498,0.213580097415955,0.808565528784118,0.0763245033112582,0.0976277060955665,0.0213032027843083,1.27911354624126,TRUE,FALSE,TRUE,"1"
"1050","2","$1,852,000","unlogpred","grosscon",10,0.9931,0.357510078258621,0.321583937534858,7.41045276139767,1.00300694214946,0.0425222624740615,0.935891703244289,0.0483156143996037,0.032460052404468,-0.0158555619951358,0.671833584397805,TRUE,TRUE,TRUE,"1"
"1050","3","$2,359,560","unlogpred","grosscon",10,1.0114,0.0584475953886775,0.196932742054693,5.24261848732397,1.00104374670151,0.444254654987776,0.485049225168923,0.021756159360784,0.0144971516637224,-0.00725900769706165,0.666347006533415,TRUE,TRUE,TRUE,"1"
"1050","4","$2,828,919","unlogpred","grosscon",10,0.9981,0.485318158464724,0.471877309682188,5.74511709426269,0.999050875248507,0.843022777136046,0.335766689213067,0.0148294664813429,0.0329275549343116,0.0180980884529687,2.22041399639954,TRUE,TRUE,TRUE,"1"
"1050","5","$3,175,000","unlogpred","grosscon",10,1.0015,0.011354951589791,0.0178861788617886,6.27044896481607,1.00140203526286,0.648589136194237,0.616910645591725,0.0240157546762951,0.00537513800105405,-0.0186406166752411,0.223817159756366,TRUE,TRUE,TRUE,"1"
"1050","6","$3,564,568","unlogpred","grosscon",10,0.9644,0.628474419386503,0.847778397471649,5.88597863802219,0.99892017705021,0.92160592275579,0.215695748245914,0.0111592140297782,0.046578953548577,0.0354197395187988,4.17403532401849,TRUE,TRUE,TRUE,"1"
"1050","7","$4,076,053","unlogpred","grosscon",10,1.0037,0.124995929263007,0.0429819669083473,5.16268486486357,1.0015246445937,0.434452546651302,0.458901403364319,0.0183782304141571,-0.00755140757171766,-0.0259296379858748,-0.4108887200533,TRUE,TRUE,TRUE,"1"
"1050","8","$4,863,000","unlogpred","grosscon",10,0.9862,0.788879381094196,0.669421487603306,4.29449962684206,0.997785829760425,0.429380473604961,0.613463632493175,0.0336593584158878,0.0513754277086344,0.0177160692927465,1.52633413488904,TRUE,FALSE,TRUE,"1"
"1050","9","$6,380,000","unlogpred","grosscon",9,1.0116,0.353443052353923,0.204201680672269,2.9248285384728,1.00062728380922,0.0306191804182887,0.841228837948385,0.0223773207058687,0.0120557165284032,-0.0103216041774655,0.538747095189167,TRUE,FALSE,TRUE,"1"
"1050","10","$12,257,528","unlogpred","grosscon",9,0.9805,0.93302422968049,1,3.55574677905723,1.00417327765174,-0.0125779526231926,1.08145363608727,0.178022521481354,0.175349418867913,-0.00267310261344081,0.984984469430061,TRUE,FALSE,TRUE,"1"
"1060","1","$767,000","unlogpred","grosscon",12,1.0078,0.0971945661497705,0.26059954031982,9.3856297313872,1.01280225280042,0.227210208445604,1.06094143560403,0.0738819086081818,0.0254719147317178,-0.048409993876464,0.344765250540604,TRUE,TRUE,TRUE,"1"
"1060","2","$900,000","unlogpred","grosscon",12,1.0077,0.501532953670901,0.479289940828402,4.7477873839896,0.999206855653103,0.749136123978997,0.293849233083928,0.0152790102953597,0.032677887858731,0.0173988775633713,2.13874375545486,TRUE,FALSE,TRUE,"1"
"1060","3","$1,000,200","unlogpred","grosscon",12,1.0121,0.119992070060042,0.250902122788244,2.93128627315539,1.00013159421887,0.608653975183511,0.515845465008219,0.0105676476850259,0.00833226434640499,-0.00223538333862091,0.788469165016885,TRUE,FALSE,TRUE,"1"
"1060","4","$1,167,000","unlogpred","grosscon",12,1.0211,0.399675498060555,0.371439087228561,7.87370012436052,0.998208928234775,0.783490737607921,0.378611514775027,0.0266292198823915,0.0484239402383569,0.0217947203559654,1.8184513272346,TRUE,TRUE,TRUE,"1"
"1060","5","$1,290,000","unlogpred","grosscon",12,0.9759,0.454087547967676,0.567108330266225,6.54128926754249,0.99930387161104,0.396903261604331,0.696544415531085,0.0436027167802483,0.0497837138488458,0.00618099706859754,1.14175715471467,TRUE,TRUE,TRUE,"1"
"1060","6","$1,500,000","unlogpred","grosscon",12,1.0124,0.416431791883289,0.532650448143406,4.25300835316127,0.999192065119287,0.601973885681393,0.655264718389804,0.0259934522465568,0.0283713137164997,0.00237786146994286,1.09147924821174,TRUE,FALSE,TRUE,"1"
"1060","7","$1,680,000","unlogpred","grosscon",12,0.9966,0.700378381266084,0.698914964039519,3.03789734533833,0.999340068972194,0.266408269340618,0.740655053892881,0.0329549980087614,0.0386630586618969,0.00570806065313552,1.17320773776463,TRUE,FALSE,TRUE,"1"
"1060","8","$2,026,000","unlogpred","grosscon",12,0.9762,0.0394355752883268,0.000307790800748547,5.72587587312266,1.00037949039154,1.3489733597411,0.340278916309162,0.00757070391216737,-0.00745557803871636,-0.0150262819508837,-0.984793240524704,TRUE,TRUE,TRUE,"1"
"1060","9","$2,507,000","unlogpred","grosscon",11,1.0184,0.81436099738105,0.529555927943025,4.92764837022515,0.997620422390781,0.452305654218697,0.559338057312369,0.0297550576364176,0.0474053901983949,0.0176503325619774,1.59318764485856,TRUE,FALSE,TRUE,"1"
"1060","10","$3,018,909","unlogpred","grosscon",11,0.9272,0.09432529556842,0.0162723121627231,7.4012475537832,1.00539939110331,-0.177776056850109,1.2667403530426,0.0471868039893194,0.00847213256414408,-0.0387146714251753,0.179544530417058,TRUE,TRUE,TRUE,"1"
"1070","1","$866,000","unlogpred","grosscon",6,1.0283,0.888752588214771,0.784489795918367,4.16017306643454,0.99799007668793,0.185108821975347,0.800730275267373,0.0524490159240639,0.0614741650065983,0.00902514908253445,1.17207470766661,TRUE,FALSE,TRUE,"1"
"1070","2","$933,000","unlogpred","grosscon",6,1.0263,0.241475025714841,0.101680672268908,3.09225974094612,1.00077783373586,-0.156812117137414,1.57654184519348,0.0195567017928759,0.00744979416412435,-0.0121069076287516,0.380933055227039,TRUE,FALSE,TRUE,"1"
"1070","3","$1,151,000","unlogpred","grosscon",5,0.9929,0.60292377254103,0.8,3.74096257001587,0.999344032877706,0.646780263318029,0.525709242336148,0.0130767920994382,0.0227608006844461,0.00968400858500793,1.74054925025718,TRUE,FALSE,TRUE,"1"
"1070","4","$1,332,000","unlogpred","grosscon",5,1.0115,0.749277478229893,0.673684210526316,4.10861202607259,0.998515985688721,0.579463861441402,0.381316816038218,0.0206790123456789,0.0481035141779504,0.0274245018322715,2.32619979009791,TRUE,FALSE,TRUE,"1"
"1070","5","$1,450,000","unlogpred","grosscon",5,0.9972,0.245924500696206,0.318421052631579,2.95685382570027,1.00083196999697,0.157702855296797,0.81487178939753,0.0227553118574367,0.0133693334155213,-0.00938597844191538,0.587525826904985,TRUE,FALSE,TRUE,"1"
"1070","6","$1,666,000","unlogpred","grosscon",5,0.9882,0.838254846674945,0.81,4.6410750152149,0.997981111824273,0.472366475575352,0.521842001330058,0.0277548085565343,0.0502268249426903,0.022472016386156,1.80966209298048,TRUE,FALSE,TRUE,"1"
"1070","7","$1,846,000","unlogpred","grosscon",5,1.0062,0.449036785770023,0.64,3.09753539355615,0.999580342506576,0.677644248544829,0.437158397206167,0.0134297520661157,0.0252900461731668,0.0118602941070511,1.88313574581735,TRUE,FALSE,TRUE,"1"
"1070","8","$2,118,109","unlogpred","grosscon",5,0.9538,0.758948352166297,0.444736842105263,4.38441940725,0.998761287494106,0.274351425705702,0.909887248569229,0.0354435281789604,0.0405460978086523,0.00510256962969198,1.14396336628589,TRUE,FALSE,TRUE,"1"
"1070","9","$2,524,000","unlogpred","grosscon",5,0.942,0.139051645223553,0.336111111111111,5.88069666747173,1.00279777088812,-0.0217850640132598,1.24527076074234,0.0332943333755438,0.0109644432212644,-0.0223298901542794,0.329318598981719,TRUE,TRUE,TRUE,"1"
"1070","10","$3,250,000","unlogpred","grosscon",5,0.9858,0.999243024057131,1,1.68347684900457,0.995001714751897,0.0186722170329684,0.996514425543714,0.207010335865609,0.21127812357655,0.00426778771094102,1.02061630252951,TRUE,FALSE,TRUE,"1"
"1080","1","$880,000","unlogpred","grosscon",7,1.0083,0.915631454701874,0.73469387755102,6.94120552195519,1.00536888815763,-0.0309742204602334,0.975670737546455,0.139906369018144,0.132063579295507,-0.00784278972263661,0.943942582616668,TRUE,TRUE,TRUE,"1"
"1080","2","$1,147,356","unlogpred","grosscon",6,1.0383,0.0125567888707329,0.00336134453781513,4.46231475595592,1.00005366168715,1.19807527902177,0.202155957865662,0.00564627745436101,0.0080545384291133,0.00240826097475229,1.42652189769602,TRUE,FALSE,TRUE,"1"
"1080","3","$1,380,000","unlogpred","grosscon",6,0.9988,0.497108407828374,0.36,1.31860983750838,0.999999135649077,0.276636501303953,0.601832612723068,0.00774554591042905,0.00911870820504257,0.00137316229461352,1.17728412051171,TRUE,FALSE,TRUE,"1"
"1080","4","$1,490,000","unlogpred","grosscon",6,1.0056,0.0899901840301466,0.0204081632653061,2.91359521354098,1.00018835470245,0.491165032845347,0.395337282650721,0.0105627022925742,0.00282725547888729,-0.00773544681368691,0.267664031473737,TRUE,FALSE,TRUE,"1"
"1080","5","$1,999,999","unlogpred","grosscon",6,1.0032,0.327685787224432,0.183673469387755,4.36985341260049,1.00020981666449,0.374835921569995,0.584775390569729,0.0204357051851921,0.0180752780266286,-0.00236042715856355,0.884494949541847,TRUE,FALSE,TRUE,"1"
"1080","6","$2,200,356","unlogpred","grosscon",6,0.9826,0.800335948763231,0.784489795918367,7.50573459024427,0.995150129114243,0.750167520623053,0.272922624398446,0.0249690124334963,0.0679498626639763,0.04298085023048,2.72136764899922,TRUE,TRUE,TRUE,"1"
"1080","7","$2,275,356","unlogpred","grosscon",6,1.0807,0.882859211543016,1,3.15401671808357,0.998705336942926,0.648156159971159,0.411273986809472,0.0155659772953047,0.0378251461561714,0.0222591688608667,2.42998852167032,TRUE,FALSE,TRUE,"1"
"1080","8","$2,450,356","unlogpred","grosscon",6,1.0162,0.198652523095951,0.595102040816327,2.52499333191285,1.00056988016595,-0.0137132553835316,0.489597417890874,0.0163805630106377,0.0129104350091086,-0.00347012800152902,0.788155755130303,TRUE,FALSE,TRUE,"1"
"1080","9","$2,745,356","unlogpred","grosscon",6,0.9806,0.798622939017895,0.595102040816327,2.49413779940557,0.999108887048034,0.27437887722753,0.751378873520653,0.0298470767008903,0.0365791386050685,0.00673206190417819,1.22555180099019,TRUE,FALSE,TRUE,"1"
"1080","10","$4,650,000","unlogpred","grosscon",6,0.971,0.723571160379764,0.36,6.82222379561043,1.00508667413692,0.037588713507682,0.906684112030538,0.142340452384443,0.139548258701678,-0.00279219368276515,0.980383695316467,TRUE,TRUE,TRUE,"1"
"1090","1","$654,000","unlogpred","grosscon",20,1.0197,0.312252033836637,0.459967363774923,8.04901570244902,1.00116737947835,0.367469506561221,0.780475580947821,0.0552470074995346,0.0448309172311896,-0.010416090268345,0.81146326760897,TRUE,TRUE,TRUE,"1"
"1090","2","$837,400","unlogpred","grosscon",20,0.98,0.694566417349171,0.688294664426303,4.58271844685813,0.998518284794257,0.328735976133688,0.735481530004117,0.0407985483275846,0.0516853709388219,0.0108868226112373,1.26684338187289,TRUE,FALSE,TRUE,"1"
"1090","3","$895,500","unlogpred","grosscon",20,1.0241,0.498783965367296,0.593411696662471,6.64215880644344,0.998407545358003,0.782016224660902,0.395589676722357,0.021990691614748,0.0465476950680078,0.0245570034532598,2.11669991483082,TRUE,TRUE,TRUE,"1"
"1090","4","$967,360","unlogpred","grosscon",20,1.0222,0.0901649833153745,0.158078454053686,6.45402112674211,0.999816239744659,1.16707985197739,0.231428424896984,0.0109745687868356,0.0157407752591027,0.00476620647226706,1.43429555774294,TRUE,TRUE,TRUE,"1"
"1090","5","$1,080,000","unlogpred","grosscon",20,1.0016,0.084729251494047,0.0565785224175737,5.37354077426224,1.00064224634397,0.588633514943427,0.511956894879631,0.0206282877294079,0.0102371019572059,-0.010391185772202,0.496265230129198,TRUE,TRUE,TRUE,"1"
"1090","6","$1,254,000","unlogpred","grosscon",20,0.9632,0.471607780285013,0.564909439130707,5.72401098852625,0.999697826814081,0.374134507360547,0.647736052677015,0.0315035570082676,0.0383354035706702,0.00683184656240261,1.21685952988133,TRUE,TRUE,TRUE,"1"
"1090","7","$1,478,000","unlogpred","grosscon",20,0.9647,0.11702707174159,0.136493907962678,6.8880277436268,1.00063658243342,0.703550450708909,0.597755112621931,0.0257601934148326,0.0188979812025472,-0.00686221221228536,0.733611774501114,TRUE,TRUE,TRUE,"1"
"1090","8","$1,683,000","unlogpred","grosscon",20,0.9924,0.316395215285853,0.176785643567157,6.9812900009648,1.00056721382231,0.358669918122419,0.581624083394387,0.0351872893783842,0.0294228587166661,-0.00576443066171813,0.836178609845996,TRUE,TRUE,TRUE,"1"
"1090","9","$2,666,000","unlogpred","grosscon",20,1.0009,0.571300004095225,0.58585787777715,6.28937739211097,1.00096511091332,0.163686869081594,1.0188206455527,0.0666784533016324,0.0627231323334966,-0.00395532096813582,0.94068067310675,TRUE,TRUE,TRUE,"1"
"1090","10","$12,000,000","unlogpred","grosscon",19,0.9477,0.972773110505834,0.723134328358209,6.65376279783802,1.00147342435712,0.017264774977217,0.954853329284035,0.175160176100749,0.17296327232606,-0.00219690377468926,0.987457743971291,TRUE,TRUE,TRUE,"1"
"1100","1","$1,229,000","unlogpred","grosscon",15,1.0441,0.544919319517444,0.565529622980251,10.3134418989743,1.01452392517749,-0.150481939641115,1.08039299430654,0.103465368843225,0.0678532275440427,-0.0356121412991821,0.655806172661085,TRUE,TRUE,TRUE,"1"
"1100","2","$1,420,000","unlogpred","grosscon",14,1.0385,0.0000407018530756733,0.0796654672760867,8.00922003778055,1.00177079539625,1.05605908519173,0.574785170941993,0.0244807986875151,0.000952592511747825,-0.0235282061757673,0.0389118232581862,TRUE,TRUE,TRUE,"1"
"1100","3","$1,675,000","unlogpred","grosscon",14,1.0206,0.1688330236291,0.313009727579264,7.10931508870451,1.00217715230776,0.236482875196144,0.606850789074794,0.0368510535071755,0.02380422556438,-0.0130468279427955,0.645957803071898,TRUE,TRUE,TRUE,"1"
"1100","4","$1,916,000","unlogpred","grosscon",14,0.9868,0.00000435190192785613,0.0489488240045033,7.5996775508192,1.00042591147882,1.29107328199572,0.216643412771948,0.0115646453967258,-0.00462508736670918,-0.016189732763435,-0.399933349276635,TRUE,TRUE,TRUE,"1"
"1100","5","$2,300,000","unlogpred","grosscon",14,1.0351,0.641883227459892,0.68956165247556,6.21562534075397,0.998380772825335,0.58860797912501,0.422720123482382,0.0251507393611983,0.0490303736678178,0.0238796343066195,1.94946052931789,TRUE,TRUE,TRUE,"1"
"1100","6","$2,806,000","unlogpred","grosscon",14,0.9828,0.652929095421796,0.680132257123407,2.80510468242686,0.999573869341609,0.425604613071642,0.523657782305853,0.0178697805208931,0.0259166560592894,0.00804687553839629,1.45030634422107,TRUE,FALSE,TRUE,"1"
"1100","7","$3,394,000","unlogpred","grosscon",14,0.9649,0.662039992021922,0.687425848487795,4.91949004661592,0.998938653240888,0.305945843833889,0.653620115079641,0.035560133616888,0.0497079238904101,0.0141477902735221,1.39785537439047,TRUE,FALSE,TRUE,"1"
"1100","8","$3,915,000","unlogpred","grosscon",14,0.9915,0.257676140626554,0.286485699730733,5.54949653730645,1.00207482063766,0.20725189818652,0.970872562038518,0.0416793522997643,0.0281093056261848,-0.0135700466735796,0.674418004963664,TRUE,TRUE,TRUE,"1"
"1100","9","$4,726,000","unlogpred","grosscon",14,0.9752,0.581269956011384,0.409938519630149,7.995025475163,0.998950105843293,0.236120046577553,0.761760020145859,0.0643965749167386,0.0607398731300707,-0.00365670178666783,0.943215896320639,TRUE,TRUE,TRUE,"1"
"1100","10","$12,500,000","unlogpred","grosscon",14,0.9914,0.909881594161535,0.939408284023668,7.97365160847365,0.989032742668298,0.190869475698701,0.740748274550328,0.121658509755191,0.155670030413682,0.0340115206584911,1.2795654880775,TRUE,TRUE,TRUE,"1"
"1110","1","$942,000","unlogpred","grosscon",15,1.0294,0.703220053542532,0.733825796505653,8.49472733428914,1.00328307234087,0.0636923006900903,0.953993635672595,0.104335408741885,0.0969849117140041,-0.00735049702788047,0.929549353220393,TRUE,TRUE,TRUE,"1"
"1110","2","$1,237,471","unlogpred","grosscon",15,1.0345,0.186059987656123,0.172247823860727,5.76173520159546,1.00209136137783,0.0602135669611387,0.797986580344885,0.0354469727496704,0.0179586002735145,-0.0174883724761559,0.506632834356256,TRUE,TRUE,TRUE,"1"
"1110","3","$1,325,000","unlogpred","grosscon",15,0.9611,0.116121864585356,0.142221441349348,8.55164371292121,1.00037764293395,0.816482836100547,0.474149521330245,0.0263822485844779,0.0248174098582211,-0.00156483872625681,0.940685922913429,TRUE,TRUE,TRUE,"1"
"1110","4","$1,458,603","unlogpred","grosscon",15,0.9181,0.00891426294662737,0.00215561224489796,6.47678507220781,1.00080118806623,0.873409497958491,0.382892043513072,0.0184027617083141,0.0031258753424107,-0.0152768863659034,0.169859034853365,TRUE,TRUE,TRUE,"1"
"1110","5","$1,775,000","unlogpred","grosscon",15,0.9797,0.372902964793465,0.466151290569895,5.67689816425207,0.999821769055628,0.436025040408111,0.566224390976192,0.0309833482020006,0.0344758743464006,0.00349252614439995,1.11272268321777,TRUE,TRUE,TRUE,"1"
"1110","6","$2,096,000","unlogpred","grosscon",14,0.9935,0.280780956297197,0.322234593600232,2.38999954928719,1.00078808067931,-0.154050534984338,1.49815673380256,0.0204017067952568,0.00783309022281983,-0.012568616572437,0.3839428877902,TRUE,FALSE,TRUE,"1"
"1110","7","$2,444,411","unlogpred","grosscon",14,0.962,0.0168583301985195,0.0198286295202595,4.55211801672861,1.00055154719121,0.797040541642312,0.442583552867596,0.0154351169770506,0.0020963098544022,-0.0133388071226484,0.135814315986012,TRUE,FALSE,TRUE,"1"
"1110","8","$2,992,000","unlogpred","grosscon",14,1.0095,0.613063833640945,0.702720627390231,4.42019560138974,1.00000274935095,0.20068403075524,0.839424927568331,0.0379322318326396,0.0401986583291708,0.00226642649653121,1.05974935792154,TRUE,FALSE,TRUE,"1"
"1110","9","$3,815,157","unlogpred","grosscon",14,1.0316,0.555733624339801,0.588339572515397,4.10070083508383,0.999632913765986,0.320013961413984,0.722642116910935,0.0324740319607079,0.036594700453987,0.00412066849327911,1.12689118795796,TRUE,FALSE,TRUE,"1"
"1110","10","$8,000,000","unlogpred","grosscon",14,0.9688,0.992891466257218,0.905634585195025,2.3323225871501,1.0009784272884,-0.00168665755367641,1.00700950224655,0.146845550953622,0.144534355851608,-0.00231119510201466,0.984261047835596,TRUE,FALSE,TRUE,"1"
"1120","1","$910,000","unlogpred","grosscon",7,1.0836,0.941625758332457,0.862244897959183,4.84934815048007,0.99530521164769,0.103223359265323,0.837607594915712,0.102538576406172,0.114214435887771,0.0116758594815988,1.11386796941035,TRUE,FALSE,TRUE,"1"
"1120","2","$1,330,000","unlogpred","grosscon",7,1.0037,0.900210894934527,0.92984693877551,2.75342124366381,0.998707345995371,0.157120261956569,0.855636714587305,0.0479954827780915,0.0556661763212095,0.00767069354311799,1.1598211560572,TRUE,FALSE,TRUE,"1"
"1120","3","$1,540,000","unlogpred","grosscon",7,0.9852,0.851024342279495,0.79719387755102,1.58196232377762,1.00109086069922,-0.172951505734117,1.18002685292439,0.0340953118946144,0.0256666280442501,-0.00842868385036434,0.752790533888745,TRUE,FALSE,TRUE,"1"
"1120","4","$1,775,000","unlogpred","grosscon",7,0.9951,0.0477436588277555,0.00127551020408163,3.69413792745743,1.00087635764509,0.627724126860328,0.83806981499081,0.0147501141075626,-0.00349554916604067,-0.0182456632736033,-0.236984550800759,TRUE,FALSE,TRUE,"1"
"1120","5","$2,150,000","unlogpred","grosscon",7,0.9575,0.86072270152672,0.79719387755102,3.41340941270439,0.998594068774355,0.321166637957838,0.59282667567106,0.0312809359121845,0.0462113908980581,0.0149304549858737,1.4773020547655,TRUE,FALSE,TRUE,"1"
"1120","6","$2,550,000","unlogpred","grosscon",7,1.0287,0.474116279043874,0.326530612244898,4.0472391181823,1.00002928874829,0.287085437049182,0.608414588529714,0.0259267445832853,0.0273890741455174,0.00146232956223205,1.05640235925241,TRUE,FALSE,TRUE,"1"
"1120","7","$2,950,000","unlogpred","grosscon",7,0.9401,0.0239412511762884,0.0392857142857143,4.96413808940114,1.0002383307814,1.08835086286754,0.304682997244169,0.0120021924171042,0.0152779120497909,0.00327571963268675,1.27292677194698,TRUE,FALSE,TRUE,"1"
"1120","8","$3,550,000","unlogpred","grosscon",7,0.9446,0.616350921735111,0.368622448979592,3.48500065211651,0.999445931881361,0.407158114995608,0.697550420354107,0.0218846195335064,0.0275521997588502,0.00566758022534383,1.25897549722838,TRUE,FALSE,TRUE,"1"
"1120","9","$5,867,000","unlogpred","grosscon",6,0.9854,0.491694515912053,0.431836734693878,5.00615389136362,1.00229448940969,0.119528661501869,0.886218522660878,0.0565149136577707,0.0402457553834217,-0.016269158274349,0.712126282756657,TRUE,TRUE,TRUE,"1"
"1120","10","$8,400,000","unlogpred","grosscon",6,0.9607,0.815278162820061,0.595102040816327,5.31794326849884,1.0019947641211,0.016036390946144,0.99873167877535,0.0973888854029563,0.0861853986155999,-0.0112034867873564,0.884961340906605,TRUE,TRUE,TRUE,"1"
"1121","1","$999,000","unlogpred","grosscon",9,1.0369,0.783280169785737,0.466944444444444,4.73115324522226,0.99807405107231,0.213927507193535,0.806750081208738,0.0516219044297175,0.0598264415820593,0.00820453715234176,1.1589351892957,TRUE,FALSE,TRUE,"1"
"1121","2","$1,480,000","unlogpred","grosscon",9,1.0015,0.836669736591516,0.934444444444444,3.54444869457544,0.996744104543724,0.274191085411085,0.716936032133791,0.0514879980836476,0.0756650328635842,0.0241770347799367,1.46956641702516,TRUE,FALSE,TRUE,"1"
"1121","3","$1,880,000","unlogpred","grosscon",9,0.9997,0.212491501746232,0.213157894736842,4.45950247935659,0.999951584042379,0.740956997021813,0.629326504517625,0.0145839030170449,0.0122661594350703,-0.00231774358197454,0.841075219763483,TRUE,FALSE,TRUE,"1"
"1121","4","$2,396,538","unlogpred","grosscon",9,1.0086,0.00923147444015115,0,7.77014199528219,1.00665277466738,-0.41259917213572,2.39258692668916,0.047442882446582,0.00155142990996479,-0.0458914525366172,0.0327010044491208,TRUE,TRUE,TRUE,"1"
"1121","5","$2,800,000","unlogpred","grosscon",9,1.0149,0.747099728513033,0.64,4.94054374894645,0.998113970940228,0.273233204925756,0.742161856480964,0.0480085692048436,0.059137846520416,0.0111292773155724,1.23181855864285,TRUE,FALSE,TRUE,"1"
"1121","6","$3,340,800","unlogpred","grosscon",9,0.9894,0.816435916666581,0.808545197740113,4.97162220567104,0.997924349638776,0.483528578399446,0.487722274130013,0.0284017248911705,0.0499678372135038,0.0215661123223333,1.75932403419054,TRUE,FALSE,TRUE,"1"
"1121","7","$3,900,000","unlogpred","grosscon",9,0.946,0.901177009793714,0.694444444444445,3.07364063006544,0.998066451400974,0.240586800853944,0.739100846535596,0.0415038695215861,0.0525161706694658,0.0110123011478797,1.26533191422434,TRUE,FALSE,TRUE,"1"
"1121","8","$5,575,000","unlogpred","grosscon",9,1.018,0.119113416789761,0.0830459770114943,8.31702631253648,1.00246741675137,0.403798859750265,0.510103952471005,0.0376217262444807,0.0252323981703692,-0.0123893280741115,0.670686879341984,TRUE,TRUE,TRUE,"1"
"1121","9","$8,300,000","unlogpred","grosscon",8,0.966,0.974070387008197,0.952947845804989,5.57912981129156,0.9906685670692,0.177303301588455,0.772863996047571,0.104199772004975,0.130292081381986,0.0260923093770111,1.25040658798913,TRUE,TRUE,TRUE,"1"
"1121","10","$14,900,000","unlogpred","grosscon",8,0.9714,0.627701418320309,0.183673469387755,6.02669739795964,1.00037400063693,0.198908649962924,0.607681471116702,0.0474947626856101,0.0429678376064939,-0.00452692507911623,0.904685804852168,TRUE,TRUE,TRUE,"1"
"1130","1","$583,348","unlogpred","grosscon",20,1.0241,0.435388107813788,0.365625035439277,4.43012738483946,1.00024492572988,0.268807333837179,0.816864373418458,0.0312634212900669,0.0253180169440812,-0.00594540434598567,0.809828735926779,TRUE,FALSE,TRUE,"1"
"1130","2","$685,000","unlogpred","grosscon",20,1.011,0.475362431327847,0.374714564188248,4.13813524316222,0.999549564595104,0.471622170397775,0.522509513517568,0.0233604365053777,0.0282977437266956,0.00493730722131787,1.21135338032666,TRUE,FALSE,TRUE,"1"
"1130","3","$799,854","unlogpred","grosscon",20,1.0047,0.426165286781216,0.577443609022556,4.19784611002031,0.999955954760282,0.365667797587649,0.670670513755072,0.026023142494385,0.0302897850020605,0.00426664250767548,1.16395569860927,TRUE,FALSE,TRUE,"1"
"1130","4","$872,000","unlogpred","grosscon",20,0.9982,0.135718545516131,0.244005437193589,2.81664363561592,1.0001577597513,0.627742519958699,0.540424172262823,0.0133105332381485,0.0109987861539647,-0.00231174708418376,0.826321978028783,TRUE,FALSE,TRUE,"1"
"1130","5","$961,857","unlogpred","grosscon",20,1.0021,0.171280172094539,0.179459756318507,2.92836137211496,1.00015901661375,0.526432820598158,0.53304158937221,0.0140524037847793,0.0114342445941114,-0.00261815919066795,0.813686026194055,TRUE,FALSE,TRUE,"1"
"1130","6","$1,073,000","unlogpred","grosscon",20,0.9816,0.206814739487695,0.423884445560031,7.74045777009263,0.998520780329716,1.08758257806686,0.427617575040426,0.0235396198376858,0.0420095794771637,0.0184699596394779,1.78463287711675,TRUE,TRUE,TRUE,"1"
"1130","7","$1,303,500","unlogpred","grosscon",20,0.9868,0.201042242474443,0.279742636774168,5.17885180227089,1.00032190127301,0.561198170669574,0.654963921439213,0.0249790710217892,0.0164069844545978,-0.00857208656719148,0.656829248785351,TRUE,TRUE,TRUE,"1"
"1130","8","$1,445,915","unlogpred","grosscon",19,0.9732,0.600676443462969,0.663817716523294,3.79289596060952,0.999305857022914,0.47818539543333,0.533430033287215,0.0223387628742636,0.0327982650403038,0.0104595021660402,1.46822208664431,TRUE,FALSE,TRUE,"1"
"1130","9","$1,842,178","unlogpred","grosscon",19,0.9804,0.852488628363076,0.745041551246537,3.1954692123713,0.99953486579104,0.111279899345465,0.80563282555727,0.0456639750639168,0.0484024938020817,0.00273851873816498,1.05997109831835,TRUE,FALSE,TRUE,"1"
"1130","10","$4,600,000","unlogpred","grosscon",19,0.9655,0.901035177222446,0.564311569089537,8.97666318884164,0.993310624109932,0.0633129787983897,1.07088923589204,0.186733760286046,0.18489838044819,-0.00183537983785606,0.990171140799368,TRUE,TRUE,TRUE,"1"
"1131","1","$495,500","unlogpred","grosscon",3,NA,NA,NA,NA,NA,NA,NA,NA,NA,NA,NA,NA,NA,NA,"1"
"1131","2","$538,000","unlogpred","grosscon",3,NA,NA,NA,NA,NA,NA,NA,NA,NA,NA,NA,NA,NA,NA,"1"
"1131","3","$601,324","unlogpred","grosscon",3,NA,NA,NA,NA,NA,NA,NA,NA,NA,NA,NA,NA,NA,NA,"1"
"1131","4","$694,000","unlogpred","grosscon",3,NA,NA,NA,NA,NA,NA,NA,NA,NA,NA,NA,NA,NA,NA,"1"
"1131","5","$741,500","unlogpred","grosscon",3,NA,NA,NA,NA,NA,NA,NA,NA,NA,NA,NA,NA,NA,NA,"1"
"1131","6","$797,595","unlogpred","grosscon",3,NA,NA,NA,NA,NA,NA,NA,NA,NA,NA,NA,NA,NA,NA,"1"
"1131","7","$843,969","unlogpred","grosscon",3,NA,NA,NA,NA,NA,NA,NA,NA,NA,NA,NA,NA,NA,NA,"1"
"1131","8","$927,063","unlogpred","grosscon",3,NA,NA,NA,NA,NA,NA,NA,NA,NA,NA,NA,NA,NA,NA,"1"
"1131","9","$1,094,900","unlogpred","grosscon",3,NA,NA,NA,NA,NA,NA,NA,NA,NA,NA,NA,NA,NA,NA,"1"
"1131","10","$1,730,000","unlogpred","grosscon",2,NA,NA,NA,NA,NA,NA,NA,NA,NA,NA,NA,NA,NA,NA,"1"
"1132","1","$481,125","unlogpred","grosscon",3,NA,NA,NA,NA,NA,NA,NA,NA,NA,NA,NA,NA,NA,NA,"1"
"1132","2","$522,000","unlogpred","grosscon",3,NA,NA,NA,NA,NA,NA,NA,NA,NA,NA,NA,NA,NA,NA,"1"
"1132","3","$575,000","unlogpred","grosscon",2,NA,NA,NA,NA,NA,NA,NA,NA,NA,NA,NA,NA,NA,NA,"1"
"1132","4","$599,234","unlogpred","grosscon",2,NA,NA,NA,NA,NA,NA,NA,NA,NA,NA,NA,NA,NA,NA,"1"
"1132","5","$655,000","unlogpred","grosscon",2,NA,NA,NA,NA,NA,NA,NA,NA,NA,NA,NA,NA,NA,NA,"1"
"1132","6","$689,000","unlogpred","grosscon",2,NA,NA,NA,NA,NA,NA,NA,NA,NA,NA,NA,NA,NA,NA,"1"
"1132","7","$700,402","unlogpred","grosscon",2,NA,NA,NA,NA,NA,NA,NA,NA,NA,NA,NA,NA,NA,NA,"1"
"1132","8","$712,574","unlogpred","grosscon",2,NA,NA,NA,NA,NA,NA,NA,NA,NA,NA,NA,NA,NA,NA,"1"
"1132","9","$861,670","unlogpred","grosscon",2,NA,NA,NA,NA,NA,NA,NA,NA,NA,NA,NA,NA,NA,NA,"1"
"1132","10","$950,000","unlogpred","grosscon",2,NA,NA,NA,NA,NA,NA,NA,NA,NA,NA,NA,NA,NA,NA,"1"
"1133","1","$637,600","unlogpred","grosscon",1,NA,NA,NA,NA,NA,NA,NA,NA,NA,NA,NA,NA,NA,NA,"1"
"1133","2","$737,200","unlogpred","grosscon",1,NA,NA,NA,NA,NA,NA,NA,NA,NA,NA,NA,NA,NA,NA,"1"
"1133","3","$836,800","unlogpred","grosscon",1,NA,NA,NA,NA,NA,NA,NA,NA,NA,NA,NA,NA,NA,NA,"1"
"1150","1","$1,660,800","unlogpred","grosscon",1,NA,NA,NA,NA,NA,NA,NA,NA,NA,NA,NA,NA,NA,NA,"1"
"1150","2","$1,753,600","unlogpred","grosscon",1,NA,NA,NA,NA,NA,NA,NA,NA,NA,NA,NA,NA,NA,NA,"1"
"1150","3","$1,880,000","unlogpred","grosscon",1,NA,NA,NA,NA,NA,NA,NA,NA,NA,NA,NA,NA,NA,NA,"1"
"1150","4","$2,040,000","unlogpred","grosscon",1,NA,NA,NA,NA,NA,NA,NA,NA,NA,NA,NA,NA,NA,NA,"1"
"1150","5","$2,200,000","unlogpred","grosscon",1,NA,NA,NA,NA,NA,NA,NA,NA,NA,NA,NA,NA,NA,NA,"1"
"1160","1","$687,200","unlogpred","grosscon",16,1.0193,0.84100603100981,0.923522914320367,3.67207381813656,0.997412110738105,0.188203768539755,0.832878929602414,0.0617446233012271,0.0737221395342873,0.0119775162330602,1.19398476486976,TRUE,FALSE,TRUE,"1"
"1160","2","$759,200","unlogpred","grosscon",16,1.0315,0.673068975865624,0.680203273970138,3.81546477421771,0.999284211103498,0.639568674837663,0.391226139862546,0.0136879619852164,0.0286856025414657,0.0149976405562493,2.09568104970246,TRUE,FALSE,TRUE,"1"
"1160","3","$850,000","unlogpred","grosscon",15,1.0143,0.0417214278823801,0.0080005120327701,6.32411609868364,1.00138360660062,1.43195243418997,1.00029034378752,0.0154078227893253,-0.0172230959871497,-0.0326309187764751,-1.11781503607908,TRUE,TRUE,TRUE,"1"
"1160","4","$973,800","unlogpred","grosscon",15,0.9957,0.683509539946289,0.71551901336074,6.29796078678011,0.996986305281781,0.485986351165999,0.581154929676534,0.0395977097138098,0.061422344789685,0.0218246350758752,1.5511590249439,TRUE,TRUE,TRUE,"1"
"1160","5","$1,120,000","unlogpred","grosscon",15,0.939,0.23058827791441,0.114519748653501,9.39205880543543,0.99960286246817,0.802289621583194,0.346262575869481,0.0267684712231275,0.0286096874103689,0.00184121618724144,1.06878301610481,TRUE,TRUE,TRUE,"1"
"1160","6","$1,271,262","unlogpred","grosscon",15,0.9907,0.0139034345477917,0.00000319447993866598,5.93326771447886,1.00070537952304,0.884316668327306,0.583299393333867,0.0173853068162837,0.00537699301315987,-0.0120083138031238,0.309283757254349,TRUE,TRUE,TRUE,"1"
"1160","7","$1,533,000","unlogpred","grosscon",15,0.9333,0.372987542021048,0.188630845898288,7.50053603608443,0.998646755187393,0.702629898149042,0.361654682159257,0.0285314958343354,0.0427275982892778,0.0141961024549424,1.49755899716476,TRUE,TRUE,TRUE,"1"
"1160","8","$1,862,000","unlogpred","grosscon",15,0.9769,0.189647071113257,0.035472972972973,6.08757056308946,1.00261339971394,0.0914196985321039,0.887327325359157,0.0371130785339683,0.0114298093712757,-0.0256832691626926,0.307972548297615,TRUE,TRUE,TRUE,"1"
"1160","9","$2,546,000","unlogpred","grosscon",15,1.0519,0.227385101761606,0.327114745719397,4.26156129209912,1.00017707535445,0.522974726951769,0.677463610786056,0.0205856990100377,0.018017521790986,-0.00256817721905165,0.875244594910312,TRUE,FALSE,TRUE,"1"
"1160","10","$8,825,000","unlogpred","grosscon",15,0.994,0.92458355904607,0.938423204702274,7.77222871236896,1.02560301304732,-0.324030226086038,1.63775570401567,0.134244299854809,0.0755393068097327,-0.0587049930450767,0.562700292611541,TRUE,TRUE,TRUE,"1"
"1170","1","$1,110,500","unlogpred","grosscon",3,NA,NA,NA,NA,NA,NA,NA,NA,NA,NA,NA,NA,NA,NA,"1"
"1170","2","$1,138,000","unlogpred","grosscon",3,NA,NA,NA,NA,NA,NA,NA,NA,NA,NA,NA,NA,NA,NA,"1"
"1170","3","$1,149,000","unlogpred","grosscon",3,NA,NA,NA,NA,NA,NA,NA,NA,NA,NA,NA,NA,NA,NA,"1"
"1170","4","$1,340,000","unlogpred","grosscon",3,NA,NA,NA,NA,NA,NA,NA,NA,NA,NA,NA,NA,NA,NA,"1"
"1170","5","$1,909,000","unlogpred","grosscon",3,NA,NA,NA,NA,NA,NA,NA,NA,NA,NA,NA,NA,NA,NA,"1"
"1170","6","$2,323,600","unlogpred","grosscon",2,NA,NA,NA,NA,NA,NA,NA,NA,NA,NA,NA,NA,NA,NA,"1"
"1170","7","$2,652,500","unlogpred","grosscon",2,NA,NA,NA,NA,NA,NA,NA,NA,NA,NA,NA,NA,NA,NA,"1"
"1170","8","$3,200,000","unlogpred","grosscon",2,NA,NA,NA,NA,NA,NA,NA,NA,NA,NA,NA,NA,NA,NA,"1"
"1170","9","$6,047,500","unlogpred","grosscon",2,NA,NA,NA,NA,NA,NA,NA,NA,NA,NA,NA,NA,NA,NA,"1"
"1170","10","$10,250,000","unlogpred","grosscon",2,NA,NA,NA,NA,NA,NA,NA,NA,NA,NA,NA,NA,NA,NA,"1"
"1180","1","$699,600","unlogpred","grosscon",20,1.0273,0.793249767637592,0.891817513709085,5.94260413102373,0.999125866764529,0.0818799473327455,0.931551721421815,0.0926743983894704,0.100608795595381,0.00793439720591013,1.08561584799898,TRUE,TRUE,TRUE,"1"
"1180","2","$924,000","unlogpred","grosscon",20,1.0312,0.622227164783448,0.579134913395017,4.11533453889344,1.00031856058375,0.124928213387005,0.86957947695897,0.0394671098011649,0.0360705713271898,-0.00339653847397514,0.913940025223867,TRUE,FALSE,TRUE,"1"
"1180","3","$1,218,125","unlogpred","grosscon",20,1.0439,0.0186123787821844,0.0196169155921478,5.47737601137123,1.00171415937237,0.366254106080993,0.705696484816016,0.0263812812450853,0.00463403928558819,-0.0217472419594971,0.175656339149619,TRUE,TRUE,TRUE,"1"
"1180","4","$1,344,000","unlogpred","grosscon",20,1.0109,0.00496034933445027,0.000183440529033427,6.6543442746296,1.00120168858421,0.833107893624011,0.91867624136136,0.0213024780987821,0.000788845686286521,-0.0205136324124956,0.037030700495433,TRUE,TRUE,TRUE,"1"
"1180","5","$1,475,000","unlogpred","grosscon",20,0.9599,0.281717263161298,0.220123240431907,4.56250978520153,0.999799328299983,0.674340777621843,0.464924349777479,0.0173611951935241,0.0202681997568396,0.0029070045633155,1.1674426518976,TRUE,FALSE,TRUE,"1"
"1180","6","$1,606,484","unlogpred","grosscon",20,0.9438,0.836429709816841,0.811219879518072,5.81329094914167,0.9964993005209,0.409614627664137,0.596797408225376,0.0428177270480766,0.0689320473278014,0.0261143202797248,1.6098950616973,TRUE,TRUE,TRUE,"1"
"1180","7","$2,100,319","unlogpred","grosscon",20,1.0155,0.195086717450637,0.198944879127842,3.55171324858345,1.00028522974919,0.39779601077145,0.431359587571241,0.0164825048463637,0.0132443541306969,-0.00323815071566678,0.803540132652765,TRUE,FALSE,TRUE,"1"
"1180","8","$2,318,686","unlogpred","grosscon",20,0.9916,0.301208192746356,0.376707004531645,5.40481746044552,0.999799320633674,0.617498959421113,0.460473457500251,0.0196909187313897,0.0238410265697796,0.00415010783838987,1.21076252941789,TRUE,TRUE,TRUE,"1"
"1180","9","$2,791,000","unlogpred","grosscon",20,0.931,0.000217976242306121,0.0746042440438445,6.6557001044247,1.00060285182176,1.1852868799236,0.340828344998756,0.0133975313399912,-0.00725740470658121,-0.0206549360465724,-0.541697162141961,TRUE,TRUE,TRUE,"1"
"1180","10","$5,012,370","unlogpred","grosscon",19,1.001,0.926542409387409,0.718663647705744,6.08471337505642,0.995900449829933,0.0892221414575226,0.859987496698879,0.121662714592071,0.129809149188412,0.00814643459634076,1.06695917170396,TRUE,TRUE,TRUE,"1"
"1190","1","$594,600","unlogpred","grosscon",10,1.0283,0.748122039957857,0.881799591002045,2.91129891522587,1.00159028379555,-0.197054529208902,1.27803769951881,0.0353246068698937,0.0272130593165972,-0.00811154755329646,0.770371186771515,TRUE,FALSE,TRUE,"1"
"1190","2","$648,320","unlogpred","grosscon",10,1.0243,0.00493934130861046,0.00535415504740658,4.40171475249766,1.00031126803018,1.23996562514428,0.321448832301168,0.00886967659301945,-0.0030396254101305,-0.0119093020031499,-0.342698561582586,TRUE,FALSE,TRUE,"1"
"1190","3","$750,000","unlogpred","grosscon",9,1.025,0.133365011402164,0.0544444444444444,4.12455024499637,0.999898559587869,1.11822770563854,0.24538277086503,0.00614971238268246,0.00966054536934655,0.00351083298666409,1.57089385132068,TRUE,FALSE,TRUE,"1"
"1190","4","$789,000","unlogpred","grosscon",9,1.0117,0.0120880865030985,0.114942528735632,12.7087706785545,1.0010498405833,1.57713501848781,0.431454044084374,0.0126388999214482,-0.0320911192294131,-0.0447300191508613,-2.53907534903054,TRUE,TRUE,TRUE,"1"
"1190","5","$873,250","unlogpred","grosscon",9,0.9782,0.0452902518921094,0,4.62220937608989,1.00036492317785,0.768349528119996,0.359630298545055,0.0147217543254593,0.00498263242098515,-0.00973912190447418,0.338453713520293,TRUE,FALSE,TRUE,"1"
"1190","6","$1,034,000","unlogpred","grosscon",9,1.0025,0.767015933553845,0.112044817927171,9.0120997788795,0.996239586889728,0.834949306390286,0.273972217823303,0.02158161104051,0.0547116781146227,0.0331300670741127,2.53510630007767,TRUE,TRUE,TRUE,"1"
"1190","7","$1,198,000","unlogpred","grosscon",9,0.9734,0.247968645801171,0.444444444444444,6.40894333069364,0.999999550069602,0.620972759129153,0.571838265632795,0.0268389221367278,0.0299549534514296,0.00311603131470189,1.11610120923738,TRUE,TRUE,TRUE,"1"
"1190","8","$1,304,235","unlogpred","grosscon",9,0.9885,0.212176699593192,0.363025210084034,4.80947853980523,1.00022102936229,0.535235860237676,0.727059158469216,0.021268089869673,0.0173692791533261,-0.0038988107163469,0.816682610415975,TRUE,FALSE,TRUE,"1"
"1190","9","$1,586,799","unlogpred","grosscon",9,0.9171,0.441920152073889,0.106512605042017,7.04891044035083,1.00035476557178,0.324231574191237,0.72511128298031,0.039914294459749,0.0306300382412882,-0.00928425621846074,0.767395206551294,TRUE,TRUE,TRUE,"1"
"1190","10","$2,575,000","unlogpred","grosscon",9,0.956,0.603390434581045,0.613611111111111,7.66098300836948,1.00032211852535,0.216781659677963,0.701179257540551,0.0691264166691806,0.0766030540444239,0.00747663737524323,1.10815890271044,TRUE,TRUE,TRUE,"1"
"1200","1","$680,000","unlogpred","grosscon",11,1.0206,0.357575051771685,0.36,9.65029275772897,1.01135294094164,0.0349347890989336,1.21688441209956,0.0931875970016181,0.0510863066881985,-0.0421012903134196,0.548209293210033,TRUE,TRUE,TRUE,"1"
"1200","2","$839,995","unlogpred","grosscon",11,0.9989,0.754296245530338,0.826446280991735,6.29817129231214,1.0001824037029,0.114739189717463,0.788642911658754,0.078192720481131,0.0828820845810709,0.00468936409993988,1.05997187552864,TRUE,TRUE,TRUE,"1"
"1200","3","$1,500,000","unlogpred","grosscon",11,1.0658,0.437785179559827,0.37826899128269,10.2708006940408,0.9974883916049,0.575092209021339,0.488421309519654,0.0433230310135351,0.0566314872373289,0.0133084562237938,1.30719125399227,TRUE,TRUE,TRUE,"1"
"1200","4","$2,045,127","unlogpred","grosscon",10,1.0358,0.45835863805311,0.307901096858152,12.3924851871475,0.996423824754443,0.781157721533824,0.350849210096061,0.0329399692149821,0.0597671011413668,0.0268271319263848,1.814424924058,TRUE,TRUE,TRUE,"1"
"1200","5","$2,467,500","unlogpred","grosscon",10,1.0331,0.516679975336099,0.268953687821612,7.19146862646499,0.998557071445747,0.849365230522743,0.232639151938484,0.0169177026167398,0.0432307319082913,0.0263130292915514,2.55535475990192,TRUE,TRUE,TRUE,"1"
"1200","6","$2,645,300","unlogpred","grosscon",10,1.0157,0.0216698298361089,0.0122727272727273,6.26673833193649,1.00125369717649,1.02120755305092,0.551624948268546,0.0168031887506494,0.000502454730819224,-0.0163007340198302,0.0299023440297786,TRUE,TRUE,TRUE,"1"
"1200","7","$3,527,500","unlogpred","grosscon",10,1.0179,0.26220177749667,0.425692507901097,11.4420996562296,0.99665222514407,0.887588176541936,0.482356970009001,0.0402881616575513,0.0626691734178229,0.0223810117602715,1.55552328126832,TRUE,TRUE,TRUE,"1"
"1200","8","$3,829,000","unlogpred","grosscon",10,0.9099,0.186676092299126,0.374692378328742,6.43451031397021,1.00012697470101,0.710385583127151,0.746055806824539,0.0273930838623455,0.0331995419119096,0.00580645804956408,1.21196803100894,TRUE,TRUE,TRUE,"1"
"1200","9","$5,860,000","unlogpred","grosscon",10,0.9097,0.345030890822043,0.42309682187731,11.647261574885,1.01898698834686,-0.0595291662393952,0.75523763409662,0.112516865594188,0.0747770369267222,-0.0377398286674657,0.664585140475019,TRUE,TRUE,TRUE,"1"
"1200","10","$12,593,070","unlogpred","grosscon",10,0.9967,0.575372465661283,0.975904499540863,11.2690765671112,1.00261318489588,0.113446890014042,1.11861303012584,0.129477069787194,0.121893114669118,-0.00758395511807634,0.941426268523522,TRUE,TRUE,TRUE,"1"
"1201","1","$545,700","unlogpred","grosscon",22,1.0143,0.557944667073472,0.500103056314764,3.7364570990208,1.00009168732438,0.201958154919208,0.871556759061595,0.0310460664060981,0.0297277356737011,-0.00131833073239707,0.95753630378958,TRUE,FALSE,TRUE,"1"
"1201","2","$714,110","unlogpred","grosscon",22,1.0229,0.663947041526365,0.608904119662896,4.24120443330524,0.99913950593034,0.288667658225469,0.648431501752947,0.0366615211900085,0.0445903752071057,0.00792885401709724,1.21627182287401,TRUE,FALSE,TRUE,"1"
"1201","3","$815,700","unlogpred","grosscon",22,1.0346,0.512536633784822,0.425271468280095,5.2125023000395,0.999260896318163,0.420274143423226,0.493801025122888,0.0313635968182196,0.0397379827320116,0.00837438591379195,1.26700974261113,TRUE,TRUE,TRUE,"1"
"1201","4","$911,000","unlogpred","grosscon",22,1.0144,0.302926280809956,0.250568580618207,5.04214468728766,1.00006807978148,0.490434863773342,0.562442501678433,0.0243513349012382,0.0209269621324144,-0.00342437276882376,0.859376383975991,TRUE,TRUE,TRUE,"1"
"1201","5","$1,017,499","unlogpred","grosscon",21,0.9907,0.138438851838974,0.203235718529836,7.30694433753097,1.00076939000762,0.644670365467725,0.579206549366899,0.0294784189577061,0.0263611189794405,-0.00311729997826557,0.894251452808983,TRUE,TRUE,TRUE,"1"
"1201","6","$1,307,999","unlogpred","grosscon",21,0.9771,0.0538295237755875,0.020342610586513,7.94702724821829,1.00128566824488,0.819553010806967,0.59987865544161,0.0277232191340647,0.00922013321390633,-0.0185030859201584,0.332578015897769,TRUE,TRUE,TRUE,"1"
"1201","7","$1,572,000","unlogpred","grosscon",21,0.9802,0.172000277134646,0.229302900489341,5.72655571610518,1.00080896583195,0.478659965042798,0.554716088782372,0.0292791777219901,0.0267143517625208,-0.00256482595946936,0.912401024925538,TRUE,TRUE,TRUE,"1"
"1201","8","$1,947,000","unlogpred","grosscon",21,0.946,0.428512629564631,0.446476710748428,7.81895043106155,0.999107644075333,0.474258911785813,0.544143402549596,0.0417887877732982,0.0497934193937624,0.00800463162046414,1.19154974448861,TRUE,TRUE,TRUE,"1"
"1201","9","$2,777,000","unlogpred","grosscon",21,0.9673,0.733929510679427,0.727070096027751,4.94341843833203,0.999079584208469,0.212025563097787,0.749149947292136,0.0490215419661725,0.054252054236307,0.00523051227013448,1.10669824041324,TRUE,FALSE,TRUE,"1"
"1201","10","$6,800,000","unlogpred","grosscon",21,0.9822,0.963276936831552,0.946813160848249,5.62417526450115,0.997541778810519,0.045454878812389,0.916140995176133,0.166202105527178,0.172137925992385,0.00593582046520744,1.03571447212645,TRUE,TRUE,TRUE,"1"
"1202","1","$677,600","unlogpred","grosscon",27,1.0076,0.58750072363689,0.56147506339814,3.80600389221166,1.00088322460766,0.0608507656480069,0.897869561374293,0.0382746363783538,0.0313068333165716,-0.00696780306178223,0.817952468760151,TRUE,FALSE,TRUE,"1"
"1202","2","$826,600","unlogpred","grosscon",27,1.0337,0.460708809429326,0.47243340578712,5.88264055508168,0.999209593464703,0.486643193602874,0.51443938213443,0.0327075711403036,0.0415019674074233,0.00879439626711976,1.26887952729339,TRUE,TRUE,TRUE,"1"
"1202","3","$950,000","unlogpred","grosscon",27,1.006,0.308374171891732,0.459519882873635,7.77413399808709,0.99891572140126,0.793906032088465,0.398992459604396,0.0257114976018845,0.0416422085476003,0.0159307109457158,1.61959482844547,TRUE,TRUE,TRUE,"1"
"1202","4","$1,100,000","unlogpred","grosscon",27,1.0224,0.1349916906995,0.129886700256012,4.66685910476331,1.00129922288577,0.267891074315595,1.00981277981892,0.0284946990630691,0.0123198935368562,-0.0161748055262128,0.432357383722069,TRUE,FALSE,TRUE,"1"
"1202","5","$1,320,000","unlogpred","grosscon",27,0.9804,0.0634845236817968,0.128857326100818,5.06776246019517,1.00055731385331,0.74121478178247,0.624716206370332,0.0203592267682748,0.0123268664509818,-0.00803236031729295,0.605468301487287,TRUE,TRUE,TRUE,"1"
"1202","6","$1,450,000","unlogpred","grosscon",27,0.9779,0.243511657679474,0.324489377438644,8.20430852679071,0.999468719472353,0.762550190967702,0.534960525084705,0.0280439560115345,0.0345716701588113,0.0065277141472768,1.23276723671197,TRUE,TRUE,TRUE,"1"
"1202","7","$1,822,000","unlogpred","grosscon",27,0.9913,0.454796167997123,0.389791245882071,4.5033435108519,0.999728000422781,0.38051919758784,0.623903120554926,0.0290198839228184,0.031372232486294,0.00235234856347557,1.08105988878977,TRUE,FALSE,TRUE,"1"
"1202","8","$2,530,000","unlogpred","grosscon",27,0.9944,0.440691074033475,0.416131545715898,7.74349969582845,1.00276522247367,0.201424792860329,0.826701318383335,0.068777902051943,0.0544175259041979,-0.0143603761477451,0.791206539901439,TRUE,TRUE,TRUE,"1"
"1202","9","$5,820,000","unlogpred","grosscon",27,0.9742,0.715865040084554,0.740840625009329,9.08339996522859,0.995330744961708,0.233827039601759,0.785995573603116,0.0946734130667248,0.109183412107749,0.0145099990410238,1.1532637154509,TRUE,TRUE,TRUE,"1"
"1202","10","$14,800,875","unlogpred","grosscon",27,0.9808,0.916439168755683,0.893978786268863,7.21760894254543,1.00400905606214,0.00565727938619754,0.986622317901687,0.196077649982291,0.188999399899334,-0.00707825008295621,0.963900780718274,TRUE,TRUE,TRUE,"1"
"1210","1","$1,226,582","unlogpred","grosscon",7,0.9886,0.971383628903584,0.657467532467532,3.53975699940184,0.99645650816897,0.251131392247723,0.653679903384562,0.0443358263214976,0.0595132631186614,0.0151774367971638,1.3423289483116,TRUE,FALSE,TRUE,"1"
"1210","2","$1,290,000","unlogpred","grosscon",7,0.9992,0.566553200365396,0.286989795918367,5.48401548842606,0.999614767672909,1.11054213793931,0.151045772864278,0.00504548977362822,0.0254646605256352,0.020419170752007,5.04701459484349,TRUE,TRUE,TRUE,"1"
"1210","3","$1,400,500","unlogpred","grosscon",7,1.0275,0.0476047756734032,0.154336734693877,3.5063473079253,1.00033189143501,0.754384552700617,0.716399988986722,0.0140720639928682,0.00684919741399602,-0.00722286657887215,0.486723015008121,TRUE,FALSE,TRUE,"1"
"1210","4","$1,650,000","unlogpred","grosscon",7,1.0345,0.893227078619508,0.79719387755102,2.21676391188231,0.998736954487798,0.228015363280538,0.726911129614449,0.0343410566205013,0.0437577377991492,0.00941668117864784,1.27421058363784,TRUE,FALSE,TRUE,"1"
"1210","5","$1,831,369","unlogpred","grosscon",7,1.0353,0.0731231527131292,0.0318877551020408,6.64082595351949,1.00074156589499,0.672836046752899,0.29267715835391,0.0211798027395886,0.0076855528412576,-0.013494249898331,0.362871785717438,TRUE,TRUE,TRUE,"1"
"1210","6","$2,280,000","unlogpred","grosscon",7,1.0005,0.745310796843477,0.657467532467532,2.71775776727699,1.00010796396493,0.0891891632059339,0.772866367957113,0.0374332196483044,0.0367854696435675,-0.000647750004736887,0.982695851149789,TRUE,FALSE,TRUE,"1"
"1210","7","$2,497,823","unlogpred","grosscon",7,0.9837,0.203575720678776,0.00510204081632653,7.51401211811653,0.999587710317626,0.903869769458584,0.374224350120875,0.0164253958520401,0.0107163732606251,-0.00570902259141499,0.652427092604534,TRUE,TRUE,TRUE,"1"
"1210","8","$3,195,709","unlogpred","grosscon",7,0.9782,0.151996977232287,0.0324675324675325,3.50618853057453,1.00132514599858,-0.323356170583719,1.23815071588977,0.0228243118450655,0.00211996952250994,-0.0207043423225556,0.0928820784127283,TRUE,FALSE,TRUE,"1"
"1210","9","$4,304,329","unlogpred","grosscon",7,0.9207,0.16656636054188,0.00510204081632653,6.29926445419655,1.00359395318325,-0.24147016618912,0.868173069669694,0.039836813748935,0.00652335473729718,-0.0333134590116378,0.163751919980588,TRUE,TRUE,TRUE,"1"
"1210","10","$9,989,005","unlogpred","grosscon",7,0.9549,0.965618638038822,0.811688311688311,3.84200400289275,0.999578075604875,0.0259493622016817,0.903837100450804,0.117076128847752,0.1210037656778,0.00392763683004738,1.03354771693173,TRUE,FALSE,TRUE,"1"
"1220","1","$710,000","unlogpred","grosscon",28,0.998,0.825170861614987,0.741893986230448,3.8802373184016,1.00056151122103,0.0315543127015154,1.00594695027841,0.0603043433557916,0.0556480372361321,-0.00465630611965955,0.922786554656807,TRUE,FALSE,TRUE,"1"
"1220","2","$833,400","unlogpred","grosscon",28,1.0182,0.323942609657081,0.314004862561157,5.8488841724101,1.00204998341133,0.124602449623528,0.852832331157221,0.0439775397912325,0.0293232523138149,-0.0146542874774175,0.666777915568186,TRUE,TRUE,TRUE,"1"
"1220","3","$1,087,600","unlogpred","grosscon",27,1.0056,0.663993716370538,0.590849037915949,5.07216799736445,0.999378258561171,0.231468549668033,0.767714092596962,0.0467121295774394,0.0507274593664906,0.00401532978905129,1.08595903944809,TRUE,TRUE,TRUE,"1"
"1220","4","$1,304,800","unlogpred","grosscon",27,0.9779,0.0118490536182883,0.000554312116333556,7.60014892496342,1.00130883715533,1.52193739090771,0.598360866951732,0.0165147103360776,-0.0134744948119012,-0.0299892051479788,-0.81590863767469,TRUE,TRUE,TRUE,"1"
"1220","5","$1,530,000","unlogpred","grosscon",27,0.9922,0.609059300484418,0.780561216629044,4.23274063709028,0.998870459343566,0.532622666766553,0.566605613331778,0.0237056838941614,0.0418885590293468,0.0181828751351854,1.76702596796474,TRUE,FALSE,TRUE,"1"
"1220","6","$1,875,000","unlogpred","grosscon",27,1.0064,0.055914780481853,0.0494128826444037,6.45065490101821,1.00167381440794,0.427919927555077,0.721892442224885,0.0283790269548847,0.0110034454727898,-0.0173755814820949,0.387731598066502,TRUE,TRUE,TRUE,"1"
"1220","7","$2,217,264","unlogpred","grosscon",27,0.9775,0.223228329928152,0.218538427228103,5.77490209340967,1.00021539010414,0.570957927699839,0.587523900408098,0.0259039279137178,0.0232986530064964,-0.0026052749072214,0.899425488061147,TRUE,TRUE,TRUE,"1"
"1220","8","$2,719,673","unlogpred","grosscon",27,0.9812,0.342430586289563,0.29897575706736,6.57081371548936,1.00090086426089,0.280113355544811,0.597090634992426,0.039601975783513,0.0330575697845856,-0.00654440599892746,0.83474546738014,TRUE,TRUE,TRUE,"1"
"1220","9","$3,801,376","unlogpred","grosscon",27,0.9589,0.476229075015248,0.417199270679124,6.14175920945497,1.00189602626433,0.100636553497195,0.930578072909693,0.0542779097438,0.0433174866300383,-0.0109604231137617,0.798068437684934,TRUE,TRUE,TRUE,"1"
"1220","10","$12,728,000","unlogpred","grosscon",27,0.9922,0.899777678355085,0.818844056706652,5.69955962201702,0.994471779110848,0.129256063102363,0.83225688303049,0.113937806863086,0.131074573736506,0.0171367668734194,1.15040457022323,TRUE,TRUE,TRUE,"1"
"1230","1","$1,605,840","unlogpred","grosscon",12,1.0244,0.844770872315998,0.615580910317753,5.03273470500528,0.997058958562443,0.22121911863347,0.708683162319585,0.0559973162331266,0.0669006218981275,0.0109033056650009,1.19471121829497,TRUE,TRUE,TRUE,"1"
"1230","2","$1,820,000","unlogpred","grosscon",12,0.9917,0.456089355004284,0.303469417906038,2.99008688862095,1.00026098338956,0.184861320999039,0.718356788848399,0.0229919157475746,0.0199664123126368,-0.00302550343493779,0.868410119967626,TRUE,FALSE,TRUE,"1"
"1230","3","$2,103,444","unlogpred","grosscon",12,1.0371,0.120181944865813,0.142598660081178,4.97794536279681,1.00045884887007,0.57888685665648,0.383827406010304,0.0212997858988978,0.015893858693756,-0.0054059272051418,0.746198049557787,TRUE,FALSE,TRUE,"1"
"1230","4","$2,521,840","unlogpred","grosscon",12,1.0235,0.591239291573843,0.509142800662235,3.62210449145407,0.999235292840628,0.369706912033723,0.703470198455914,0.0305211423253649,0.0339293462710223,0.0034082039456574,1.11166698511232,TRUE,FALSE,TRUE,"1"
"1230","5","$2,900,000","unlogpred","grosscon",12,0.9945,0.45129680446784,0.510563121089437,4.45569087071857,0.999414928235574,0.737133847018986,0.336015262580093,0.0148976855211454,0.0293642409254771,0.0144665554043317,1.97106059755377,TRUE,FALSE,TRUE,"1"
"1230","6","$3,379,200","unlogpred","grosscon",12,0.9882,0.135460838211271,0.396107389114382,4.32635708791714,1.00065644113195,0.59722260170006,0.680930384234031,0.0264193254447953,0.0187010380810397,-0.00771828736375557,0.707854487811077,TRUE,FALSE,TRUE,"1"
"1230","7","$4,154,000","unlogpred","grosscon",12,0.9869,0.770971998541085,0.637812187812188,2.60662591064269,1.00041012800475,0.0384629290139841,1.03700132791594,0.042891093422467,0.0407532767608364,-0.0021378166616306,0.95015709577339,TRUE,FALSE,TRUE,"1"
"1230","8","$5,172,200","unlogpred","grosscon",12,0.9823,0.306399570765359,0.338068948595264,7.05410973004721,0.999496556576193,0.596512776613342,0.494778169503234,0.0329654910634184,0.037220050654921,0.0042545595915026,1.12906101059795,TRUE,TRUE,TRUE,"1"
"1230","9","$6,952,000","unlogpred","grosscon",11,1.0032,0.666702351294476,0.642922374429224,4.22841360925631,1.00031721626526,0.119491926571381,0.838103403765042,0.0485167870706004,0.0488191893139829,0.000302402243382585,1.00623294042416,TRUE,FALSE,TRUE,"1"
"1230","10","$13,950,000","unlogpred","grosscon",11,0.9825,0.961276762837017,0.924055624740556,2.38767292746441,0.998140147032779,0.0635032134374054,0.92479235502482,0.0887166701088669,0.0953352693812634,0.00661859927239644,1.07460378375648,TRUE,FALSE,TRUE,"1"
"1240","1","$835,000","unlogpred","grosscon",4,NA,NA,NA,NA,NA,NA,NA,NA,NA,NA,NA,NA,NA,NA,"1"
"1240","2","$1,252,000","unlogpred","grosscon",4,NA,NA,NA,NA,NA,NA,NA,NA,NA,NA,NA,NA,NA,NA,"1"
"1240","3","$1,547,000","unlogpred","grosscon",4,NA,NA,NA,NA,NA,NA,NA,NA,NA,NA,NA,NA,NA,NA,"1"
"1240","4","$1,994,000","unlogpred","grosscon",4,NA,NA,NA,NA,NA,NA,NA,NA,NA,NA,NA,NA,NA,NA,"1"
"1240","5","$2,200,000","unlogpred","grosscon",4,NA,NA,NA,NA,NA,NA,NA,NA,NA,NA,NA,NA,NA,NA,"1"
"1240","6","$2,454,999","unlogpred","grosscon",4,NA,NA,NA,NA,NA,NA,NA,NA,NA,NA,NA,NA,NA,NA,"1"
"1240","7","$2,815,000","unlogpred","grosscon",4,NA,NA,NA,NA,NA,NA,NA,NA,NA,NA,NA,NA,NA,NA,"1"
"1240","8","$3,541,000","unlogpred","grosscon",4,NA,NA,NA,NA,NA,NA,NA,NA,NA,NA,NA,NA,NA,NA,"1"
"1240","9","$4,432,000","unlogpred","grosscon",3,NA,NA,NA,NA,NA,NA,NA,NA,NA,NA,NA,NA,NA,NA,"1"
"1240","10","$5,255,000","unlogpred","grosscon",3,NA,NA,NA,NA,NA,NA,NA,NA,NA,NA,NA,NA,NA,NA,"1"
"1250","1","$650,000","unlogpred","grosscon",23,1.031,0.0808125753265266,0.0951207043258674,6.07963566504195,1.00189226919493,0.261912170098315,0.766390149984585,0.0306418913380463,0.0105365972897497,-0.0201052940482966,0.343862497699906,TRUE,TRUE,TRUE,"1"
"1250","2","$967,000","unlogpred","grosscon",23,0.9984,0.364168217303706,0.331229599090968,8.58987634795402,1.00516911867087,0.0685812367642941,0.836857994365393,0.0682852269009193,0.0457642169164676,-0.0225210099844517,0.670192060471157,TRUE,TRUE,TRUE,"1"
"1250","3","$1,240,000","unlogpred","grosscon",23,1.003,0.439118825606412,0.368601803139335,4.80007536103477,1.00162620914659,0.0414282629635113,0.799739378810868,0.0386214975093114,0.0280625636714474,-0.010558933837864,0.726604753341884,TRUE,FALSE,TRUE,"1"
"1250","4","$1,800,000","unlogpred","grosscon",23,0.9812,0.85045379334452,0.787294552413569,2.40161897663395,1.0005938876991,-0.0211169918276599,1.0885382768917,0.0418282054254323,0.0370031023115999,-0.00482510311383236,0.884644749523521,TRUE,FALSE,TRUE,"1"
"1250","5","$2,400,000","unlogpred","grosscon",23,0.9905,0.789062464889962,0.646025146315432,5.76682937760024,0.999586034843738,0.111175947413886,0.869947292498052,0.0705930713747092,0.0702455470741495,-0.000347524300559718,0.995077076350524,TRUE,TRUE,TRUE,"1"
"1250","6","$3,175,000","unlogpred","grosscon",23,0.9933,0.645780357362399,0.585354214769303,4.02855524735556,1.00053054770222,0.0944228376768878,0.880306620615138,0.0416904468847342,0.038122359132616,-0.00356808775211818,0.91441473961689,TRUE,FALSE,TRUE,"1"
"1250","7","$4,076,500","unlogpred","grosscon",22,0.9892,0.225181498463476,0.179168976803248,6.71061983248661,0.999716042896705,0.74812614230949,0.505799312556942,0.0242786143972594,0.026149440637474,0.00187082624021461,1.07705654901071,TRUE,TRUE,TRUE,"1"
"1250","8","$4,900,000","unlogpred","grosscon",22,0.9824,0.461187338870474,0.508994431576508,5.20958238671032,0.99998636516751,0.297560114988462,0.754036388131234,0.0401380992748227,0.0417136142768894,0.00157551500206665,1.03925235700074,TRUE,TRUE,TRUE,"1"
"1250","9","$6,650,000","unlogpred","grosscon",22,0.9653,0.787853526511451,0.778665074007216,3.27067162552575,0.999217340001612,0.200850289519312,0.746293289395447,0.0372808547224245,0.0431538138446917,0.00587295912226728,1.15753284537049,TRUE,FALSE,TRUE,"1"
"1250","10","$14,995,000","unlogpred","grosscon",22,0.99,0.955188133485848,0.825419958481604,5.29873158632767,1.00119717503369,0.0172516019135694,0.932438942724775,0.141014764031872,0.140333792540619,-0.000680971491252458,0.995170920605884,TRUE,TRUE,TRUE,"1"
"1270","1","$631,250","unlogpred","grosscon",34,1.0167,0.8021257932873,0.801000543135966,4.69032268020339,0.999729202062936,0.0904254719012676,0.873511722344439,0.0664627792299314,0.0697764046301395,0.0033136254002081,1.04985685881032,TRUE,FALSE,TRUE,"1"
"1270","2","$813,000","unlogpred","grosscon",34,1.0188,0.418319112242389,0.337419864037556,4.54407979862751,0.999947757102651,0.376640283151857,0.625433415113254,0.0261863836219965,0.0262432705676171,0.000056886945620626,1.00217238647542,TRUE,FALSE,TRUE,"1"
"1270","3","$974,750","unlogpred","grosscon",34,1.0074,0.269536436655263,0.243045584994577,6.89671331849572,1.001109228844,0.366757072080876,0.828189385452808,0.0382008470608152,0.0270291123644173,-0.0111717346963979,0.707552696969973,TRUE,TRUE,TRUE,"1"
"1270","4","$1,234,000","unlogpred","grosscon",34,1.0468,0.408405916042078,0.332326192608067,6.7336365304637,1.00069155253956,0.269247275716495,0.676119657296461,0.0419517954851892,0.0377960864916084,-0.00415570899358077,0.900940854961788,TRUE,TRUE,TRUE,"1"
"1270","5","$1,590,000","unlogpred","grosscon",34,0.9899,0.554826729376494,0.563764932617229,7.76571378752556,0.998696473273203,0.339353654866564,0.645658213576704,0.0538632752865955,0.0617726301596402,0.00790935487304476,1.1468413279913,TRUE,TRUE,TRUE,"1"
"1270","6","$1,833,000","unlogpred","grosscon",33,0.9583,0.159692408121986,0.137351307489784,5.59814889558109,1.00028341204284,0.634711271732909,0.546624201898784,0.0223864076228472,0.0180875267924031,-0.00429888083044415,0.807969152404034,TRUE,TRUE,TRUE,"1"
"1270","7","$2,251,200","unlogpred","grosscon",33,0.9858,0.332584202605182,0.365026149579909,7.05495757325501,1.00008341269351,0.441242430454491,0.575256225644601,0.0375591707105365,0.0382950947919657,0.000735924081429182,1.01959372551383,TRUE,TRUE,TRUE,"1"
"1270","8","$2,972,759","unlogpred","grosscon",33,0.9778,0.127298837032091,0.216551089065588,6.03776539810574,1.00090300500487,0.607261081596758,0.623812034643311,0.0288569449166732,0.0180302843527801,-0.0108266605638931,0.62481611982294,TRUE,TRUE,TRUE,"1"
"1270","9","$4,692,589","unlogpred","grosscon",33,0.9636,0.833622898738012,0.856301639684312,5.22481794040899,0.997911106169832,0.168838551443395,0.786354283725812,0.0680676242235768,0.079397519571927,0.0113298953483502,1.16645057731317,TRUE,TRUE,TRUE,"1"
"1270","10","$14,159,212","unlogpred","grosscon",33,0.9781,0.958940539608212,0.966016006992938,4.57102697677347,0.991980722939905,0.103585728298821,0.851155389897953,0.161875911503505,0.179430977616464,0.0175550661129585,1.10844767420864,TRUE,FALSE,TRUE,"1"
"1271","1","$646,550","unlogpred","grosscon",36,1.0239,0.791659734242209,0.795732878683614,4.87282629178561,0.999584837986188,0.0870876195640307,0.862330069114544,0.0748989784991591,0.0765731840858819,0.00167420558672286,1.02235284940157,TRUE,FALSE,TRUE,"1"
"1271","2","$804,000","unlogpred","grosscon",36,1.055,0.258065141442107,0.254042799225309,5.64730695262704,1.00002012020972,0.560926615172845,0.525819638121494,0.024444640338505,0.0237145554414057,-0.000730084897099321,0.970133129921765,TRUE,TRUE,TRUE,"1"
"1271","3","$914,450","unlogpred","grosscon",36,1.007,0.0601070221249149,0.034699691089695,5.21131594955794,1.0008249823672,0.560166921381479,0.583051281732383,0.0206949874010357,0.00662700041248934,-0.0140679869885463,0.320222490792997,TRUE,TRUE,TRUE,"1"
"1271","4","$1,244,000","unlogpred","grosscon",36,1.0074,0.560278044122797,0.540242783611774,6.06658673234351,0.999563050428366,0.269202122626267,0.690481113781844,0.0456615059391766,0.0479823922237451,0.0023208862845685,1.05082807141009,TRUE,TRUE,TRUE,"1"
"1271","5","$1,597,500","unlogpred","grosscon",36,0.9705,0.65244403009137,0.745554884067004,5.38818027350079,0.998715285199258,0.279256721299693,0.783410223463538,0.0512417719341693,0.0590228263948478,0.00778105446067853,1.15184983202132,TRUE,TRUE,TRUE,"1"
"1271","6","$2,116,401","unlogpred","grosscon",36,0.9761,0.19889284723201,0.186486403400542,5.61960192506995,1.00104672034523,0.362271413321548,0.810289825311809,0.0325107395136068,0.0205312354741698,-0.0119795040394369,0.631521638121362,TRUE,TRUE,TRUE,"1"
"1271","7","$2,825,000","unlogpred","grosscon",36,0.9869,0.305685868250534,0.336767964088748,7.43996209203942,1.00120803344448,0.39328217424409,0.734832903835429,0.0498178010157289,0.0399701627766955,-0.00984763823903339,0.802326918526087,TRUE,TRUE,TRUE,"1"
"1271","8","$3,730,000","unlogpred","grosscon",36,0.9902,0.475677119360525,0.499382763335353,6.66485156777821,1.00077365571626,0.233854556355347,0.857114599125948,0.0596171694330228,0.0549542987967884,-0.00466287063623443,0.921786447082615,TRUE,TRUE,TRUE,"1"
"1271","9","$5,388,047","unlogpred","grosscon",36,0.9628,0.595426601652489,0.620384311504003,6.74130112808689,1.00147478657431,0.112825891555648,0.831676504593969,0.0662097197963748,0.0593358937903301,-0.00687382600604478,0.896181013494923,TRUE,TRUE,TRUE,"1"
"1271","10","$14,250,000","unlogpred","grosscon",35,0.9851,0.909706296322905,0.894924749560841,5.05489029777652,0.999464400794011,0.0428446901131068,0.944131253950831,0.113675954861013,0.115669135395282,0.00199318053426856,1.01753387984913,TRUE,TRUE,TRUE,"1"
"1272","1","$761,000","unlogpred","grosscon",1,NA,NA,NA,NA,NA,NA,NA,NA,NA,NA,NA,NA,NA,NA,"1"
"1272","2","$999,000","unlogpred","grosscon",1,NA,NA,NA,NA,NA,NA,NA,NA,NA,NA,NA,NA,NA,NA,"1"
"1272","3","$1,390,000","unlogpred","grosscon",1,NA,NA,NA,NA,NA,NA,NA,NA,NA,NA,NA,NA,NA,NA,"1"
"1272","4","$1,600,000","unlogpred","grosscon",1,NA,NA,NA,NA,NA,NA,NA,NA,NA,NA,NA,NA,NA,NA,"1"
"1272","5","$1,662,500","unlogpred","grosscon",1,NA,NA,NA,NA,NA,NA,NA,NA,NA,NA,NA,NA,NA,NA,"1"
"1272","6","$2,050,000","unlogpred","grosscon",1,NA,NA,NA,NA,NA,NA,NA,NA,NA,NA,NA,NA,NA,NA,"1"
"1272","7","$2,546,500","unlogpred","grosscon",1,NA,NA,NA,NA,NA,NA,NA,NA,NA,NA,NA,NA,NA,NA,"1"
"1272","8","$2,625,000","unlogpred","grosscon",1,NA,NA,NA,NA,NA,NA,NA,NA,NA,NA,NA,NA,NA,NA,"1"
"1272","9","$3,492,500","unlogpred","grosscon",1,NA,NA,NA,NA,NA,NA,NA,NA,NA,NA,NA,NA,NA,NA,"1"
"1272","10","$6,850,000","unlogpred","grosscon",1,NA,NA,NA,NA,NA,NA,NA,NA,NA,NA,NA,NA,NA,NA,"1"
"1280","1","$940,000","unlogpred","grosscon",49,1.036,0.83381299513722,0.767709079188593,5.08946044930833,0.999075444473578,0.0829844597003697,0.884259437659464,0.0808578379801881,0.086077969114388,0.00522013113419997,1.06455937067572,TRUE,TRUE,TRUE,"1"
"1280","2","$1,150,000","unlogpred","grosscon",49,1.0255,0.21225630111445,0.262198666583198,7.15056891215539,1.00043649545117,0.554324066751406,0.600285340964699,0.0321995385116936,0.0313351708961426,-0.000864367615550962,0.973155900503448,TRUE,TRUE,TRUE,"1"
"1280","3","$1,375,000","unlogpred","grosscon",49,1.0039,0.235305295474873,0.229414860101378,6.73877779504157,1.00021826402121,0.558354378751643,0.608315370906542,0.0301682452632696,0.0266004094759986,-0.003567835787271,0.881735389110784,TRUE,TRUE,TRUE,"1"
"1280","4","$1,690,500","unlogpred","grosscon",49,0.9915,0.214386206361233,0.244741472072106,5.75619894254015,1.00091999849967,0.368433640735884,0.752477657001954,0.0311883172144397,0.0214990127801733,-0.0096893044342664,0.689329040497883,TRUE,TRUE,TRUE,"1"
"1280","5","$2,000,000","unlogpred","grosscon",49,0.9837,0.000719764689189535,0.0580818923761838,9.12703127388969,1.00128721007211,1.34570732939473,0.376616757557441,0.0220427408741032,0.00599979200210769,-0.0160429488719955,0.27218901843357,TRUE,TRUE,TRUE,"1"
"1280","6","$2,515,000","unlogpred","grosscon",48,0.978,0.315254379702497,0.27981033023695,7.5880307297758,1.00079235396657,0.367800719441554,0.636641268470685,0.0404693915225836,0.0329309824546587,-0.00753840906792484,0.813725663166492,TRUE,TRUE,TRUE,"1"
"1280","7","$3,550,000","unlogpred","grosscon",48,0.9791,0.513554661666412,0.575187353819509,7.17574408806605,0.998665000714726,0.412117616024168,0.618891139807197,0.0471208405406272,0.0568591141952028,0.00973827365457561,1.20666595805267,TRUE,TRUE,TRUE,"1"
"1280","8","$4,675,000","unlogpred","grosscon",48,0.9772,0.649574277634834,0.657580840434246,5.38518934488494,0.999603250606433,0.181595689104687,0.82153965777686,0.0600626706746734,0.0614087953021338,0.00134612462746034,1.02241200087075,TRUE,TRUE,TRUE,"1"
"1280","9","$6,929,112","unlogpred","grosscon",48,0.9983,0.534198375028196,0.495932362965714,5.63149527422767,1.00028710222124,0.200683571984134,0.780994384188837,0.0500965969631713,0.0460671748289371,-0.00402942213423415,0.919566949084458,TRUE,TRUE,TRUE,"1"
"1280","10","$14,500,000","unlogpred","grosscon",48,0.981,0.809408366355977,0.796882344489532,6.68190154707522,1.00673841590879,-0.0298292255024484,0.98772796710051,0.120275449717452,0.10455957360968,-0.0157158761077718,0.869334297691747,TRUE,TRUE,TRUE,"1"
"1281","1","$705,975","unlogpred","grosscon",20,1.0144,0.74134796903753,0.714019046109249,5.18291153463926,0.9980787005299,0.201242219273328,0.815578639254042,0.0627874957383757,0.0744748368086924,0.0116873410703168,1.18614122020435,TRUE,TRUE,TRUE,"1"
"1281","2","$849,000","unlogpred","grosscon",20,1.0452,0.656266660785647,0.644583408823263,6.07689560966229,0.998375508217177,0.322507667646259,0.680255598855219,0.0467045977767546,0.060687826632218,0.0139832288554635,1.29939726538921,TRUE,TRUE,TRUE,"1"
"1281","3","$1,002,000","unlogpred","grosscon",20,0.9821,0.0857177153163184,0.0737844234079174,7.26929014285486,1.00218788509291,0.388584720232045,0.814020428994572,0.0352385382136109,0.0150420411464108,-0.0201964970672002,0.426863369167815,TRUE,TRUE,TRUE,"1"
"1281","4","$1,281,185","unlogpred","grosscon",19,0.9915,0.0310980369259535,0.179981946951812,22.0548409574296,1.01737807715518,2.1384852457881,0.760628445071056,0.0514101569434271,-0.0668763372673988,-0.118286494210826,-1.30083900231993,TRUE,FALSE,TRUE,"1"
"1281","5","$1,562,500","unlogpred","grosscon",19,0.9942,0.391451254246429,0.367539214320001,3.4822689046732,0.999823868882713,0.478183775563748,0.692344939073795,0.0203231322473535,0.0206358880822798,0.000312755834926293,1.01538915513218,TRUE,FALSE,TRUE,"1"
"1281","6","$1,920,000","unlogpred","grosscon",19,0.9617,0.474328227531384,0.431641604010025,5.02055127396638,1.00041614621926,0.220819163049008,0.762381768225582,0.0379697852131257,0.033563461094369,-0.00440632411875666,0.883951829223584,TRUE,TRUE,TRUE,"1"
"1281","7","$2,560,000","unlogpred","grosscon",19,0.9687,0.422554082346161,0.444444444444445,5.97969896327835,1.00164894249519,0.116371139639227,0.87896051831604,0.0441335575418046,0.0339985031200559,-0.0101350544217487,0.770354918428035,TRUE,TRUE,TRUE,"1"
"1281","8","$3,200,000","unlogpred","grosscon",19,0.9772,0.69457378343024,0.671580336064436,3.64579899302703,1.0000719328094,0.126841863809032,0.931360598590091,0.0428149176878305,0.0424664426859927,-0.000348475001837746,0.991860897540934,TRUE,FALSE,TRUE,"1"
"1281","9","$4,106,250","unlogpred","grosscon",19,0.9648,0.643447531306524,0.532643890427824,5.06768475536191,1.00129432326855,0.0442178544968259,1.01736208656354,0.0516801284101076,0.0409082457425923,-0.0107718826675153,0.791566255756273,TRUE,TRUE,TRUE,"1"
"1281","10","$8,900,000","unlogpred","grosscon",19,0.982,0.873082367787633,0.337807171707829,7.86993217690935,0.999404648266004,0.0658913069139626,0.910115081574784,0.120728612907724,0.111344828138628,-0.00938378476909543,0.922273729954408,TRUE,TRUE,TRUE,"1"
"1282","1","$701,550","unlogpred","grosscon",5,1.0594,0.786188053188269,0.81,5.26844178799387,1.00938187645436,-0.38248526116058,1.72760825386236,0.075102368258319,0.0376602145713637,-0.0374421536869553,0.501451757710611,TRUE,TRUE,TRUE,"1"
"1282","2","$1,138,274","unlogpred","grosscon",5,1.0093,0.97387673859342,1,8.45919173795054,0.984013068486304,0.300178269863191,0.658753331885837,0.0921521938966308,0.141506315221052,0.0493541213244216,1.53557185388102,TRUE,TRUE,TRUE,"1"
"1282","3","$1,279,159","unlogpred","grosscon",5,1.0784,0.674728520434125,0.64,4.63438102605618,0.998948432285006,0.350730753829718,0.639490242037091,0.0308627834285307,0.0393316173939505,0.0084688339654198,1.2744027927692,TRUE,FALSE,TRUE,"1"
"1282","4","$1,395,000","unlogpred","grosscon",5,0.9656,0.256797919429087,0.25,5.31342390429309,1.00080685593055,0.321721854031609,0.364289129392652,0.0268545625961396,0.0246989913483148,-0.00215557124782482,0.919731656767529,TRUE,TRUE,TRUE,"1"
"1282","5","$1,577,500","unlogpred","grosscon",5,0.9871,0.484834692022676,0.6125,1.68198809054176,1.00052201059619,-0.552373265752571,2.83669040533757,0.0140268848626533,0.00681158704043963,-0.00721529782221371,0.485609392758011,TRUE,FALSE,TRUE,"1"
"1282","6","$1,810,999","unlogpred","grosscon",4,NA,NA,NA,NA,NA,NA,NA,NA,NA,NA,NA,NA,NA,NA,"1"
"1282","7","$2,245,000","unlogpred","grosscon",4,NA,NA,NA,NA,NA,NA,NA,NA,NA,NA,NA,NA,NA,NA,"1"
"1282","8","$2,550,000","unlogpred","grosscon",4,NA,NA,NA,NA,NA,NA,NA,NA,NA,NA,NA,NA,NA,NA,"1"
"1282","9","$3,158,500","unlogpred","grosscon",4,NA,NA,NA,NA,NA,NA,NA,NA,NA,NA,NA,NA,NA,NA,"1"
"1282","10","$4,297,500","unlogpred","grosscon",4,NA,NA,NA,NA,NA,NA,NA,NA,NA,NA,NA,NA,NA,NA,"1"
"1290","1","$486,000","unlogpred","grosscon",2,NA,NA,NA,NA,NA,NA,NA,NA,NA,NA,NA,NA,NA,NA,"1"
"1290","2","$500,000","unlogpred","grosscon",2,NA,NA,NA,NA,NA,NA,NA,NA,NA,NA,NA,NA,NA,NA,"1"
"1290","3","$505,000","unlogpred","grosscon",1,NA,NA,NA,NA,NA,NA,NA,NA,NA,NA,NA,NA,NA,NA,"1"
"1290","4","$590,000","unlogpred","grosscon",1,NA,NA,NA,NA,NA,NA,NA,NA,NA,NA,NA,NA,NA,NA,"1"
"1290","5","$604,466","unlogpred","grosscon",1,NA,NA,NA,NA,NA,NA,NA,NA,NA,NA,NA,NA,NA,NA,"1"
"1290","6","$610,000","unlogpred","grosscon",1,NA,NA,NA,NA,NA,NA,NA,NA,NA,NA,NA,NA,NA,NA,"1"
"1290","7","$620,000","unlogpred","grosscon",1,NA,NA,NA,NA,NA,NA,NA,NA,NA,NA,NA,NA,NA,NA,"1"
"1290","8","$648,000","unlogpred","grosscon",1,NA,NA,NA,NA,NA,NA,NA,NA,NA,NA,NA,NA,NA,NA,"1"
"1290","9","$675,000","unlogpred","grosscon",1,NA,NA,NA,NA,NA,NA,NA,NA,NA,NA,NA,NA,NA,NA,"1"
"1290","10","$862,500","unlogpred","grosscon",1,NA,NA,NA,NA,NA,NA,NA,NA,NA,NA,NA,NA,NA,NA,"1"
"1291","1","$558,000","unlogpred","grosscon",1,NA,NA,NA,NA,NA,NA,NA,NA,NA,NA,NA,NA,NA,NA,"1"
"1291","2","$616,000","unlogpred","grosscon",1,NA,NA,NA,NA,NA,NA,NA,NA,NA,NA,NA,NA,NA,NA,"1"
"1291","3","$700,000","unlogpred","grosscon",1,NA,NA,NA,NA,NA,NA,NA,NA,NA,NA,NA,NA,NA,NA,"1"
"1291","4","$810,000","unlogpred","grosscon",1,NA,NA,NA,NA,NA,NA,NA,NA,NA,NA,NA,NA,NA,NA,"1"
"1291","5","$920,000","unlogpred","grosscon",1,NA,NA,NA,NA,NA,NA,NA,NA,NA,NA,NA,NA,NA,NA,"1"
"1291","6","$920,000","unlogpred","grosscon",1,NA,NA,NA,NA,NA,NA,NA,NA,NA,NA,NA,NA,NA,NA,"1"
"1291","7","$920,000","unlogpred","grosscon",1,NA,NA,NA,NA,NA,NA,NA,NA,NA,NA,NA,NA,NA,NA,"1"
"2060","1","$159,000","unlogpred","grosscon",2,NA,NA,NA,NA,NA,NA,NA,NA,NA,NA,NA,NA,NA,NA,"2"
"2060","2","$192,000","unlogpred","grosscon",2,NA,NA,NA,NA,NA,NA,NA,NA,NA,NA,NA,NA,NA,NA,"2"
"2060","3","$209,000","unlogpred","grosscon",2,NA,NA,NA,NA,NA,NA,NA,NA,NA,NA,NA,NA,NA,NA,"2"
"2060","4","$280,900","unlogpred","grosscon",2,NA,NA,NA,NA,NA,NA,NA,NA,NA,NA,NA,NA,NA,NA,"2"
"2060","5","$285,750","unlogpred","grosscon",2,NA,NA,NA,NA,NA,NA,NA,NA,NA,NA,NA,NA,NA,NA,"2"
"2060","6","$288,120","unlogpred","grosscon",2,NA,NA,NA,NA,NA,NA,NA,NA,NA,NA,NA,NA,NA,NA,"2"
"2060","7","$300,000","unlogpred","grosscon",2,NA,NA,NA,NA,NA,NA,NA,NA,NA,NA,NA,NA,NA,NA,"2"
"2060","8","$308,896","unlogpred","grosscon",1,NA,NA,NA,NA,NA,NA,NA,NA,NA,NA,NA,NA,NA,NA,"2"
"2060","9","$328,372","unlogpred","grosscon",1,NA,NA,NA,NA,NA,NA,NA,NA,NA,NA,NA,NA,NA,NA,"2"
"2060","10","$350,000","unlogpred","grosscon",1,NA,NA,NA,NA,NA,NA,NA,NA,NA,NA,NA,NA,NA,NA,"2"
"2130","1","$288,682","unlogpred","grosscon",1,NA,NA,NA,NA,NA,NA,NA,NA,NA,NA,NA,NA,NA,NA,"2"
"2130","2","$296,364","unlogpred","grosscon",1,NA,NA,NA,NA,NA,NA,NA,NA,NA,NA,NA,NA,NA,NA,"2"
"2190","1","$396,200","unlogpred","grosscon",2,NA,NA,NA,NA,NA,NA,NA,NA,NA,NA,NA,NA,NA,NA,"2"
"2190","2","$511,100","unlogpred","grosscon",2,NA,NA,NA,NA,NA,NA,NA,NA,NA,NA,NA,NA,NA,NA,"2"
"2190","3","$565,500","unlogpred","grosscon",1,NA,NA,NA,NA,NA,NA,NA,NA,NA,NA,NA,NA,NA,NA,"2"
"2190","4","$590,400","unlogpred","grosscon",1,NA,NA,NA,NA,NA,NA,NA,NA,NA,NA,NA,NA,NA,NA,"2"
"2190","5","$612,000","unlogpred","grosscon",1,NA,NA,NA,NA,NA,NA,NA,NA,NA,NA,NA,NA,NA,NA,"2"
"2190","6","$618,400","unlogpred","grosscon",1,NA,NA,NA,NA,NA,NA,NA,NA,NA,NA,NA,NA,NA,NA,"2"
"2190","7","$630,800","unlogpred","grosscon",1,NA,NA,NA,NA,NA,NA,NA,NA,NA,NA,NA,NA,NA,NA,"2"
"2190","8","$642,800","unlogpred","grosscon",1,NA,NA,NA,NA,NA,NA,NA,NA,NA,NA,NA,NA,NA,NA,"2"
"2190","9","$655,000","unlogpred","grosscon",1,NA,NA,NA,NA,NA,NA,NA,NA,NA,NA,NA,NA,NA,NA,"2"
"2190","10","$675,000","unlogpred","grosscon",1,NA,NA,NA,NA,NA,NA,NA,NA,NA,NA,NA,NA,NA,NA,"2"
"2220","1","$280,250","unlogpred","grosscon",2,NA,NA,NA,NA,NA,NA,NA,NA,NA,NA,NA,NA,NA,NA,"2"
"2220","2","$287,700","unlogpred","grosscon",2,NA,NA,NA,NA,NA,NA,NA,NA,NA,NA,NA,NA,NA,NA,"2"
"2220","3","$296,700","unlogpred","grosscon",2,NA,NA,NA,NA,NA,NA,NA,NA,NA,NA,NA,NA,NA,NA,"2"
"2220","4","$304,800","unlogpred","grosscon",2,NA,NA,NA,NA,NA,NA,NA,NA,NA,NA,NA,NA,NA,NA,"2"
"2220","5","$316,500","unlogpred","grosscon",2,NA,NA,NA,NA,NA,NA,NA,NA,NA,NA,NA,NA,NA,NA,"2"
"2220","6","$339,000","unlogpred","grosscon",2,NA,NA,NA,NA,NA,NA,NA,NA,NA,NA,NA,NA,NA,NA,"2"
"2220","7","$363,000","unlogpred","grosscon",2,NA,NA,NA,NA,NA,NA,NA,NA,NA,NA,NA,NA,NA,NA,"2"
"2220","8","$373,400","unlogpred","grosscon",2,NA,NA,NA,NA,NA,NA,NA,NA,NA,NA,NA,NA,NA,NA,"2"
"2220","9","$392,299","unlogpred","grosscon",2,NA,NA,NA,NA,NA,NA,NA,NA,NA,NA,NA,NA,NA,NA,"2"
"2220","10","$440,000","unlogpred","grosscon",1,NA,NA,NA,NA,NA,NA,NA,NA,NA,NA,NA,NA,NA,NA,"2"
"2230","1","$855,000","unlogpred","grosscon",1,NA,NA,NA,NA,NA,NA,NA,NA,NA,NA,NA,NA,NA,NA,"2"
"2230","2","$855,000","unlogpred","grosscon",1,NA,NA,NA,NA,NA,NA,NA,NA,NA,NA,NA,NA,NA,NA,"2"
"2230","3","$855,000","unlogpred","grosscon",1,NA,NA,NA,NA,NA,NA,NA,NA,NA,NA,NA,NA,NA,NA,"2"
"2250","1","$160,000","unlogpred","grosscon",34,1.0549,0.138007575164666,0.101241554907222,6.31860968255585,1.00336201143871,-0.0908756839977041,0.989768597374912,0.0372323613192716,0.0127784403082864,-0.0244539210109852,0.343207893765046,TRUE,TRUE,TRUE,"2"
"2250","2","$175,000","unlogpred","grosscon",34,1.0278,0.00000729991557799481,0.000624208339666616,4.89106822080213,1.00053244369568,0.973604029692939,0.463945934483993,0.0122656214531092,0.00319383916201232,-0.00907178229109692,0.260389510162382,TRUE,FALSE,TRUE,"2"
"2250","3","$180,000","unlogpred","grosscon",34,1.016,0.0420528331099347,0.0638294810195204,4.62022174951455,0.999984722270484,1.22483182097971,NA,0.00615999456142525,0.0122219239349734,0.00606192937354819,1.98408031258807,TRUE,FALSE,TRUE,"2"
"2250","4","$190,000","unlogpred","grosscon",34,1.0191,0.0153584255789616,0.000643856593451553,5.8987441869501,1.00018532875648,1.37275712056649,0.125559489025759,0.00504811484461264,-0.00418666358235744,-0.00923477842697008,-0.829351889017632,TRUE,TRUE,TRUE,"2"
"2250","5","$200,000","unlogpred","grosscon",34,1.0021,0.00727908796428891,0.0232573500361313,5.09855672605251,1.00027214840064,1.29579171150869,0.183935316689072,0.00730190297444304,-0.00395966298682198,-0.011261565961265,-0.54227822537234,TRUE,TRUE,TRUE,"2"
"2250","6","$218,800","unlogpred","grosscon",34,0.984,0.107447321386301,0.109537861824896,3.31142195857705,1.0000639871277,0.817346110992415,0.352078101853667,0.0104405583076831,0.0075698374927424,-0.00287072081494072,0.725041446028017,TRUE,FALSE,TRUE,"2"
"2250","7","$240,000","unlogpred","grosscon",34,0.9682,0.00465137560737831,0.0091998521896797,6.23401126841305,1.00076766006112,0.950702230611576,0.469718429477194,0.017430646636065,0.00345115739420244,-0.0139794892418625,0.197993652574071,TRUE,TRUE,TRUE,"2"
"2250","8","$260,000","unlogpred","grosscon",33,0.963,0.0233245824286246,0.0596614778217172,5.95503789473283,1.00069509070978,0.872730834030632,0.573071748942538,0.0184973345595108,0.0102153154502101,-0.00828201910930075,0.552258781790678,TRUE,TRUE,TRUE,"2"
"2250","9","$277,700","unlogpred","grosscon",33,0.8987,0.014475837674178,0.000858490995900053,5.43259504127011,1.00013331388024,1.158930575687,0.22707544853006,0.00900164647549737,0.0029498899326355,-0.00605175654286187,0.327705597044402,FALSE,TRUE,TRUE,"2"
"2250","10","$349,000","unlogpred","grosscon",33,0.9171,0.378043031994049,0.222247838158906,6.04295807999178,1.00016566357778,0.386009221116353,0.605194105457326,0.0331161253295709,0.0304617582384607,-0.00265436709111014,0.919846689046682,TRUE,TRUE,TRUE,"2"
"2290","1","$182,000","unlogpred","grosscon",1,NA,NA,NA,NA,NA,NA,NA,NA,NA,NA,NA,NA,NA,NA,"2"
"2290","2","$194,000","unlogpred","grosscon",1,NA,NA,NA,NA,NA,NA,NA,NA,NA,NA,NA,NA,NA,NA,"2"
"2290","3","$206,000","unlogpred","grosscon",1,NA,NA,NA,NA,NA,NA,NA,NA,NA,NA,NA,NA,NA,NA,"2"
"2290","4","$235,000","unlogpred","grosscon",1,NA,NA,NA,NA,NA,NA,NA,NA,NA,NA,NA,NA,NA,NA,"2"
"2290","5","$272,500","unlogpred","grosscon",1,NA,NA,NA,NA,NA,NA,NA,NA,NA,NA,NA,NA,NA,NA,"2"
"2290","6","$310,000","unlogpred","grosscon",1,NA,NA,NA,NA,NA,NA,NA,NA,NA,NA,NA,NA,NA,NA,"2"
"2290","7","$336,000","unlogpred","grosscon",1,NA,NA,NA,NA,NA,NA,NA,NA,NA,NA,NA,NA,NA,NA,"2"
"2300","1","$284,500","unlogpred","grosscon",4,NA,NA,NA,NA,NA,NA,NA,NA,NA,NA,NA,NA,NA,NA,"2"
"2300","2","$330,000","unlogpred","grosscon",3,NA,NA,NA,NA,NA,NA,NA,NA,NA,NA,NA,NA,NA,NA,"2"
"2300","3","$380,000","unlogpred","grosscon",3,NA,NA,NA,NA,NA,NA,NA,NA,NA,NA,NA,NA,NA,NA,"2"
"2300","4","$485,000","unlogpred","grosscon",3,NA,NA,NA,NA,NA,NA,NA,NA,NA,NA,NA,NA,NA,NA,"2"
"2300","5","$715,000","unlogpred","grosscon",3,NA,NA,NA,NA,NA,NA,NA,NA,NA,NA,NA,NA,NA,NA,"2"
"2300","6","$750,000","unlogpred","grosscon",3,NA,NA,NA,NA,NA,NA,NA,NA,NA,NA,NA,NA,NA,NA,"2"
"2300","7","$810,000","unlogpred","grosscon",3,NA,NA,NA,NA,NA,NA,NA,NA,NA,NA,NA,NA,NA,NA,"2"
"2300","8","$861,000","unlogpred","grosscon",3,NA,NA,NA,NA,NA,NA,NA,NA,NA,NA,NA,NA,NA,NA,"2"
"2300","9","$999,000","unlogpred","grosscon",3,NA,NA,NA,NA,NA,NA,NA,NA,NA,NA,NA,NA,NA,NA,"2"
"2300","10","$1,050,000","unlogpred","grosscon",3,NA,NA,NA,NA,NA,NA,NA,NA,NA,NA,NA,NA,NA,NA,"2"
"2310","1","$279,500","unlogpred","grosscon",1,NA,NA,NA,NA,NA,NA,NA,NA,NA,NA,NA,NA,NA,NA,"2"
"2310","2","$289,000","unlogpred","grosscon",1,NA,NA,NA,NA,NA,NA,NA,NA,NA,NA,NA,NA,NA,NA,"2"
"2310","3","$298,500","unlogpred","grosscon",1,NA,NA,NA,NA,NA,NA,NA,NA,NA,NA,NA,NA,NA,NA,"2"
"2330","1","$363,225","unlogpred","grosscon",1,NA,NA,NA,NA,NA,NA,NA,NA,NA,NA,NA,NA,NA,NA,"2"
"2330","2","$374,700","unlogpred","grosscon",1,NA,NA,NA,NA,NA,NA,NA,NA,NA,NA,NA,NA,NA,NA,"2"
"2330","3","$386,175","unlogpred","grosscon",1,NA,NA,NA,NA,NA,NA,NA,NA,NA,NA,NA,NA,NA,NA,"2"
"2330","4","$395,000","unlogpred","grosscon",1,NA,NA,NA,NA,NA,NA,NA,NA,NA,NA,NA,NA,NA,NA,"2"
"2370","1","$155,000","unlogpred","grosscon",1,NA,NA,NA,NA,NA,NA,NA,NA,NA,NA,NA,NA,NA,NA,"2"
"2370","2","$155,000","unlogpred","grosscon",1,NA,NA,NA,NA,NA,NA,NA,NA,NA,NA,NA,NA,NA,NA,"2"
"2370","3","$155,000","unlogpred","grosscon",1,NA,NA,NA,NA,NA,NA,NA,NA,NA,NA,NA,NA,NA,NA,"2"
"3010","1","$474,045","unlogpred","grosscon",1,NA,NA,NA,NA,NA,NA,NA,NA,NA,NA,NA,NA,NA,NA,"3"
"3010","2","$491,790","unlogpred","grosscon",1,NA,NA,NA,NA,NA,NA,NA,NA,NA,NA,NA,NA,NA,NA,"3"
"3020","1","$550,000","unlogpred","grosscon",1,NA,NA,NA,NA,NA,NA,NA,NA,NA,NA,NA,NA,NA,NA,"3"
"3020","2","$720,000","unlogpred","grosscon",1,NA,NA,NA,NA,NA,NA,NA,NA,NA,NA,NA,NA,NA,NA,"3"
"3020","3","$750,000","unlogpred","grosscon",1,NA,NA,NA,NA,NA,NA,NA,NA,NA,NA,NA,NA,NA,NA,"3"
"3020","4","$785,000","unlogpred","grosscon",1,NA,NA,NA,NA,NA,NA,NA,NA,NA,NA,NA,NA,NA,NA,"3"
"3020","5","$802,381","unlogpred","grosscon",1,NA,NA,NA,NA,NA,NA,NA,NA,NA,NA,NA,NA,NA,NA,"3"
"3020","6","$805,000","unlogpred","grosscon",1,NA,NA,NA,NA,NA,NA,NA,NA,NA,NA,NA,NA,NA,NA,"3"
"3020","7","$820,000","unlogpred","grosscon",1,NA,NA,NA,NA,NA,NA,NA,NA,NA,NA,NA,NA,NA,NA,"3"
"3020","8","$850,000","unlogpred","grosscon",1,NA,NA,NA,NA,NA,NA,NA,NA,NA,NA,NA,NA,NA,NA,"3"
"3030","1","$524,699","unlogpred","grosscon",21,1.0623,0.846311467133279,0.78219092595716,6.93758725199353,1.00819372986624,-0.0112921660020185,1.05850446515564,0.163861652237988,0.152401238400679,-0.0114604138373091,0.930060427923281,TRUE,TRUE,TRUE,"3"
"3030","2","$600,000","unlogpred","grosscon",21,1.0142,0.17952068221799,0.334254204811582,2.85371485990341,1.00046238752982,0.345335124344302,0.764173382045734,0.0184519210932247,0.0145789982702225,-0.00387292282300221,0.790107338773289,TRUE,FALSE,TRUE,"3"
"3030","3","$647,794","unlogpred","grosscon",20,0.9931,0.434105996939014,0.606500249116768,5.64759562840678,0.997931716429895,0.768092912607287,0.554989785102766,0.0284043253869946,0.0522809950819131,0.0238766696949185,1.84059978082954,TRUE,TRUE,TRUE,"3"
"3030","4","$710,000","unlogpred","grosscon",20,0.9962,0.127599555186261,0.228407827757415,2.35285524482164,1.00033117834461,0.264331236498733,1.04028723666858,0.0142323801899284,0.00696851590096355,-0.00726386428896486,0.48962406905732,TRUE,FALSE,TRUE,"3"
"3030","5","$789,526","unlogpred","grosscon",20,0.994,0.00355165471122998,0.19989227585608,3.00543830250603,1.00036798364737,1.10538584379279,0.770041503632149,0.0114026551521039,0.001072334646177,-0.0103303205059269,0.0940425393798862,TRUE,FALSE,TRUE,"3"
"3030","6","$884,625","unlogpred","grosscon",20,0.9769,0.0640981546046963,0.246059593428014,2.61933588510239,1.00038476415331,0.607619726272834,1.17175437884262,0.0152407470671237,0.00613263611704706,-0.00910811095007666,0.402384219752322,TRUE,FALSE,TRUE,"3"
"3030","7","$960,000","unlogpred","grosscon",20,1.0143,0.377633578263649,0.426210651344916,8.94102593234809,0.998362316936693,0.97512182734501,0.233031880788144,0.0191853026392373,0.0485076015333302,0.0293222988940929,2.52837301790193,TRUE,TRUE,TRUE,"3"
"3030","8","$999,999","unlogpred","grosscon",20,0.9837,0.0335174610489616,0.024227166777807,7.20198509254225,0.999937433725255,1.44678113606109,0.0651294986025507,0.00187427912485845,0.00309114122875496,0.00121686210389651,1.64924273431707,TRUE,TRUE,TRUE,"3"
"3030","9","$1,188,991","unlogpred","grosscon",20,0.9547,0.146705857514239,0.117551020408163,5.48097415976183,1.00109179998655,0.368296340047909,0.736980093922984,0.0288261031962008,0.0175366964039581,-0.0112894067922427,0.608361674299055,TRUE,TRUE,TRUE,"3"
"3030","10","$2,341,975","unlogpred","grosscon",20,0.9163,0.191544289721811,0.296775070205635,8.54588215433631,1.014782685305,-0.0888766492088686,0.751442601676904,0.0907211613169698,0.0565046735310933,-0.0342164877858766,0.622838957425513,TRUE,TRUE,TRUE,"3"
"3040","1","$430,000","unlogpred","grosscon",2,NA,NA,NA,NA,NA,NA,NA,NA,NA,NA,NA,NA,NA,NA,"3"
"3040","2","$493,600","unlogpred","grosscon",2,NA,NA,NA,NA,NA,NA,NA,NA,NA,NA,NA,NA,NA,NA,"3"
"3040","3","$556,400","unlogpred","grosscon",2,NA,NA,NA,NA,NA,NA,NA,NA,NA,NA,NA,NA,NA,NA,"3"
"3040","4","$563,800","unlogpred","grosscon",2,NA,NA,NA,NA,NA,NA,NA,NA,NA,NA,NA,NA,NA,NA,"3"
"3040","5","$610,950","unlogpred","grosscon",2,NA,NA,NA,NA,NA,NA,NA,NA,NA,NA,NA,NA,NA,NA,"3"
"3040","6","$616,570","unlogpred","grosscon",2,NA,NA,NA,NA,NA,NA,NA,NA,NA,NA,NA,NA,NA,NA,"3"
"3040","7","$630,052","unlogpred","grosscon",1,NA,NA,NA,NA,NA,NA,NA,NA,NA,NA,NA,NA,NA,NA,"3"
"3040","8","$664,065","unlogpred","grosscon",1,NA,NA,NA,NA,NA,NA,NA,NA,NA,NA,NA,NA,NA,NA,"3"
"3040","9","$756,110","unlogpred","grosscon",1,NA,NA,NA,NA,NA,NA,NA,NA,NA,NA,NA,NA,NA,NA,"3"
"3040","10","$865,000","unlogpred","grosscon",1,NA,NA,NA,NA,NA,NA,NA,NA,NA,NA,NA,NA,NA,NA,"3"
"3060","1","$928,000","unlogpred","grosscon",5,1.0551,0.747160939483965,0.81,5.26610020974456,1.00107361028924,0.0419249389409308,0.959664893016822,0.0689524804059788,0.0663447166871709,-0.00260776371880792,0.962180276859456,TRUE,TRUE,TRUE,"3"
"3060","2","$991,000","unlogpred","grosscon",5,0.9978,0.71172236328542,0.81,1.53862713366447,1.0005240845723,-0.335579299557556,1.51902772093023,0.0182410423452769,0.0101653490676869,-0.00807569327759001,0.557278957817833,TRUE,FALSE,TRUE,"3"
"3060","3","$1,070,000","unlogpred","grosscon",5,0.9736,0.0305058066513649,0.0833333333333333,1.44695671342012,1.00000107520564,1.21545230261108,0.583961156224939,0.00192616372391647,-0.00128481437481369,-0.00321097809873017,-0.667032796257462,TRUE,FALSE,TRUE,"3"
"3060","4","$1,208,000","unlogpred","grosscon",5,1.0118,0.603293449222685,0.25,3.33754046647633,1.00161470265405,-0.194299848233941,0.807209504063089,0.0323719452766849,0.0197996565511502,-0.0125722887255346,0.611630113109405,TRUE,FALSE,TRUE,"3"
"3060","5","$1,399,000","unlogpred","grosscon",5,1.0178,0.231762617567225,0.04,3.66380468641926,1.00053507408227,0.215452689478862,0.563071966687065,0.0199158012085334,0.00542276034518139,-0.014493040863352,0.272284317783704,TRUE,FALSE,TRUE,"3"
"3060","6","$1,544,999","unlogpred","grosscon",5,0.9942,0.229607564846426,0.544444444444444,1.94143001286156,1.00009711993404,1.59290342962746,NA,0.00314002419473365,-0.00467133854770676,-0.00781136274244041,-1.48767597254231,TRUE,FALSE,TRUE,"3"
"3060","7","$1,738,400","unlogpred","grosscon",5,0.9676,0.185570245635703,0.25,2.31448246544624,1.00020963421822,0.40214517575371,0.930646991903386,0.0134336000240898,0.00730533359372796,-0.00612826643036186,0.543810563112469,TRUE,FALSE,TRUE,"3"
"3060","8","$1,766,169","unlogpred","grosscon",5,1.0124,0.496205137225238,0.81,4.91304559634062,0.999149311231973,0.74093510787637,0.443563809584358,0.0158997454474251,0.0339391406799889,0.0180393952325638,2.13457132330915,TRUE,FALSE,TRUE,"3"
"3060","9","$2,449,902","unlogpred","grosscon",5,0.9779,0.692578093501146,0.36,7.20225339973705,0.998927820840837,0.149945459991346,0.774918489785543,0.06810096437888,0.0550253328933374,-0.0130756314855425,0.807996382946999,TRUE,TRUE,TRUE,"3"
"3060","10","$4,200,000","unlogpred","grosscon",4,NA,NA,NA,NA,NA,NA,NA,NA,NA,NA,NA,NA,NA,NA,"3"
"3070","1","$404,800","unlogpred","grosscon",10,1.0161,0.95222342846821,0.975904499540863,2.67683162064502,0.999250418667976,0.0457889075994096,0.897642930874764,0.0728266371142398,0.0789204534103924,0.00609381629615253,1.08367565134984,TRUE,FALSE,TRUE,"3"
"3070","2","$484,000","unlogpred","grosscon",10,1.0131,0.254554070364323,0.0851441241685144,3.53528767582922,1.00070908014572,0.211331996670441,0.82220353780331,0.0243612479881399,0.0141630181815295,-0.0101982298066105,0.581374902813871,TRUE,FALSE,TRUE,"3"
"3070","3","$545,000","unlogpred","grosscon",10,1.0125,0.549831883734236,0.458114891243726,3.75922512440931,0.99975220082333,0.292457510546936,0.699177381160647,0.0272255760253428,0.0320785209558917,0.00485294493054891,1.17824948592572,TRUE,FALSE,TRUE,"3"
"3070","4","$661,863","unlogpred","grosscon",10,0.9845,0.525859256171557,0.514560236511456,3.08877948784565,0.999576390139827,0.645224814177977,0.40468823506122,0.0132304059837381,0.0247741280746583,0.0115437220909202,1.87251457779217,TRUE,FALSE,TRUE,"3"
"3070","5","$920,000","unlogpred","grosscon",10,0.9958,0.432381299908164,0.420532598714417,8.31034089369565,0.999006170037733,0.434228258548196,0.59791493842567,0.048558723905416,0.0518491530876036,0.00329042918218753,1.06776185446299,TRUE,TRUE,TRUE,"3"
"3070","6","$941,881","unlogpred","grosscon",9,1.0055,0.599014167264153,0.459770114942529,2.04119010987077,0.999899938553973,0.297730664049405,0.710705975705168,0.0137001444053267,0.0146997770169385,0.000999632611611883,1.07296511496793,TRUE,FALSE,TRUE,"3"
"3070","7","$975,000","unlogpred","grosscon",9,0.9945,0.246057876676984,0.245454545454545,4.14076441525203,0.999870291306332,1.26533626056068,0.0886504289385424,0.00234637216908674,0.0096906715355581,0.00734429936647136,4.13006583662724,TRUE,FALSE,TRUE,"3"
"3070","8","$996,000","unlogpred","grosscon",9,0.986,0.0143374062141451,0.00476190476190476,4.05758668251432,0.999994024713309,1.32462932958715,0.117237819143273,0.00295690750375953,-0.00247652757580615,-0.00543343507956568,-0.837539751465811,TRUE,FALSE,TRUE,"3"
"3070","9","$1,114,500","unlogpred","grosscon",9,0.9378,0.0970436810515378,0.0609420289855072,6.9919405207487,1.00407254070257,-0.127878658170337,0.305035290124832,0.033817495565682,0.0189174403579515,-0.0149000552077305,0.559398028786877,TRUE,TRUE,TRUE,"3"
"3070","10","$1,900,000","unlogpred","grosscon",9,0.971,0.994780298117682,0.7225,2.63160047718548,0.992690999083336,0.0967506562450159,0.888279581441521,0.115136618919969,0.130213059182074,0.0150764402621052,1.13094392039239,TRUE,FALSE,TRUE,"3"
"3080","1","$436,102","unlogpred","grosscon",3,NA,NA,NA,NA,NA,NA,NA,NA,NA,NA,NA,NA,NA,NA,"3"
"3080","2","$542,000","unlogpred","grosscon",3,NA,NA,NA,NA,NA,NA,NA,NA,NA,NA,NA,NA,NA,NA,"3"
"3080","3","$673,500","unlogpred","grosscon",3,NA,NA,NA,NA,NA,NA,NA,NA,NA,NA,NA,NA,NA,NA,"3"
"3080","4","$709,000","unlogpred","grosscon",3,NA,NA,NA,NA,NA,NA,NA,NA,NA,NA,NA,NA,NA,NA,"3"
"3080","5","$791,500","unlogpred","grosscon",3,NA,NA,NA,NA,NA,NA,NA,NA,NA,NA,NA,NA,NA,NA,"3"
"3080","6","$818,076","unlogpred","grosscon",3,NA,NA,NA,NA,NA,NA,NA,NA,NA,NA,NA,NA,NA,NA,"3"
"3080","7","$894,000","unlogpred","grosscon",3,NA,NA,NA,NA,NA,NA,NA,NA,NA,NA,NA,NA,NA,NA,"3"
"3080","8","$984,000","unlogpred","grosscon",3,NA,NA,NA,NA,NA,NA,NA,NA,NA,NA,NA,NA,NA,NA,"3"
"3080","9","$1,482,500","unlogpred","grosscon",3,NA,NA,NA,NA,NA,NA,NA,NA,NA,NA,NA,NA,NA,NA,"3"
"3080","10","$2,200,000","unlogpred","grosscon",3,NA,NA,NA,NA,NA,NA,NA,NA,NA,NA,NA,NA,NA,NA,"3"
"3090","1","$1,070,000","unlogpred","grosscon",4,NA,NA,NA,NA,NA,NA,NA,NA,NA,NA,NA,NA,NA,NA,"3"
"3090","2","$1,752,000","unlogpred","grosscon",4,NA,NA,NA,NA,NA,NA,NA,NA,NA,NA,NA,NA,NA,NA,"3"
"3090","3","$2,250,000","unlogpred","grosscon",4,NA,NA,NA,NA,NA,NA,NA,NA,NA,NA,NA,NA,NA,NA,"3"
"3090","4","$2,360,000","unlogpred","grosscon",4,NA,NA,NA,NA,NA,NA,NA,NA,NA,NA,NA,NA,NA,NA,"3"
"3090","5","$2,512,500","unlogpred","grosscon",4,NA,NA,NA,NA,NA,NA,NA,NA,NA,NA,NA,NA,NA,NA,"3"
"3090","6","$2,992,999","unlogpred","grosscon",4,NA,NA,NA,NA,NA,NA,NA,NA,NA,NA,NA,NA,NA,NA,"3"
"3090","7","$3,525,000","unlogpred","grosscon",4,NA,NA,NA,NA,NA,NA,NA,NA,NA,NA,NA,NA,NA,NA,"3"
"3090","8","$3,990,000","unlogpred","grosscon",4,NA,NA,NA,NA,NA,NA,NA,NA,NA,NA,NA,NA,NA,NA,"3"
"3090","9","$4,200,000","unlogpred","grosscon",4,NA,NA,NA,NA,NA,NA,NA,NA,NA,NA,NA,NA,NA,NA,"3"
"3090","10","$4,300,000","unlogpred","grosscon",3,NA,NA,NA,NA,NA,NA,NA,NA,NA,NA,NA,NA,NA,NA,"3"
"3120","1","$494,600","unlogpred","grosscon",10,1.0194,0.0527162935953695,0.00237962446551404,6.83532069364672,1.00731225908692,-0.440173770600748,0.598100913485432,0.0357664939009911,0.00103479245903042,-0.0347317014419607,0.0289318953625965,TRUE,TRUE,TRUE,"3"
"3120","2","$540,000","unlogpred","grosscon",10,1.0122,0.109046836749618,0.161957168352171,4.65103445256177,0.999988051375756,0.954367818860087,0.30313536636008,0.0115627654121788,0.0139222940502313,0.00235952863805249,1.2040626574995,TRUE,FALSE,TRUE,"3"
"3120","3","$599,000","unlogpred","grosscon",10,1.0092,0.762168038985223,0.81186723423838,1.2698692410185,0.999879018475252,0.304351257178091,0.59572088174749,0.0103809929615895,0.0140756149853807,0.00369462202379118,1.35590256514589,TRUE,FALSE,TRUE,"3"
"3120","4","$622,000","unlogpred","grosscon",10,0.9941,0.658093637888653,0.730247933884297,1.51344647372617,0.99992681433762,0.294775833127699,0.676672743301172,0.0107319496823322,0.0142873753163682,0.00355542563403599,1.33129354304458,TRUE,FALSE,TRUE,"3"
"3120","5","$655,900","unlogpred","grosscon",10,0.9963,0.204750565210032,0.202365114560236,2.25014418423762,1.00005207667726,0.563430029644727,0.551069464011254,0.0106025411546614,0.00858371478454334,-0.0020188263701181,0.809590329273986,TRUE,FALSE,TRUE,"3"
"3120","6","$724,663","unlogpred","grosscon",10,0.9965,0.0441843421814038,0.0249815225424981,3.93787612292537,1.00123836677742,0.0802197914214542,0.739703416925381,0.0218968676598717,0.0053338669005889,-0.0165630007592828,0.243590406785157,TRUE,FALSE,TRUE,"3"
"3120","7","$776,000","unlogpred","grosscon",9,0.9657,0.0117452221583978,0.0373587570621469,3.23146864279924,1.00048279898412,0.439222781330999,0.172270379912752,0.0113824514719462,-0.00356375466535298,-0.0149462061372992,-0.313092014856062,TRUE,FALSE,TRUE,"3"
"3120","8","$828,200","unlogpred","grosscon",9,0.951,0.0138590827314321,0.00112044817927171,6.93622791812351,1.00094510343559,1.15082269343256,0.266601245955716,0.0150252663465446,-0.00395893788197673,-0.0189842042285214,-0.263485371285093,TRUE,TRUE,TRUE,"3"
"3120","9","$976,200","unlogpred","grosscon",9,0.9843,0.396932442457031,0.336228813559322,5.38299781772213,1.000194131004,0.333562052780457,0.510735309156889,0.0317159157889775,0.034132201496178,0.00241628570720052,1.07618527313786,TRUE,TRUE,TRUE,"3"
"3120","10","$1,298,269","unlogpred","grosscon",9,0.9703,0.629573024741411,0.522316384180791,2.51495010013451,0.999732280884537,0.285263970072053,0.753361301018345,0.0231661716697715,0.0272304298897655,0.00406425821999395,1.17543935519123,TRUE,FALSE,TRUE,"3"
"3140","1","$720,000","unlogpred","grosscon",4,NA,NA,NA,NA,NA,NA,NA,NA,NA,NA,NA,NA,NA,NA,"3"
"3140","2","$796,000","unlogpred","grosscon",3,NA,NA,NA,NA,NA,NA,NA,NA,NA,NA,NA,NA,NA,NA,"3"
"3140","3","$904,000","unlogpred","grosscon",3,NA,NA,NA,NA,NA,NA,NA,NA,NA,NA,NA,NA,NA,NA,"3"
"3140","4","$1,001,840","unlogpred","grosscon",3,NA,NA,NA,NA,NA,NA,NA,NA,NA,NA,NA,NA,NA,NA,"3"
"3140","5","$1,167,500","unlogpred","grosscon",3,NA,NA,NA,NA,NA,NA,NA,NA,NA,NA,NA,NA,NA,NA,"3"
"3140","6","$1,361,000","unlogpred","grosscon",3,NA,NA,NA,NA,NA,NA,NA,NA,NA,NA,NA,NA,NA,NA,"3"
"3140","7","$1,529,500","unlogpred","grosscon",3,NA,NA,NA,NA,NA,NA,NA,NA,NA,NA,NA,NA,NA,NA,"3"
"3140","8","$1,711,000","unlogpred","grosscon",3,NA,NA,NA,NA,NA,NA,NA,NA,NA,NA,NA,NA,NA,NA,"3"
"3140","9","$2,091,966","unlogpred","grosscon",3,NA,NA,NA,NA,NA,NA,NA,NA,NA,NA,NA,NA,NA,NA,"3"
"3140","10","$3,500,000","unlogpred","grosscon",3,NA,NA,NA,NA,NA,NA,NA,NA,NA,NA,NA,NA,NA,NA,"3"
"3150","1","$610,475","unlogpred","grosscon",8,1.0269,0.95127347487474,1,3.10607762405401,1.00393378012867,-0.0857100379469117,1.17635713828383,0.0946646986000217,0.083939025758146,-0.0107256728418756,0.886698283515444,TRUE,FALSE,TRUE,"3"
"3150","2","$730,000","unlogpred","grosscon",8,1.0484,0.262911562895404,0.070267131242741,5.36562489286297,0.999849311880046,0.596118394348249,0.453058616026297,0.0204758190327614,0.0129965417166171,-0.00747927731614428,0.634726342122022,TRUE,TRUE,TRUE,"3"
"3150","3","$882,500","unlogpred","grosscon",8,0.9938,0.231023454075874,0.560729355033153,4.22334773955689,1.00018668392826,0.517725041530032,0.526316258884596,0.0172523776385989,0.0188129985560774,0.00156062091747855,1.09045830958319,TRUE,FALSE,TRUE,"3"
"3150","4","$967,338","unlogpred","grosscon",7,1.0132,0.332954123225788,0.413265306122449,2.57790809228985,0.99988789975522,0.666697721028129,0.347949860436958,0.0106339984873348,0.0170631647404638,0.00642916625312903,1.60458596649099,TRUE,FALSE,TRUE,"3"
"3150","5","$1,091,250","unlogpred","grosscon",7,0.9967,0.872016325475245,0.811688311688311,1.08853633775884,0.999796502904448,0.38129049015062,0.614683663657808,0.00991967402303828,0.0162558118943387,0.0063361378713004,1.63874456525334,TRUE,FALSE,TRUE,"3"
"3150","6","$1,229,300","unlogpred","grosscon",7,1.0023,0.528948914832017,0.326530612244898,3.37247150781714,1.00088531817981,0.0172795539967263,0.891472102807994,0.0314898510093892,0.0167159748524432,-0.014773876156946,0.530836898766496,TRUE,FALSE,TRUE,"3"
"3150","7","$1,350,000","unlogpred","grosscon",7,0.9497,0.0837659176478445,0.12987012987013,3.74026144769874,1.0005706116717,0.426611173532185,0.679186535719348,0.0182909455652988,0.012054317820624,-0.00623662774467475,0.65903196625839,TRUE,FALSE,TRUE,"3"
"3150","8","$1,495,000","unlogpred","grosscon",7,0.9434,0.401179724479507,0.25,6.83233305837973,0.999203924513368,1.06031582200685,0.196388411999338,0.0092597553918688,0.0291453951642812,0.0198856397724124,3.14753402556124,TRUE,TRUE,TRUE,"3"
"3150","9","$1,744,500","unlogpred","grosscon",7,0.973,0.80740183934965,0.912012987012987,3.22830705043416,0.997738038843333,0.339951177089694,0.636353262124443,0.038910215092481,0.056501462118269,0.017591247025788,1.45209842669791,TRUE,FALSE,TRUE,"3"
"3150","10","$2,291,063","unlogpred","grosscon",7,0.9751,0.881920201007574,0.92984693877551,3.29503983665031,1.00315603420635,-0.163372833633024,1.23961874370677,0.0626971108631767,0.0480254551166594,-0.0146716557465173,0.765991517878151,TRUE,FALSE,TRUE,"3"
"3160","1","$457,000","unlogpred","grosscon",3,NA,NA,NA,NA,NA,NA,NA,NA,NA,NA,NA,NA,NA,NA,"3"
"3160","2","$495,000","unlogpred","grosscon",3,NA,NA,NA,NA,NA,NA,NA,NA,NA,NA,NA,NA,NA,NA,"3"
"3160","3","$683,136","unlogpred","grosscon",3,NA,NA,NA,NA,NA,NA,NA,NA,NA,NA,NA,NA,NA,NA,"3"
"3160","4","$753,000","unlogpred","grosscon",3,NA,NA,NA,NA,NA,NA,NA,NA,NA,NA,NA,NA,NA,NA,"3"
"3160","5","$1,056,000","unlogpred","grosscon",2,NA,NA,NA,NA,NA,NA,NA,NA,NA,NA,NA,NA,NA,NA,"3"
"3160","6","$1,352,000","unlogpred","grosscon",2,NA,NA,NA,NA,NA,NA,NA,NA,NA,NA,NA,NA,NA,NA,"3"
"3160","7","$1,716,800","unlogpred","grosscon",2,NA,NA,NA,NA,NA,NA,NA,NA,NA,NA,NA,NA,NA,NA,"3"
"3160","8","$2,165,000","unlogpred","grosscon",2,NA,NA,NA,NA,NA,NA,NA,NA,NA,NA,NA,NA,NA,NA,"3"
"3160","9","$2,558,000","unlogpred","grosscon",2,NA,NA,NA,NA,NA,NA,NA,NA,NA,NA,NA,NA,NA,NA,"3"
"3160","10","$3,802,294","unlogpred","grosscon",2,NA,NA,NA,NA,NA,NA,NA,NA,NA,NA,NA,NA,NA,NA,"3"
"3161","1","$836,000","unlogpred","grosscon",2,NA,NA,NA,NA,NA,NA,NA,NA,NA,NA,NA,NA,NA,NA,"3"
"3161","2","$873,000","unlogpred","grosscon",2,NA,NA,NA,NA,NA,NA,NA,NA,NA,NA,NA,NA,NA,NA,"3"
"3161","3","$920,600","unlogpred","grosscon",2,NA,NA,NA,NA,NA,NA,NA,NA,NA,NA,NA,NA,NA,NA,"3"
"3161","4","$1,005,000","unlogpred","grosscon",2,NA,NA,NA,NA,NA,NA,NA,NA,NA,NA,NA,NA,NA,NA,"3"
"3161","5","$1,170,000","unlogpred","grosscon",2,NA,NA,NA,NA,NA,NA,NA,NA,NA,NA,NA,NA,NA,NA,"3"
"3161","6","$1,302,644","unlogpred","grosscon",2,NA,NA,NA,NA,NA,NA,NA,NA,NA,NA,NA,NA,NA,NA,"3"
"3161","7","$1,479,000","unlogpred","grosscon",2,NA,NA,NA,NA,NA,NA,NA,NA,NA,NA,NA,NA,NA,NA,"3"
"3161","8","$1,499,000","unlogpred","grosscon",2,NA,NA,NA,NA,NA,NA,NA,NA,NA,NA,NA,NA,NA,NA,"3"
"3161","9","$1,671,000","unlogpred","grosscon",1,NA,NA,NA,NA,NA,NA,NA,NA,NA,NA,NA,NA,NA,NA,"3"
"3161","10","$1,895,000","unlogpred","grosscon",1,NA,NA,NA,NA,NA,NA,NA,NA,NA,NA,NA,NA,NA,NA,"3"
"3170","1","$418,000","unlogpred","grosscon",2,NA,NA,NA,NA,NA,NA,NA,NA,NA,NA,NA,NA,NA,NA,"3"
"3170","2","$468,000","unlogpred","grosscon",2,NA,NA,NA,NA,NA,NA,NA,NA,NA,NA,NA,NA,NA,NA,"3"
"3170","3","$500,000","unlogpred","grosscon",2,NA,NA,NA,NA,NA,NA,NA,NA,NA,NA,NA,NA,NA,NA,"3"
"3170","4","$513,000","unlogpred","grosscon",1,NA,NA,NA,NA,NA,NA,NA,NA,NA,NA,NA,NA,NA,NA,"3"
"3170","5","$530,000","unlogpred","grosscon",1,NA,NA,NA,NA,NA,NA,NA,NA,NA,NA,NA,NA,NA,NA,"3"
"3170","6","$554,000","unlogpred","grosscon",1,NA,NA,NA,NA,NA,NA,NA,NA,NA,NA,NA,NA,NA,NA,"3"
"3170","7","$580,000","unlogpred","grosscon",1,NA,NA,NA,NA,NA,NA,NA,NA,NA,NA,NA,NA,NA,NA,"3"
"3170","8","$600,000","unlogpred","grosscon",1,NA,NA,NA,NA,NA,NA,NA,NA,NA,NA,NA,NA,NA,NA,"3"
"3170","9","$625,500","unlogpred","grosscon",1,NA,NA,NA,NA,NA,NA,NA,NA,NA,NA,NA,NA,NA,NA,"3"
"3170","10","$690,000","unlogpred","grosscon",1,NA,NA,NA,NA,NA,NA,NA,NA,NA,NA,NA,NA,NA,NA,"3"
"3180","1","$526,719","unlogpred","grosscon",14,1.0467,0.728893697172234,0.509543345543346,3.60093138915851,1.00058885840239,0.0463672421787488,1.00641172552201,0.0454531512115281,0.0425895476170618,-0.00286360359446621,0.936998788463759,TRUE,FALSE,TRUE,"3"
"3180","2","$583,000","unlogpred","grosscon",14,1.0148,0.240787824129829,0.195795296018013,3.97222070953344,1.00025666549151,0.423468738229556,0.427697238951722,0.0207777404326624,0.0197317632402521,-0.00104597719241032,0.949658761220924,TRUE,FALSE,TRUE,"3"
"3180","3","$682,935","unlogpred","grosscon",14,1.0058,0.0536452946082575,0.149905773513791,3.28194673931623,1.00099441994959,0.300868342264241,1.11781108115792,0.0211329505781249,0.00680404136566029,-0.0143289092124646,0.321963624554315,TRUE,FALSE,TRUE,"3"
"3180","4","$746,000","unlogpred","grosscon",14,1.0627,0.746847502580336,0.782320762937503,3.56330476207662,0.999000628824573,0.33216141611968,0.62089270061321,0.0295629136182954,0.0412111314765899,0.0116482178582946,1.39401454162102,TRUE,FALSE,TRUE,"3"
"3180","5","$860,000","unlogpred","grosscon",14,0.9971,0.224656662869711,0.180719501249303,5.00895819213522,0.999733546181631,0.970450062873865,0.291197254317382,0.00997747364101783,0.0199746759722368,0.00999720233121896,2.00197732320936,TRUE,TRUE,TRUE,"3"
"3180","6","$988,667","unlogpred","grosscon",14,0.9874,0.829521174926324,0.792295616471441,1.77352334137165,1.00020822271966,0.0125200995970108,1.02410142992087,0.0310269400994198,0.0287533689876636,-0.00227357111175624,0.92672267698745,TRUE,FALSE,TRUE,"3"
"3180","7","$1,116,015","unlogpred","grosscon",14,0.9626,0.233682987004188,0.24781331028522,4.62642159930828,1.00013786299768,0.547407880294986,0.689865569183884,0.0229854024220663,0.0196678762058718,-0.00331752621619457,0.85566812556609,TRUE,FALSE,TRUE,"3"
"3180","8","$1,200,000","unlogpred","grosscon",13,0.9871,0.139688055094779,0.207556488455365,4.40632139280494,1.00063877115461,0.538187913030303,0.558632766037414,0.023246379105899,0.0166167205464841,-0.00662965855941495,0.714808980391591,TRUE,FALSE,TRUE,"3"
"3180","9","$1,584,000","unlogpred","grosscon",13,0.9917,0.548259088712401,0.273355474608956,5.56830806666637,0.998982287148861,0.466470267855299,0.506194936253903,0.0293233806371579,0.0357146023904436,0.0063912217532857,1.21795651164405,TRUE,TRUE,TRUE,"3"
"3180","10","$2,125,000","unlogpred","grosscon",13,0.9832,0.860953704239435,0.652366863905326,5.5218667552577,0.997099962272181,0.119613816789977,0.878824654733198,0.0973375725850974,0.104440869247334,0.00710329666223658,1.07297589690791,TRUE,TRUE,TRUE,"3"
"3190","1","$421,429","unlogpred","grosscon",1,NA,NA,NA,NA,NA,NA,NA,NA,NA,NA,NA,NA,NA,NA,"3"
"3190","2","$424,954","unlogpred","grosscon",1,NA,NA,NA,NA,NA,NA,NA,NA,NA,NA,NA,NA,NA,NA,"3"
"3200","1","$772,000","unlogpred","grosscon",17,0.9913,0.722362534418317,0.744329104190696,4.85377142598602,1.00034838398894,0.0947652015236739,1.0254365657334,0.0621247815537928,0.0599276781017972,-0.00219710345199556,0.964634025310928,TRUE,FALSE,TRUE,"3"
"3200","2","$956,400","unlogpred","grosscon",17,0.9998,0.706499160292866,0.657791648600472,3.51682074160935,1.00146382942199,-0.0120032948209927,1.13634372703032,0.0517057084100687,0.0430120809982321,-0.00869362741183659,0.831863295578721,TRUE,FALSE,TRUE,"3"
"3200","3","$1,269,000","unlogpred","grosscon",17,0.9604,0.507364347722606,0.48571566218625,6.87316623841895,0.999028396844062,0.435128838992681,0.615598978542456,0.0389914940657451,0.0466432490189277,0.00765175495318255,1.19624164542863,TRUE,TRUE,TRUE,"3"
"3200","4","$1,400,000","unlogpred","grosscon",17,1.0081,0.0904900977645254,0.0584825234441603,3.88185515559879,1.00029263129481,0.646160436248913,0.449947925803125,0.0148923706328062,0.00772970908054137,-0.00716266155226485,0.519038188823591,TRUE,FALSE,TRUE,"3"
"3200","5","$1,545,000","unlogpred","grosscon",17,0.9987,0.518919168310056,0.67262378506138,2.98263585778627,0.99968637687878,0.418726281123909,0.689040276295359,0.0201598572325189,0.0254865446076742,0.00532668737515523,1.26422247507601,TRUE,FALSE,TRUE,"3"
"3200","6","$1,748,000","unlogpred","grosscon",17,1.0425,0.356775947948499,0.666231474093953,3.50452682814379,0.999670143421568,0.671682199775449,0.442418785169412,0.0156657183489354,0.0211787057333149,0.00551298738437948,1.3519141134536,TRUE,FALSE,TRUE,"3"
"3200","7","$1,946,000","unlogpred","grosscon",17,1.0114,0.432973230171071,0.534483385443176,2.82409292153107,0.999771211956941,0.546544936364989,0.635459883526268,0.0152465253751698,0.0193355621324131,0.00408903675724325,1.26819466446451,TRUE,FALSE,TRUE,"3"
"3200","8","$2,100,000","unlogpred","grosscon",17,0.997,0.137064302321102,0.271933865683866,3.33283854240428,1.00014696576866,0.641896725898277,0.578548252539973,0.0138271874427841,0.0100112347797099,-0.00381595266307416,0.724025389916475,TRUE,FALSE,TRUE,"3"
"3200","9","$2,395,000","unlogpred","grosscon",17,0.9783,0.47166462591175,0.443916697113628,5.42413660455837,0.999409394451322,0.472503512688474,0.453188647477206,0.0264344245034431,0.0318024152321432,0.00536799072870011,1.2030681896631,TRUE,TRUE,TRUE,"3"
"3200","10","$4,250,000","unlogpred","grosscon",16,0.9126,0.798029043104114,0.733613445378151,4.08979430894948,1.0046475276641,-0.372672297261687,1.71562813733607,0.054937070435104,0.0275664746724122,-0.0273705957626917,0.501782757145304,TRUE,FALSE,TRUE,"3"
"3201","1","$783,000","unlogpred","grosscon",5,0.9551,0.290741859541296,0.36,5.78601752176357,1.00126173243098,0.206967892312123,1.4058628949863,0.0319350473612991,0.0148481339126773,-0.0170869134486217,0.464947922096124,TRUE,TRUE,TRUE,"3"
"3201","2","$828,000","unlogpred","grosscon",5,1.0063,0.337478585057146,0.0421052631578947,4.90122460550742,0.999748605050709,0.547817709312148,0.490491866427622,0.0211093644733888,0.0292890008667309,0.0081796363933421,1.38748851978247,TRUE,FALSE,TRUE,"3"
"3201","3","$881,000","unlogpred","grosscon",5,1.0457,0.137603163034165,0.09,4.10341259746021,1.00018803107174,0.665722454085551,0.532934380140436,0.014753760560478,0.00919975676083578,-0.00555400379964226,0.62355334581475,TRUE,FALSE,TRUE,"3"
"3201","4","$927,000","unlogpred","grosscon",5,1.1056,0.130784427295439,0.00263157894736842,4.63789835754196,1.00015043508626,1.43089166920378,0.105415326604279,0.00308880308880308,-0.0113515270851131,-0.0144403301739162,-3.67505689380538,FALSE,FALSE,TRUE,"3"
"3201","5","$970,000","unlogpred","grosscon",4,NA,NA,NA,NA,NA,NA,NA,NA,NA,NA,NA,NA,NA,NA,"3"
"3201","6","$999,399","unlogpred","grosscon",4,NA,NA,NA,NA,NA,NA,NA,NA,NA,NA,NA,NA,NA,NA,"3"
"3201","7","$1,190,000","unlogpred","grosscon",4,NA,NA,NA,NA,NA,NA,NA,NA,NA,NA,NA,NA,NA,NA,"3"
"3201","8","$1,282,800","unlogpred","grosscon",4,NA,NA,NA,NA,NA,NA,NA,NA,NA,NA,NA,NA,NA,NA,"3"
"3201","9","$1,411,000","unlogpred","grosscon",4,NA,NA,NA,NA,NA,NA,NA,NA,NA,NA,NA,NA,NA,NA,"3"
"3201","10","$1,800,000","unlogpred","grosscon",4,NA,NA,NA,NA,NA,NA,NA,NA,NA,NA,NA,NA,NA,NA,"3"
"3202","1","$980,500","unlogpred","grosscon",23,1.0137,0.917538421965315,0.687386821245598,4.04607727450337,0.997254116625738,0.104396099414575,0.86156551108402,0.0780709080953509,0.0845849687873888,0.00651406069203792,1.08343774718339,TRUE,FALSE,TRUE,"3"
"3202","2","$1,190,000","unlogpred","grosscon",23,1.003,0.564761021908842,0.510002739404375,5.52298282460549,0.99904657503327,0.352822973855105,0.649148443363095,0.0382769645424484,0.0428534968572199,0.00457653231477149,1.11956361664197,TRUE,TRUE,TRUE,"3"
"3202","3","$1,270,000","unlogpred","grosscon",23,1.0083,0.112920426085188,0.0522061988807576,5.08502966212341,1.00002616898391,0.888606857371347,0.290936657036906,0.0144132672354407,0.0149222119588576,0.000508944723416898,1.03531085042019,TRUE,TRUE,TRUE,"3"
"3202","4","$1,454,000","unlogpred","grosscon",23,0.9636,0.23734872585793,0.318026182100089,6.70506501391342,0.999391553904348,1.00631322630381,0.292645910194706,0.0155276214606899,0.0295581222475928,0.0140305007869029,1.90358338670368,TRUE,TRUE,TRUE,"3"
"3202","5","$1,680,000","unlogpred","grosscon",23,0.9842,0.732168403796386,0.677150154430981,4.5875391348489,0.998855533733263,0.226298757735068,0.749046264821791,0.0463211575108372,0.0540548643273182,0.00773370681648104,1.16695841019672,TRUE,FALSE,TRUE,"3"
"3202","6","$1,971,081","unlogpred","grosscon",23,1.0428,0.521720576918379,0.563150319005025,4.21271681513118,0.999301993654788,0.638824997522413,0.418347426739506,0.0175945160051035,0.0300842049385424,0.0124896889334389,1.70986260320068,TRUE,FALSE,TRUE,"3"
"3202","7","$2,170,500","unlogpred","grosscon",22,1.0207,0.0523436936051577,0.0162417868692572,7.99919336804439,1.00005295656688,1.07962408205405,0.182405557421736,0.0141267548566309,0.0130207843709399,-0.00110597048569099,0.921710931001831,TRUE,TRUE,TRUE,"3"
"3202","8","$2,545,350","unlogpred","grosscon",22,0.9776,0.296890671747086,0.38140529990241,5.52614563811931,0.99943519936027,0.788161318709356,0.387488174950603,0.0185741139988162,0.0279094249973438,0.00933531099852755,1.5025979166017,TRUE,TRUE,TRUE,"3"
"3202","9","$2,799,300","unlogpred","grosscon",22,1.0232,0.30701084073078,0.273137085848011,4.62189235917528,1.00025496850811,0.379410177033358,0.629818784908848,0.0256520309342649,0.0230523138994149,-0.00259971703484994,0.898654533767252,TRUE,FALSE,TRUE,"3"
"3202","10","$4,200,000","unlogpred","grosscon",22,0.9339,0.297948827630433,0.269448705806971,7.16002702286012,1.00168375684143,0.258384226726884,0.789470106874933,0.0452629124568158,0.0378580026127132,-0.00740490984410255,0.836402267503944,TRUE,TRUE,TRUE,"3"
"3210","1","$425,000","unlogpred","grosscon",1,NA,NA,NA,NA,NA,NA,NA,NA,NA,NA,NA,NA,NA,NA,"3"
"3220","1","$299,200","unlogpred","grosscon",1,NA,NA,NA,NA,NA,NA,NA,NA,NA,NA,NA,NA,NA,NA,"3"
"3220","2","$300,800","unlogpred","grosscon",1,NA,NA,NA,NA,NA,NA,NA,NA,NA,NA,NA,NA,NA,NA,"3"
"3220","3","$302,600","unlogpred","grosscon",1,NA,NA,NA,NA,NA,NA,NA,NA,NA,NA,NA,NA,NA,NA,"3"
"3220","4","$303,400","unlogpred","grosscon",1,NA,NA,NA,NA,NA,NA,NA,NA,NA,NA,NA,NA,NA,NA,"3"
"3220","5","$325,000","unlogpred","grosscon",1,NA,NA,NA,NA,NA,NA,NA,NA,NA,NA,NA,NA,NA,NA,"3"
"3220","6","$342,000","unlogpred","grosscon",1,NA,NA,NA,NA,NA,NA,NA,NA,NA,NA,NA,NA,NA,NA,"3"
"3230","1","$428,000","unlogpred","grosscon",9,1.0135,0.868799348214524,0.780277777777778,1.77450257493406,1.0001108695211,0.0268589028827652,0.955064344974606,0.0327663206602376,0.0316001032144748,-0.00116621744576288,0.964408043922426,TRUE,FALSE,TRUE,"3"
"3230","2","$488,000","unlogpred","grosscon",9,1.0134,0.689366458144539,0.440748587570622,3.40640877401228,0.999314268838015,0.349322471231634,0.6528101927778,0.0245888653659125,0.0290682865255491,0.00447942115963664,1.18217274741951,TRUE,FALSE,TRUE,"3"
"3230","3","$538,500","unlogpred","grosscon",9,0.9976,0.47713853950492,0.498305084745763,3.83745476792214,1.00007671730241,0.258963818021747,0.569558374575268,0.0233252981196718,0.0252347033300479,0.00190940521037615,1.08185984164403,TRUE,FALSE,TRUE,"3"
"3230","4","$582,000","unlogpred","grosscon",8,1.015,0.498434058512037,0.444444444444445,4.39435892509277,0.999551994201191,0.494604140490896,0.614695222901349,0.0202215923473534,0.0279304468888248,0.00770885454147141,1.38121896678826,TRUE,FALSE,TRUE,"3"
"3230","5","$628,112","unlogpred","grosscon",8,0.9855,0.0006836916718955,0.083623693379791,2.20072732999231,1.00017537103335,0.831950218633076,0.824297441001256,0.00717107374941928,0.000055119258113745,-0.00711595449130553,0.00768633262462384,TRUE,FALSE,TRUE,"3"
"3230","6","$650,000","unlogpred","grosscon",8,0.9977,0.400651089073855,0.569277108433735,2.08439595384952,1.00017963572952,0.142770455479835,1.08840694702906,0.0151549418938337,0.0115424121038081,-0.00361252979002558,0.761626945498521,TRUE,FALSE,TRUE,"3"
"3230","7","$685,776","unlogpred","grosscon",8,0.9932,0.375534824741816,0.580498866213152,5.24395842859354,1.00036414808058,0.282163134661671,0.831995967333133,0.0277525067158118,0.026785291594517,-0.000967215121294718,0.965148549239206,TRUE,TRUE,TRUE,"3"
"3230","8","$754,000","unlogpred","grosscon",8,0.9771,0.2325024632346,0.320702671312428,1.36812800433161,1.00008753444205,0.314936766477536,0.813267825545488,0.0089285714285714,0.00444599934352463,-0.00448257208504677,0.49795192647476,TRUE,FALSE,TRUE,"3"
"3230","9","$850,000","unlogpred","grosscon",8,0.977,0.217385237665844,0.204648526077098,3.29625983379338,1.0003197655297,0.403564129579923,0.578803482394716,0.0199187607225755,0.0164471768899042,-0.00347158383267132,0.82571286030176,TRUE,FALSE,TRUE,"3"
"3230","10","$1,080,000","unlogpred","grosscon",8,0.9647,0.899007928337099,0.358577165806082,3.86910989134634,0.999779699243762,0.0464323208425651,0.934142944478016,0.0820116861435727,0.0721560043691403,-0.00985568177443241,0.879825885335674,TRUE,FALSE,TRUE,"3"
"3231","1","$485,000","unlogpred","grosscon",1,NA,NA,NA,NA,NA,NA,NA,NA,NA,NA,NA,NA,NA,NA,"3"
"3231","2","$495,000","unlogpred","grosscon",1,NA,NA,NA,NA,NA,NA,NA,NA,NA,NA,NA,NA,NA,NA,"3"
"3231","3","$507,000","unlogpred","grosscon",1,NA,NA,NA,NA,NA,NA,NA,NA,NA,NA,NA,NA,NA,NA,"3"
"3231","4","$523,000","unlogpred","grosscon",1,NA,NA,NA,NA,NA,NA,NA,NA,NA,NA,NA,NA,NA,NA,"3"
"3231","5","$533,937","unlogpred","grosscon",1,NA,NA,NA,NA,NA,NA,NA,NA,NA,NA,NA,NA,NA,NA,"3"
"3232","1","$499,600","unlogpred","grosscon",4,NA,NA,NA,NA,NA,NA,NA,NA,NA,NA,NA,NA,NA,NA,"3"
"3232","2","$539,400","unlogpred","grosscon",4,NA,NA,NA,NA,NA,NA,NA,NA,NA,NA,NA,NA,NA,NA,"3"
"3232","3","$547,983","unlogpred","grosscon",4,NA,NA,NA,NA,NA,NA,NA,NA,NA,NA,NA,NA,NA,NA,"3"
"3232","4","$596,080","unlogpred","grosscon",4,NA,NA,NA,NA,NA,NA,NA,NA,NA,NA,NA,NA,NA,NA,"3"
"3232","5","$715,000","unlogpred","grosscon",4,NA,NA,NA,NA,NA,NA,NA,NA,NA,NA,NA,NA,NA,NA,"3"
"3232","6","$778,000","unlogpred","grosscon",4,NA,NA,NA,NA,NA,NA,NA,NA,NA,NA,NA,NA,NA,NA,"3"
"3232","7","$865,400","unlogpred","grosscon",4,NA,NA,NA,NA,NA,NA,NA,NA,NA,NA,NA,NA,NA,NA,"3"
"3232","8","$982,010","unlogpred","grosscon",4,NA,NA,NA,NA,NA,NA,NA,NA,NA,NA,NA,NA,NA,NA,"3"
"3232","9","$997,885","unlogpred","grosscon",4,NA,NA,NA,NA,NA,NA,NA,NA,NA,NA,NA,NA,NA,NA,"3"
"3232","10","$1,095,000","unlogpred","grosscon",4,NA,NA,NA,NA,NA,NA,NA,NA,NA,NA,NA,NA,NA,NA,"3"
"3233","1","$496,200","unlogpred","grosscon",4,NA,NA,NA,NA,NA,NA,NA,NA,NA,NA,NA,NA,NA,NA,"3"
"3233","2","$517,458","unlogpred","grosscon",4,NA,NA,NA,NA,NA,NA,NA,NA,NA,NA,NA,NA,NA,NA,"3"
"3233","3","$542,499","unlogpred","grosscon",4,NA,NA,NA,NA,NA,NA,NA,NA,NA,NA,NA,NA,NA,NA,"3"
"3233","4","$607,187","unlogpred","grosscon",3,NA,NA,NA,NA,NA,NA,NA,NA,NA,NA,NA,NA,NA,NA,"3"
"3233","5","$636,406","unlogpred","grosscon",3,NA,NA,NA,NA,NA,NA,NA,NA,NA,NA,NA,NA,NA,NA,"3"
"3233","6","$673,000","unlogpred","grosscon",3,NA,NA,NA,NA,NA,NA,NA,NA,NA,NA,NA,NA,NA,NA,"3"
"3233","7","$742,600","unlogpred","grosscon",3,NA,NA,NA,NA,NA,NA,NA,NA,NA,NA,NA,NA,NA,NA,"3"
"3233","8","$767,136","unlogpred","grosscon",3,NA,NA,NA,NA,NA,NA,NA,NA,NA,NA,NA,NA,NA,NA,"3"
"3233","9","$866,204","unlogpred","grosscon",3,NA,NA,NA,NA,NA,NA,NA,NA,NA,NA,NA,NA,NA,NA,"3"
"3233","10","$1,348,953","unlogpred","grosscon",3,NA,NA,NA,NA,NA,NA,NA,NA,NA,NA,NA,NA,NA,NA,"3"
"3250","1","$783,800","unlogpred","grosscon",4,NA,NA,NA,NA,NA,NA,NA,NA,NA,NA,NA,NA,NA,NA,"3"
"3250","2","$1,087,000","unlogpred","grosscon",4,NA,NA,NA,NA,NA,NA,NA,NA,NA,NA,NA,NA,NA,NA,"3"
"3250","3","$1,240,355","unlogpred","grosscon",4,NA,NA,NA,NA,NA,NA,NA,NA,NA,NA,NA,NA,NA,NA,"3"
"3250","4","$1,321,000","unlogpred","grosscon",4,NA,NA,NA,NA,NA,NA,NA,NA,NA,NA,NA,NA,NA,NA,"3"
"3250","5","$1,425,000","unlogpred","grosscon",4,NA,NA,NA,NA,NA,NA,NA,NA,NA,NA,NA,NA,NA,NA,"3"
"3250","6","$1,485,400","unlogpred","grosscon",4,NA,NA,NA,NA,NA,NA,NA,NA,NA,NA,NA,NA,NA,NA,"3"
"3250","7","$1,579,000","unlogpred","grosscon",3,NA,NA,NA,NA,NA,NA,NA,NA,NA,NA,NA,NA,NA,NA,"3"
"3250","8","$1,710,000","unlogpred","grosscon",3,NA,NA,NA,NA,NA,NA,NA,NA,NA,NA,NA,NA,NA,NA,"3"
"3250","9","$1,869,000","unlogpred","grosscon",3,NA,NA,NA,NA,NA,NA,NA,NA,NA,NA,NA,NA,NA,NA,"3"
"3250","10","$2,850,000","unlogpred","grosscon",3,NA,NA,NA,NA,NA,NA,NA,NA,NA,NA,NA,NA,NA,NA,"3"
"3270","1","$749,700","unlogpred","grosscon",2,NA,NA,NA,NA,NA,NA,NA,NA,NA,NA,NA,NA,NA,NA,"3"
"3270","2","$838,000","unlogpred","grosscon",2,NA,NA,NA,NA,NA,NA,NA,NA,NA,NA,NA,NA,NA,NA,"3"
"3270","3","$850,000","unlogpred","grosscon",2,NA,NA,NA,NA,NA,NA,NA,NA,NA,NA,NA,NA,NA,NA,"3"
"3270","4","$1,059,000","unlogpred","grosscon",2,NA,NA,NA,NA,NA,NA,NA,NA,NA,NA,NA,NA,NA,NA,"3"
"3270","5","$1,220,000","unlogpred","grosscon",2,NA,NA,NA,NA,NA,NA,NA,NA,NA,NA,NA,NA,NA,NA,"3"
"3270","6","$1,374,600","unlogpred","grosscon",2,NA,NA,NA,NA,NA,NA,NA,NA,NA,NA,NA,NA,NA,NA,"3"
"3270","7","$1,517,000","unlogpred","grosscon",2,NA,NA,NA,NA,NA,NA,NA,NA,NA,NA,NA,NA,NA,NA,"3"
"3270","8","$1,633,000","unlogpred","grosscon",2,NA,NA,NA,NA,NA,NA,NA,NA,NA,NA,NA,NA,NA,NA,"3"
"3270","9","$2,475,855","unlogpred","grosscon",1,NA,NA,NA,NA,NA,NA,NA,NA,NA,NA,NA,NA,NA,NA,"3"
"3270","10","$4,200,000","unlogpred","grosscon",1,NA,NA,NA,NA,NA,NA,NA,NA,NA,NA,NA,NA,NA,NA,"3"
"3280","1","$367,450","unlogpred","grosscon",4,NA,NA,NA,NA,NA,NA,NA,NA,NA,NA,NA,NA,NA,NA,"3"
"3280","2","$400,000","unlogpred","grosscon",4,NA,NA,NA,NA,NA,NA,NA,NA,NA,NA,NA,NA,NA,NA,"3"
"3280","3","$495,750","unlogpred","grosscon",4,NA,NA,NA,NA,NA,NA,NA,NA,NA,NA,NA,NA,NA,NA,"3"
"3280","4","$549,855","unlogpred","grosscon",4,NA,NA,NA,NA,NA,NA,NA,NA,NA,NA,NA,NA,NA,NA,"3"
"3280","5","$572,766","unlogpred","grosscon",4,NA,NA,NA,NA,NA,NA,NA,NA,NA,NA,NA,NA,NA,NA,"3"
"3280","6","$598,731","unlogpred","grosscon",4,NA,NA,NA,NA,NA,NA,NA,NA,NA,NA,NA,NA,NA,NA,"3"
"3280","7","$616,041","unlogpred","grosscon",4,NA,NA,NA,NA,NA,NA,NA,NA,NA,NA,NA,NA,NA,NA,"3"
"3280","8","$643,500","unlogpred","grosscon",3,NA,NA,NA,NA,NA,NA,NA,NA,NA,NA,NA,NA,NA,NA,"3"
"3280","9","$678,512","unlogpred","grosscon",3,NA,NA,NA,NA,NA,NA,NA,NA,NA,NA,NA,NA,NA,NA,"3"
"3280","10","$745,000","unlogpred","grosscon",3,NA,NA,NA,NA,NA,NA,NA,NA,NA,NA,NA,NA,NA,NA,"3"
"3290","1","$750,000","unlogpred","grosscon",19,1.0245,0.813322352456091,0.645937170665179,2.73128827030377,0.999152344741032,0.173232238892025,0.792527047843748,0.0360489004334852,0.0421949731696349,0.00614607273614971,1.17049265476183,TRUE,FALSE,TRUE,"3"
"3290","2","$883,000","unlogpred","grosscon",19,1.0069,0.477900739949756,0.449933534276219,2.59958579570231,1.00014869534945,0.211409693668953,0.813597354059759,0.0231926654273563,0.0215603453003417,-0.00163232012701467,0.929619123247071,TRUE,FALSE,TRUE,"3"
"3290","3","$981,000","unlogpred","grosscon",19,1.0121,0.558099334158032,0.597585971127997,4.39160672396213,0.999112833753382,0.511918229776738,0.503696346743172,0.0242178012368623,0.038991875775953,0.0147740745390907,1.61005020210517,TRUE,FALSE,TRUE,"3"
"3290","4","$1,088,000","unlogpred","grosscon",19,1.0038,0.499418896429904,0.375461009351573,2.43552423588441,1.00030449933638,0.0768836354949598,0.931412867420369,0.0210488251183748,0.0165730189289452,-0.0044758061894296,0.787360759365025,TRUE,FALSE,TRUE,"3"
"3290","5","$1,200,000","unlogpred","grosscon",19,0.9906,0.543890483484422,0.546921666433577,4.42332915821413,0.999221306222553,0.562431630111278,0.50519096335882,0.0212140699549865,0.0352799419197802,0.0140658719647937,1.6630444791895,TRUE,FALSE,TRUE,"3"
"3290","6","$1,347,000","unlogpred","grosscon",19,0.981,0.278983388957524,0.278533492822967,5.03665658330184,0.999597571812141,0.867631705413092,0.263921391333873,0.013924362915992,0.0246459322710697,0.0107215693550776,1.76998634837103,TRUE,TRUE,TRUE,"3"
"3290","7","$1,579,000","unlogpred","grosscon",19,0.9675,0.361647985227668,0.329415411319819,4.81678869469993,0.999682717198041,0.567230986740028,0.590163010122868,0.0236005877920617,0.02648983928686,0.0028892514947983,1.12242286167848,TRUE,FALSE,TRUE,"3"
"3290","8","$1,785,000","unlogpred","grosscon",19,0.9692,0.375376752608043,0.304368932038835,5.13097796568698,0.999427206888465,0.775025045748584,0.377472693062171,0.0160009786994144,0.0262742185405835,0.0102732398411691,1.64203821742136,TRUE,TRUE,TRUE,"3"
"3290","9","$2,310,999","unlogpred","grosscon",18,0.9965,0.239157669429752,0.12192230073328,5.48412012802144,1.00225778454832,0.0480812714175005,0.936739121257685,0.0370443141197637,0.0172037312953077,-0.0198405828244561,0.464409497222388,TRUE,TRUE,TRUE,"3"
"3290","10","$3,537,587","unlogpred","grosscon",18,0.9742,0.468159677865654,0.656283913815377,7.5786894648043,1.01283586880112,-0.182025720763645,1.44317810895573,0.0932468751776929,0.0577412073078164,-0.0355056678698765,0.619229407932263,TRUE,TRUE,TRUE,"3"
"3320","1","$783,000","unlogpred","grosscon",1,NA,NA,NA,NA,NA,NA,NA,NA,NA,NA,NA,NA,NA,NA,"3"
"3330","1","$371,124","unlogpred","grosscon",5,0.9894,0.0830861617159877,0,5.6075707983809,1.00295211935481,0.671186847792006,0.868501392327781,0.0250315666587699,-0.00592491014656407,-0.030956476805334,-0.23669753584873,TRUE,TRUE,TRUE,"3"
"3330","2","$400,400","unlogpred","grosscon",5,1,0.647928650896269,0.760526315789474,2.31540868026554,1.00023428303458,0.0511380647797905,0.913957065832946,0.0222274455703932,0.0230941768070499,0.000866731236656728,1.0389937401449,TRUE,FALSE,TRUE,"3"
"3330","3","$441,090","unlogpred","grosscon",5,0.9971,0.282116603127646,0.444736842105263,1.83420554753168,0.999935420712274,1.07319229401839,0.171970288864077,0.00320976796981256,0.0101848906839097,0.0069751227140971,3.17309250378756,TRUE,FALSE,TRUE,"3"
"3330","4","$442,972","unlogpred","grosscon",5,1.0196,0.827710422392246,0.81,0.868256615904427,1.00000559846063,0.0593665238561012,0.940711552441232,0.012392539070953,0.0118188965004856,-0.000573642570467391,0.953710650643664,TRUE,FALSE,TRUE,"3"
"3330","5","$459,000","unlogpred","grosscon",4,NA,NA,NA,NA,NA,NA,NA,NA,NA,NA,NA,NA,NA,NA,"3"
"3330","6","$491,800","unlogpred","grosscon",4,NA,NA,NA,NA,NA,NA,NA,NA,NA,NA,NA,NA,NA,NA,"3"
"3330","7","$549,913","unlogpred","grosscon",4,NA,NA,NA,NA,NA,NA,NA,NA,NA,NA,NA,NA,NA,NA,"3"
"3330","8","$593,000","unlogpred","grosscon",4,NA,NA,NA,NA,NA,NA,NA,NA,NA,NA,NA,NA,NA,NA,"3"
"3330","9","$677,000","unlogpred","grosscon",4,NA,NA,NA,NA,NA,NA,NA,NA,NA,NA,NA,NA,NA,NA,"3"
"3330","10","$885,000","unlogpred","grosscon",4,NA,NA,NA,NA,NA,NA,NA,NA,NA,NA,NA,NA,NA,NA,"3"
"3340","1","$427,665","unlogpred","grosscon",2,NA,NA,NA,NA,NA,NA,NA,NA,NA,NA,NA,NA,NA,NA,"3"
"3340","2","$486,720","unlogpred","grosscon",2,NA,NA,NA,NA,NA,NA,NA,NA,NA,NA,NA,NA,NA,NA,"3"
"3340","3","$487,629","unlogpred","grosscon",2,NA,NA,NA,NA,NA,NA,NA,NA,NA,NA,NA,NA,NA,NA,"3"
"3340","4","$497,000","unlogpred","grosscon",2,NA,NA,NA,NA,NA,NA,NA,NA,NA,NA,NA,NA,NA,NA,"3"
"3340","5","$584,476","unlogpred","grosscon",1,NA,NA,NA,NA,NA,NA,NA,NA,NA,NA,NA,NA,NA,NA,"3"
"3340","6","$618,540","unlogpred","grosscon",1,NA,NA,NA,NA,NA,NA,NA,NA,NA,NA,NA,NA,NA,NA,"3"
"3340","7","$738,231","unlogpred","grosscon",1,NA,NA,NA,NA,NA,NA,NA,NA,NA,NA,NA,NA,NA,NA,"3"
"3340","8","$775,907","unlogpred","grosscon",1,NA,NA,NA,NA,NA,NA,NA,NA,NA,NA,NA,NA,NA,NA,"3"
"3340","9","$796,272","unlogpred","grosscon",1,NA,NA,NA,NA,NA,NA,NA,NA,NA,NA,NA,NA,NA,NA,"3"
"3340","10","$834,965","unlogpred","grosscon",1,NA,NA,NA,NA,NA,NA,NA,NA,NA,NA,NA,NA,NA,NA,"3"
"3350","1",NA,"unlogpred","grosscon",1,NA,NA,NA,NA,NA,NA,NA,NA,NA,NA,NA,NA,NA,NA,NA
"3360","1","$391,800","unlogpred","grosscon",4,NA,NA,NA,NA,NA,NA,NA,NA,NA,NA,NA,NA,NA,NA,"3"
"3360","2","$407,360","unlogpred","grosscon",3,NA,NA,NA,NA,NA,NA,NA,NA,NA,NA,NA,NA,NA,NA,"3"
"3360","3","$428,516","unlogpred","grosscon",3,NA,NA,NA,NA,NA,NA,NA,NA,NA,NA,NA,NA,NA,NA,"3"
"3360","4","$483,900","unlogpred","grosscon",3,NA,NA,NA,NA,NA,NA,NA,NA,NA,NA,NA,NA,NA,NA,"3"
"3360","5","$514,216","unlogpred","grosscon",3,NA,NA,NA,NA,NA,NA,NA,NA,NA,NA,NA,NA,NA,NA,"3"
"3360","6","$536,007","unlogpred","grosscon",3,NA,NA,NA,NA,NA,NA,NA,NA,NA,NA,NA,NA,NA,NA,"3"
"3360","7","$579,630","unlogpred","grosscon",3,NA,NA,NA,NA,NA,NA,NA,NA,NA,NA,NA,NA,NA,NA,"3"
"3360","8","$605,515","unlogpred","grosscon",3,NA,NA,NA,NA,NA,NA,NA,NA,NA,NA,NA,NA,NA,NA,"3"
"3360","9","$649,440","unlogpred","grosscon",3,NA,NA,NA,NA,NA,NA,NA,NA,NA,NA,NA,NA,NA,NA,"3"
"3360","10","$748,414","unlogpred","grosscon",3,NA,NA,NA,NA,NA,NA,NA,NA,NA,NA,NA,NA,NA,NA,"3"
"3380","1","$777,600","unlogpred","grosscon",1,NA,NA,NA,NA,NA,NA,NA,NA,NA,NA,NA,NA,NA,NA,"3"
"3380","2","$830,200","unlogpred","grosscon",1,NA,NA,NA,NA,NA,NA,NA,NA,NA,NA,NA,NA,NA,NA,"3"
"3380","3","$882,800","unlogpred","grosscon",1,NA,NA,NA,NA,NA,NA,NA,NA,NA,NA,NA,NA,NA,NA,"3"
"3380","4","$935,400","unlogpred","grosscon",1,NA,NA,NA,NA,NA,NA,NA,NA,NA,NA,NA,NA,NA,NA,"3"
"3380","5","$988,000","unlogpred","grosscon",1,NA,NA,NA,NA,NA,NA,NA,NA,NA,NA,NA,NA,NA,NA,"3"
"3380","6","$1,003,400","unlogpred","grosscon",1,NA,NA,NA,NA,NA,NA,NA,NA,NA,NA,NA,NA,NA,NA,"3"
"3390","1","$437,500","unlogpred","grosscon",3,NA,NA,NA,NA,NA,NA,NA,NA,NA,NA,NA,NA,NA,NA,"3"
"3390","2","$456,300","unlogpred","grosscon",3,NA,NA,NA,NA,NA,NA,NA,NA,NA,NA,NA,NA,NA,NA,"3"
"3390","3","$477,500","unlogpred","grosscon",3,NA,NA,NA,NA,NA,NA,NA,NA,NA,NA,NA,NA,NA,NA,"3"
"3390","4","$499,000","unlogpred","grosscon",3,NA,NA,NA,NA,NA,NA,NA,NA,NA,NA,NA,NA,NA,NA,"3"
"3390","5","$521,250","unlogpred","grosscon",2,NA,NA,NA,NA,NA,NA,NA,NA,NA,NA,NA,NA,NA,NA,"3"
"3390","6","$565,000","unlogpred","grosscon",2,NA,NA,NA,NA,NA,NA,NA,NA,NA,NA,NA,NA,NA,NA,"3"
"3390","7","$585,000","unlogpred","grosscon",2,NA,NA,NA,NA,NA,NA,NA,NA,NA,NA,NA,NA,NA,NA,"3"
"3390","8","$692,410","unlogpred","grosscon",2,NA,NA,NA,NA,NA,NA,NA,NA,NA,NA,NA,NA,NA,NA,"3"
"3390","9","$747,500","unlogpred","grosscon",2,NA,NA,NA,NA,NA,NA,NA,NA,NA,NA,NA,NA,NA,NA,"3"
"3390","10","$899,000","unlogpred","grosscon",2,NA,NA,NA,NA,NA,NA,NA,NA,NA,NA,NA,NA,NA,NA,"3"
"3400","1","$371,124","unlogpred","grosscon",3,NA,NA,NA,NA,NA,NA,NA,NA,NA,NA,NA,NA,NA,NA,"3"
"3400","2","$419,286","unlogpred","grosscon",3,NA,NA,NA,NA,NA,NA,NA,NA,NA,NA,NA,NA,NA,NA,"3"
"3400","3","$472,500","unlogpred","grosscon",3,NA,NA,NA,NA,NA,NA,NA,NA,NA,NA,NA,NA,NA,NA,"3"
"3400","4","$562,030","unlogpred","grosscon",3,NA,NA,NA,NA,NA,NA,NA,NA,NA,NA,NA,NA,NA,NA,"3"
"3400","5","$598,500","unlogpred","grosscon",3,NA,NA,NA,NA,NA,NA,NA,NA,NA,NA,NA,NA,NA,NA,"3"
"3400","6","$642,059","unlogpred","grosscon",3,NA,NA,NA,NA,NA,NA,NA,NA,NA,NA,NA,NA,NA,NA,"3"
"3400","7","$655,595","unlogpred","grosscon",2,NA,NA,NA,NA,NA,NA,NA,NA,NA,NA,NA,NA,NA,NA,"3"
"3400","8","$731,475","unlogpred","grosscon",2,NA,NA,NA,NA,NA,NA,NA,NA,NA,NA,NA,NA,NA,NA,"3"
"3400","9","$854,461","unlogpred","grosscon",2,NA,NA,NA,NA,NA,NA,NA,NA,NA,NA,NA,NA,NA,NA,"3"
"3400","10","$1,750,000","unlogpred","grosscon",2,NA,NA,NA,NA,NA,NA,NA,NA,NA,NA,NA,NA,NA,NA,"3"
"3401","1","$842,400","unlogpred","grosscon",1,NA,NA,NA,NA,NA,NA,NA,NA,NA,NA,NA,NA,NA,NA,"3"
"3401","2","$1,056,800","unlogpred","grosscon",1,NA,NA,NA,NA,NA,NA,NA,NA,NA,NA,NA,NA,NA,NA,"3"
"3401","3","$1,271,200","unlogpred","grosscon",1,NA,NA,NA,NA,NA,NA,NA,NA,NA,NA,NA,NA,NA,NA,"3"
"3420","1","$754,067","unlogpred","grosscon",12,1.0275,0.344219140266958,0.328818035111741,6.25140231808133,1.00581008649867,-0.0590073750153337,0.794178014052922,0.064574723040876,0.0352400960248257,-0.0293346270160503,0.545725856269156,TRUE,TRUE,TRUE,"3"
"3420","2","$862,000","unlogpred","grosscon",12,1.048,0.401208275296042,0.164506821849479,4.63332848306748,1.00014415157437,0.330653528275544,0.568957778272045,0.02553916667044,0.0212535484231456,-0.00428561824729442,0.83219428015814,TRUE,FALSE,TRUE,"3"
"3420","3","$995,499","unlogpred","grosscon",12,1.0052,0.406619803320017,0.515580910317752,2.5441290169324,1.00094148927143,-0.041306240509332,1.38033573011254,0.0266343455314438,0.0141882591774589,-0.0124460863539849,0.532705380753908,TRUE,FALSE,TRUE,"3"
"3420","4","$1,200,000","unlogpred","grosscon",12,0.999,0.811511271647565,0.813780624969436,3.21068874597922,0.998991909331625,0.22629571269456,0.729957902236504,0.0382186950243136,0.0479838385809188,0.00976514355660522,1.25550698553137,TRUE,FALSE,TRUE,"3"
"3420","5","$1,400,000","unlogpred","grosscon",12,0.9846,0.0459401792983358,0.0405719280719281,3.45474751939143,1.0005991074884,0.397994329770963,0.769971205360572,0.0165281978641233,0.00417930013038914,-0.0123488977337341,0.252858791064021,TRUE,FALSE,TRUE,"3"
"3420","6","$1,551,800","unlogpred","grosscon",12,0.9521,0.278219891662271,0.284447946419777,3.79008776405757,1.00045579468818,0.24991298257247,0.881425372959438,0.0213091724946436,0.0140430379186952,-0.00726613457594845,0.659013761431848,TRUE,FALSE,TRUE,"3"
"3420","7","$1,736,000","unlogpred","grosscon",12,0.9834,0.0690285146326231,0.170228373025576,6.56855245804441,1.00253105132414,0.32615405699802,0.922881636911164,0.0360335477907993,0.0144982589188324,-0.0215352888719669,0.402354467092867,TRUE,TRUE,TRUE,"3"
"3420","8","$1,948,000","unlogpred","grosscon",12,0.9779,0.42474409447686,0.480971659919028,4.50059893381947,0.999916163913204,0.374334909488952,0.564053804282594,0.0287692303765936,0.0308372847520693,0.00206805437547578,1.07188424397888,TRUE,FALSE,TRUE,"3"
"3420","9","$2,449,499","unlogpred","grosscon",12,1.0081,0.555718802104607,0.447602043346724,6.33112658620753,0.999118669546631,0.287333614524792,0.817077427394522,0.0548230559963684,0.0569178918869807,0.00209483589061232,1.03821085586238,TRUE,TRUE,TRUE,"3"
"3420","10","$3,950,000","unlogpred","grosscon",11,0.9856,0.728965298091509,0.642922374429224,5.7454390177157,0.997922220894552,0.291487675357814,0.712284053097104,0.0502903630468437,0.0619036150973046,0.0116132520504609,1.23092400505527,TRUE,TRUE,TRUE,"3"
"3430","1","$943,000","unlogpred","grosscon",3,NA,NA,NA,NA,NA,NA,NA,NA,NA,NA,NA,NA,NA,NA,"3"
"3430","2","$996,999","unlogpred","grosscon",3,NA,NA,NA,NA,NA,NA,NA,NA,NA,NA,NA,NA,NA,NA,"3"
"3430","3","$1,059,999","unlogpred","grosscon",3,NA,NA,NA,NA,NA,NA,NA,NA,NA,NA,NA,NA,NA,NA,"3"
"3430","4","$1,200,000","unlogpred","grosscon",3,NA,NA,NA,NA,NA,NA,NA,NA,NA,NA,NA,NA,NA,NA,"3"
"3430","5","$1,240,000","unlogpred","grosscon",3,NA,NA,NA,NA,NA,NA,NA,NA,NA,NA,NA,NA,NA,NA,"3"
"3430","6","$1,269,000","unlogpred","grosscon",3,NA,NA,NA,NA,NA,NA,NA,NA,NA,NA,NA,NA,NA,NA,"3"
"3430","7","$1,301,000","unlogpred","grosscon",3,NA,NA,NA,NA,NA,NA,NA,NA,NA,NA,NA,NA,NA,NA,"3"
"3430","8","$1,430,000","unlogpred","grosscon",3,NA,NA,NA,NA,NA,NA,NA,NA,NA,NA,NA,NA,NA,NA,"3"
"3430","9","$1,780,000","unlogpred","grosscon",2,NA,NA,NA,NA,NA,NA,NA,NA,NA,NA,NA,NA,NA,NA,"3"
"3430","10","$2,040,000","unlogpred","grosscon",2,NA,NA,NA,NA,NA,NA,NA,NA,NA,NA,NA,NA,NA,NA,"3"
"3440","1","$725,000","unlogpred","grosscon",5,1.076,0.888712191183964,1,3.88216024117783,0.995461621304352,0.190215299391422,0.751675085061438,0.0670539419087136,0.0943232689488976,0.027269327040184,1.40667746390373,TRUE,FALSE,TRUE,"3"
"3440","2","$930,000","unlogpred","grosscon",5,1.0079,0.733330272093383,1,1.6357088512252,0.99995840467847,0.147561149751801,0.789963725303477,0.0160412757973734,0.0191269166575385,0.00308564086016503,1.19235632496701,TRUE,FALSE,TRUE,"3"
"3440","3","$1,148,000","unlogpred","grosscon",5,1.0045,0.0307144467965679,0.128947368421053,6.13645694037137,1.00242347188013,0.260439452442941,91.3010242408305,0.0208767483338027,-0.0159398502624212,-0.0368165985962239,-0.763521694449517,TRUE,TRUE,TRUE,"3"
"3440","4","$1,481,000","unlogpred","grosscon",5,0.9643,0.00000260162338778233,0,6.07806571569076,1.00178073745162,0.755842785631705,0.698573140281137,0.0238471673254281,-0.00299622811694924,-0.0268433954423774,-0.125642935953839,TRUE,TRUE,TRUE,"3"
"3440","5","$1,592,500","unlogpred","grosscon",5,0.9892,0.728682991203393,0.81,2.37118167756985,1.00158159539399,-0.154011968512713,1.16710080445195,0.0382183908045977,0.0281981943759478,-0.01002019642865,0.737817416754121,TRUE,FALSE,TRUE,"3"
"3440","6","$1,670,000","unlogpred","grosscon",4,NA,NA,NA,NA,NA,NA,NA,NA,NA,NA,NA,NA,NA,NA,"3"
"3440","7","$1,767,500","unlogpred","grosscon",4,NA,NA,NA,NA,NA,NA,NA,NA,NA,NA,NA,NA,NA,NA,"3"
"3440","8","$1,835,000","unlogpred","grosscon",4,NA,NA,NA,NA,NA,NA,NA,NA,NA,NA,NA,NA,NA,NA,"3"
"3440","9","$2,824,500","unlogpred","grosscon",4,NA,NA,NA,NA,NA,NA,NA,NA,NA,NA,NA,NA,NA,NA,"3"
"3440","10","$3,150,000","unlogpred","grosscon",4,NA,NA,NA,NA,NA,NA,NA,NA,NA,NA,NA,NA,NA,NA,"3"
"3460","1","$1,140,000","unlogpred","grosscon",2,NA,NA,NA,NA,NA,NA,NA,NA,NA,NA,NA,NA,NA,NA,"3"
"3460","2","$1,390,000","unlogpred","grosscon",1,NA,NA,NA,NA,NA,NA,NA,NA,NA,NA,NA,NA,NA,NA,"3"
"3460","3","$1,555,000","unlogpred","grosscon",1,NA,NA,NA,NA,NA,NA,NA,NA,NA,NA,NA,NA,NA,NA,"3"
"3460","4","$1,630,000","unlogpred","grosscon",1,NA,NA,NA,NA,NA,NA,NA,NA,NA,NA,NA,NA,NA,NA,"3"
"3460","5","$1,800,000","unlogpred","grosscon",1,NA,NA,NA,NA,NA,NA,NA,NA,NA,NA,NA,NA,NA,NA,"3"
"3460","6","$2,031,156","unlogpred","grosscon",1,NA,NA,NA,NA,NA,NA,NA,NA,NA,NA,NA,NA,NA,NA,"3"
"3460","7","$2,166,123","unlogpred","grosscon",1,NA,NA,NA,NA,NA,NA,NA,NA,NA,NA,NA,NA,NA,NA,"3"
"3460","8","$2,282,600","unlogpred","grosscon",1,NA,NA,NA,NA,NA,NA,NA,NA,NA,NA,NA,NA,NA,NA,"3"
"3460","9","$2,646,570","unlogpred","grosscon",1,NA,NA,NA,NA,NA,NA,NA,NA,NA,NA,NA,NA,NA,NA,"3"
"3460","10","$2,840,700","unlogpred","grosscon",1,NA,NA,NA,NA,NA,NA,NA,NA,NA,NA,NA,NA,NA,NA,"3"
"3480","1","$354,900","unlogpred","grosscon",5,1.0494,0.855745444832377,1,3.57059847389099,1.00114021160542,0.0315345794174389,0.975341080918129,0.0811615091017135,0.080964672394615,-0.000196836707098497,0.997574752992187,TRUE,FALSE,TRUE,"3"
"3480","2","$355,000","unlogpred","grosscon",4,NA,NA,NA,NA,NA,NA,NA,NA,NA,NA,NA,NA,NA,NA,"3"
"3480","3","$380,000","unlogpred","grosscon",4,NA,NA,NA,NA,NA,NA,NA,NA,NA,NA,NA,NA,NA,NA,"3"
"3480","4","$400,000","unlogpred","grosscon",4,NA,NA,NA,NA,NA,NA,NA,NA,NA,NA,NA,NA,NA,NA,"3"
"3480","5","$476,580","unlogpred","grosscon",4,NA,NA,NA,NA,NA,NA,NA,NA,NA,NA,NA,NA,NA,NA,"3"
"3480","6","$570,000","unlogpred","grosscon",4,NA,NA,NA,NA,NA,NA,NA,NA,NA,NA,NA,NA,NA,NA,"3"
"3480","7","$750,000","unlogpred","grosscon",4,NA,NA,NA,NA,NA,NA,NA,NA,NA,NA,NA,NA,NA,NA,"3"
"3480","8","$875,000","unlogpred","grosscon",4,NA,NA,NA,NA,NA,NA,NA,NA,NA,NA,NA,NA,NA,NA,"3"
"3480","9","$975,000","unlogpred","grosscon",4,NA,NA,NA,NA,NA,NA,NA,NA,NA,NA,NA,NA,NA,NA,"3"
"3480","10","$1,340,000","unlogpred","grosscon",4,NA,NA,NA,NA,NA,NA,NA,NA,NA,NA,NA,NA,NA,NA,"3"
"3500","1","$365,040","unlogpred","grosscon",8,1.0857,0.707731324308601,0.624784853700517,5.30061745751408,0.998877007935132,0.190370875096932,0.724230558622075,0.0512087702609865,0.0598178947297001,0.00860912446871365,1.16811816461979,TRUE,TRUE,TRUE,"3"
"3500","2","$483,880","unlogpred","grosscon",8,1.01,0.492144055125155,0.418244406196214,2.57796665475692,0.999853614936423,0.407452668664476,0.704487088599141,0.0157236985406231,0.0165908414813694,0.000867142940746302,1.05514878948525,TRUE,FALSE,TRUE,"3"
"3500","3","$516,252","unlogpred","grosscon",8,1.0173,0.000419261441727309,0.00362950058072009,2.90264805980346,1.00011166085738,1.11289871857337,0.222509911479966,0.00585287526459877,-0.000376360342864812,-0.00622923560746358,-0.0643034962903165,TRUE,FALSE,TRUE,"3"
"3500","4","$549,200","unlogpred","grosscon",8,1.0211,0.00352420571514424,0.0117595818815331,5.28945734090585,1.00194463827343,0.398806670114898,0.342272358537087,0.0225980226249449,0.00111469386942709,-0.0214833287555178,0.049327053429738,TRUE,TRUE,TRUE,"3"
"3500","5","$600,768","unlogpred","grosscon",8,1.0077,0.751836003056961,0.776077097505669,1.91129108150174,0.999744679104231,0.258778996947346,0.7094890378071,0.0184563187947679,0.023991323364781,0.0055350045700131,1.29989753815816,TRUE,FALSE,TRUE,"3"
"3500","6","$642,000","unlogpred","grosscon",8,0.9835,0.000951382862570402,0.014172335600907,3.62680952745421,1.00105320481616,0.207374945492389,1.05519357882592,0.0184243729648383,-0.00207538610400348,-0.0204997590688418,-0.112643513457105,TRUE,FALSE,TRUE,"3"
"3500","7","$688,400","unlogpred","grosscon",8,0.94,0.829017781015182,0.587492828456684,3.37903231540488,1.00002233466122,0.0638365468504159,0.978861090259829,0.0522144067961732,0.047419390388064,-0.0047950164081092,0.908166793375107,TRUE,FALSE,TRUE,"3"
"3500","8","$814,000","unlogpred","grosscon",7,0.9402,0.671171147576904,0.862244897959183,5.62659402344105,0.997776094814582,0.423342205612972,0.693506359790513,0.0405504773190182,0.0588821753494434,0.0183316980304252,1.45207107887304,TRUE,TRUE,TRUE,"3"
"3500","9","$1,154,197","unlogpred","grosscon",7,0.967,0.291539022731966,0.286989795918367,6.19112213461608,1.00121986416147,0.266048358491344,0.9122596622109,0.0358156694873856,0.0254512092346698,-0.0103644602527159,0.710616598794384,TRUE,TRUE,TRUE,"3"
"3500","10","$1,858,306","unlogpred","grosscon",7,0.9792,0.910138113434941,0.862244897959183,4.4257355698885,0.995739533220953,0.18813417919264,0.763365571065263,0.0688238365636875,0.0873459431855996,0.0185221066219121,1.26912342506179,TRUE,FALSE,TRUE,"3"
"3510","1","$420,000","unlogpred","grosscon",3,NA,NA,NA,NA,NA,NA,NA,NA,NA,NA,NA,NA,NA,NA,"3"
"3510","2","$507,000","unlogpred","grosscon",2,NA,NA,NA,NA,NA,NA,NA,NA,NA,NA,NA,NA,NA,NA,"3"
"3510","3","$900,000","unlogpred","grosscon",2,NA,NA,NA,NA,NA,NA,NA,NA,NA,NA,NA,NA,NA,NA,"3"
"3510","4","$900,000","unlogpred","grosscon",2,NA,NA,NA,NA,NA,NA,NA,NA,NA,NA,NA,NA,NA,NA,"3"
"3510","5","$918,304","unlogpred","grosscon",2,NA,NA,NA,NA,NA,NA,NA,NA,NA,NA,NA,NA,NA,NA,"3"
"3510","6","$980,000","unlogpred","grosscon",2,NA,NA,NA,NA,NA,NA,NA,NA,NA,NA,NA,NA,NA,NA,"3"
"3510","7","$995,000","unlogpred","grosscon",2,NA,NA,NA,NA,NA,NA,NA,NA,NA,NA,NA,NA,NA,NA,"3"
"3510","8","$1,150,000","unlogpred","grosscon",2,NA,NA,NA,NA,NA,NA,NA,NA,NA,NA,NA,NA,NA,NA,"3"
"3510","9","$1,221,900","unlogpred","grosscon",2,NA,NA,NA,NA,NA,NA,NA,NA,NA,NA,NA,NA,NA,NA,"3"
"3510","10","$1,550,000","unlogpred","grosscon",2,NA,NA,NA,NA,NA,NA,NA,NA,NA,NA,NA,NA,NA,NA,"3"
"3511","1","$685,000","unlogpred","grosscon",16,1.036,0.850769926583704,0.544423477355544,4.25748171227449,1.00360231576495,-0.13342317712516,1.164251491004,0.0609201288892269,0.0476929645630715,-0.0132271643261554,0.782876947778511,TRUE,FALSE,TRUE,"3"
"3511","2","$771,000","unlogpred","grosscon",16,1.0134,0.15338981030305,0.206675381263617,3.73204490847608,1.00052782242977,0.33953794627985,0.876335921821211,0.0195420479560102,0.0111345858555065,-0.00840746210050369,0.569775792208209,TRUE,FALSE,TRUE,"3"
"3511","3","$875,000","unlogpred","grosscon",16,1.0149,0.21079861618862,0.168837844872462,3.72671962507967,1.0001397755134,0.571694433605504,0.568088956351984,0.0188242260827631,0.015272157725549,-0.00355206835721411,0.811303352307979,TRUE,FALSE,TRUE,"3"
"3511","4","$934,000","unlogpred","grosscon",16,0.9951,0.512160137240698,0.437274423043554,3.27518021302913,0.999828838561629,0.348752612020815,0.678717650246337,0.0214718605621156,0.0243529071023103,0.00288104654019472,1.13417777802069,TRUE,FALSE,TRUE,"3"
"3511","5","$995,000","unlogpred","grosscon",16,1.0043,0.0458838946637359,0.139385425812116,2.87247295326411,1.00005204492023,1.08056999397488,0.635394464900423,0.00846660556776224,0.0086135526315374,0.00014694706377516,1.01735607766289,TRUE,FALSE,TRUE,"3"
"3511","6","$1,059,581","unlogpred","grosscon",16,0.9994,0.352706267177979,0.124934929724102,2.90509142489827,1.00060272630169,0.0488070559614413,1.03513730131715,0.0211828771833855,0.0104402339517793,-0.0107426432316062,0.492861940396271,TRUE,FALSE,TRUE,"3"
"3511","7","$1,179,800","unlogpred","grosscon",16,0.985,0.163577101050197,0.210302871148459,3.56087452173519,1.00086387094709,0.321576746712109,0.697244611187341,0.0237374607679528,0.0149107973976881,-0.00882666337026472,0.628154693690687,TRUE,FALSE,TRUE,"3"
"3511","8","$1,412,904","unlogpred","grosscon",15,0.9765,0.502314323381006,0.46216537966538,3.02395258414713,0.999445882931635,0.674657799689598,0.454965786849517,0.0151163267576419,0.026223958750712,0.0111076319930701,1.73481025987049,TRUE,FALSE,TRUE,"3"
"3511","9","$1,649,565","unlogpred","grosscon",15,0.9682,0.826501700065878,0.816441326530612,2.12669902145075,0.99947681558533,0.2618663786038,0.717937550865695,0.0233281124327471,0.0301163635986522,0.00678825116590502,1.29099015985434,TRUE,FALSE,TRUE,"3"
"3511","10","$2,075,000","unlogpred","grosscon",15,0.9618,0.769397637772766,0.595102040816326,5.75699369354771,0.999766570538977,0.105505436556319,0.883066111542681,0.0749945269581687,0.072215329068802,-0.00277919788936672,0.962941323825978,TRUE,TRUE,TRUE,"3"
"3512","1","$884,200","unlogpred","grosscon",15,1.0206,0.199924525271229,0.267284306195597,8.7229725581236,1.00570851064124,0.234525895370216,0.623234417510085,0.0540492402028091,0.0435279830945762,-0.0105212571082329,0.805339407755707,TRUE,TRUE,TRUE,"3"
"3512","2","$999,006","unlogpred","grosscon",15,1.0361,0.0854519412498017,0.136292394655704,4.34502059665546,1.00011065714155,0.86480715034445,0.52442103971894,0.0117635434104329,0.00879130394476041,-0.00297223946567252,0.747334679528918,TRUE,FALSE,TRUE,"3"
"3512","3","$1,149,106","unlogpred","grosscon",15,1.0062,0.0328264253475623,0.054820470227447,7.27146395216734,1.00064351315285,0.95775476723274,0.729590463627878,0.0193632142372785,0.0126869137957118,-0.00667630044156672,0.655207014715906,TRUE,TRUE,TRUE,"3"
"3512","4","$1,223,140","unlogpred","grosscon",15,1.0067,0.175379538273515,0.167721309302942,7.06756862286923,0.999638630029734,0.988762501340599,0.269103297802031,0.013409836947942,0.0229221682895954,0.0095123313416534,1.70935473552594,TRUE,TRUE,TRUE,"3"
"3512","5","$1,350,000","unlogpred","grosscon",15,0.9835,0.515500141483267,0.548806306306306,10.5397549977538,0.995272468796896,1.19954496790554,0.222467783712382,0.0211284011588151,0.0853218196543234,0.0641934184955083,4.03825254040701,TRUE,TRUE,TRUE,"3"
"3512","6","$1,554,132","unlogpred","grosscon",15,0.9714,0.578873014926457,0.375827370304114,4.56259873179019,0.999517822724669,0.351705151952963,0.605602140974864,0.0285220430250211,0.0308439889139703,0.00232194588894927,1.08140882078161,TRUE,FALSE,TRUE,"3"
"3512","7","$1,778,000","unlogpred","grosscon",15,0.9813,0.176950770239805,0.240258576548899,4.61495707468559,1.0000381762055,0.711930494074526,0.462593160967442,0.0171372368799415,0.0151569894332681,-0.00198024744667341,0.884447681936916,TRUE,FALSE,TRUE,"3"
"3512","8","$2,063,081","unlogpred","grosscon",15,0.9782,0.765917410031608,0.711679018655763,3.33489001877829,0.998386864079642,0.3603377708625,0.69602773969342,0.033207245773572,0.0475725325974714,0.0143652868238995,1.43259494996517,TRUE,FALSE,TRUE,"3"
"3512","9","$2,295,000","unlogpred","grosscon",15,0.9433,0.0706481414692688,0.0300568617429083,5.49187425383755,1.00217713599936,0.261743328317459,0.811288981646898,0.0331328227790491,0.00966281659182731,-0.0234700061872218,0.291638797462721,TRUE,TRUE,TRUE,"3"
"3512","10","$4,065,000","unlogpred","grosscon",14,0.9645,0.636475954306249,0.608742905446202,5.98230986130574,1.0016409494659,0.092567390821989,0.797872207818775,0.0831285735930243,0.0796923500254161,-0.00343622356760825,0.958663749188924,TRUE,TRUE,TRUE,"3"
"3513","1","$978,400","unlogpred","grosscon",5,1.0106,0.82242412536817,0.09,4.52702565089927,1.00299122915855,-0.0983082185457844,1.30736794599704,0.060570727595616,0.0366279529599026,-0.0239427746357134,0.60471376874386,TRUE,FALSE,TRUE,"3"
"3513","2","$1,082,000","unlogpred","grosscon",5,1.0004,0.970873598507186,0.81,0.709504143310641,0.999974889591349,0.0186815366827268,0.97772582933978,0.0252327569827095,0.0247241351013047,-0.000508621881404814,0.979842793962097,TRUE,FALSE,TRUE,"3"
"3513","3","$1,252,000","unlogpred","grosscon",5,1.0109,0.31112206349466,0.49,9.08080885327078,0.999062924830393,1.11079381380325,0.127344849660186,0.0110267133225229,0.0379698581545899,0.026943144832067,3.4434429411558,TRUE,TRUE,TRUE,"3"
"3513","4","$1,353,000","unlogpred","grosscon",5,1.0389,0.770577655902404,0.95,3.424609897366,0.999894442429583,0.119499167321527,0.906626975877522,0.0362264150943396,0.0449096044980395,0.00868318940369991,1.23969220749797,TRUE,FALSE,TRUE,"3"
"3513","5","$1,450,000","unlogpred","grosscon",5,1.0519,0.287060353206001,0,7.14000416254184,0.999322953539934,0.79863745661153,0.368742467794984,0.0171334431630973,0.0108941193397108,-0.00623932382338648,0.635839465308117,TRUE,TRUE,TRUE,"3"
"3513","6","$1,595,000","unlogpred","grosscon",5,0.9645,0.236438154137426,0.81,3.44988853497552,0.999782658708399,0.99416946424279,0.277019388445809,0.00846432889963733,0.024012206550065,0.0155478776504276,2.83687068812908,TRUE,FALSE,TRUE,"3"
"3513","7","$1,745,000","unlogpred","grosscon",5,0.9273,0.224400920555579,0.0421052631578947,5.41018020533273,1.00185440401856,0.201371875876839,1.01542000050039,0.0340664582118819,0.00535996968929258,-0.0287064885225893,0.157338624871284,TRUE,TRUE,TRUE,"3"
"3513","8","$2,104,200","unlogpred","grosscon",4,NA,NA,NA,NA,NA,NA,NA,NA,NA,NA,NA,NA,NA,NA,"3"
"3513","9","$2,660,000","unlogpred","grosscon",4,NA,NA,NA,NA,NA,NA,NA,NA,NA,NA,NA,NA,NA,NA,"3"
"3513","10","$3,350,000","unlogpred","grosscon",4,NA,NA,NA,NA,NA,NA,NA,NA,NA,NA,NA,NA,NA,NA,"3"
"3520","1","$902,000","unlogpred","grosscon",1,NA,NA,NA,NA,NA,NA,NA,NA,NA,NA,NA,NA,NA,NA,"3"
"3520","2","$967,000","unlogpred","grosscon",1,NA,NA,NA,NA,NA,NA,NA,NA,NA,NA,NA,NA,NA,NA,"3"
"3520","3","$1,041,000","unlogpred","grosscon",1,NA,NA,NA,NA,NA,NA,NA,NA,NA,NA,NA,NA,NA,NA,"3"
"3520","4","$1,147,000","unlogpred","grosscon",1,NA,NA,NA,NA,NA,NA,NA,NA,NA,NA,NA,NA,NA,NA,"3"
"3520","5","$1,175,000","unlogpred","grosscon",1,NA,NA,NA,NA,NA,NA,NA,NA,NA,NA,NA,NA,NA,NA,"3"
"3520","6","$1,211,000","unlogpred","grosscon",1,NA,NA,NA,NA,NA,NA,NA,NA,NA,NA,NA,NA,NA,NA,"3"
"3520","7","$1,340,275","unlogpred","grosscon",1,NA,NA,NA,NA,NA,NA,NA,NA,NA,NA,NA,NA,NA,NA,"3"
"3530","1","$566,000","unlogpred","grosscon",3,NA,NA,NA,NA,NA,NA,NA,NA,NA,NA,NA,NA,NA,NA,"3"
"3530","2","$587,270","unlogpred","grosscon",3,NA,NA,NA,NA,NA,NA,NA,NA,NA,NA,NA,NA,NA,NA,"3"
"3530","3","$616,000","unlogpred","grosscon",3,NA,NA,NA,NA,NA,NA,NA,NA,NA,NA,NA,NA,NA,NA,"3"
"3530","4","$653,000","unlogpred","grosscon",3,NA,NA,NA,NA,NA,NA,NA,NA,NA,NA,NA,NA,NA,NA,"3"
"3530","5","$677,000","unlogpred","grosscon",3,NA,NA,NA,NA,NA,NA,NA,NA,NA,NA,NA,NA,NA,NA,"3"
"3530","6","$696,750","unlogpred","grosscon",2,NA,NA,NA,NA,NA,NA,NA,NA,NA,NA,NA,NA,NA,NA,"3"
"3530","7","$713,000","unlogpred","grosscon",2,NA,NA,NA,NA,NA,NA,NA,NA,NA,NA,NA,NA,NA,NA,"3"
"3530","8","$907,916","unlogpred","grosscon",2,NA,NA,NA,NA,NA,NA,NA,NA,NA,NA,NA,NA,NA,NA,"3"
"3530","9","$1,131,038","unlogpred","grosscon",2,NA,NA,NA,NA,NA,NA,NA,NA,NA,NA,NA,NA,NA,NA,"3"
"3530","10","$1,325,000","unlogpred","grosscon",2,NA,NA,NA,NA,NA,NA,NA,NA,NA,NA,NA,NA,NA,NA,"3"
"4040","1","$535,764","unlogpred","grosscon",11,1.0465,0.401825521493715,0.597107438016529,7.54294974213146,0.999747632241155,0.387646988320835,0.724693914231888,0.0486404014136865,0.052968026437881,0.00432762502419447,1.08897181968932,TRUE,TRUE,TRUE,"4"
"4040","2","$599,000","unlogpred","grosscon",11,1.0136,0.00112330109470294,0.0109796596097966,6.2451634809061,1.00164417717449,0.746406576829055,0.813187742309391,0.0238349501494171,-0.000638898134459448,-0.0244738482838765,-0.0268050963167243,TRUE,TRUE,TRUE,"4"
"4040","3","$627,333","unlogpred","grosscon",11,1.0152,0.129688131561432,0.134680134680135,4.2514648980211,1.00000475911035,0.861997186228281,0.433143451362418,0.0115132132716384,0.0114137434473716,-0.0000994698242667933,0.99136037681923,TRUE,FALSE,TRUE,"4"
"4040","4","$661,117","unlogpred","grosscon",11,1.0065,0.529510196330435,0.37826899128269,4.40711582670323,0.999424030306461,0.88220177905992,0.238569203807288,0.010358718588145,0.0306376636162984,0.0202789450281533,2.95766926725487,TRUE,FALSE,TRUE,"4"
"4040","5","$697,501","unlogpred","grosscon",11,1.0085,0.0461669073306222,0.0120100083402836,1.99500351499095,1.00017810063105,0.455631093796823,0.765369445165329,0.00909969455222572,0.00167369825497684,-0.00742599629724888,0.183929058867967,TRUE,FALSE,TRUE,"4"
"4040","6","$726,219","unlogpred","grosscon",11,0.9742,0.344868343512829,0.340058115400581,3.41420045096234,0.999784841025302,0.617075566738496,0.504923044315465,0.016222584959142,0.0198704740908706,0.0036478891317286,1.22486484989391,TRUE,FALSE,TRUE,"4"
"4040","7","$813,417","unlogpred","grosscon",11,1.0005,0.00010610774954234,0.0121212121212121,4.24842990311537,1.00026966344693,1.17656066798048,0.493778987690595,0.0094241616313262,-0.00257377730808579,-0.011997938939412,-0.273104113529895,TRUE,FALSE,TRUE,"4"
"4040","8","$881,000","unlogpred","grosscon",11,0.9522,0.481877474961549,0.515785123966942,3.07214883539,1.00022100657811,0.185920414916459,0.909297951091834,0.0218966972310344,0.019690993873063,-0.00220570335797131,0.899267760123881,TRUE,FALSE,TRUE,"4"
"4040","9","$953,000","unlogpred","grosscon",11,0.9562,0.438232141959956,0.502809917355372,3.88543196270049,1.000375151662,0.20856667256436,0.839570860090993,0.0266503320492773,0.0217870712875122,-0.00486326076176511,0.817515941160779,TRUE,FALSE,TRUE,"4"
"4040","10","$1,886,361","unlogpred","grosscon",11,0.9761,0.906408835456195,0.95942299709423,3.78403853939032,0.998634131588073,0.0599047779092459,0.895215216026201,0.0998063597405796,0.104487151215951,0.0046807914753712,1.04689872957533,TRUE,FALSE,TRUE,"4"
"4050","1","$364,500","unlogpred","grosscon",5,1.0231,0.67403058931718,0.25,6.72067927773397,0.996975041117663,0.385379700099271,0.670920025753025,0.0478844169246646,0.0538754352323579,0.00599101830769335,1.12511415388265,TRUE,TRUE,TRUE,"4"
"4050","2","$379,000","unlogpred","grosscon",5,1.1187,0.24497293609601,0.318421052631579,7.85240680788428,0.999319070330181,0.94017346619393,0.337105546879547,0.0155642023346303,0.0173893013071805,0.00182509897255017,1.11726260898635,FALSE,TRUE,TRUE,"4"
"4050","3","$454,750","unlogpred","grosscon",5,1.0156,0.0645447447661642,0.01,3.52391134544951,1.00039685164437,1.0882261528826,0.0317776235940837,0.0079302141157811,-0.00471870171004003,-0.0126489158258211,-0.59502828563605,TRUE,FALSE,TRUE,"4"
"4050","4","$520,000","unlogpred","grosscon",5,1.0057,0.0605045217882544,0.0833333333333333,3.0655640842062,0.999974641758719,1.27729771266736,0.127615503874799,0.00229885057471257,0.00935344266147702,0.00705459208676444,4.06874755774263,TRUE,FALSE,TRUE,"4"
"4050","5","$549,500","unlogpred","grosscon",5,1.013,0.00640783898504834,0.01,5.49526297952878,1.00004671558731,1.2907890994691,0.0874587535537717,0.00546528803545048,0.0000837533778851096,-0.00538153465756537,0.0153246045481675,TRUE,TRUE,TRUE,"4"
"4050","6","$616,000","unlogpred","grosscon",5,0.9482,0.7013594622984,0.673684210526316,0.694165427520014,1.00004617408325,0.0385532660042092,0.958919708492772,0.0104895104895105,0.00743174762408501,-0.00305776286542549,0.708493273496103,TRUE,FALSE,TRUE,"4"
"4050","7","$700,777","unlogpred","grosscon",5,1.107,0.78742495129464,0.64,9.18779148918112,1.00061012489346,1.45886840575015,NA,0.00331653389692725,-0.0545168817379615,-0.0578334156348888,-16.4379088024612,FALSE,TRUE,TRUE,"4"
"4050","8","$732,000","unlogpred","grosscon",5,0.9691,0.85401513384038,0.95,1.41921831780099,0.999819772682806,0.135541748473322,0.779669741617556,0.0198991310857483,0.0245942512115688,0.00469512012582047,1.2359459870679,TRUE,FALSE,TRUE,"4"
"4050","9","$818,200","unlogpred","grosscon",5,0.9126,0.899946515747762,0.4,4.31427156583099,0.99885394153763,0.687235313309697,0.380769166697356,0.0135669869983042,0.0332412066304176,0.0196742196321134,2.45015393871702,TRUE,FALSE,TRUE,"4"
"4050","10","$998,000","unlogpred","grosscon",5,0.9566,0.697742197857576,0.49,5.58919822057205,0.999014454800926,0.232817946356538,0.832982270306098,0.0449459783913566,0.0452560829892421,0.000310104597885538,1.00689949599462,TRUE,TRUE,TRUE,"4"
"4100","1","$415,000","unlogpred","grosscon",1,NA,NA,NA,NA,NA,NA,NA,NA,NA,NA,NA,NA,NA,NA,"4"
"4100","2","$415,000","unlogpred","grosscon",1,NA,NA,NA,NA,NA,NA,NA,NA,NA,NA,NA,NA,NA,NA,"4"
"4100","3","$415,000","unlogpred","grosscon",1,NA,NA,NA,NA,NA,NA,NA,NA,NA,NA,NA,NA,NA,NA,"4"
"4130","1","$720,529","unlogpred","grosscon",1,NA,NA,NA,NA,NA,NA,NA,NA,NA,NA,NA,NA,NA,NA,"4"
"4140","1","$264,000","unlogpred","grosscon",3,NA,NA,NA,NA,NA,NA,NA,NA,NA,NA,NA,NA,NA,NA,"4"
"4140","2","$355,000","unlogpred","grosscon",3,NA,NA,NA,NA,NA,NA,NA,NA,NA,NA,NA,NA,NA,NA,"4"
"4140","3","$388,956","unlogpred","grosscon",3,NA,NA,NA,NA,NA,NA,NA,NA,NA,NA,NA,NA,NA,NA,"4"
"4140","4","$394,200","unlogpred","grosscon",3,NA,NA,NA,NA,NA,NA,NA,NA,NA,NA,NA,NA,NA,NA,"4"
"4140","5","$395,460","unlogpred","grosscon",3,NA,NA,NA,NA,NA,NA,NA,NA,NA,NA,NA,NA,NA,NA,"4"
"4140","6","$439,600","unlogpred","grosscon",3,NA,NA,NA,NA,NA,NA,NA,NA,NA,NA,NA,NA,NA,NA,"4"
"4140","7","$454,200","unlogpred","grosscon",3,NA,NA,NA,NA,NA,NA,NA,NA,NA,NA,NA,NA,NA,NA,"4"
"4140","8","$476,000","unlogpred","grosscon",3,NA,NA,NA,NA,NA,NA,NA,NA,NA,NA,NA,NA,NA,NA,"4"
"4140","9","$504,479","unlogpred","grosscon",3,NA,NA,NA,NA,NA,NA,NA,NA,NA,NA,NA,NA,NA,NA,"4"
"4140","10","$616,500","unlogpred","grosscon",2,NA,NA,NA,NA,NA,NA,NA,NA,NA,NA,NA,NA,NA,NA,"4"
"4160","1","$421,427","unlogpred","grosscon",2,NA,NA,NA,NA,NA,NA,NA,NA,NA,NA,NA,NA,NA,NA,"4"
"4160","2","$441,000","unlogpred","grosscon",2,NA,NA,NA,NA,NA,NA,NA,NA,NA,NA,NA,NA,NA,NA,"4"
"4160","3","$497,157","unlogpred","grosscon",2,NA,NA,NA,NA,NA,NA,NA,NA,NA,NA,NA,NA,NA,NA,"4"
"4160","4","$536,556","unlogpred","grosscon",2,NA,NA,NA,NA,NA,NA,NA,NA,NA,NA,NA,NA,NA,NA,"4"
"4160","5","$547,921","unlogpred","grosscon",2,NA,NA,NA,NA,NA,NA,NA,NA,NA,NA,NA,NA,NA,NA,"4"
"4160","6","$554,804","unlogpred","grosscon",1,NA,NA,NA,NA,NA,NA,NA,NA,NA,NA,NA,NA,NA,NA,"4"
"4160","7","$576,859","unlogpred","grosscon",1,NA,NA,NA,NA,NA,NA,NA,NA,NA,NA,NA,NA,NA,NA,"4"
"4160","8","$605,370","unlogpred","grosscon",1,NA,NA,NA,NA,NA,NA,NA,NA,NA,NA,NA,NA,NA,NA,"4"
"4160","9","$611,052","unlogpred","grosscon",1,NA,NA,NA,NA,NA,NA,NA,NA,NA,NA,NA,NA,NA,NA,"4"
"4160","10","$621,133","unlogpred","grosscon",1,NA,NA,NA,NA,NA,NA,NA,NA,NA,NA,NA,NA,NA,NA,"4"
"4170","1","$400,159","unlogpred","grosscon",12,1.045,0.755319018932966,0.583045025150288,6.8589572627051,0.994675072376266,0.221895849312696,0.784334859109273,0.0911063380824696,0.0996904435209491,0.0085841054384795,1.09422072732974,TRUE,TRUE,TRUE,"4"
"4170","2","$464,664","unlogpred","grosscon",12,1.0121,0.442375750368582,0.52569009937431,5.77361470435637,0.99891600332551,0.69733151036333,0.495206638214368,0.0223556626621722,0.034300219623211,0.0119445569610388,1.53429670779789,TRUE,TRUE,TRUE,"4"
"4170","3","$480,552","unlogpred","grosscon",12,1.0045,0.187508469549329,0.454680428987664,7.22198201351736,0.998971501335588,1.23332062901345,0.192305418106369,0.0126197394136568,0.0383736946985012,0.0257539552848445,3.04076759754438,TRUE,TRUE,TRUE,"4"
"4170","4","$503,369","unlogpred","grosscon",12,1.0067,0.123518359341819,0.114675360226962,7.18781521266847,0.999616229461556,1.28504854433866,0.131729471397679,0.00738298819104418,0.0340572798030482,0.026674291612004,4.61293976392389,TRUE,TRUE,TRUE,"4"
"4170","5","$535,000","unlogpred","grosscon",12,1.003,0.000888680686624025,0.143099006256901,4.22406329315214,1.00004945465769,1.42386293224718,0.137588193100423,0.00327516038026054,-0.00127693362295922,-0.00455209400321976,-0.389884303271169,TRUE,FALSE,TRUE,"4"
"4170","6","$587,734","unlogpred","grosscon",12,0.9712,0.220841989331053,0.396107389114382,3.07535796226928,1.0008507146366,0.0620115880172832,1.27226694864119,0.022844079313627,0.0139598745303829,-0.00888420478324411,0.611093769143741,TRUE,FALSE,TRUE,"4"
"4170","7","$625,958","unlogpred","grosscon",12,0.9959,0.00263523806651169,0.0195608587216979,5.53897197856942,1.00014811362916,1.36767075279675,0.181560045122359,0.00587341442507494,0.00111157381738354,-0.0047618406076914,0.189255131161524,TRUE,TRUE,TRUE,"4"
"4170","8","$686,409","unlogpred","grosscon",12,0.9714,0.466476821127782,0.528925619834711,2.52667287638011,0.999867985581475,0.452314887979656,0.527989674796406,0.014417721102337,0.0169979870546359,0.00258026595229888,1.17896489562977,TRUE,FALSE,TRUE,"4"
"4170","9","$734,310","unlogpred","grosscon",12,0.9374,0.497549285243716,0.539146168516798,2.7135727867498,0.999747637872726,0.516110170241064,0.42251046011476,0.0149163578751669,0.0222767542744771,0.00736039639931022,1.49344461033373,TRUE,FALSE,TRUE,"4"
"4170","10","$824,783","unlogpred","grosscon",12,0.9076,0.830566742103422,0.839209741307643,1.85487523220407,1.00091765336061,-0.155362092786866,1.29093860395558,0.0333290952295148,0.0241844444602894,-0.00914465076922536,0.725625592106465,TRUE,FALSE,TRUE,"4"
"4210","1","$476,580","unlogpred","grosscon",59,1.0468,0.412072061714896,0.587153468584306,7.05339897161624,1.00189763402082,0.17368836940661,0.792290087932153,0.0553658073602358,0.0584970163362344,0.00313120897599856,1.05655492307058,TRUE,TRUE,TRUE,"4"
"4210","2","$519,308","unlogpred","grosscon",59,1.0218,0.176912209006568,0.171421169452382,5.21481595959742,1.00004021266571,0.730696328251029,0.450560926594934,0.018918148522468,0.0183158399344065,-0.000602308588061436,0.96816239245896,TRUE,TRUE,TRUE,"4"
"4210","3","$555,640","unlogpred","grosscon",59,1.0086,0.170958268877302,0.197259575998681,4.2442171433476,0.999869287900397,0.925616334391174,0.343704202109874,0.0115108746873458,0.015805886088712,0.00429501140136622,1.37312641463188,TRUE,FALSE,TRUE,"4"
"4210","4","$590,585","unlogpred","grosscon",59,0.989,0.011073784520305,0.00615787352463806,4.22686993874499,1.00029717372958,0.990774162892833,0.443110021230558,0.0116823799227978,0.00306843566849363,-0.00861394425430416,0.262655014540802,TRUE,FALSE,TRUE,"4"
"4210","5","$634,370","unlogpred","grosscon",59,0.9942,0.207820897911861,0.230736219096127,3.65490849997861,1.00010150413778,0.588491353701982,0.619571802843056,0.0162777305026298,0.0138022749250262,-0.0024754555776036,0.847923789056241,TRUE,FALSE,TRUE,"4"
"4210","6","$680,000","unlogpred","grosscon",59,0.9788,0.0449394316590852,0.0880949273649848,4.1573202492558,1.00012228922873,1.01509177517885,0.399393769635376,0.0110331333192103,0.00644010906462494,-0.00459302425458532,0.583706267140975,TRUE,FALSE,TRUE,"4"
"4210","7","$733,140","unlogpred","grosscon",59,0.9805,0.0185383786175812,0.0144449934039266,3.27422255502536,1.00011751301656,1.07211964393072,0.433507451893706,0.00833623703719179,0.00381613892363388,-0.00452009811355791,0.457777160919049,TRUE,FALSE,TRUE,"4"
"4210","8","$792,541","unlogpred","grosscon",59,0.9722,0.198754984056753,0.182667271519709,4.28720579668341,1.000200577266,0.547778012452459,0.57322822349288,0.019044829741688,0.0155133616778647,-0.00353146806382329,0.814570772659988,TRUE,FALSE,TRUE,"4"
"4210","9","$983,101","unlogpred","grosscon",58,0.9818,0.547037988154101,0.5417460627216,4.51928747195246,0.999437807392894,0.355391111009417,0.725287451249402,0.032417141436155,0.0377796208934318,0.00536247945727688,1.16542110808376,TRUE,FALSE,TRUE,"4"
"4210","10","$1,950,000","unlogpred","grosscon",58,0.972,0.838685208455058,0.46146486658861,5.89098739997609,1.00217792480951,0.0214201218564482,1.00269038770512,0.0924652030218973,0.0782466555071845,-0.0142185475147128,0.846228126365054,TRUE,TRUE,TRUE,"4"
"4211","1","$359,000","unlogpred","grosscon",2,NA,NA,NA,NA,NA,NA,NA,NA,NA,NA,NA,NA,NA,NA,"4"
"4211","2","$386,000","unlogpred","grosscon",2,NA,NA,NA,NA,NA,NA,NA,NA,NA,NA,NA,NA,NA,NA,"4"
"4211","3","$401,520","unlogpred","grosscon",2,NA,NA,NA,NA,NA,NA,NA,NA,NA,NA,NA,NA,NA,NA,"4"
"4211","4","$422,600","unlogpred","grosscon",2,NA,NA,NA,NA,NA,NA,NA,NA,NA,NA,NA,NA,NA,NA,"4"
"4211","5","$441,500","unlogpred","grosscon",2,NA,NA,NA,NA,NA,NA,NA,NA,NA,NA,NA,NA,NA,NA,"4"
"4211","6","$458,000","unlogpred","grosscon",1,NA,NA,NA,NA,NA,NA,NA,NA,NA,NA,NA,NA,NA,NA,"4"
"4211","7","$551,000","unlogpred","grosscon",1,NA,NA,NA,NA,NA,NA,NA,NA,NA,NA,NA,NA,NA,NA,"4"
"4211","8","$576,000","unlogpred","grosscon",1,NA,NA,NA,NA,NA,NA,NA,NA,NA,NA,NA,NA,NA,NA,"4"
"4211","9","$607,000","unlogpred","grosscon",1,NA,NA,NA,NA,NA,NA,NA,NA,NA,NA,NA,NA,NA,NA,"4"
"4211","10","$655,000","unlogpred","grosscon",1,NA,NA,NA,NA,NA,NA,NA,NA,NA,NA,NA,NA,NA,NA,"4"
"4220","1","$474,750","unlogpred","grosscon",7,1.0345,0.554274841492493,0.748051948051948,3.28514162797269,0.999611417243573,0.438319810444044,0.632218858364136,0.0191311377025488,0.0304200018021561,0.0112888640996073,1.59007803274048,TRUE,FALSE,TRUE,"4"
"4220","2","$599,000","unlogpred","grosscon",7,0.9791,0.728801196784249,0.92984693877551,2.35879428108191,0.999474195459382,0.317916953613474,0.684459702140924,0.0226579010001503,0.0333421648466345,0.0106842638464842,1.4715469383688,TRUE,FALSE,TRUE,"4"
"4220","3","$645,749","unlogpred","grosscon",7,0.9902,0.911194181184485,0.73469387755102,4.19841640146722,0.997451298853249,0.315387566012254,0.639027417850168,0.0399517130649844,0.0590686063876859,0.0191168933227015,1.478499965486,TRUE,FALSE,TRUE,"4"
"4220","4","$745,000","unlogpred","grosscon",6,0.9831,0.0528406250571787,0.000921658986175116,5.59072842750446,1.0014001579591,1.3029310170449,0.979217372767469,0.0152669076159026,0.000445436715064732,-0.0148214709008379,0.0291766169201646,TRUE,TRUE,TRUE,"4"
"4220","5","$786,500","unlogpred","grosscon",6,1.0083,0.00960996717221937,0.0073469387755102,2.86760142616309,1.00053724254448,0.0915497053554263,1.00220978496898,0.0127364859709544,-0.000872030994800562,-0.013608516965755,-0.0684671578007645,TRUE,FALSE,TRUE,"4"
"4220","6","$890,000","unlogpred","grosscon",6,1.0504,0.53001265423331,0.510204081632653,6.84707684800585,0.998442620524912,0.637854102026774,0.36381763122543,0.0228228900339933,0.0520984343325958,0.0292755442986025,2.28272730819797,TRUE,TRUE,TRUE,"4"
"4220","7","$1,131,000","unlogpred","grosscon",6,1.0555,0.199185444519741,0.332718894009217,4.16253089940736,0.999963672886309,0.734207687802786,0.525051859539492,0.0123428035263302,0.019806411195071,0.00746360766874081,1.60469306287013,TRUE,FALSE,TRUE,"4"
"4220","8","$1,282,995","unlogpred","grosscon",6,0.9493,0.253930576923111,0.215126050420168,4.68017824873642,0.999746847527313,0.86300113766193,0.454557100498931,0.0105704198392105,0.0261182315484678,0.0155478117092573,2.4708792976778,TRUE,FALSE,TRUE,"4"
"4220","9","$1,364,819","unlogpred","grosscon",6,0.9997,0.356438219190932,0.242857142857143,6.25381375927852,0.99909980386367,0.8005871317299,0.359050554087033,0.0184707067804482,0.0242032819435741,0.00573257516312594,1.31036035768778,TRUE,TRUE,TRUE,"4"
"4220","10","$1,700,000","unlogpred","grosscon",6,0.8983,0.000766899475340116,0.0073469387755102,6.42287108401896,1.00277975578083,-0.162125530631045,0.654625079094522,0.0281488302632059,0.00463973566674462,-0.0235090945964613,0.164828720176318,FALSE,TRUE,TRUE,"4"
"4230","1",NA,"unlogpred","grosscon",1,NA,NA,NA,NA,NA,NA,NA,NA,NA,NA,NA,NA,NA,NA,NA
"4230","2",NA,"unlogpred","grosscon",1,NA,NA,NA,NA,NA,NA,NA,NA,NA,NA,NA,NA,NA,NA,NA
"4250","1","$408,000","unlogpred","grosscon",1,NA,NA,NA,NA,NA,NA,NA,NA,NA,NA,NA,NA,NA,NA,"4"
"4250","2","$436,000","unlogpred","grosscon",1,NA,NA,NA,NA,NA,NA,NA,NA,NA,NA,NA,NA,NA,NA,"4"
"4250","3","$464,000","unlogpred","grosscon",1,NA,NA,NA,NA,NA,NA,NA,NA,NA,NA,NA,NA,NA,NA,"4"
"4250","4","$492,000","unlogpred","grosscon",1,NA,NA,NA,NA,NA,NA,NA,NA,NA,NA,NA,NA,NA,NA,"4"
"4250","5","$520,000","unlogpred","grosscon",1,NA,NA,NA,NA,NA,NA,NA,NA,NA,NA,NA,NA,NA,NA,"4"
"4260","1","$315,000","unlogpred","grosscon",2,NA,NA,NA,NA,NA,NA,NA,NA,NA,NA,NA,NA,NA,NA,"4"
"4260","2","$323,000","unlogpred","grosscon",2,NA,NA,NA,NA,NA,NA,NA,NA,NA,NA,NA,NA,NA,NA,"4"
"4260","3","$340,000","unlogpred","grosscon",2,NA,NA,NA,NA,NA,NA,NA,NA,NA,NA,NA,NA,NA,NA,"4"
"4260","4","$345,500","unlogpred","grosscon",1,NA,NA,NA,NA,NA,NA,NA,NA,NA,NA,NA,NA,NA,NA,"4"
"4260","5","$360,000","unlogpred","grosscon",1,NA,NA,NA,NA,NA,NA,NA,NA,NA,NA,NA,NA,NA,NA,"4"
"4260","6","$553,499","unlogpred","grosscon",1,NA,NA,NA,NA,NA,NA,NA,NA,NA,NA,NA,NA,NA,NA,"4"
"4260","7","$604,100","unlogpred","grosscon",1,NA,NA,NA,NA,NA,NA,NA,NA,NA,NA,NA,NA,NA,NA,"4"
"4260","8","$627,200","unlogpred","grosscon",1,NA,NA,NA,NA,NA,NA,NA,NA,NA,NA,NA,NA,NA,NA,"4"
"4260","9","$703,400","unlogpred","grosscon",1,NA,NA,NA,NA,NA,NA,NA,NA,NA,NA,NA,NA,NA,NA,"4"
"4260","10","$840,000","unlogpred","grosscon",1,NA,NA,NA,NA,NA,NA,NA,NA,NA,NA,NA,NA,NA,NA,"4"
"4270","1","$400,000","unlogpred","grosscon",1,NA,NA,NA,NA,NA,NA,NA,NA,NA,NA,NA,NA,NA,NA,"4"
"4270","2","$455,000","unlogpred","grosscon",1,NA,NA,NA,NA,NA,NA,NA,NA,NA,NA,NA,NA,NA,NA,"4"
"4270","3","$469,000","unlogpred","grosscon",1,NA,NA,NA,NA,NA,NA,NA,NA,NA,NA,NA,NA,NA,NA,"4"
"4270","4","$470,000","unlogpred","grosscon",1,NA,NA,NA,NA,NA,NA,NA,NA,NA,NA,NA,NA,NA,NA,"4"
"4270","5","$475,000","unlogpred","grosscon",1,NA,NA,NA,NA,NA,NA,NA,NA,NA,NA,NA,NA,NA,NA,"4"
"4270","6","$530,000","unlogpred","grosscon",1,NA,NA,NA,NA,NA,NA,NA,NA,NA,NA,NA,NA,NA,NA,"4"
"4270","7","$585,000","unlogpred","grosscon",1,NA,NA,NA,NA,NA,NA,NA,NA,NA,NA,NA,NA,NA,NA,"4"
"4310","1","$295,700","unlogpred","grosscon",4,NA,NA,NA,NA,NA,NA,NA,NA,NA,NA,NA,NA,NA,NA,"4"
"4310","2","$304,800","unlogpred","grosscon",4,NA,NA,NA,NA,NA,NA,NA,NA,NA,NA,NA,NA,NA,NA,"4"
"4310","3","$315,000","unlogpred","grosscon",4,NA,NA,NA,NA,NA,NA,NA,NA,NA,NA,NA,NA,NA,NA,"4"
"4310","4","$370,000","unlogpred","grosscon",4,NA,NA,NA,NA,NA,NA,NA,NA,NA,NA,NA,NA,NA,NA,"4"
"4310","5","$392,500","unlogpred","grosscon",4,NA,NA,NA,NA,NA,NA,NA,NA,NA,NA,NA,NA,NA,NA,"4"
"4310","6","$401,000","unlogpred","grosscon",4,NA,NA,NA,NA,NA,NA,NA,NA,NA,NA,NA,NA,NA,NA,"4"
"4310","7","$414,700","unlogpred","grosscon",3,NA,NA,NA,NA,NA,NA,NA,NA,NA,NA,NA,NA,NA,NA,"4"
"4310","8","$417,400","unlogpred","grosscon",3,NA,NA,NA,NA,NA,NA,NA,NA,NA,NA,NA,NA,NA,NA,"4"
"4310","9","$429,500","unlogpred","grosscon",3,NA,NA,NA,NA,NA,NA,NA,NA,NA,NA,NA,NA,NA,NA,"4"
"4310","10","$460,000","unlogpred","grosscon",3,NA,NA,NA,NA,NA,NA,NA,NA,NA,NA,NA,NA,NA,NA,"4"
"4320","1","$403,668","unlogpred","grosscon",3,NA,NA,NA,NA,NA,NA,NA,NA,NA,NA,NA,NA,NA,NA,"4"
"4320","2","$437,208","unlogpred","grosscon",3,NA,NA,NA,NA,NA,NA,NA,NA,NA,NA,NA,NA,NA,NA,"4"
"4320","3","$461,764","unlogpred","grosscon",3,NA,NA,NA,NA,NA,NA,NA,NA,NA,NA,NA,NA,NA,NA,"4"
"4320","4","$491,800","unlogpred","grosscon",3,NA,NA,NA,NA,NA,NA,NA,NA,NA,NA,NA,NA,NA,NA,"4"
"4320","5","$530,000","unlogpred","grosscon",3,NA,NA,NA,NA,NA,NA,NA,NA,NA,NA,NA,NA,NA,NA,"4"
"4320","6","$548,952","unlogpred","grosscon",3,NA,NA,NA,NA,NA,NA,NA,NA,NA,NA,NA,NA,NA,NA,"4"
"4320","7","$563,600","unlogpred","grosscon",3,NA,NA,NA,NA,NA,NA,NA,NA,NA,NA,NA,NA,NA,NA,"4"
"4320","8","$599,400","unlogpred","grosscon",3,NA,NA,NA,NA,NA,NA,NA,NA,NA,NA,NA,NA,NA,NA,"4"
"4320","9","$677,000","unlogpred","grosscon",3,NA,NA,NA,NA,NA,NA,NA,NA,NA,NA,NA,NA,NA,NA,"4"
"4320","10","$846,400","unlogpred","grosscon",3,NA,NA,NA,NA,NA,NA,NA,NA,NA,NA,NA,NA,NA,NA,"4"
"4330","1","$353,760","unlogpred","grosscon",1,NA,NA,NA,NA,NA,NA,NA,NA,NA,NA,NA,NA,NA,NA,"4"
"4350","1","$400,000","unlogpred","grosscon",1,NA,NA,NA,NA,NA,NA,NA,NA,NA,NA,NA,NA,NA,NA,"4"
"4370","1","$330,963","unlogpred","grosscon",3,NA,NA,NA,NA,NA,NA,NA,NA,NA,NA,NA,NA,NA,NA,"4"
"4370","2","$354,000","unlogpred","grosscon",3,NA,NA,NA,NA,NA,NA,NA,NA,NA,NA,NA,NA,NA,NA,"4"
"4370","3","$431,500","unlogpred","grosscon",3,NA,NA,NA,NA,NA,NA,NA,NA,NA,NA,NA,NA,NA,NA,"4"
"4370","4","$466,600","unlogpred","grosscon",3,NA,NA,NA,NA,NA,NA,NA,NA,NA,NA,NA,NA,NA,NA,"4"
"4370","5","$498,395","unlogpred","grosscon",3,NA,NA,NA,NA,NA,NA,NA,NA,NA,NA,NA,NA,NA,NA,"4"
"4370","6","$517,372","unlogpred","grosscon",2,NA,NA,NA,NA,NA,NA,NA,NA,NA,NA,NA,NA,NA,NA,"4"
"4370","7","$540,800","unlogpred","grosscon",2,NA,NA,NA,NA,NA,NA,NA,NA,NA,NA,NA,NA,NA,NA,"4"
"4370","8","$571,000","unlogpred","grosscon",2,NA,NA,NA,NA,NA,NA,NA,NA,NA,NA,NA,NA,NA,NA,"4"
"4370","9","$736,000","unlogpred","grosscon",2,NA,NA,NA,NA,NA,NA,NA,NA,NA,NA,NA,NA,NA,NA,"4"
"4370","10","$880,000","unlogpred","grosscon",2,NA,NA,NA,NA,NA,NA,NA,NA,NA,NA,NA,NA,NA,NA,"4"
"4400","1","$720,000","unlogpred","grosscon",32,0.9995,0.758248491384768,0.550630910242618,3.18424371033059,1.00079488120945,0.00527800679542935,0.970418749781914,0.0447800144083612,0.0370065061430118,-0.00777350826534939,0.826406749348925,TRUE,FALSE,TRUE,"4"
"4400","2","$776,322","unlogpred","grosscon",32,1.0213,0.429425751142599,0.438993572627074,2.675451121494,0.999940564373721,0.405203750097482,0.632354768562206,0.0152769736605354,0.0162581982159609,0.000981224555425486,1.06422898783679,TRUE,FALSE,TRUE,"4"
"4400","3","$836,200","unlogpred","grosscon",32,0.992,0.317795275303813,0.354014989942076,3.37854380152348,0.999834093469973,0.649585463199454,0.493074089051471,0.0145951800914472,0.0186389366254871,0.00404375653403988,1.27706109199773,TRUE,FALSE,TRUE,"4"
"4400","4","$899,800","unlogpred","grosscon",32,1.0009,0.405708938694805,0.395707007093289,2.66205822473755,0.999800323780728,0.787316708175354,0.364544104761952,0.00868036767185942,0.0158485907914609,0.00716822311960152,1.82579717709884,TRUE,FALSE,TRUE,"4"
"4400","5","$975,000","unlogpred","grosscon",32,1.0158,0.25050479270026,0.305684331874048,3.2089386806074,1.00012764737987,0.448485331412485,0.680368871453646,0.0162669809139753,0.0145193800796806,-0.0017476008342947,0.892567597912818,TRUE,FALSE,TRUE,"4"
"4400","6","$1,100,000","unlogpred","grosscon",32,0.9985,0.424693577127411,0.346097016330813,3.89995209468903,1.00012501342082,0.312341688799509,0.769578723023905,0.0244854524593059,0.0223444938494293,-0.00214095860987662,0.912562015611726,TRUE,FALSE,TRUE,"4"
"4400","7","$1,280,355","unlogpred","grosscon",32,0.9931,0.0891333832544406,0.110439699716217,3.28084545330761,1.00031641158843,0.603433313432493,0.856804602368205,0.0152407227809555,0.00766660930232943,-0.00757411347862602,0.503034495969541,TRUE,FALSE,TRUE,"4"
"4400","8","$1,389,400","unlogpred","grosscon",32,0.9803,0.196587502015961,0.293423678292606,2.10019261205146,1.00018151938963,0.359595120779608,0.876070672684197,0.0132055178485901,0.0090622337752202,-0.00414328407336995,0.686245998008151,TRUE,FALSE,TRUE,"4"
"4400","9","$1,561,505","unlogpred","grosscon",32,0.9745,0.356752557481333,0.433429067233447,2.98528778067926,1.00002433543532,0.404618094204747,0.734256573835246,0.018462516266462,0.0172418104665892,-0.00122070579987277,0.933881937745927,TRUE,FALSE,TRUE,"4"
"4400","10","$1,950,000","unlogpred","grosscon",32,0.9773,0.807277374945587,0.820396292463365,3.39050430220896,0.998432669231362,0.259166875531229,0.739549152033068,0.0416245280060028,0.0535536123069567,0.0119290843009539,1.28658785750636,TRUE,FALSE,TRUE,"4"
"4410","1","$456,800","unlogpred","grosscon",1,NA,NA,NA,NA,NA,NA,NA,NA,NA,NA,NA,NA,NA,NA,"4"
"4410","2","$461,600","unlogpred","grosscon",1,NA,NA,NA,NA,NA,NA,NA,NA,NA,NA,NA,NA,NA,NA,"4"
"4420","1","$402,008","unlogpred","grosscon",2,NA,NA,NA,NA,NA,NA,NA,NA,NA,NA,NA,NA,NA,NA,"4"
"4420","2","$446,011","unlogpred","grosscon",2,NA,NA,NA,NA,NA,NA,NA,NA,NA,NA,NA,NA,NA,NA,"4"
"4420","3","$461,406","unlogpred","grosscon",2,NA,NA,NA,NA,NA,NA,NA,NA,NA,NA,NA,NA,NA,NA,"4"
"4420","4","$476,516","unlogpred","grosscon",2,NA,NA,NA,NA,NA,NA,NA,NA,NA,NA,NA,NA,NA,NA,"4"
"4420","5","$492,226","unlogpred","grosscon",2,NA,NA,NA,NA,NA,NA,NA,NA,NA,NA,NA,NA,NA,NA,"4"
"4420","6","$500,999","unlogpred","grosscon",2,NA,NA,NA,NA,NA,NA,NA,NA,NA,NA,NA,NA,NA,NA,"4"
"4420","7","$507,192","unlogpred","grosscon",2,NA,NA,NA,NA,NA,NA,NA,NA,NA,NA,NA,NA,NA,NA,"4"
"4420","8","$528,000","unlogpred","grosscon",2,NA,NA,NA,NA,NA,NA,NA,NA,NA,NA,NA,NA,NA,NA,"4"
"4420","9","$611,500","unlogpred","grosscon",2,NA,NA,NA,NA,NA,NA,NA,NA,NA,NA,NA,NA,NA,NA,"4"
"4420","10","$735,000","unlogpred","grosscon",2,NA,NA,NA,NA,NA,NA,NA,NA,NA,NA,NA,NA,NA,NA,"4"
"4450","1",NA,"unlogpred","grosscon",1,NA,NA,NA,NA,NA,NA,NA,NA,NA,NA,NA,NA,NA,NA,NA
"4470","1","$376,098","unlogpred","grosscon",9,1.0186,0.00441951137896524,0.0588935574229692,9.49409913284385,1.00443373189154,0.857990059304803,0.785591466061348,0.0385166225569574,-0.000227869609887755,-0.0387444921668452,-0.00591613684587187,TRUE,TRUE,TRUE,"4"
"4470","2","$401,600","unlogpred","grosscon",9,1.0596,0.477674334317699,0.269187675070028,3.04679334075405,1.00020590360379,0.189643937029142,0.826952173126917,0.0234083638343679,0.0174782262943314,-0.00593013754003656,0.746665867721605,TRUE,FALSE,TRUE,"4"
"4470","3","$447,800","unlogpred","grosscon",8,1.0231,0.388161208148144,0.516351118760757,8.67031192055,0.998536808232142,0.783928106496617,0.315971695368451,0.0232145474717107,0.0473436838169883,0.0241291363452776,2.03939723032212,TRUE,TRUE,TRUE,"4"
"4470","4","$468,000","unlogpred","grosscon",8,1.0066,0.00654281806408274,0.0981416957026714,5.06897124140711,1.00041014362977,1.19750410471792,0.404508852190294,0.00925156592951093,-0.00574775396824867,-0.0149993198977596,-0.621273632165805,TRUE,TRUE,TRUE,"4"
"4470","5","$489,000","unlogpred","grosscon",8,0.9873,0.00322706689970461,0.0242398164084911,2.27377938856118,1.00025472540795,0.653430601307748,0.445902681375151,0.00836802159344185,0.00205174573232081,-0.00631627586112105,0.245188866855792,TRUE,FALSE,TRUE,"4"
"4470","6","$522,981","unlogpred","grosscon",8,0.9771,0.597657906446599,0.383219954648526,1.09484168661338,0.999951146545041,0.38404699881658,0.577698925444194,0.00741002177955319,0.00966093005602486,0.00225090827647167,1.30376540628837,TRUE,FALSE,TRUE,"4"
"4470","7","$566,250","unlogpred","grosscon",8,0.929,0.138084017146165,0.111111111111111,3.51094613475899,1.00034265327313,1.39915843583402,0.402672622273118,0.00736008552501621,-0.00680836980907329,-0.0141684553340895,-0.92503949661078,TRUE,FALSE,TRUE,"4"
"4470","8","$606,000","unlogpred","grosscon",8,0.9829,0.250836116475763,0.27437641723356,4.18898738985201,0.999723531760734,0.818021195217256,0.551348819566937,0.0145594403451534,0.0145801364286966,0.0000206960835431591,1.00142148894824,TRUE,FALSE,TRUE,"4"
"4470","9","$712,775","unlogpred","grosscon",8,0.9815,0.118476281024846,0.0958049886621316,4.06284905887756,1.00145883555503,0.142831530892976,0.850524936972022,0.0271970306142355,0.0085546047573366,-0.0186424258568989,0.314541865936605,TRUE,FALSE,TRUE,"4"
"4470","10","$878,888","unlogpred","grosscon",8,0.9197,0.936954784623958,0.354308390022676,4.17826774071612,0.997019040443206,0.0965232335983752,1.07592202103623,0.0784893334803187,0.0745702148254579,-0.00391911865486083,0.950068136890937,TRUE,FALSE,TRUE,"4"
"4490","1","$519,800","unlogpred","grosscon",2,NA,NA,NA,NA,NA,NA,NA,NA,NA,NA,NA,NA,NA,NA,"4"
"4490","2","$531,000","unlogpred","grosscon",2,NA,NA,NA,NA,NA,NA,NA,NA,NA,NA,NA,NA,NA,NA,"4"
"4490","3","$571,000","unlogpred","grosscon",2,NA,NA,NA,NA,NA,NA,NA,NA,NA,NA,NA,NA,NA,NA,"4"
"4490","4","$625,000","unlogpred","grosscon",1,NA,NA,NA,NA,NA,NA,NA,NA,NA,NA,NA,NA,NA,NA,"4"
"4490","5","$625,000","unlogpred","grosscon",1,NA,NA,NA,NA,NA,NA,NA,NA,NA,NA,NA,NA,NA,NA,"4"
"4490","6","$633,000","unlogpred","grosscon",1,NA,NA,NA,NA,NA,NA,NA,NA,NA,NA,NA,NA,NA,NA,"4"
"4490","7","$704,000","unlogpred","grosscon",1,NA,NA,NA,NA,NA,NA,NA,NA,NA,NA,NA,NA,NA,NA,"4"
"4490","8","$796,000","unlogpred","grosscon",1,NA,NA,NA,NA,NA,NA,NA,NA,NA,NA,NA,NA,NA,NA,"4"
"4490","9","$865,000","unlogpred","grosscon",1,NA,NA,NA,NA,NA,NA,NA,NA,NA,NA,NA,NA,NA,NA,"4"
"4490","10","$865,000","unlogpred","grosscon",1,NA,NA,NA,NA,NA,NA,NA,NA,NA,NA,NA,NA,NA,NA,"4"
"4500","1","$523,861","unlogpred","grosscon",2,NA,NA,NA,NA,NA,NA,NA,NA,NA,NA,NA,NA,NA,NA,"4"
"4500","2","$557,700","unlogpred","grosscon",2,NA,NA,NA,NA,NA,NA,NA,NA,NA,NA,NA,NA,NA,NA,"4"
"4500","3","$631,518","unlogpred","grosscon",2,NA,NA,NA,NA,NA,NA,NA,NA,NA,NA,NA,NA,NA,NA,"4"
"4500","4","$657,789","unlogpred","grosscon",1,NA,NA,NA,NA,NA,NA,NA,NA,NA,NA,NA,NA,NA,NA,"4"
"4500","5","$687,319","unlogpred","grosscon",1,NA,NA,NA,NA,NA,NA,NA,NA,NA,NA,NA,NA,NA,NA,"4"
"4500","6","$693,463","unlogpred","grosscon",1,NA,NA,NA,NA,NA,NA,NA,NA,NA,NA,NA,NA,NA,NA,"4"
"4500","7","$702,610","unlogpred","grosscon",1,NA,NA,NA,NA,NA,NA,NA,NA,NA,NA,NA,NA,NA,NA,"4"
"4500","8","$736,194","unlogpred","grosscon",1,NA,NA,NA,NA,NA,NA,NA,NA,NA,NA,NA,NA,NA,NA,"4"
"4500","9","$767,792","unlogpred","grosscon",1,NA,NA,NA,NA,NA,NA,NA,NA,NA,NA,NA,NA,NA,NA,"4"
"4500","10","$850,000","unlogpred","grosscon",1,NA,NA,NA,NA,NA,NA,NA,NA,NA,NA,NA,NA,NA,NA,"4"
"4530","1","$288,650","unlogpred","grosscon",1,NA,NA,NA,NA,NA,NA,NA,NA,NA,NA,NA,NA,NA,NA,"4"
"4530","2","$292,300","unlogpred","grosscon",1,NA,NA,NA,NA,NA,NA,NA,NA,NA,NA,NA,NA,NA,NA,"4"
"4560","1","$332,276","unlogpred","grosscon",2,NA,NA,NA,NA,NA,NA,NA,NA,NA,NA,NA,NA,NA,NA,"4"
"4560","2","$366,538","unlogpred","grosscon",2,NA,NA,NA,NA,NA,NA,NA,NA,NA,NA,NA,NA,NA,NA,"4"
"4560","3","$391,600","unlogpred","grosscon",2,NA,NA,NA,NA,NA,NA,NA,NA,NA,NA,NA,NA,NA,NA,"4"
"4560","4","$410,000","unlogpred","grosscon",2,NA,NA,NA,NA,NA,NA,NA,NA,NA,NA,NA,NA,NA,NA,"4"
"4560","5","$450,000","unlogpred","grosscon",2,NA,NA,NA,NA,NA,NA,NA,NA,NA,NA,NA,NA,NA,NA,"4"
"4560","6","$470,000","unlogpred","grosscon",2,NA,NA,NA,NA,NA,NA,NA,NA,NA,NA,NA,NA,NA,NA,"4"
"4560","7","$539,800","unlogpred","grosscon",2,NA,NA,NA,NA,NA,NA,NA,NA,NA,NA,NA,NA,NA,NA,"4"
"4560","8","$605,800","unlogpred","grosscon",1,NA,NA,NA,NA,NA,NA,NA,NA,NA,NA,NA,NA,NA,NA,"4"
"4560","9","$648,000","unlogpred","grosscon",1,NA,NA,NA,NA,NA,NA,NA,NA,NA,NA,NA,NA,NA,NA,"4"
"4560","10","$680,000","unlogpred","grosscon",1,NA,NA,NA,NA,NA,NA,NA,NA,NA,NA,NA,NA,NA,NA,"4"
"4580","1","$330,000","unlogpred","grosscon",1,NA,NA,NA,NA,NA,NA,NA,NA,NA,NA,NA,NA,NA,NA,"4"
"4580","2","$330,000","unlogpred","grosscon",1,NA,NA,NA,NA,NA,NA,NA,NA,NA,NA,NA,NA,NA,NA,"4"
"4590","1","$359,800","unlogpred","grosscon",3,NA,NA,NA,NA,NA,NA,NA,NA,NA,NA,NA,NA,NA,NA,"4"
"4590","2","$440,000","unlogpred","grosscon",3,NA,NA,NA,NA,NA,NA,NA,NA,NA,NA,NA,NA,NA,NA,"4"
"4590","3","$462,465","unlogpred","grosscon",3,NA,NA,NA,NA,NA,NA,NA,NA,NA,NA,NA,NA,NA,NA,"4"
"4590","4","$519,308","unlogpred","grosscon",3,NA,NA,NA,NA,NA,NA,NA,NA,NA,NA,NA,NA,NA,NA,"4"
"4590","5","$539,673","unlogpred","grosscon",3,NA,NA,NA,NA,NA,NA,NA,NA,NA,NA,NA,NA,NA,NA,"4"
"4590","6","$568,184","unlogpred","grosscon",3,NA,NA,NA,NA,NA,NA,NA,NA,NA,NA,NA,NA,NA,NA,"4"
"4590","7","$572,663","unlogpred","grosscon",3,NA,NA,NA,NA,NA,NA,NA,NA,NA,NA,NA,NA,NA,NA,"4"
"4590","8","$590,381","unlogpred","grosscon",3,NA,NA,NA,NA,NA,NA,NA,NA,NA,NA,NA,NA,NA,NA,"4"
"4590","9","$635,884","unlogpred","grosscon",3,NA,NA,NA,NA,NA,NA,NA,NA,NA,NA,NA,NA,NA,NA,"4"
"4590","10","$745,359","unlogpred","grosscon",3,NA,NA,NA,NA,NA,NA,NA,NA,NA,NA,NA,NA,NA,NA,"4"
"5031","1","$341,400","unlogpred","grosscon",1,NA,NA,NA,NA,NA,NA,NA,NA,NA,NA,NA,NA,NA,NA,"5"
"5031","2","$342,800","unlogpred","grosscon",1,NA,NA,NA,NA,NA,NA,NA,NA,NA,NA,NA,NA,NA,NA,"5"
"5031","3","$344,200","unlogpred","grosscon",1,NA,NA,NA,NA,NA,NA,NA,NA,NA,NA,NA,NA,NA,NA,"5"
"5031","4","$345,600","unlogpred","grosscon",1,NA,NA,NA,NA,NA,NA,NA,NA,NA,NA,NA,NA,NA,NA,"5"
"5031","5","$347,000","unlogpred","grosscon",1,NA,NA,NA,NA,NA,NA,NA,NA,NA,NA,NA,NA,NA,NA,"5"
"5031","6","$365,600","unlogpred","grosscon",1,NA,NA,NA,NA,NA,NA,NA,NA,NA,NA,NA,NA,NA,NA,"5"
"5031","7","$384,200","unlogpred","grosscon",1,NA,NA,NA,NA,NA,NA,NA,NA,NA,NA,NA,NA,NA,NA,"5"
"5031","8","$402,800","unlogpred","grosscon",1,NA,NA,NA,NA,NA,NA,NA,NA,NA,NA,NA,NA,NA,NA,"5"
"5031","9","$421,400","unlogpred","grosscon",1,NA,NA,NA,NA,NA,NA,NA,NA,NA,NA,NA,NA,NA,NA,"5"
"5130","1","$251,000","unlogpred","grosscon",2,NA,NA,NA,NA,NA,NA,NA,NA,NA,NA,NA,NA,NA,NA,"5"
"5130","2","$266,000","unlogpred","grosscon",2,NA,NA,NA,NA,NA,NA,NA,NA,NA,NA,NA,NA,NA,NA,"5"
"5130","3","$286,610","unlogpred","grosscon",2,NA,NA,NA,NA,NA,NA,NA,NA,NA,NA,NA,NA,NA,NA,"5"
"5130","4","$299,600","unlogpred","grosscon",2,NA,NA,NA,NA,NA,NA,NA,NA,NA,NA,NA,NA,NA,NA,"5"
"5130","5","$305,000","unlogpred","grosscon",2,NA,NA,NA,NA,NA,NA,NA,NA,NA,NA,NA,NA,NA,NA,"5"
"5130","6","$326,000","unlogpred","grosscon",2,NA,NA,NA,NA,NA,NA,NA,NA,NA,NA,NA,NA,NA,NA,"5"
"5130","7","$352,000","unlogpred","grosscon",2,NA,NA,NA,NA,NA,NA,NA,NA,NA,NA,NA,NA,NA,NA,"5"
"5130","8","$356,800","unlogpred","grosscon",2,NA,NA,NA,NA,NA,NA,NA,NA,NA,NA,NA,NA,NA,NA,"5"
"5130","9","$364,000","unlogpred","grosscon",1,NA,NA,NA,NA,NA,NA,NA,NA,NA,NA,NA,NA,NA,NA,"5"
"5130","10","$410,000","unlogpred","grosscon",1,NA,NA,NA,NA,NA,NA,NA,NA,NA,NA,NA,NA,NA,NA,"5"
"5150","1","$426,000","unlogpred","grosscon",1,NA,NA,NA,NA,NA,NA,NA,NA,NA,NA,NA,NA,NA,NA,"5"
"5150","2","$432,000","unlogpred","grosscon",1,NA,NA,NA,NA,NA,NA,NA,NA,NA,NA,NA,NA,NA,NA,"5"
"5150","3","$438,000","unlogpred","grosscon",1,NA,NA,NA,NA,NA,NA,NA,NA,NA,NA,NA,NA,NA,NA,"5"
"5231","1","$406,000","unlogpred","grosscon",2,NA,NA,NA,NA,NA,NA,NA,NA,NA,NA,NA,NA,NA,NA,"5"
"5231","2","$422,800","unlogpred","grosscon",2,NA,NA,NA,NA,NA,NA,NA,NA,NA,NA,NA,NA,NA,NA,"5"
"5231","3","$465,000","unlogpred","grosscon",2,NA,NA,NA,NA,NA,NA,NA,NA,NA,NA,NA,NA,NA,NA,"5"
"5231","4","$480,600","unlogpred","grosscon",2,NA,NA,NA,NA,NA,NA,NA,NA,NA,NA,NA,NA,NA,NA,"5"
"5231","5","$515,000","unlogpred","grosscon",2,NA,NA,NA,NA,NA,NA,NA,NA,NA,NA,NA,NA,NA,NA,"5"
"5231","6","$540,000","unlogpred","grosscon",2,NA,NA,NA,NA,NA,NA,NA,NA,NA,NA,NA,NA,NA,NA,"5"
"5231","7","$598,000","unlogpred","grosscon",2,NA,NA,NA,NA,NA,NA,NA,NA,NA,NA,NA,NA,NA,NA,"5"
"5231","8","$841,000","unlogpred","grosscon",1,NA,NA,NA,NA,NA,NA,NA,NA,NA,NA,NA,NA,NA,NA,"5"
"5231","9","$924,600","unlogpred","grosscon",1,NA,NA,NA,NA,NA,NA,NA,NA,NA,NA,NA,NA,NA,NA,"5"
"5231","10","$1,135,000","unlogpred","grosscon",1,NA,NA,NA,NA,NA,NA,NA,NA,NA,NA,NA,NA,NA,NA,"5"
"5250","1","$275,000","unlogpred","grosscon",4,NA,NA,NA,NA,NA,NA,NA,NA,NA,NA,NA,NA,NA,NA,"5"
"5250","2","$295,000","unlogpred","grosscon",4,NA,NA,NA,NA,NA,NA,NA,NA,NA,NA,NA,NA,NA,NA,"5"
"5250","3","$308,000","unlogpred","grosscon",4,NA,NA,NA,NA,NA,NA,NA,NA,NA,NA,NA,NA,NA,NA,"5"
"5250","4","$320,000","unlogpred","grosscon",4,NA,NA,NA,NA,NA,NA,NA,NA,NA,NA,NA,NA,NA,NA,"5"
"5250","5","$330,000","unlogpred","grosscon",3,NA,NA,NA,NA,NA,NA,NA,NA,NA,NA,NA,NA,NA,NA,"5"
"5250","6","$375,000","unlogpred","grosscon",3,NA,NA,NA,NA,NA,NA,NA,NA,NA,NA,NA,NA,NA,NA,"5"
"5250","7","$380,000","unlogpred","grosscon",3,NA,NA,NA,NA,NA,NA,NA,NA,NA,NA,NA,NA,NA,NA,"5"
"5250","8","$418,000","unlogpred","grosscon",3,NA,NA,NA,NA,NA,NA,NA,NA,NA,NA,NA,NA,NA,NA,"5"
"5250","9","$480,000","unlogpred","grosscon",3,NA,NA,NA,NA,NA,NA,NA,NA,NA,NA,NA,NA,NA,NA,"5"
"5250","10","$505,000","unlogpred","grosscon",3,NA,NA,NA,NA,NA,NA,NA,NA,NA,NA,NA,NA,NA,NA,"5"
"5320","1","$303,500","unlogpred","grosscon",1,NA,NA,NA,NA,NA,NA,NA,NA,NA,NA,NA,NA,NA,NA,"5"
"5320","2","$333,000","unlogpred","grosscon",1,NA,NA,NA,NA,NA,NA,NA,NA,NA,NA,NA,NA,NA,NA,"5"
"5320","3","$354,000","unlogpred","grosscon",1,NA,NA,NA,NA,NA,NA,NA,NA,NA,NA,NA,NA,NA,NA,"5"
"5320","4","$364,800","unlogpred","grosscon",1,NA,NA,NA,NA,NA,NA,NA,NA,NA,NA,NA,NA,NA,NA,"5"
"5320","5","$369,000","unlogpred","grosscon",1,NA,NA,NA,NA,NA,NA,NA,NA,NA,NA,NA,NA,NA,NA,"5"
"5320","6","$391,800","unlogpred","grosscon",1,NA,NA,NA,NA,NA,NA,NA,NA,NA,NA,NA,NA,NA,NA,"5"
"5320","7","$424,650","unlogpred","grosscon",1,NA,NA,NA,NA,NA,NA,NA,NA,NA,NA,NA,NA,NA,NA,"5"
"5320","8","$433,999","unlogpred","grosscon",1,NA,NA,NA,NA,NA,NA,NA,NA,NA,NA,NA,NA,NA,NA,"5"
"5320","9","$482,499","unlogpred","grosscon",1,NA,NA,NA,NA,NA,NA,NA,NA,NA,NA,NA,NA,NA,NA,"5"
"5320","10","$595,000","unlogpred","grosscon",1,NA,NA,NA,NA,NA,NA,NA,NA,NA,NA,NA,NA,NA,NA,"5"
"5340","1","$274,600","unlogpred","grosscon",2,NA,NA,NA,NA,NA,NA,NA,NA,NA,NA,NA,NA,NA,NA,"5"
"5340","2","$300,600","unlogpred","grosscon",2,NA,NA,NA,NA,NA,NA,NA,NA,NA,NA,NA,NA,NA,NA,"5"
"5340","3","$309,900","unlogpred","grosscon",2,NA,NA,NA,NA,NA,NA,NA,NA,NA,NA,NA,NA,NA,NA,"5"
"5340","4","$328,800","unlogpred","grosscon",2,NA,NA,NA,NA,NA,NA,NA,NA,NA,NA,NA,NA,NA,NA,"5"
"5340","5","$345,000","unlogpred","grosscon",2,NA,NA,NA,NA,NA,NA,NA,NA,NA,NA,NA,NA,NA,NA,"5"
"5340","6","$358,000","unlogpred","grosscon",2,NA,NA,NA,NA,NA,NA,NA,NA,NA,NA,NA,NA,NA,NA,"5"
"5340","7","$370,000","unlogpred","grosscon",2,NA,NA,NA,NA,NA,NA,NA,NA,NA,NA,NA,NA,NA,NA,"5"
"5340","8","$374,000","unlogpred","grosscon",1,NA,NA,NA,NA,NA,NA,NA,NA,NA,NA,NA,NA,NA,NA,"5"
"5340","9","$390,000","unlogpred","grosscon",1,NA,NA,NA,NA,NA,NA,NA,NA,NA,NA,NA,NA,NA,NA,"5"
"5340","10","$390,000","unlogpred","grosscon",1,NA,NA,NA,NA,NA,NA,NA,NA,NA,NA,NA,NA,NA,NA,"5"
"5370","1","$303,400","unlogpred","grosscon",2,NA,NA,NA,NA,NA,NA,NA,NA,NA,NA,NA,NA,NA,NA,"5"
"5370","2","$318,200","unlogpred","grosscon",2,NA,NA,NA,NA,NA,NA,NA,NA,NA,NA,NA,NA,NA,NA,"5"
"5370","3","$320,000","unlogpred","grosscon",1,NA,NA,NA,NA,NA,NA,NA,NA,NA,NA,NA,NA,NA,NA,"5"
"5370","4","$321,600","unlogpred","grosscon",1,NA,NA,NA,NA,NA,NA,NA,NA,NA,NA,NA,NA,NA,NA,"5"
"5370","5","$330,000","unlogpred","grosscon",1,NA,NA,NA,NA,NA,NA,NA,NA,NA,NA,NA,NA,NA,NA,"5"
"5370","6","$332,000","unlogpred","grosscon",1,NA,NA,NA,NA,NA,NA,NA,NA,NA,NA,NA,NA,NA,NA,"5"
"5370","7","$343,999","unlogpred","grosscon",1,NA,NA,NA,NA,NA,NA,NA,NA,NA,NA,NA,NA,NA,NA,"5"
"5370","8","$364,399","unlogpred","grosscon",1,NA,NA,NA,NA,NA,NA,NA,NA,NA,NA,NA,NA,NA,NA,"5"
"5370","9","$390,800","unlogpred","grosscon",1,NA,NA,NA,NA,NA,NA,NA,NA,NA,NA,NA,NA,NA,NA,"5"
"5370","10","$430,000","unlogpred","grosscon",1,NA,NA,NA,NA,NA,NA,NA,NA,NA,NA,NA,NA,NA,NA,"5"
"5390","1","$240,000","unlogpred","grosscon",1,NA,NA,NA,NA,NA,NA,NA,NA,NA,NA,NA,NA,NA,NA,"5"
"5390","2","$245,000","unlogpred","grosscon",1,NA,NA,NA,NA,NA,NA,NA,NA,NA,NA,NA,NA,NA,NA,"5"
"5390","3","$259,500","unlogpred","grosscon",1,NA,NA,NA,NA,NA,NA,NA,NA,NA,NA,NA,NA,NA,NA,"5"
"5390","4","$274,000","unlogpred","grosscon",1,NA,NA,NA,NA,NA,NA,NA,NA,NA,NA,NA,NA,NA,NA,"5"
"5390","5","$279,000","unlogpred","grosscon",1,NA,NA,NA,NA,NA,NA,NA,NA,NA,NA,NA,NA,NA,NA,"5"
"5390","6","$284,000","unlogpred","grosscon",1,NA,NA,NA,NA,NA,NA,NA,NA,NA,NA,NA,NA,NA,NA,"5"
"5390","7","$284,500","unlogpred","grosscon",1,NA,NA,NA,NA,NA,NA,NA,NA,NA,NA,NA,NA,NA,NA,"5"
"5390","8","$285,000","unlogpred","grosscon",1,NA,NA,NA,NA,NA,NA,NA,NA,NA,NA,NA,NA,NA,NA,"5"
"5420","1","$195,000","unlogpred","grosscon",1,NA,NA,NA,NA,NA,NA,NA,NA,NA,NA,NA,NA,NA,NA,"5"
"5420","2","$195,000","unlogpred","grosscon",1,NA,NA,NA,NA,NA,NA,NA,NA,NA,NA,NA,NA,NA,NA,"5"
"5420","3","$195,000","unlogpred","grosscon",1,NA,NA,NA,NA,NA,NA,NA,NA,NA,NA,NA,NA,NA,NA,"5"
"BK01","1","$372,000","unlogpred","grosscon",4,NA,NA,NA,NA,NA,NA,NA,NA,NA,NA,NA,NA,NA,NA,"3"
"BK01","2","$436,142","unlogpred","grosscon",4,NA,NA,NA,NA,NA,NA,NA,NA,NA,NA,NA,NA,NA,NA,"3"
"BK01","3","$528,487","unlogpred","grosscon",4,NA,NA,NA,NA,NA,NA,NA,NA,NA,NA,NA,NA,NA,NA,"3"
"BK01","4","$539,934","unlogpred","grosscon",4,NA,NA,NA,NA,NA,NA,NA,NA,NA,NA,NA,NA,NA,NA,"3"
"BK01","5","$743,322","unlogpred","grosscon",4,NA,NA,NA,NA,NA,NA,NA,NA,NA,NA,NA,NA,NA,NA,"3"
"BK01","6","$780,010","unlogpred","grosscon",4,NA,NA,NA,NA,NA,NA,NA,NA,NA,NA,NA,NA,NA,NA,"3"
"BK01","7","$823,500","unlogpred","grosscon",4,NA,NA,NA,NA,NA,NA,NA,NA,NA,NA,NA,NA,NA,NA,"3"
"BK01","8","$960,512","unlogpred","grosscon",4,NA,NA,NA,NA,NA,NA,NA,NA,NA,NA,NA,NA,NA,NA,"3"
"BK01","9","$1,251,500","unlogpred","grosscon",4,NA,NA,NA,NA,NA,NA,NA,NA,NA,NA,NA,NA,NA,NA,"3"
"BK01","10","$1,904,128","unlogpred","grosscon",4,NA,NA,NA,NA,NA,NA,NA,NA,NA,NA,NA,NA,NA,NA,"3"
"BK02","1","$350,000","unlogpred","grosscon",1,NA,NA,NA,NA,NA,NA,NA,NA,NA,NA,NA,NA,NA,NA,"3"
"BK02","2","$375,000","unlogpred","grosscon",1,NA,NA,NA,NA,NA,NA,NA,NA,NA,NA,NA,NA,NA,NA,"3"
"BK02","3","$400,000","unlogpred","grosscon",1,NA,NA,NA,NA,NA,NA,NA,NA,NA,NA,NA,NA,NA,NA,"3"
"BK02","4","$425,000","unlogpred","grosscon",1,NA,NA,NA,NA,NA,NA,NA,NA,NA,NA,NA,NA,NA,NA,"3"
"BK03","1","$407,499","unlogpred","grosscon",1,NA,NA,NA,NA,NA,NA,NA,NA,NA,NA,NA,NA,NA,NA,"3"
"BK03","2","$426,110","unlogpred","grosscon",1,NA,NA,NA,NA,NA,NA,NA,NA,NA,NA,NA,NA,NA,NA,"3"
"BK03","3","$444,721","unlogpred","grosscon",1,NA,NA,NA,NA,NA,NA,NA,NA,NA,NA,NA,NA,NA,NA,"3"
"BK03","4","$463,332","unlogpred","grosscon",1,NA,NA,NA,NA,NA,NA,NA,NA,NA,NA,NA,NA,NA,NA,"3"
"BK03","5","$481,944","unlogpred","grosscon",1,NA,NA,NA,NA,NA,NA,NA,NA,NA,NA,NA,NA,NA,NA,"3"
"BK03","6","$500,555","unlogpred","grosscon",1,NA,NA,NA,NA,NA,NA,NA,NA,NA,NA,NA,NA,NA,NA,"3"
"BK03","7","$519,166","unlogpred","grosscon",1,NA,NA,NA,NA,NA,NA,NA,NA,NA,NA,NA,NA,NA,NA,"3"
"BK05","1","$407,293","unlogpred","grosscon",3,NA,NA,NA,NA,NA,NA,NA,NA,NA,NA,NA,NA,NA,NA,"3"
"BK05","2","$410,670","unlogpred","grosscon",2,NA,NA,NA,NA,NA,NA,NA,NA,NA,NA,NA,NA,NA,NA,"3"
"BK05","3","$431,505","unlogpred","grosscon",2,NA,NA,NA,NA,NA,NA,NA,NA,NA,NA,NA,NA,NA,NA,"3"
"BK05","4","$475,000","unlogpred","grosscon",2,NA,NA,NA,NA,NA,NA,NA,NA,NA,NA,NA,NA,NA,NA,"3"
"BK05","5","$496,353","unlogpred","grosscon",2,NA,NA,NA,NA,NA,NA,NA,NA,NA,NA,NA,NA,NA,NA,"3"
"BK05","6","$529,490","unlogpred","grosscon",2,NA,NA,NA,NA,NA,NA,NA,NA,NA,NA,NA,NA,NA,NA,"3"
"BK05","7","$560,854","unlogpred","grosscon",2,NA,NA,NA,NA,NA,NA,NA,NA,NA,NA,NA,NA,NA,NA,"3"
"BK05","8","$590,585","unlogpred","grosscon",2,NA,NA,NA,NA,NA,NA,NA,NA,NA,NA,NA,NA,NA,NA,"3"
"BK05","9","$719,903","unlogpred","grosscon",2,NA,NA,NA,NA,NA,NA,NA,NA,NA,NA,NA,NA,NA,NA,"3"
"BK05","10","$865,000","unlogpred","grosscon",2,NA,NA,NA,NA,NA,NA,NA,NA,NA,NA,NA,NA,NA,NA,"3"
"BK06","1",NA,"unlogpred","grosscon",1,NA,NA,NA,NA,NA,NA,NA,NA,NA,NA,NA,NA,NA,NA,NA
"BK07","1","$601,000","unlogpred","grosscon",2,NA,NA,NA,NA,NA,NA,NA,NA,NA,NA,NA,NA,NA,NA,"3"
"BK07","2","$829,000","unlogpred","grosscon",2,NA,NA,NA,NA,NA,NA,NA,NA,NA,NA,NA,NA,NA,NA,"3"
"BK07","3","$1,150,000","unlogpred","grosscon",2,NA,NA,NA,NA,NA,NA,NA,NA,NA,NA,NA,NA,NA,NA,"3"
"BK07","4","$1,200,000","unlogpred","grosscon",2,NA,NA,NA,NA,NA,NA,NA,NA,NA,NA,NA,NA,NA,NA,"3"
"BK07","5","$1,215,000","unlogpred","grosscon",2,NA,NA,NA,NA,NA,NA,NA,NA,NA,NA,NA,NA,NA,NA,"3"
"BK07","6","$1,280,000","unlogpred","grosscon",2,NA,NA,NA,NA,NA,NA,NA,NA,NA,NA,NA,NA,NA,NA,"3"
"BK07","7","$1,448,000","unlogpred","grosscon",2,NA,NA,NA,NA,NA,NA,NA,NA,NA,NA,NA,NA,NA,NA,"3"
"BK07","8","$1,523,000","unlogpred","grosscon",1,NA,NA,NA,NA,NA,NA,NA,NA,NA,NA,NA,NA,NA,NA,"3"
"BK07","9","$1,545,000","unlogpred","grosscon",1,NA,NA,NA,NA,NA,NA,NA,NA,NA,NA,NA,NA,NA,NA,"3"
"BK07","10","$1,875,000","unlogpred","grosscon",1,NA,NA,NA,NA,NA,NA,NA,NA,NA,NA,NA,NA,NA,NA,"3"
"QN01","1","$665,000","unlogpred","grosscon",1,NA,NA,NA,NA,NA,NA,NA,NA,NA,NA,NA,NA,NA,NA,"4"
"QN03","1","$524,300","unlogpred","grosscon",1,NA,NA,NA,NA,NA,NA,NA,NA,NA,NA,NA,NA,NA,NA,"4"
"QN03","2","$533,600","unlogpred","grosscon",1,NA,NA,NA,NA,NA,NA,NA,NA,NA,NA,NA,NA,NA,NA,"4"
"QN04","1","$450,200","unlogpred","grosscon",1,NA,NA,NA,NA,NA,NA,NA,NA,NA,NA,NA,NA,NA,NA,"4"
"QN04","2","$462,400","unlogpred","grosscon",1,NA,NA,NA,NA,NA,NA,NA,NA,NA,NA,NA,NA,NA,NA,"4"
"QN04","3","$474,600","unlogpred","grosscon",1,NA,NA,NA,NA,NA,NA,NA,NA,NA,NA,NA,NA,NA,NA,"4"
"QN04","4","$486,800","unlogpred","grosscon",1,NA,NA,NA,NA,NA,NA,NA,NA,NA,NA,NA,NA,NA,NA,"4"
"QN05","1","$570,000","unlogpred","grosscon",1,NA,NA,NA,NA,NA,NA,NA,NA,NA,NA,NA,NA,NA,NA,"4"
"QN05","2","$570,000","unlogpred","grosscon",1,NA,NA,NA,NA,NA,NA,NA,NA,NA,NA,NA,NA,NA,NA,"4"
