block,predicted,actual,n,median_sales_ratio,r,spearmans,cod,prd,prb,clapp,gini,ci,ki,mki,accuracy,uniformity,vertical_equity
All,prediction,GROSSCON,9941,1.0249,0.8135565388264075,0.8396714935944849,19.420849050105517,1.0862593954412574,-0.048286436795085326,1.0826505465385492,0.4395610377818057,0.3846967239045096,-0.05486431387729612,0.8751838557981331,TRUE,FALSE,TRUE
28,prediction,GROSSCON,4,,,,,,,,,,,,,,
64,prediction,GROSSCON,7,1.1401,0.8350091607186888,0.7971938775510201,17.64789807605033,1.172740898379398,-0.166391831063373,1.283404753209006,0.38547689439727356,0.2838388107221534,-0.10163808367512017,0.7363315800444016,FALSE,FALSE,FALSE
65,prediction,GROSSCON,7,1.0467,0.45413177018851647,0.25,39.84338957660931,1.192541124751255,-0.7911379768833504,1.8786331378827306,0.24418370227006975,0.05434538478697399,-0.18983831748309576,0.22255942670108025,TRUE,FALSE,FALSE
100,prediction,GROSSCON,2,,,,,,,,,,,,,,
107,prediction,GROSSCON,1,,,,,,,,,,,,,,
117,prediction,GROSSCON,17,1.1667,0.899567128324235,0.872945840430503,6.0479912951506485,0.9952690874825205,0.07575655559140737,0.8856781724738968,0.12604956450155397,0.1397655380856093,0.013715973584055324,1.1088141290951166,FALSE,TRUE,TRUE
132,prediction,GROSSCON,1,,,,,,,,,,,,,,
134,prediction,GROSSCON,6,1.1605,0.13344626798775971,0.18367346938775508,17.55864798227839,1.037039021326848,-0.2196456743404241,1.2718949609810424,0.1286693957524229,0.0408967921074764,-0.08777260364494649,0.3178439742280852,FALSE,FALSE,FALSE
136,prediction,GROSSCON,3,,,,,,,,,,,,,,
137,prediction,GROSSCON,1,,,,,,,,,,,,,,
140,prediction,GROSSCON,1,,,,,,,,,,,,,,
143,prediction,GROSSCON,4,,,,,,,,,,,,,,
144,prediction,GROSSCON,3,,,,,,,,,,,,,,
146,prediction,GROSSCON,1,,,,,,,,,,,,,,
147,prediction,GROSSCON,1,,,,,,,,,,,,,,
150,prediction,GROSSCON,1,,,,,,,,,,,,,,
161,prediction,GROSSCON,9,0.6864,0.3246284746580242,0.6725490196078431,13.287193435872243,1.033896999195625,-1.1156044767203124,2.81970129038869,0.09285161749313708,0.026371989914242475,-0.06647962757889461,0.28402294570896086,FALSE,TRUE,FALSE
172,prediction,GROSSCON,1,,,,,,,,,,,,,,
175,prediction,GROSSCON,1,,,,,,,,,,,,,,
178,prediction,GROSSCON,3,,,,,,,,,,,,,,
179,prediction,GROSSCON,5,,,,,,,,,,,,,,
189,prediction,GROSSCON,4,,,,,,,,,,,,,,
193,prediction,GROSSCON,2,,,,,,,,,,,,,,
210,prediction,GROSSCON,2,,,,,,,,,,,,,,
214,prediction,GROSSCON,1,,,,,,,,,,,,,,
219,prediction,GROSSCON,3,,,,,,,,,,,,,,
220,prediction,GROSSCON,1,,,,,,,,,,,,,,
223,prediction,GROSSCON,1,,,,,,,,,,,,,,
225,prediction,GROSSCON,1,,,,,,,,,,,,,,
229,prediction,GROSSCON,2,,,,,,,,,,,,,,
230,prediction,GROSSCON,1,,,,,,,,,,,,,,
231,prediction,GROSSCON,1,,,,,,,,,,,,,,
232,prediction,GROSSCON,3,,,,,,,,,,,,,,
263,prediction,GROSSCON,24,1.0549,0.7723289138629735,0.7030149616927434,5.015392124206974,1.0071752949536419,-0.08494043184095507,1.0534373170682707,0.10236745025331133,0.07968860210819602,-0.02267884814511531,0.7784564518409336,TRUE,TRUE,TRUE
311,prediction,GROSSCON,36,1.0087,0.36677704151480056,0.39781861164519333,16.9089458789072,1.0623201285667292,-0.3392218604824785,1.3152188489905094,0.17867797363987037,0.0866756967972832,-0.09200227684258717,0.4850944692935688,TRUE,FALSE,FALSE
315,prediction,GROSSCON,30,0.9741,0.6081169774286457,0.3927149091637153,16.01233177943795,1.044678770875209,-0.37144694288438135,1.3990265635150336,0.1578857223040385,0.08078036148191738,-0.07710536082212112,0.5116381665364249,TRUE,FALSE,FALSE
321,prediction,GROSSCON,41,1.0327,0.1932475235992005,0.4744331481867075,10.540914593950857,1.0663262827711553,-0.3666312923726025,1.5906063193761986,0.17026052215815993,0.06250436161127482,-0.10775616054688511,0.36711012523039666,TRUE,TRUE,FALSE
331,prediction,GROSSCON,44,1.0692,0.3661574328824076,0.5781894021037498,14.319516908323953,1.052527996892827,-0.19297014784243707,1.3671818711403554,0.19055260595749116,0.11157818965842461,-0.07897441629906654,0.5855505837758823,TRUE,TRUE,FALSE
348,prediction,GROSSCON,1,,,,,,,,,,,,,,
350,prediction,GROSSCON,1,,,,,,,,,,,,,,
354,prediction,GROSSCON,1,,,,,,,,,,,,,,
355,prediction,GROSSCON,3,,,,,,,,,,,,,,
376,prediction,GROSSCON,1,,,,,,,,,,,,,,
377,prediction,GROSSCON,5,,,,,,,,,,,,,,
386,prediction,GROSSCON,7,0.9905,0.6548991993471873,0.7480519480519479,17.454664977048466,1.032736534161594,-0.011424553089500179,1.2716769129503434,0.2119976124154397,0.14954705603993773,-0.06245055637550198,0.7054185862569001,TRUE,FALSE,TRUE
389,prediction,GROSSCON,11,0.8706,0.8762658712691411,0.7458677685950413,16.242946669531413,0.9936155462479414,0.0702699985972982,0.8622549458435625,0.2340671543542718,0.2562149081070292,0.022147753752757376,1.0946213654532482,FALSE,FALSE,TRUE
390,prediction,GROSSCON,1,,,,,,,,,,,,,,
391,prediction,GROSSCON,1,,,,,,,,,,,,,,
392,prediction,GROSSCON,1,,,,,,,,,,,,,,
394,prediction,GROSSCON,3,,,,,,,,,,,,,,
396,prediction,GROSSCON,15,0.9873,0.00648682068084556,0.007706887626386731,6.6138213309179665,1.004539973603773,-0.509107514708319,1.469936252739611,0.039296401189694546,0.0026179300619318725,-0.03667847112776267,0.06662009707439628,TRUE,TRUE,TRUE
400,prediction,GROSSCON,1,,,,,,,,,,,,,,
401,prediction,GROSSCON,1,,,,,,,,,,,,,,
402,prediction,GROSSCON,2,,,,,,,,,,,,,,
404,prediction,GROSSCON,10,0.9174,0.9553899045338785,0.9521028466483009,15.960146764833397,1.0962733086036758,-0.2596766542456327,1.3990741399869537,0.288054794520548,0.20410192804598565,-0.08395286647456235,0.7085524418564271,TRUE,FALSE,FALSE
406,prediction,GROSSCON,2,,,,,,,,,,,,,,
414,prediction,GROSSCON,1,,,,,,,,,,,,,,
415,prediction,GROSSCON,1,,,,,,,,,,,,,,
419,prediction,GROSSCON,1,,,,,,,,,,,,,,
431,prediction,GROSSCON,14,0.9827,0.7569812184418121,0.32294436142754573,8.779723529251026,1.004513794873001,0.007654822227362837,0.9286502740230158,0.10144057623049209,0.08024637982788718,-0.021194196402604906,0.7910678626820129,TRUE,TRUE,TRUE
436,prediction,GROSSCON,3,,,,,,,,,,,,,,
442,prediction,GROSSCON,1,,,,,,,,,,,,,,
443,prediction,GROSSCON,5,,,,,,,,,,,,,,
444,prediction,GROSSCON,2,,,,,,,,,,,,,,
445,prediction,GROSSCON,2,,,,,,,,,,,,,,
447,prediction,GROSSCON,2,,,,,,,,,,,,,,
450,prediction,GROSSCON,1,,,,,,,,,,,,,,
451,prediction,GROSSCON,1,,,,,,,,,,,,,,
452,prediction,GROSSCON,6,0.9971,0.7884602350569052,1,12.568248315016072,1.0392474943772656,-0.46037806158884564,1.8193390705811647,0.1473639288293612,0.08147562976813279,-0.06588829906122841,0.5528871984844866,TRUE,TRUE,FALSE
455,prediction,GROSSCON,2,,,,,,,,,,,,,,
461,prediction,GROSSCON,4,,,,,,,,,,,,,,
466,prediction,GROSSCON,5,,,,,,,,,,,,,,
467,prediction,GROSSCON,4,,,,,,,,,,,,,,
468,prediction,GROSSCON,2,,,,,,,,,,,,,,
473,prediction,GROSSCON,1,,,,,,,,,,,,,,
474,prediction,GROSSCON,2,,,,,,,,,,,,,,
475,prediction,GROSSCON,2,,,,,,,,,,,,,,
482,prediction,GROSSCON,4,,,,,,,,,,,,,,
483,prediction,GROSSCON,1,,,,,,,,,,,,,,
484,prediction,GROSSCON,1,,,,,,,,,,,,,,
485,prediction,GROSSCON,3,,,,,,,,,,,,,,
486,prediction,GROSSCON,1,,,,,,,,,,,,,,
487,prediction,GROSSCON,1,,,,,,,,,,,,,,
489,prediction,GROSSCON,4,,,,,,,,,,,,,,
496,prediction,GROSSCON,1,,,,,,,,,,,,,,
498,prediction,GROSSCON,1,,,,,,,,,,,,,,
499,prediction,GROSSCON,3,,,,,,,,,,,,,,
500,prediction,GROSSCON,3,,,,,,,,,,,,,,
502,prediction,GROSSCON,7,1.3408,0.8729413441279613,0.8598347107438018,11.500614168931858,1.211880757301234,-0.0717979253241493,1.0993044650708248,0.5659092243555869,0.48835867962993695,-0.07755054472564993,0.8629629251688583,FALSE,TRUE,FALSE
503,prediction,GROSSCON,3,,,,,,,,,,,,,,
504,prediction,GROSSCON,4,,,,,,,,,,,,,,
506,prediction,GROSSCON,15,1.0032,0.26134667603422684,0.4784340659340658,28.179794871689552,1.057311931102525,0.016064214570343547,0.9439222673897489,0.20055731758327605,0.14463069021577463,-0.055926627367501425,0.7211439201450259,TRUE,FALSE,TRUE
510,prediction,GROSSCON,3,,,,,,,,,,,,,,
514,prediction,GROSSCON,1,,,,,,,,,,,,,,
515,prediction,GROSSCON,7,0.9381,0.921306494887745,0.8622448979591831,12.078067615565805,1.0267335537833924,-0.08173495214172831,1.0432556988258224,0.23133887285749058,0.2060418195609837,-0.02529705329650689,0.8906493621930527,TRUE,TRUE,TRUE
516,prediction,GROSSCON,6,0.9175,0.8022601712854958,0.5951020408163266,21.03413366073179,0.9628973489065433,0.10145258164968908,0.9517727910105688,0.2598401778369963,0.2586112404989131,-0.0012289373380832136,0.9952704106489099,TRUE,FALSE,FALSE
517,prediction,GROSSCON,13,0.9483,0.7680896204826451,0.3096654726488981,27.63905621621701,1.1342628823159011,-0.5944591401811915,1.5366566219545459,0.2316655339983983,0.11024392481052955,-0.12142160918786873,0.47587538339342167,TRUE,FALSE,FALSE
518,prediction,GROSSCON,3,,,,,,,,,,,,,,
519,prediction,GROSSCON,12,0.9994,0.7993152636290536,0.5992025518341308,16.487175745425574,1.04087894149909,-0.05481530181916367,1.170917928552639,0.292857142857143,0.24803648169220235,-0.04482066116494063,0.846953839924593,TRUE,FALSE,FALSE
520,prediction,GROSSCON,6,0.925,0.828614892340305,0.5951020408163266,14.296646433576276,0.97943258761533325,0.4285500503870648,0.5740509867083025,0.09350825676486381,0.14461920413867593,0.051110947373812124,1.546592880052677,TRUE,TRUE,FALSE
521,prediction,GROSSCON,4,,,,,,,,,,,,,,
522,prediction,GROSSCON,3,,,,,,,,,,,,,,
523,prediction,GROSSCON,13,1.1071,0.8811229337565203,0.7787275398696012,12.811095751827237,1.1022327542876817,-0.116333028831865,1.2763388749499245,0.3666040122854005,0.2828212384995021,-0.08378277378589843,0.7714624745550419,FALSE,TRUE,FALSE
525,prediction,GROSSCON,2,,,,,,,,,,,,,,
526,prediction,GROSSCON,2,,,,,,,,,,,,,,
527,prediction,GROSSCON,1,,,,,,,,,,,,,,
528,prediction,GROSSCON,8,1.1927,0.9793315955745167,0.5102040816326533,13.562313637163642,0.9944355547319877,0.009818474454169673,0.9314475371115545,0.35229559748427675,0.3458894876014753,-0.006406109882801436,0.9818160944146135,FALSE,TRUE,TRUE
529,prediction,GROSSCON,4,,,,,,,,,,,,,,
530,prediction,GROSSCON,4,,,,,,,,,,,,,,
531,prediction,GROSSCON,4,,,,,,,,,,,,,,
532,prediction,GROSSCON,28,0.9848,0.9277979090888877,0.26591544323874733,15.839133345588937,1.0666810361112575,-0.24674204809178482,1.7972830538553841,0.2152928389228855,0.10320734074755615,-0.11208549817532935,0.47938120591425426,TRUE,FALSE,FALSE
537,prediction,GROSSCON,7,1.0225,0.975355452109202,0.9298469387755098,13.534855583825669,1.0891597549334764,-0.0013364065515406927,1.0686265104073707,0.46767680254029614,0.3998409512458651,-0.06783585129443104,0.8549514302912509,TRUE,TRUE,TRUE
539,prediction,GROSSCON,7,1.0123,0.9818063316996398,0.8622448979591831,2.851693695107367,0.9982966790859052,0.022249669335541306,0.9892571764403715,0.13935020143175944,0.1391557046107343,-1.9449682102515298e-4,0.9986042587737457,TRUE,FALSE,TRUE
542,prediction,GROSSCON,7,0.8595,0.665540193932419,0.7795454545454543,11.09643026465477,1.0044178228532432,0.10949949040528965,0.9530587495768389,0.11855890084763564,0.11582415946003342,-0.002734741387602213,0.9769334789033113,FALSE,TRUE,TRUE
543,prediction,GROSSCON,1,,,,,,,,,,,,,,
545,prediction,GROSSCON,5,,,,,,,,,,,,,,
548,prediction,GROSSCON,22,1.1374,0.8184273375786965,0.05548907571647524,25.171634473276665,1.0213411853935463,0.030492025408584277,0.8350165765095314,0.30023953750834925,0.26038114792439065,-0.0398583895839586,0.8672447009653078,FALSE,FALSE,TRUE
550,prediction,GROSSCON,5,,,,,,,,,,,,,,
551,prediction,GROSSCON,27,0.9915,0.6136502700881782,0.4917753916990558,19.48524988270257,1.087440853988751,-0.2256419388701958,1.3302495987117193,0.25793085611808164,0.15131523855653695,-0.1066156175615447,0.5866503947370465,TRUE,FALSE,FALSE
552,prediction,GROSSCON,3,,,,,,,,,,,,,,
553,prediction,GROSSCON,1,,,,,,,,,,,,,,
555,prediction,GROSSCON,37,0.9774,0.6812246826988767,0.5974406583333282,21.961403798129233,1.070689063981564,-0.2592884440000151,1.268802478544,0.2131594782728902,0.13884621923395016,-0.07431325903894004,0.6513724857976853,TRUE,FALSE,FALSE
556,prediction,GROSSCON,13,0.8656,0.21544572081940927,0.35736294092647686,21.347093926413837,1.0540967518542523,-0.1492023092583485,1.4996918720914565,0.17303537915960077,0.07097619389123053,-0.10205918526837024,0.4101831326977646,FALSE,FALSE,FALSE
561,prediction,GROSSCON,40,0.8876,0.7977454222494083,0.649100345889143,25.572486310892728,1.1669659039673987,-0.24258709681235044,1.467004714609594,0.35068666936909026,0.20445363960264426,-0.146233029766446,0.5830094425045315,FALSE,FALSE,FALSE
562,prediction,GROSSCON,28,1.0645,0.818426863485836,0.6162260858542613,21.814661024221067,1.120880212628849,-0.18755087016887817,1.3384991006326927,0.3006067498695751,0.17841945128568604,-0.12218729858388905,0.5935310879183427,TRUE,FALSE,FALSE
563,prediction,GROSSCON,8,1.2011,0.9610735496991465,0.8185941043083904,14.570439919903711,1.0212777911233668,-0.03572374367940176,1.1798819289083398,0.3781651190430755,0.3666637746708177,-0.011501344372257805,0.9695864483711208,FALSE,TRUE,TRUE
564,prediction,GROSSCON,22,0.9763,0.8662364694033883,0.3785378973276828,18.603743234457742,1.0141137597899526,0.01377795526892001,1.0865635962994231,0.32332008160966164,0.2959717789628613,-0.027348302646800327,0.9154141539534267,TRUE,FALSE,TRUE
566,prediction,GROSSCON,46,0.9737,0.6915849975953784,0.5772493891201587,28.429651778755265,1.063717648666656,-0.07291186738006165,0.9511851590294498,0.25067210933526857,0.21333450587200717,-0.0373376034632614,0.8510500288114496,TRUE,FALSE,FALSE
567,prediction,GROSSCON,7,1.0108,0.4860280133558546,0.41326530612244877,25.41429356476928,1.0362995638851877,0.28733235088644543,0.8147941878107792,0.1930867778583514,0.12093284884908329,-0.07215392900926812,0.6263134648080342,TRUE,FALSE,FALSE
568,prediction,GROSSCON,22,0.9584,0.7661097429332518,0.6419891207900927,19.555568485805846,1.0280273426469217,0.008920359566614766,1.0447708985770643,0.24521578369674593,0.19954216342338668,-0.04567362027335925,0.813741107587744,TRUE,FALSE,TRUE
569,prediction,GROSSCON,4,,,,,,,,,,,,,,
572,prediction,GROSSCON,7,1.0308,0.47977281134577954,0.33851239669421485,40.170937148116415,0.9806032504251218,1.0941866546096883,0.21312371281511597,0.05306326224948294,0.17914691807650612,0.1260836558270232,3.376100723589639,TRUE,FALSE,TRUE
573,prediction,GROSSCON,53,1.0354,0.899072966870414,0.8181963485166336,12.041100132138576,1.0796878363911655,-0.06330600693811805,1.1296582872034941,0.38690207503765806,0.32070702935530393,-0.06619504568235413,0.8289100784070201,TRUE,TRUE,FALSE
574,prediction,GROSSCON,12,0.8371,0.8067304938109062,0.5671083302662252,27.230683379939652,1.1166073664234735,-0.06767034724847153,1.1668989879104408,0.3690386101759593,0.25999238492497234,-0.10904622525098695,0.7045126925906392,FALSE,FALSE,FALSE
575,prediction,GROSSCON,2,,,,,,,,,,,,,,
576,prediction,GROSSCON,36,1.0085,0.8235320543123802,0.8437726281820006,17.088022120959973,1.0648905348876834,-0.062260602905790344,1.1061446089473748,0.35619422155133607,0.3061503210777907,-0.050043900473545344,0.8595038957802609,TRUE,FALSE,FALSE
577,prediction,GROSSCON,23,1.1242,0.8452134976086889,0.8068015825899484,16.272523575619736,0.9939601346048599,0.06522794803297566,0.928504315370116,0.37294465579511454,0.3760231839779694,0.003078528182854867,1.008254651554911,FALSE,FALSE,TRUE
584,prediction,GROSSCON,8,0.9497,0.7642876408811904,0.6944444444444446,13.3779490507278,1.0774724754671678,-0.24000064109655553,1.4242415374662443,0.2462962735959633,0.15246291004018886,-0.09383336355577443,0.6190223985698485,TRUE,TRUE,FALSE
585,prediction,GROSSCON,9,0.9624,0.6501903145302064,0.3731792717086834,12.203061540465823,1.0351653544435113,-0.17400143588483907,1.26516846954986,0.1690685632291472,0.1004677555809642,-0.06860080764818301,0.5942426768292527,TRUE,TRUE,FALSE
586,prediction,GROSSCON,2,,,,,,,,,,,,,,
588,prediction,GROSSCON,5,,,,,,,,,,,,,,
589,prediction,GROSSCON,4,,,,,,,,,,,,,,
590,prediction,GROSSCON,9,1.0985,0.3221503468095113,0.5976979026904882,16.368128029866906,1.12711721079069,-0.32944385184019037,1.2376236781966514,0.22358740993553283,0.1008009933570424,-0.12278641657849043,0.45083483630006915,TRUE,FALSE,FALSE
591,prediction,GROSSCON,8,0.9556,0.785953216210386,0.7346938775510207,32.30017457520353,1.1762637107083194,-0.438192158607212,1.721210215606057,0.2990167170914313,0.1572745344145592,-0.1417421826768721,0.5259723802213668,TRUE,FALSE,FALSE
592,prediction,GROSSCON,4,,,,,,,,,,,,,,
595,prediction,GROSSCON,4,,,,,,,,,,,,,,
602,prediction,GROSSCON,2,,,,,,,,,,,,,,
603,prediction,GROSSCON,3,,,,,,,,,,,,,,
607,prediction,GROSSCON,13,1.0216,0.7481836792593347,0.41200130531460377,13.646146079105229,1.0243688957455552,-0.07048812514053066,1.1485416707505651,0.16612970005253686,0.11643966962956001,-0.049690030422976844,0.7008961648202406,TRUE,TRUE,TRUE
608,prediction,GROSSCON,47,1.0234,0.7692811026303878,0.6683209040065462,16.219337928917895,1.0934174940088897,-0.09783401212633645,1.1316318459743993,0.362823018445106,0.2860739541293005,-0.07674906431580553,0.7884669372833151,TRUE,FALSE,FALSE
609,prediction,GROSSCON,17,0.9431,0.9421854300748624,0.8538122356785854,15.896166103609637,1.0811097010442194,-0.17189905106614,1.3703365284707278,0.3261691518181608,0.2564035398441657,-0.06976561197399511,0.7861060385842699,TRUE,FALSE,FALSE
610,prediction,GROSSCON,1,,,,,,,,,,,,,,
611,prediction,GROSSCON,14,0.9592,0.055496027941610654,7.74555840635136e-5,30.745235687188703,1.048092871199328,1.1513816684040568,1.0584476894787083,0.10331223912750787,-0.04771468021171594,-0.1510269193392238,-0.46184925053097076,TRUE,FALSE,FALSE
612,prediction,GROSSCON,1,,,,,,,,,,,,,,
613,prediction,GROSSCON,5,,,,,,,,,,,,,,
614,prediction,GROSSCON,4,,,,,,,,,,,,,,
615,prediction,GROSSCON,10,1.0512,0.9222683844983403,0.24848507801848205,33.79951795217913,1.3202939928759558,-0.17722562618561452,1.301779464572484,0.5182051164706423,0.3686936707159051,-0.14951144575473718,0.7114821120003214,TRUE,FALSE,FALSE
616,prediction,GROSSCON,20,0.8842,0.7415531438665205,0.7299097404400224,25.93323830292269,1.0679145910492636,-0.11236967562533594,0.8348562247250646,0.2319482840613052,0.19711343374274487,-0.03483485031856032,0.849816305132254,FALSE,FALSE,FALSE
619,prediction,GROSSCON,1,,,,,,,,,,,,,,
620,prediction,GROSSCON,27,0.9111,0.4034669341427758,0.24816971449601066,18.014490660692122,1.0388035226951051,-0.08539340773599075,1.0216755321885316,0.1726804024312777,0.09585457038087741,-0.07682583205040028,0.5550981410239939,TRUE,FALSE,FALSE
621,prediction,GROSSCON,4,,,,,,,,,,,,,,
622,prediction,GROSSCON,16,0.9086,0.7759543892405107,0.46560553633217994,28.613520271627845,1.1743725199965487,-0.40908399011042884,1.4345691513188839,0.28934185993290584,0.1322010228149375,-0.15714083711796833,0.4569025126388314,TRUE,FALSE,FALSE
623,prediction,GROSSCON,1,,,,,,,,,,,,,,
624,prediction,GROSSCON,13,0.9124,0.8369362362321145,0.6694214876033059,15.185544654948474,1.0233260337021675,-0.02470856129920788,0.9390164049013693,0.2191349852819785,0.18546882246832516,-0.03366616281365334,0.8463679235411342,TRUE,FALSE,TRUE
625,prediction,GROSSCON,1,,,,,,,,,,,,,,
626,prediction,GROSSCON,29,0.9522,0.859495261868146,0.8776221302293632,12.247805501487772,1.0223157888887402,-0.012561247572155609,1.0082961756045925,0.28542373682522504,0.2598058516560471,-0.025617885169177956,0.9102461293019064,TRUE,TRUE,TRUE
628,prediction,GROSSCON,2,,,,,,,,,,,,,,
629,prediction,GROSSCON,2,,,,,,,,,,,,,,
630,prediction,GROSSCON,6,0.8091,0.1369702735071961,0.16470588235294117,29.769578650575024,1.117762189764797,-0.4426319974506218,1.1841567613364234,0.20312684365781722,0.044113297405590224,-0.159013546252227,0.217171185310704,FALSE,FALSE,FALSE
632,prediction,GROSSCON,15,1.0536,0.931377037865363,0.8406880909787886,16.254014690469766,1.069348334129338,-0.1088889311123291,1.3132664401060583,0.32571100711716977,0.2553709239509175,-0.07034008316625229,0.7840414305036106,TRUE,FALSE,FALSE
633,prediction,GROSSCON,5,,,,,,,,,,,,,,
634,prediction,GROSSCON,8,1.3539,0.727239266874155,0.5163511187607573,15.416281441442493,1.04126135978873,-0.045238290104328456,1.1699542137498347,0.2786970010341261,0.2143736430334262,-0.06432335800069988,0.7691996764872846,FALSE,FALSE,TRUE
636,prediction,GROSSCON,15,1.2128,0.8013634875899455,0.8735645449823993,12.560379540682021,1.1065328467013558,-0.21116585019078885,1.3853810926023622,0.2977807721361344,0.18989026527753458,-0.10789050685859983,0.6376847770101279,FALSE,TRUE,FALSE
637,prediction,GROSSCON,10,0.7412,0.8043465189594112,0.2530394857667584,16.387788628428225,1.0620495709355147,-0.29010983666667295,1.4989726543791517,0.20095912227924267,0.09460317221517248,-0.1063559500640702,0.4707582872685753,FALSE,FALSE,FALSE
638,prediction,GROSSCON,5,,,,,,,,,,,,,,
640,prediction,GROSSCON,12,1.0705,0.9459381940208723,0.6244315125434008,23.44250103249551,1.0370617250638672,-0.018343981410592874,0.9716258675298554,0.4306002254358665,0.42684685012684476,-0.003753375309021756,0.9912833874965521,TRUE,FALSE,TRUE
641,prediction,GROSSCON,9,1.0893,0.9175237208759403,0.8017507002801121,26.00564932727861,1.240095641340237,-0.3576951913888964,1.851508826815823,0.33716998578506463,0.18353692212236064,-0.153633063662704,0.544345374322137,TRUE,FALSE,FALSE
642,prediction,GROSSCON,20,1.1264,0.6281317274022161,0.7883413352658755,19.257901272501346,1.1287045952929475,-0.1569589986928379,1.3960389902886856,0.33502686959018746,0.2180076660567746,-0.11701920353341286,0.65071695987682,FALSE,FALSE,FALSE
643,prediction,GROSSCON,5,,,,,,,,,,,,,,
717,prediction,GROSSCON,9,1.0232,0.8121350502709748,0.2983757062146893,13.789449268102603,1.0342293378031766,-0.07006829366721733,1.0833878414031015,0.2564476061701721,0.20027726796258408,-0.056170338207588016,0.780967586141885,TRUE,TRUE,FALSE
719,prediction,GROSSCON,2,,,,,,,,,,,,,,
720,prediction,GROSSCON,17,0.8257,0.8892190626896773,0.7891554656260538,31.304557325472555,1.1610400493333912,-0.3219369146952959,1.2774675348870463,0.3336218715631335,0.26750001968609766,-0.06612185187703584,0.8018060040031783,FALSE,FALSE,FALSE
722,prediction,GROSSCON,7,1.4081,0.42270298811788376,0.510204081632653,19.883337315484905,1.0942953868513605,-0.18120825103889346,1.2394604233383435,0.2531543209142476,0.15942145296785298,-0.09373286794639463,0.6297402011236249,FALSE,FALSE,FALSE
731,prediction,GROSSCON,12,1.1506,0.9702713351883029,0.4977229176517433,4.585926538333829,0.9941971075010906,0.08125315119963128,0.8651370756869866,0.1225691334123155,0.1283750605163506,0.0058059271040350885,1.0473685906263552,FALSE,FALSE,TRUE
732,prediction,GROSSCON,14,0.95,0.5984563869935517,0.48539548363724183,12.964954098040224,1.0192853683282552,-0.02822282330980795,1.0818214885426503,0.16619648011110882,0.11809014776365626,-0.04810633234745257,0.7105454200035307,TRUE,TRUE,TRUE
738,prediction,GROSSCON,1,,,,,,,,,,,,,,
740,prediction,GROSSCON,10,1.1779,0.6997709578365698,0.3176859504132231,18.58677975034238,1.09019719464489,-0.5712117624696611,2.7443693515543326,0.19769734308817863,0.05071935947880242,-0.1469779836093762,0.2565505367271433,FALSE,FALSE,FALSE
741,prediction,GROSSCON,1,,,,,,,,,,,,,,
742,prediction,GROSSCON,19,1.1043,0.7652980944824306,0.6863022349552548,16.680890018366405,1.0422776138492107,-0.12655334808913504,1.2550370437746328,0.2124903336407934,0.17494495495864482,-0.03754537868214858,0.8233078275192622,FALSE,FALSE,FALSE
743,prediction,GROSSCON,7,0.8606,0.2392441805656993,0.12755102040816324,41.78587243452144,1.2904219398700791,-0.9605056680115152,1.3342560514606865,0.2693328237929113,0.10433544934024346,-0.16499737445266782,0.3873848269621473,FALSE,FALSE,FALSE
744,prediction,GROSSCON,17,0.9242,0.3003526299179829,0.19535430578375365,22.96924932028193,1.0717871750699381,-0.8795992312133284,2.2643024797470717,0.15820634285998444,0.032344559302360076,-0.12586178355762437,0.20444540160431882,TRUE,FALSE,FALSE
745,prediction,GROSSCON,16,1.0717,0.885447356550203,0.08417689533035021,24.669520372150554,1.0841905080535197,-0.12092243876867678,1.0704179196781638,0.2866695635380456,0.18060389307327362,-0.106065670464772,0.6300072140351398,TRUE,FALSE,FALSE
746,prediction,GROSSCON,8,1.2432,0.5407731793609826,0.38321995464852626,22.698761598841543,1.035272113884635,-0.055229309776584364,0.856789607374059,0.1897075247801201,0.15708603800590026,-0.03262148677421983,0.8280432639030546,FALSE,FALSE,FALSE
747,prediction,GROSSCON,9,0.8988,0.4978850704521308,0.39390756302521013,9.720467985734507,0.9994102595850529,0.3151375413085623,0.6015132180069058,0.04938271604938274,0.05795662744528466,0.008573911395901919,1.1736217057670137,FALSE,TRUE,TRUE
753,prediction,GROSSCON,4,,,,,,,,,,,,,,
759,prediction,GROSSCON,4,,,,,,,,,,,,,,
761,prediction,GROSSCON,3,,,,,,,,,,,,,,
764,prediction,GROSSCON,7,1.0031,0.38557150554880115,0.2869897959183672,18.93609301051305,1.0395984474993205,-0.24430514830025515,1.5485927261952932,0.1443023902167871,0.050368773628963685,-0.0939336165878234,0.34905016856126997,TRUE,FALSE,FALSE
765,prediction,GROSSCON,5,,,,,,,,,,,,,,
766,prediction,GROSSCON,18,1.0009,0.6382905553558221,0.499727890721766,21.2153795394059,1.1164032068495089,-0.18553700609303544,1.177448405461721,0.2934640417748711,0.1680893353718237,-0.12537470640304743,0.5727765976206797,TRUE,FALSE,FALSE
767,prediction,GROSSCON,1,,,,,,,,,,,,,,
769,prediction,GROSSCON,1,,,,,,,,,,,,,,
770,prediction,GROSSCON,9,1.1198,0.5429472631187092,0.46694444444444444,16.980054826549317,1.0060494261520685,0.11721249013349026,0.7783938841733813,0.15038163347684533,0.14391200796403048,-0.006469625512814853,0.9569786192420167,FALSE,FALSE,TRUE
771,prediction,GROSSCON,27,1.0236,0.5014605477278031,0.3551054606219642,15.769872699419105,1.0512909090445373,-0.21475570635484123,1.2268586853389616,0.1867500517976842,0.10138692001790003,-0.08536313177978416,0.5429016969041467,TRUE,FALSE,FALSE
772,prediction,GROSSCON,6,0.9793,0.4322470646006403,0.23591836734693877,19.12995887662701,1.0254072929762892,0.020199335598650246,1.036334698088767,0.15671392479067917,0.10720822225472541,-0.04950570253595375,0.684101444067093,TRUE,FALSE,TRUE
773,prediction,GROSSCON,16,0.8894,0.825867816973406,0.8099999999999998,11.56836684141718,1.0044753532137864,0.017529366102193054,1.0211301201859884,0.20320695131860833,0.19771679597515912,-0.00549015534344921,0.9729824432293106,FALSE,TRUE,TRUE
774,prediction,GROSSCON,2,,,,,,,,,,,,,,
775,prediction,GROSSCON,8,1.232,0.03855603812860068,0.19635685599541025,13.308555066068362,1.0563995311234164,-0.4025519678827454,2.181060638267305,0.13463478260869555,0.035178093784652864,-0.09945668882404268,0.26128533134632065,FALSE,TRUE,FALSE
776,prediction,GROSSCON,3,,,,,,,,,,,,,,
779,prediction,GROSSCON,5,,,,,,,,,,,,,,
786,prediction,GROSSCON,3,,,,,,,,,,,,,,
790,prediction,GROSSCON,28,1.0073,0.6415452259760857,0.6151059218883357,19.579066756740545,1.0291457391615677,0.013143363004148593,1.0486240860174436,0.21830124717993016,0.18210495430580767,-0.03619629287412249,0.8341910852928455,TRUE,FALSE,TRUE
791,prediction,GROSSCON,20,1.0433,0.8783080541812447,0.7843379155720626,18.001591497323513,1.0695179821268563,-0.1268716081847804,1.2153217063025819,0.31740680231694646,0.25146513511435986,-0.0659416672025866,0.7922487271185179,TRUE,FALSE,FALSE
793,prediction,GROSSCON,5,,,,,,,,,,,,,,
795,prediction,GROSSCON,4,,,,,,,,,,,,,,
796,prediction,GROSSCON,12,1.0469,0.6528194238939689,0.4413418749083087,21.79159674517965,0.9770723310265341,0.09484711674031228,1.0617527104622193,0.34949449513772873,0.34000786963194357,-0.009486625505785162,0.9728561518485529,TRUE,FALSE,FALSE
797,prediction,GROSSCON,7,1.1888,0.033697877500661194,0.08791208791208788,13.444500206273466,1.0319187682807927,-0.9341634417622635,7.162691801136858,0.10032715376226824,0.001875052065689228,-0.098452101696579,0.018689377654750247,FALSE,TRUE,FALSE
798,prediction,GROSSCON,20,1.0933,0.8630434261058015,0.5904709141274239,16.636716091953176,1.0310998564620357,-0.021903036910327522,0.9816165950443838,0.2593631983331163,0.2225895789331906,-0.03677361939992568,0.8582157390244123,TRUE,FALSE,TRUE
799,prediction,GROSSCON,7,1.3041,0.9761984336702559,0.9298469387755098,28.582757924713448,1.2894147398016442,-0.1552325031842305,1.2658134756166242,0.536736224652761,0.4607959661943098,-0.07594025845845126,0.8585147508767823,FALSE,FALSE,FALSE
801,prediction,GROSSCON,1,,,,,,,,,,,,,,
802,prediction,GROSSCON,5,,,,,,,,,,,,,,
804,prediction,GROSSCON,3,,,,,,,,,,,,,,
816,prediction,GROSSCON,41,0.9645,0.8492356468403404,0.85658016881864,12.135791020241257,1.0368935034565046,-0.06342381862148397,1.1226091436992216,0.288510323771118,0.24913140732683317,-0.039378916444284845,0.8635095065938608,TRUE,TRUE,FALSE
817,prediction,GROSSCON,54,1.0708,0.8544053219093891,0.840108855183746,11.540244191825836,1.014542462595909,-0.007716966862176058,1.0551252051514213,0.2529197653641833,0.2339701104676545,-0.018949654896528806,0.925076417538017,TRUE,TRUE,TRUE
818,prediction,GROSSCON,3,,,,,,,,,,,,,,
822,prediction,GROSSCON,4,,,,,,,,,,,,,,
823,prediction,GROSSCON,1,,,,,,,,,,,,,,
825,prediction,GROSSCON,4,,,,,,,,,,,,,,
827,prediction,GROSSCON,4,,,,,,,,,,,,,,
830,prediction,GROSSCON,1,,,,,,,,,,,,,,
831,prediction,GROSSCON,3,,,,,,,,,,,,,,
832,prediction,GROSSCON,3,,,,,,,,,,,,,,
836,prediction,GROSSCON,2,,,,,,,,,,,,,,
837,prediction,GROSSCON,8,1.1424,0.5033848305053332,0.0896442914515204,12.43992492282329,1.0311279972006095,-0.6058792179560613,2.4852316716211904,0.11715867158671589,0.03031685567163822,-0.08684181591507767,0.2587674925043766,FALSE,TRUE,FALSE
841,prediction,GROSSCON,5,,,,,,,,,,,,,,
842,prediction,GROSSCON,54,0.9826,0.9000840981480879,0.8278394829894036,11.178862828350482,1.0161844282792398,-0.06710604220847959,1.1655733579114946,0.196408041636439,0.17186562150177626,-0.024542420134662735,0.8750437103787636,TRUE,TRUE,TRUE
846,prediction,GROSSCON,1,,,,,,,,,,,,,,
847,prediction,GROSSCON,8,0.815,0.37622342888961596,0.41326530612244916,21.686395443714936,1.0002310408359156,0.24995599742199953,0.7163383444851807,0.18191854759568193,0.1477125922070035,-0.03420595538867843,0.8119710395627062,FALSE,FALSE,TRUE
848,prediction,GROSSCON,4,,,,,,,,,,,,,,
849,prediction,GROSSCON,2,,,,,,,,,,,,,,
850,prediction,GROSSCON,2,,,,,,,,,,,,,,
851,prediction,GROSSCON,6,0.9787,0.9029629695441315,0.5102040816326531,10.590530785807022,0.9896502168940259,0.13599081444375238,0.843885226114742,0.1421643330438318,0.15916123848037098,0.016996905436539173,1.1195581554995142,TRUE,TRUE,TRUE
857,prediction,GROSSCON,10,1.26,0.012783924991263323,0.2609074382669292,18.389459387286543,1.1966488921460197,-0.34466466427082654,1.1162174914004617,0.25041938490214355,0.0651462611279788,-0.18527312377416474,0.2601486348727996,FALSE,FALSE,FALSE
859,prediction,GROSSCON,1,,,,,,,,,,,,,,
862,prediction,GROSSCON,14,1.0957,0.16988356647696276,0.07631257631257633,22.841608069505533,1.1251570011967666,-0.5455071518857039,2.8301319092367687,0.2214151269542504,0.03742640845437174,-0.18398871849987863,0.1690327529523533,TRUE,FALSE,FALSE
864,prediction,GROSSCON,36,1.0516,0.7450997763693794,0.6993378635419654,14.479923504813314,1.0527016803709546,-0.21483721801262096,1.1802632567127895,0.19277790020272276,0.11946835463167203,-0.07330954557105072,0.6197201780185418,TRUE,TRUE,FALSE
865,prediction,GROSSCON,4,,,,,,,,,,,,,,
866,prediction,GROSSCON,17,0.8805,0.9299817551088168,0.6716152153268717,14.253789061626223,1.068264809322068,-0.22226198363412608,1.3915254074079806,0.2636034861463468,0.17488672953905685,-0.08871675660728998,0.6634461937349478,FALSE,TRUE,FALSE
867,prediction,GROSSCON,41,1.0369,0.1006280032936869,0.19896177751655414,18.201944298508842,1.0752348494164679,-0.45407077593287043,1.4308986644058637,0.17782015785301522,0.04688586914647816,-0.13093428870653706,0.2636701581675215,TRUE,FALSE,FALSE
871,prediction,GROSSCON,43,0.9989,0.5016242249860429,0.40357942961840704,20.16230205220574,1.078152879202072,-0.14684896649174395,1.0813208564615666,0.24008651543567414,0.1432816547230536,-0.09680486071262054,0.5967917625987734,TRUE,FALSE,FALSE
873,prediction,GROSSCON,27,1.1653,0.8582327924685532,0.8268501674121708,17.334629495919394,1.1407318720004558,-0.28929350053459063,1.588625770248684,0.3167960187091818,0.18163761659870423,-0.13515840211047755,0.5733582680072986,FALSE,FALSE,FALSE
874,prediction,GROSSCON,12,0.8842,0.7558570339178763,0.9044941072913103,23.268964959131583,0.9117322717649156,0.28479468604342395,0.7219640575763262,0.2376483279395901,0.3499698799312749,0.11232155199168478,1.472637669978628,FALSE,FALSE,FALSE
875,prediction,GROSSCON,46,0.9957,0.5790991848619577,0.5946902364044641,18.8636016021583,1.011410404568738,0.08444666990830982,0.9691154106441684,0.217052302927715,0.2015751531327865,-0.01547714979492848,0.9286939157697726,TRUE,FALSE,TRUE
876,prediction,GROSSCON,5,,,,,,,,,,,,,,
877,prediction,GROSSCON,59,1.073,0.7838988575065653,0.7924834406121044,20.361621066143528,1.1543293162587576,-0.15412076353127105,1.2962673067835615,0.3868089375905533,0.26575078991586176,-0.12105814767469153,0.6870337370465971,TRUE,FALSE,FALSE
880,prediction,GROSSCON,25,0.9998,0.8231863237712437,0.7090560106804034,10.632356738695746,1.016845252607731,-0.04715371129893753,1.10464842324662,0.1861100423239708,0.15657373201336314,-0.02953631031060766,0.8412965257447399,TRUE,TRUE,TRUE
881,prediction,GROSSCON,6,1.1381,0.0634954542689932,0.1379591836734694,14.095478555688116,1.0062535433470285,0.5136753541648604,2.551416360088189,0.054564172958133206,0.006218460030114947,-0.04834571292801826,0.1139659907405971,FALSE,TRUE,TRUE
882,prediction,GROSSCON,6,1.1505,0.3989898948221964,0.44453781512605034,16.46404786189626,1.1568873229972467,-0.5558794434104879,2.2757569569663594,0.24432477216238593,0.05311529520918823,-0.1912094769531977,0.21739627438959047,FALSE,FALSE,FALSE
883,prediction,GROSSCON,11,1.0172,0.011974510416996093,0.28542535446205175,25.48670032815661,1.1956973236392316,-0.6822969427051995,2.1854580475510974,0.2646761824186021,0.03966190765737872,-0.22501427476122338,0.1498506865821833,TRUE,FALSE,FALSE
884,prediction,GROSSCON,15,1.0405,0.9080425005381734,0.746989795918367,8.545278253543668,1.033310752596134,-0.18664865390072977,1.3828575278049593,0.18690729763451042,0.13465413237551047,-0.05225316525899995,0.7204327176075336,TRUE,TRUE,FALSE
885,prediction,GROSSCON,17,1.0563,0.8824960614221644,0.8753894502586312,15.747032904124417,1.1238960807794918,-0.07470541899240972,1.094626555377647,0.428037276956801,0.3420858016427944,-0.0859514753140066,0.7991962851341073,TRUE,FALSE,FALSE
886,prediction,GROSSCON,5,,,,,,,,,,,,,,
888,prediction,GROSSCON,12,1.0821,0.42182832667702314,0.3671819408661514,21.73961671391586,1.0742760625197998,-0.1855020719804604,1.4236052319676995,0.20784281365753468,0.08962433024544891,-0.11821848341208577,0.43121207160486236,TRUE,FALSE,FALSE
889,prediction,GROSSCON,11,0.9671,0.6962075392010507,0.5650684931506849,11.087120060221615,1.0076451228614711,0.026880423893683513,0.9767547299338128,0.12397054741100112,0.10622258728652492,-0.0177479601244762,0.8568372851848741,TRUE,TRUE,TRUE
890,prediction,GROSSCON,44,1.0994,0.614988092551146,0.7320121694121564,13.916066719275932,1.0434536052451684,-0.1297605478926374,1.28355031877477,0.2194426340921078,0.15617086377011138,-0.0632717703219964,0.7116705667348168,TRUE,TRUE,FALSE
891,prediction,GROSSCON,47,1.0396,0.7083152415534645,0.7168725184121072,22.553477434344565,1.1291542843875217,-0.2786499508802074,1.6220709258893682,0.3002832065969342,0.17516926697148932,-0.12511393962544487,0.5833468643040585,TRUE,FALSE,FALSE
892,prediction,GROSSCON,25,0.9291,0.7764612791950415,0.8030917159763314,14.92630140118398,1.0144445845792749,0.008360652487320024,1.0655665782774062,0.2555049393458566,0.23773462936892784,-0.017770309976928772,0.9304502291719906,TRUE,TRUE,TRUE
893,prediction,GROSSCON,49,0.9952,0.6777123027095466,0.7603434217068098,15.211068073953754,1.0386394734186246,-0.1446868605275781,1.3263728662159497,0.20287771919524086,0.14771468524811532,-0.055163033947125545,0.7280971307941461,TRUE,FALSE,FALSE
894,prediction,GROSSCON,12,1.1019,0.7683480281010767,0.40495867768595056,14.123421928082644,1.0355706247124956,-0.07181858833755485,0.9462737419204167,0.1869674571399241,0.1305713912617441,-0.056396065878179996,0.6983642675528614,FALSE,TRUE,FALSE
895,prediction,GROSSCON,13,1.0393,0.3267385023808613,0.25902128174855454,17.195755501607753,1.0111606267789637,0.19112821459517154,0.7199250472513478,0.11006815968841284,0.06651849290159771,-0.04354966678681513,0.6043391030603402,TRUE,FALSE,TRUE
896,prediction,GROSSCON,24,1.0777,0.05751041026219729,0.4329233882406339,16.63643043080491,1.0417013486963502,0.026598629785899754,0.9757180699546525,0.13707158835376868,0.07161322704582851,-0.06545836130794017,0.5224512818878382,TRUE,FALSE,TRUE
897,prediction,GROSSCON,29,1.0123,0.49111949531388227,0.4948778634742967,20.02066185876769,1.0957719729135988,-0.46860337818169684,1.900576999934713,0.22390750309941793,0.09829849942014492,-0.12560900367927302,0.43901386983221846,TRUE,FALSE,FALSE
898,prediction,GROSSCON,37,0.929,0.5672017593123472,0.6230026881156585,13.644574018388687,1.0248528557983672,-0.004616462014806376,0.9878303371917235,0.19038720825452732,0.1504325563623821,-0.039954651892145226,0.790140040087514,TRUE,TRUE,TRUE
899,prediction,GROSSCON,42,1.1595,0.34048099746006105,0.501877257394282,14.689824014012093,1.097075460748898,-0.29472441144072226,1.5120373916281384,0.24009877343169148,0.1139984868972683,-0.12610028653442318,0.47479828933695517,FALSE,TRUE,FALSE
901,prediction,GROSSCON,4,,,,,,,,,,,,,,
902,prediction,GROSSCON,24,1.1409,0.9328199167650818,0.572574087032169,10.111611775833916,1.0216555041898334,-0.06602142426516013,1.1900684134529367,0.22565746237446835,0.1884660513256319,-0.03719141104883644,0.8351864340869039,FALSE,TRUE,TRUE
904,prediction,GROSSCON,14,1.0438,0.6395590633307832,0.5019315486275838,10.3204116575197,1.0658789669266213,-0.3644932908138288,1.775289290237524,0.17862906461060973,0.08961335846631739,-0.08901570614429234,0.5016728865577611,TRUE,TRUE,FALSE
905,prediction,GROSSCON,33,1.0008,0.536155144225268,0.47790191514721997,13.818038245468358,1.02231706994889,-0.14817263975421835,1.0069016921626517,0.13582657199214032,0.0866111697507752,-0.04921540224136513,0.6376599842024062,TRUE,TRUE,TRUE
906,prediction,GROSSCON,23,0.9429,0.625325895882584,0.4922159383836649,15.64790675491552,1.0468030289736177,-0.041421839764206915,1.064662829258064,0.20355599032992444,0.13260319773303803,-0.07095279259688642,0.6514335319639288,TRUE,FALSE,TRUE
907,prediction,GROSSCON,23,0.976,0.7601434094653795,0.8835164384284285,15.207418456746307,1.0543659253612356,-0.3367708827530516,1.8789446902427502,0.18513364737132196,0.09204606073830644,-0.09308758663301551,0.4971870972416481,TRUE,FALSE,FALSE
908,prediction,GROSSCON,6,0.9309,0.7754891112391713,0.7067226890756302,7.384044139723452,1.0021377208370978,0.01943615123916365,0.9692142094717844,0.08243614101752161,0.08810927364846559,0.005673132630943975,1.068818512862437,TRUE,TRUE,TRUE
909,prediction,GROSSCON,32,1.0338,0.916966519505423,0.9203751658227283,11.643740668813656,1.0189346621270174,-0.01789571165019154,1.0136582660710882,0.23849277662600588,0.22046914029679687,-0.018023636329209003,0.9244269089228103,TRUE,TRUE,TRUE
910,prediction,GROSSCON,6,1.023,0.9878106078929837,0.9714285714285714,2.359925936702269,0.9961535462785589,0.05484843761764354,0.9379025322637075,0.12034239677744211,0.12724605268730826,0.006903655909866149,1.0573667809079255,TRUE,FALSE,TRUE
912,prediction,GROSSCON,2,,,,,,,,,,,,,,
913,prediction,GROSSCON,13,1.0077,0.46451744692711494,0.8241758241758242,13.737608446333796,1.086554288142216,-0.3524847564677389,1.6902617541107083,0.21544156139167825,0.09980946881694595,-0.1156320925747323,0.4632786179797954,TRUE,TRUE,FALSE
915,prediction,GROSSCON,15,1.0727,0.6188202656753432,0.6212656529516993,11.774940679282105,0.9953746356603738,0.3242424462893796,0.6652154102101179,0.09213141169098549,0.11078515583179041,0.018653744140804923,1.2024688843732336,TRUE,TRUE,TRUE
916,prediction,GROSSCON,32,1.0879,0.8088167154997614,0.8491960249032808,8.484467375195026,1.0196313761390257,-0.1065143139670878,1.2369179079330381,0.16724118975919988,0.13050622639034293,-0.036734963368856954,0.7803473927580321,TRUE,TRUE,TRUE
917,prediction,GROSSCON,31,0.9887,0.4062206774505283,0.4189154781127781,8.182062691731485,1.0338324059091843,-0.26899396985307655,1.2443134904292836,0.1335815429015184,0.06944057991523296,-0.06414096298628545,0.5198366361618334,TRUE,TRUE,FALSE
918,prediction,GROSSCON,14,1.0217,0.7098473792312231,0.5862613157767342,7.630247662160169,1.0057010836112852,-0.04529402605288644,0.9743522674115651,0.08741131732788457,0.07210800406445779,-0.01530331326342678,0.8249275525041772,TRUE,TRUE,TRUE
921,prediction,GROSSCON,26,1.0766,0.3798688009411082,0.7661863104684625,13.371006941951064,1.1638677875772176,-0.39212299797756783,1.705346119853582,0.2709249765909719,0.09828776679480852,-0.1726372097961634,0.3627859196725083,TRUE,TRUE,FALSE
924,prediction,GROSSCON,2,,,,,,,,,,,,,,
927,prediction,GROSSCON,3,,,,,,,,,,,,,,
928,prediction,GROSSCON,22,0.9233,0.6051328665683636,0.7711999418411433,11.35667967590608,1.037708777369885,-0.15721902665325915,1.2533127272416955,0.19642605674163008,0.13757759907344938,-0.0588484576681807,0.7004040164305325,TRUE,TRUE,FALSE
930,prediction,GROSSCON,39,1.0824,0.2972989735982229,0.6301994270579596,12.709377154995376,1.0941619473904378,-0.35496343614534726,1.3740651905202903,0.22222037457704474,0.09782132272510524,-0.1243990518519395,0.4401996122600818,TRUE,TRUE,FALSE
940,prediction,GROSSCON,7,0.9113,0.010717964357585758,0.004049586776859505,7.67616660414695,1.004536973893823,0.010224146992503243,1.5531482663774914,0.03540821676307233,-0.006961339938475776,-0.0423695567015481,-0.19660238709721875,TRUE,TRUE,TRUE
943,prediction,GROSSCON,7,1.0654,0.5393343066985457,0.37532467532467523,16.590460872422664,1.0560681248953165,-0.6382896756511022,2.613468769290184,0.15117680769914824,0.04270611738067842,-0.10847069031846981,0.2824911970999308,TRUE,FALSE,FALSE
1007,prediction,GROSSCON,4,,,,,,,,,,,,,,
1009,prediction,GROSSCON,2,,,,,,,,,,,,,,
1010,prediction,GROSSCON,7,0.9125,0.9440606586165847,0.510204081632653,8.003673655431255,1.02352477460921,-0.14390864947330173,1.3113069416702896,0.16881800441041683,0.12886082975555851,-0.03995717465485832,0.7633121254192909,TRUE,TRUE,TRUE
1011,prediction,GROSSCON,23,0.9116,0.8493226226957014,0.6501585714508897,37.39421170233273,1.2154671090914384,-0.24690429432114827,1.4000687203891724,0.43065622404209747,0.3279861481495503,-0.10267007589254717,0.7615962102465493,TRUE,FALSE,FALSE
1026,prediction,GROSSCON,3,,,,,,,,,,,,,,
1029,prediction,GROSSCON,3,,,,,,,,,,,,,,
1030,prediction,GROSSCON,26,0.8373,0.6408916595138601,0.5130719084384311,30.036525996690965,1.114789961166275,-0.22223931588501572,1.3138532360251012,0.2787886315133702,0.1664571050412364,-0.11233152647213379,0.59707278642477,FALSE,FALSE,FALSE
1035,prediction,GROSSCON,1,,,,,,,,,,,,,,
1036,prediction,GROSSCON,16,1.0403,0.7672826961794375,0.6944444444444443,10.788417943907627,0.9996090976625644,0.14709632457554336,0.7773001342947321,0.1252767527675276,0.13481559939928256,0.009538846631754971,1.0761421925539205,TRUE,TRUE,TRUE
1038,prediction,GROSSCON,1,,,,,,,,,,,,,,
1043,prediction,GROSSCON,3,,,,,,,,,,,,,,
1044,prediction,GROSSCON,2,,,,,,,,,,,,,,
1045,prediction,GROSSCON,8,0.9982,0.7755493596587238,0.47675736961451276,11.255473829320893,1.0338962972840529,-0.39355755069179993,1.4167337397944462,0.1396177518626498,0.06497279414097368,-0.07464495772167612,0.46536198494938696,TRUE,TRUE,FALSE
1046,prediction,GROSSCON,42,1.1021,0.6183197449675892,0.3511464147110882,15.701680469641943,1.038232215664084,-0.13156043582399765,1.1183926218528615,0.177591674362186,0.10330384931507586,-0.07428782504711015,0.5816930871680097,FALSE,FALSE,FALSE
1049,prediction,GROSSCON,25,1.0035,0.9153525038891327,0.8151769014904708,8.2213452556853035,1.017874633413954,-0.12881093418464962,1.2411601286974232,0.16566168910648713,0.13218806918067996,-0.03347361992580716,0.7979398851578149,TRUE,TRUE,TRUE
1053,prediction,GROSSCON,3,,,,,,,,,,,,,,
1054,prediction,GROSSCON,8,1.0157,0.8463168580897938,0.59465737514518,11.522133672272659,1.0326217621183376,-0.4422283743547861,1.7549760299876158,0.13683526909356236,0.07040826598599903,-0.06642700310756333,0.5145476488072438,TRUE,TRUE,FALSE
1055,prediction,GROSSCON,5,,,,,,,,,,,,,,
1056,prediction,GROSSCON,5,,,,,,,,,,,,,,
1058,prediction,GROSSCON,3,,,,,,,,,,,,,,
1059,prediction,GROSSCON,5,,,,,,,,,,,,,,
1064,prediction,GROSSCON,5,,,,,,,,,,,,,,
1065,prediction,GROSSCON,3,,,,,,,,,,,,,,
1066,prediction,GROSSCON,12,0.9995,0.780769750110349,0.7180332409972301,9.178540357562403,1.0001339245515601,0.09611388345506643,0.96730844526546,0.1292727084542212,0.1246137157483691,-0.0046589927058521,0.9639599667898815,TRUE,TRUE,TRUE
1067,prediction,GROSSCON,28,1.073,0.6946885773496879,0.7021894849134197,11.176633220396216,1.0365680454337578,-0.1508150879217579,1.1452280462763298,0.19821248442038783,0.14072093571300773,-0.0574915487073801,0.709949911200111,TRUE,TRUE,FALSE
1076,prediction,GROSSCON,3,,,,,,,,,,,,,,
1114,prediction,GROSSCON,7,1.5464,0.9552443740919825,0.7971938775510201,7.749316468613873,1.0287890105235116,-0.10987821409778999,1.19276160591965,0.2203885164173973,0.1848367569238835,-0.0355517594935138,0.838685971159306,FALSE,TRUE,TRUE
1117,prediction,GROSSCON,16,0.9737,0.6441438376157594,0.917874469375379,18.70907083869099,1.0824073184536847,-0.0418137839263625,1.1767036169163405,0.4140642520744562,0.34651970478806393,-0.06754454728639225,0.8368742364307109,TRUE,FALSE,TRUE
1118,prediction,GROSSCON,16,1.0359,0.13406060100696765,0.4379325259515571,21.194400905343098,1.0898872764103469,-0.16609203688413396,1.1656439293764735,0.21987814136531258,0.11412991420553142,-0.10574822715978116,0.5190598460440519,TRUE,FALSE,FALSE
1119,prediction,GROSSCON,20,1.1308,0.6688972407799608,0.7534162720571178,24.24982475320204,1.084375104238555,-0.0974379937738971,1.0998713695387605,0.32687630933256423,0.27866540229254094,-0.04821090704002329,0.85251024420074,FALSE,FALSE,FALSE
1120,prediction,GROSSCON,23,0.8589,0.8407173546242117,0.8210652017685013,32.36369508639921,1.1396883268084383,-0.07711461440029121,1.1552731627184294,0.4287101975370529,0.36257149476025224,-0.06613870277680067,0.8457263131206848,FALSE,FALSE,FALSE
1121,prediction,GROSSCON,20,0.9643,0.7952576045143686,0.690793009612066,34.55103665065836,1.2460728902728697,-0.06807718302859617,1.1148469414390478,0.4608714244987171,0.33312870852050447,-0.12774271597821263,0.7228235269367016,TRUE,FALSE,FALSE
1122,prediction,GROSSCON,19,1.0705,0.8433103159788085,0.7593988263019269,13.638257219195035,1.0974267457080324,-0.07670851438378953,1.193637373435637,0.35105295169892364,0.25846382332759194,-0.09258912837133171,0.7362530982199527,TRUE,TRUE,FALSE
1123,prediction,GROSSCON,6,0.926,0.7196513383187045,0.7844897959183674,28.313012446799856,1.0489823031638912,0.0558863432133568,0.9880750170827313,0.2805490245917266,0.1746701543379728,-0.10587887025375378,0.6226011820649325,TRUE,FALSE,FALSE
1124,prediction,GROSSCON,39,1.0256,0.7550716989013481,0.8122428949031598,29.492081756362726,1.2341393167793588,-0.10659690684207679,1.2020317172941286,0.4940590247208518,0.37755796708523603,-0.11650105763561575,0.7641960741402508,TRUE,FALSE,FALSE
1125,prediction,GROSSCON,32,1.0274,0.7811990138518334,0.8200954504052557,24.16090852527794,1.1985408644416495,-0.2150496662739813,1.4409201325105916,0.4046435430284119,0.28216248909036734,-0.12248105393804454,0.6973112359056114,TRUE,FALSE,FALSE
1126,prediction,GROSSCON,26,1.0864,0.5597384488801528,0.7395588527599469,18.642049408397327,1.0758625658719991,-0.057615717575129344,1.0787596659933185,0.2955255161732894,0.22464937360911927,-0.07087614256417016,0.7601691269101447,TRUE,FALSE,FALSE
1127,prediction,GROSSCON,5,,,,,,,,,,,,,,
1128,prediction,GROSSCON,4,,,,,,,,,,,,,,
1129,prediction,GROSSCON,14,1.0226,0.5514647310279552,0.5930193154862758,29.15278753291592,1.1794636536550258,-0.1263762748838315,1.2953926806465588,0.3572727194022874,0.21391913138477672,-0.14335358801751066,0.5987558516716883,TRUE,FALSE,FALSE
1138,prediction,GROSSCON,52,0.9593,0.6309633692327051,0.49771674147963085,16.838860611593116,1.0559310507967314,-0.1425104228934769,1.1666833856547028,0.21732879912596997,0.13842925319306496,-0.07889954593290502,0.6369577053284475,TRUE,FALSE,FALSE
1140,prediction,GROSSCON,31,1.0824,0.4675347633480474,0.4062198302774366,18.135957122978073,1.1213722191564157,-0.20534483026291478,1.5594601200086655,0.2913099149966832,0.1553077684854326,-0.1360021465112506,0.5331358820629257,TRUE,FALSE,FALSE
1141,prediction,GROSSCON,5,,,,,,,,,,,,,,
1142,prediction,GROSSCON,16,0.9804,0.20295979314236412,0.5758131487889273,20.31187784957406,1.1184488917256976,-0.17194301192024003,1.135541683213351,0.2714710796364004,0.13428969626492604,-0.13718138337147434,0.4946740420555638,TRUE,FALSE,FALSE
1143,prediction,GROSSCON,15,0.898,0.9268459733059166,0.7844897959183671,29.473806905741462,1.3424191971599417,-0.17793478168697233,1.2797969958070545,0.546352307700901,0.4417338169547987,-0.10461849074610235,0.8085145989657365,FALSE,FALSE,FALSE
1144,prediction,GROSSCON,14,0.8494,0.9031564538887363,0.7901244130319021,10.73662723884357,1.0106790789002373,-0.005051239562752215,1.041770813786799,0.17821577085991894,0.16632394419814897,-0.011891826661769966,0.9332728713940969,FALSE,TRUE,TRUE
1145,prediction,GROSSCON,24,1.0732,0.7445730495573556,0.4487077610020056,16.432371628376373,1.0053497094267503,0.1545545684418499,0.8606364518758729,0.16423986593309303,0.15115178082290473,-0.013088085110188302,0.9203111556635096,TRUE,FALSE,TRUE
1146,prediction,GROSSCON,9,1.0294,0.08059731725094738,0.25,25.722226955258044,1.072703180158496,0.022609298990774518,0.8881280540582962,0.22073442889024145,0.13988701445857052,-0.08084741443167093,0.6337344616418144,TRUE,FALSE,TRUE
1147,prediction,GROSSCON,6,1.0765,0.9766144687255077,0.5951020408163266,18.3821952149146,1.2064369992272452,-0.24774623336110876,1.4920957961484296,0.37327823691460055,0.23308210972687396,-0.1401961271877266,0.624419231224024,TRUE,FALSE,FALSE
1148,prediction,GROSSCON,8,0.9892,0.8257323545112277,0.9070294784580502,12.406205201386179,1.0587989916344127,-0.11948547024095513,1.2181309927460013,0.2684592507976524,0.21367801444570822,-0.05478123635194421,0.7959420798904232,TRUE,TRUE,FALSE
1149,prediction,GROSSCON,4,,,,,,,,,,,,,,
1150,prediction,GROSSCON,13,1.0027,0.45748843628281555,0.5666284265185364,24.63282423786604,1.0790055900106754,-0.1270594444241624,1.0170408083918292,0.25273104867732077,0.1993741505074948,-0.05335689816982597,0.7888787371038435,TRUE,FALSE,FALSE
1162,prediction,GROSSCON,46,1.0479,0.73278077277613,0.7820240267028358,17.901242569385705,1.101765639834887,-0.19641644282797402,1.2368031310727872,0.3194317834623771,0.23832445576581246,-0.08110732769656465,0.7460887366390779,TRUE,FALSE,FALSE
1163,prediction,GROSSCON,15,0.9469,0.500645301239429,0.4604591836734693,13.331231685216272,1.0205117611039138,0.005040085190545776,0.9883074206221516,0.17559454807653813,0.13281985089844497,-0.04277469717809315,0.7564007672980341,TRUE,TRUE,TRUE
1164,prediction,GROSSCON,7,1.035,0.8962734926735514,0.6574675324675323,15.648083836398161,1.0140610350955388,0.05137993438331424,0.8835395784902864,0.21248407275362652,0.1863630723266727,-0.02612100042695381,0.877068431113701,TRUE,FALSE,TRUE
1165,prediction,GROSSCON,4,,,,,,,,,,,,,,
1166,prediction,GROSSCON,16,0.8561,0.8923425469280807,0.869282006920415,20.156577208033273,1.103628275234633,-0.15464386979917885,1.3293400894131764,0.37659840462960603,0.2978221186665706,-0.07877628596303543,0.7908215090807039,FALSE,FALSE,FALSE
1167,prediction,GROSSCON,12,1.1684,0.9676023148294902,0.9584820773631963,17.38337818290146,1.1349543861778146,-0.1831863255349609,1.3558058076768118,0.3918739687114898,0.310107214839924,-0.08176675387156579,0.7913442575927642,FALSE,FALSE,FALSE
1168,prediction,GROSSCON,14,1.0538,0.10200749067639578,0.0684023668639053,21.99476353592365,1.0368700866770495,0.046585626031432514,1.1782458304195353,0.1378126754695792,0.04472263420026249,-0.09309004126931672,0.32451756739992016,TRUE,FALSE,TRUE
1169,prediction,GROSSCON,8,0.9879,0.7831635382900619,0.7760770975056691,27.188124458927604,1.3017469236683903,-0.33753125146201096,1.6532248504677376,0.41583885209713034,0.2299242320933308,-0.18591462000379955,0.5529166669583481,TRUE,FALSE,FALSE
1170,prediction,GROSSCON,4,,,,,,,,,,,,,,
1179,prediction,GROSSCON,25,1.0075,0.8846245908090326,0.6012516958404812,6.90761194652894,1.012056471125021,-0.11202264465584748,1.2267690273835434,0.12869898833040266,0.09954682991927882,-0.02915215841112384,0.7734857220766731,TRUE,TRUE,TRUE
1182,prediction,GROSSCON,13,1.1837,0.17975893673190252,0.5340236686390534,15.036324564565609,1.0588687288848786,-0.396854708484841,1.4217250194473867,0.167637193227582,0.06238559221570415,-0.10525160101187785,0.3721464850047347,FALSE,FALSE,FALSE
1183,prediction,GROSSCON,32,1.0555,0.2573658446550937,0.4451372491033632,28.163558862094618,1.0963168564371673,-0.02292360527405585,0.9695772685303782,0.29159259089446943,0.177099287123355,-0.11449330377111444,0.6073518074656745,TRUE,FALSE,TRUE
1184,prediction,GROSSCON,40,1.0172,0.8080914627955079,0.812501487768256,19.386199966418673,1.082568381667201,-0.12344701693210466,1.2267024340657517,0.33804178001592183,0.27716449467594123,-0.0608772853399806,0.8199119489398226,TRUE,FALSE,FALSE
1185,prediction,GROSSCON,40,1.0435,0.5545490329974447,0.7745981364994772,19.179071299359958,1.1082095923186215,-0.0444953951070043,1.1121018024078944,0.4093291746362951,0.3295921233832262,-0.0797370512530689,0.8052006644190012,TRUE,FALSE,TRUE
1186,prediction,GROSSCON,40,0.9745,0.7345953202900283,0.71307234058152,19.248203491072594,1.0190647333328338,-0.015329259970246357,0.9436162355368645,0.23990113714990927,0.23337324777684448,-0.0065278893730647825,0.9727892520618373,TRUE,FALSE,TRUE
1195,prediction,GROSSCON,27,0.9435,0.7571875031990534,0.9140200458881776,27.226867663681297,1.0545253657460214,-0.008953381923667446,1.0014183255841782,0.43488536669691874,0.4152218157000465,-0.019663550996872226,0.954784519087817,TRUE,FALSE,TRUE
1196,prediction,GROSSCON,27,1.0443,0.8128211029933741,0.6221904641958379,30.356049653480067,1.2177765475887823,-0.20547595781275446,1.2717335788727118,0.4496271465817148,0.3392656371511307,-0.11036150943058415,0.7545488294699146,TRUE,FALSE,FALSE
1197,prediction,GROSSCON,24,0.9827,0.6371152626193146,0.6729850771966025,23.586963252504244,1.0915380686750162,-0.011147328995949975,1.0450258376513117,0.37428502342955294,0.29174668108882723,-0.08253834234072571,0.7794773042628544,TRUE,FALSE,TRUE
1198,prediction,GROSSCON,8,1.0349,0.5276573942856188,0.7760770975056691,23.7371905716276,0.9823358491487636,0.2862476188257957,0.7852735331129115,0.17739437041612738,0.19959675231345364,0.022202381897326262,1.1251583229233513,TRUE,FALSE,TRUE
1199,prediction,GROSSCON,11,0.9858,0.855970957744287,0.8264462809917354,24.00501903686753,1.2122583848293726,-0.1551813519961479,1.1626567454364867,0.4368557479990187,0.3275621422123258,-0.1092936057866929,0.7498176313638927,TRUE,FALSE,FALSE
1200,prediction,GROSSCON,5,,,,,,,,,,,,,,
1201,prediction,GROSSCON,3,,,,,,,,,,,,,,
1202,prediction,GROSSCON,4,,,,,,,,,,,,,,
1203,prediction,GROSSCON,5,,,,,,,,,,,,,,
1204,prediction,GROSSCON,20,1.0872,0.8250440596025593,0.9124956861680156,24.961122267181445,1.1504971972180782,-0.1028672294211949,1.1942528399092465,0.5068075110366346,0.4513538537108698,-0.055453657325764794,0.8905824082750101,TRUE,FALSE,FALSE
1205,prediction,GROSSCON,10,0.835,0.8321129511124568,0.5924334251606976,22.75505720620169,1.1483320014787382,-0.2296653063277025,1.4833374800791017,0.33871130128366467,0.19845346778922596,-0.1402578334944387,0.5859074292387567,FALSE,FALSE,FALSE
1206,prediction,GROSSCON,19,1.1194,0.9217960152790611,0.688608802708526,17.00829573436291,1.0548914608157467,-0.07971597570482612,1.0814581264282581,0.30758249421002815,0.24799540438662,-0.05958708982340816,0.8062728180404182,FALSE,FALSE,FALSE
1207,prediction,GROSSCON,18,1.1097,0.7737127016957523,0.7397600405973613,21.495774120736282,1.1156012395304677,-0.15210289617151088,1.307483678839344,0.3425145619781175,0.2746947456555194,-0.06781981632259815,0.8019943562956281,FALSE,FALSE,FALSE
1208,prediction,GROSSCON,2,,,,,,,,,,,,,,
1209,prediction,GROSSCON,20,0.9894,0.5286097352455357,0.508058115212844,22.309981448661883,1.0115788781258541,0.09377151717621393,0.8223388571201962,0.20804071856287418,0.2079443207580706,-9.639780480358295e-5,0.9995366397238508,TRUE,FALSE,TRUE
1210,prediction,GROSSCON,38,1.1149,0.44171731170301154,0.4727550530738159,24.769603776428664,1.1545028056712514,-0.2840265109985287,1.4619880013974988,0.2902519134434045,0.13300881520118418,-0.15724309824222032,0.4582530176054093,FALSE,FALSE,FALSE
1211,prediction,GROSSCON,18,1.0484,0.8022422062428534,0.6668882013694422,20.059259503125286,1.0413827586768296,0.013377518635925938,0.9829266987824596,0.31426940103555623,0.27306958316775565,-0.04119981786780058,0.8689028657195319,TRUE,FALSE,TRUE
1212,prediction,GROSSCON,6,0.98,0.7758286915677572,0.6865306122448979,40.62241620464743,1.235206617895499,-1.631790029969846,,0.23230373230373225,-0.06818538991912915,-0.3004891222228614,-0.2935182712862236,TRUE,FALSE,FALSE
1213,prediction,GROSSCON,2,,,,,,,,,,,,,,
1215,prediction,GROSSCON,19,1.1536,0.25681276692170857,0.4749984583603122,21.09112640636871,1.1730490037342278,-0.3444931791146324,1.571113177194385,0.2969450289567213,0.11986708316181935,-0.17707794579490196,0.4036675864989461,FALSE,FALSE,FALSE
1216,prediction,GROSSCON,12,1.0255,0.9229413249222952,0.7041909139811238,17.62477235058354,1.0795955313832817,-0.1577601534377269,1.196380853068094,0.30042798969500534,0.2320736472010075,-0.06835434249399783,0.7724767836599007,TRUE,FALSE,FALSE
1217,prediction,GROSSCON,30,1.0183,0.5121054839255471,0.5883754035045126,22.930875060372998,1.0359491065808017,0.03548452250467101,1.009901647566068,0.2926107818849199,0.25593258546694125,-0.03667819641797865,0.8746519312046276,TRUE,FALSE,TRUE
1218,prediction,GROSSCON,1,,,,,,,,,,,,,,
1219,prediction,GROSSCON,2,,,,,,,,,,,,,,
1223,prediction,GROSSCON,1,,,,,,,,,,,,,,
1224,prediction,GROSSCON,25,1.018,0.5152229600130002,0.5638713114511497,21.948120942885673,1.0236083806856953,0.023170892653686832,0.9988760090700536,0.20707810611504854,0.17044061177908332,-0.03663749433596522,0.8230740321933881,TRUE,FALSE,TRUE
1225,prediction,GROSSCON,5,,,,,,,,,,,,,,
1226,prediction,GROSSCON,2,,,,,,,,,,,,,,
1227,prediction,GROSSCON,3,,,,,,,,,,,,,,
1228,prediction,GROSSCON,1,,,,,,,,,,,,,,
1229,prediction,GROSSCON,11,1.088,0.7290094341278917,0.8767768595041323,13.717845015138726,1.1310675163818256,-0.15352440651065036,1.339845035634063,0.3565454867557973,0.2497536351084537,-0.10679185164734359,0.7004818301893505,TRUE,TRUE,FALSE
1230,prediction,GROSSCON,7,1.1045,0.7200953968454022,0.8622448979591831,11.795646519293769,1.014309966261419,0.010147269274224597,0.9619473943429073,0.16040313277882337,0.1413128739768695,-0.019090258801953863,0.8809857484000825,FALSE,TRUE,TRUE
1231,prediction,GROSSCON,5,,,,,,,,,,,,,,
1232,prediction,GROSSCON,10,0.9449,0.8438972923689679,0.7302479338842972,12.805367463234074,1.046718109534734,-0.26665653823496216,1.3803579590941084,0.16214363045831828,0.10674015072730789,-0.0554034797310104,0.6583061599496332,TRUE,TRUE,FALSE
1233,prediction,GROSSCON,20,1.1669,0.3895297832240096,0.6223002872667729,17.7614363721118,1.1784538379553806,-0.2496551577992619,1.3067001009543604,0.3349259238861045,0.17712425986780128,-0.1578016640183032,0.5288460738202949,FALSE,FALSE,FALSE
1234,prediction,GROSSCON,1,,,,,,,,,,,,,,
1235,prediction,GROSSCON,5,,,,,,,,,,,,,,
1236,prediction,GROSSCON,9,1.0526,0.9740386750580304,0.9669444444444444,11.288274333806575,1.0460093130347399,-0.10640793296418022,1.2174791080106453,0.30535093650285283,0.26739935083815425,-0.037951585664698584,0.875711579275461,TRUE,TRUE,FALSE
1237,prediction,GROSSCON,28,0.9746,0.7522787031930986,0.7262733868815064,15.70316686672102,1.0594829558235417,-0.09371841544495972,1.2071543795598831,0.30546896094097165,0.25182379136301264,-0.053645169577959007,0.8243842208625403,TRUE,FALSE,FALSE
1238,prediction,GROSSCON,5,,,,,,,,,,,,,,
1239,prediction,GROSSCON,6,1.0251,0.6534611874726606,0.6865306122448979,19.423948697126495,1.0394093109244333,-0.21272264232958776,1.231870500106898,0.17292318387208905,0.13450934221836017,-0.03841384165372888,0.7778560353009488,TRUE,FALSE,FALSE
1240,prediction,GROSSCON,10,0.8852,0.8489609138937749,0.9053810835629014,11.329302597236996,0.9793531068771755,0.19811810387410225,0.8365709040278382,0.16152534805374028,0.20286486943442075,0.04133952138068048,1.2559320990716987,FALSE,TRUE,FALSE
1241,prediction,GROSSCON,9,1.0279,0.8900498487405284,0.9025,11.913669593928255,1.0515343568111177,-0.10557956071554948,1.163170790029352,0.2572877059569076,0.18646809311560159,-0.070819612841306,0.7247454456562049,TRUE,TRUE,FALSE
1242,prediction,GROSSCON,10,0.9722,0.8349217957928863,0.4021415823914338,13.066045996613743,1.0102922765938134,0.0022314869133085334,1.0551773642308975,0.16879011171856426,0.13590305255286558,-0.03288705916569867,0.8051600367411712,TRUE,TRUE,TRUE
1243,prediction,GROSSCON,8,1.1613,0.27135418139073403,0.3443775100401607,18.062532725927674,1.0180786029821047,-0.03108250623799405,1.2585441544288916,0.09213818321785983,0.035944293108644665,-0.05619389010921516,0.3901128918903766,FALSE,FALSE,TRUE
1244,prediction,GROSSCON,20,1.079,0.6636278551624668,0.8331708971677313,20.40261935372446,1.1306675020570045,-0.14630544283801536,1.2731492903553363,0.3455073658196756,0.24515014291190002,-0.1003572229077756,0.7095366616289355,TRUE,FALSE,FALSE
1245,prediction,GROSSCON,38,0.9695,0.8721980340588961,0.8769771652556296,18.584730726233303,1.04992718635042,-0.02539744085366757,1.0434349510094674,0.3924584638541213,0.3584592084328436,-0.033999255421277685,0.9133685254551794,TRUE,FALSE,TRUE
1246,prediction,GROSSCON,9,0.9353,0.4569240232402327,0.3802777777777778,19.00823431443489,1.0756911903698412,-0.1962222536484839,1.266992387782294,0.2258445546893457,0.14839946212407046,-0.07744509256527524,0.657086739718818,TRUE,FALSE,FALSE
1247,prediction,GROSSCON,27,1.0246,0.6998883721008474,0.8427750281948757,18.82146480635667,1.1349068594032787,-0.16088363174911247,1.2356738358368895,0.3937701150934424,0.3151878938411643,-0.0785822212522781,0.8004362996576558,TRUE,FALSE,FALSE
1248,prediction,GROSSCON,9,1.2083,0.8997667756052445,0.6136111111111111,12.68661875223716,1.0158437579090276,-0.05616033161965372,1.054723234004033,0.22396286626051637,0.2190879141478113,-0.0048749521127050555,0.9782332125226757,FALSE,TRUE,TRUE
1249,prediction,GROSSCON,9,1.0293,0.31247433956226245,0.19670868347338935,15.201378713533241,1.0420310490322646,-0.3855997844928529,1.5242568653899675,0.1317551584690945,0.044473381947086485,-0.08728177652200801,0.3375456601763225,TRUE,FALSE,FALSE
1250,prediction,GROSSCON,37,0.9972,0.49241058729058906,0.7899361127576896,18.885331061327353,1.043530043039231,0.0362588137719903,0.9922108284848759,0.3076494976549112,0.2790309358264599,-0.028618561828451294,0.9069767314863209,TRUE,FALSE,TRUE
1251,prediction,GROSSCON,19,1.0287,0.4466820518753832,0.6160664939517667,22.707239908183833,1.0966282081927052,-0.07358841242216717,1.2457749109725291,0.30650104814934237,0.21518821384951706,-0.09131283429982531,0.7020798628547162,TRUE,FALSE,FALSE
1252,prediction,GROSSCON,32,1.0181,0.6104378385311483,0.7224454749738598,14.601327923183183,1.0879606291460764,-0.1903645114326798,1.2428851228816657,0.27217132494518537,0.18236529951229774,-0.08980602543288763,0.6700386219930614,TRUE,TRUE,FALSE
1253,prediction,GROSSCON,2,,,,,,,,,,,,,,
1270,prediction,GROSSCON,17,0.9889,0.44517892779661883,0.09789619164619164,26.49806532398669,1.0386330311642211,-0.022693618558648695,1.2593684884665597,0.17662039274156527,0.09867408893748554,-0.07794630380407973,0.5586789124734174,TRUE,FALSE,TRUE
1271,prediction,GROSSCON,1,,,,,,,,,,,,,,
1274,prediction,GROSSCON,1,,,,,,,,,,,,,,
1294,prediction,GROSSCON,13,1.0305,0.9056032628741238,0.8646202282565921,11.168248468195682,1.0225566731463052,-0.030118493616520324,1.058916921749792,0.30638394477394143,0.2905662800119728,-0.01581766476196861,0.9483730625191887,TRUE,TRUE,TRUE
1303,prediction,GROSSCON,3,,,,,,,,,,,,,,
1304,prediction,GROSSCON,10,1.1683,0.7387906331734787,0.6419646865180311,6.835540448482312,1.0017143055325985,0.055259918207910555,0.9697882428263289,0.088950276243094,0.08340892190044044,-0.005541354342653557,0.9377027865825905,FALSE,TRUE,TRUE
1310,prediction,GROSSCON,11,1.212,0.45374340421319065,0.37268576172685763,12.017527937312126,1.0240313566626815,-0.014820123071833436,0.9909562211715173,0.17265922657073204,0.1262830038419212,-0.04637622272881084,0.7314002636875462,FALSE,TRUE,TRUE
1311,prediction,GROSSCON,7,1.1592,0.7855648180101299,0.7740137221269296,13.583582424378019,0.985080855736141,0.118418207523311,0.7440838848927751,0.17399834902556627,0.21239948936468953,0.03840114033912326,1.2206983029102236,FALSE,TRUE,TRUE
1312,prediction,GROSSCON,25,0.9946,0.7903221824934482,0.6500138769545106,13.811436967745378,1.0580033349680893,-0.15874018783736832,1.1217220234877252,0.23562882491686538,0.16947333468326506,-0.06615549023360032,0.7192385513235008,TRUE,TRUE,FALSE
1313,prediction,GROSSCON,1,,,,,,,,,,,,,,
1321,prediction,GROSSCON,8,0.9118,0.9321112346361439,0.145124716553288,20.549061756384138,1.0994002810864043,-0.21130867007843385,1.1545833431904995,0.2833654298752215,0.15983639042495468,-0.12352903945026683,0.5640645384842385,TRUE,FALSE,FALSE
1323,prediction,GROSSCON,16,0.9788,0.29262523412348235,0.17474166972124763,21.60521716950088,1.0517568744238193,-0.19995690304678762,1.1014063312567808,0.16065666924437005,0.08321648167443252,-0.07744018756993754,0.5179771376179498,TRUE,FALSE,FALSE
1324,prediction,GROSSCON,4,,,,,,,,,,,,,,
1325,prediction,GROSSCON,12,1.0566,0.16258817861252264,0.18863943074469394,12.526906853551626,1.0768198873151764,-0.2196445004901357,0.8576853310222435,0.19308722936657916,0.09794308376857908,-0.09514414559800008,0.5072478593736128,TRUE,TRUE,FALSE
1327,prediction,GROSSCON,13,1.0121,0.4858036159876217,0.42509762964308423,13.148596823007649,1.0358029729026406,-0.35903394333991884,1.3997117558490646,0.1433185282963749,0.06363422208601864,-0.07968430621035626,0.4440055507298159,TRUE,TRUE,FALSE
1328,prediction,GROSSCON,48,1.0707,0.6334056553581404,0.6672505432420174,16.27028636201451,1.0493917665083003,-0.04079486037832579,1.0337615429288474,0.2562246066778949,0.19384208809861292,-0.062382518579281954,0.7565318983679648,TRUE,FALSE,TRUE
1330,prediction,GROSSCON,51,0.9298,0.6516658025258766,0.8052892448180601,18.25000056641486,1.095092806919261,-0.07270965068891122,1.137004213755519,0.3620577385615443,0.28646630104478277,-0.0755914375167615,0.7912171748708193,TRUE,FALSE,FALSE
1331,prediction,GROSSCON,15,1.0343,0.4314387928146098,0.20001216073937295,18.963628913193805,1.0557328338311875,-0.2790577665125751,1.387613612115194,0.1766906677961316,0.07219950521111945,-0.10449116258501215,0.4086209312108342,TRUE,FALSE,FALSE
1333,prediction,GROSSCON,101,0.9687,0.6774570135965404,0.806533944788018,14.058240165879058,1.0341463597420415,-0.044054897034933024,1.0712496651940997,0.24735472947756054,0.20948491445658543,-0.03786981502097511,0.8469007845495408,TRUE,TRUE,TRUE
1334,prediction,GROSSCON,104,1.0705,0.44014977865128907,0.35756388372083303,14.088627819739004,1.0551898545139407,-0.26589224167240383,1.326663947559858,0.17805555987476177,0.08360225001501807,-0.09445330985974369,0.4695290058553693,TRUE,TRUE,FALSE
1335,prediction,GROSSCON,55,1.0693,0.5925794421299705,0.23263618671799544,13.226010043282285,1.0423226738360998,-0.615879696626467,2.7635085162749875,0.13572585517453759,0.03469804165324048,-0.10102781352129711,0.2556479869559142,TRUE,TRUE,FALSE
1336,prediction,GROSSCON,18,0.9594,0.825507587794466,0.8712398399986356,8.54487026603258,1.0254550540954745,-0.06618090994132841,1.1812254147271333,0.20685959747714536,0.15717108963544252,-0.04968850784170284,0.7597959753973097,TRUE,TRUE,TRUE
1338,prediction,GROSSCON,34,1.0486,0.4817330510302594,0.5549031871548069,24.145097532118783,1.094181167735655,-0.3342700798030213,1.567459337244773,0.23012037075684227,0.132042779752624,-0.09807759100421828,0.5737987441891773,TRUE,FALSE,FALSE
1339,prediction,GROSSCON,10,0.8367,0.9306706025353841,0.8154637281910008,9.686521486350452,1.0306471455177537,-0.17522313459713537,1.3807233082038477,0.18638946567254616,0.1352809254195675,-0.051108540252978674,0.7257970558123307,FALSE,TRUE,FALSE
1341,prediction,GROSSCON,23,1.0739,0.9733259771596027,0.8303737972759359,6.398105626685615,1.0097430135718566,-0.02568819299061289,1.0545488132572325,0.23807437829457867,0.22254598236961498,-0.01552839592496369,0.9347750226790478,TRUE,TRUE,TRUE
1342,prediction,GROSSCON,9,1.0426,0.9299740510198765,0.8711111111111112,9.161877094270835,1.0324547021526207,-0.24537672930200916,1.3864485077845263,0.17333628122927258,0.11720597648584787,-0.05613030474342472,0.6761768260784311,TRUE,TRUE,FALSE
1343,prediction,GROSSCON,3,,,,,,,,,,,,,,
1345,prediction,GROSSCON,18,1.0202,0.37711467279728406,0.4559910958728859,17.373560578851443,1.106708351427766,-0.29064580780672167,1.3562113063852013,0.2614159436229582,0.1330579316727404,-0.12835801195021782,0.5089893517154817,TRUE,FALSE,FALSE
1346,prediction,GROSSCON,38,1.0676,0.5637660016000501,0.6551222922794175,11.409857296746544,1.047159678342918,-0.1792133754439387,1.3813279436591273,0.20123180291153406,0.12648446198607258,-0.07474734092546148,0.6285510548334049,TRUE,TRUE,FALSE
1347,prediction,GROSSCON,14,1.0916,0.006187411617446305,0.015248320059126136,18.26667708854931,1.1235130726462117,-0.37590024747913847,0.8939818241148089,0.19123176886984997,0.023512255474696455,-0.1677195133951535,0.12295161841387668,TRUE,FALSE,FALSE
1348,prediction,GROSSCON,5,,,,,,,,,,,,,,
1349,prediction,GROSSCON,21,1.1148,0.9682925912494847,0.6110180150397652,12.999756874000395,1.1580770630427846,-0.12266162945580468,1.1770569571631366,0.4589204511910213,0.3627338980555702,-0.0961865531354511,0.7904069149984028,FALSE,TRUE,FALSE
1350,prediction,GROSSCON,27,1.1994,0.3984569347508636,0.3822930625804886,22.567309512742195,1.101004344241314,-0.23061846226738045,1.3881375946092933,0.25822559431361836,0.14201163773173195,-0.11621395658188641,0.5499518283972152,FALSE,FALSE,FALSE
1351,prediction,GROSSCON,21,0.9046,0.9241548395792705,0.9036137040043287,14.793457871090274,1.0839131379271187,-0.17454695395773712,1.3092062834871758,0.3046185945057377,0.23667634701958223,-0.06794224748615546,0.7769596186457497,TRUE,TRUE,FALSE
1361,prediction,GROSSCON,12,0.9326,0.2527341268441074,0.4601202992811386,20.91855429611439,1.1310631902283985,-0.19003509430059737,1.079019056234894,0.2867390411662048,0.14799313186446308,-0.13874590930174172,0.5161248055463806,TRUE,FALSE,FALSE
1362,prediction,GROSSCON,5,,,,,,,,,,,,,,
1363,prediction,GROSSCON,65,1.0748,0.6257626477266679,0.6884712308063066,20.983132862082666,1.134873289633108,-0.15063793303108186,1.3029186684478786,0.34929919062899945,0.23461575994954098,-0.11468343067945846,0.6716756472497327,TRUE,FALSE,FALSE
1364,prediction,GROSSCON,32,0.9819,0.9511019495406633,0.8131377716690432,16.960864936142382,0.9852964212686391,0.004673940767012036,1.065029790643384,0.4806976489411572,0.49107447463348897,0.010376825692331781,1.0215870115345667,TRUE,FALSE,TRUE
1365,prediction,GROSSCON,37,0.9604,0.9587161474333183,0.8723367260264856,12.398587744536112,1.0617758816383678,-0.1968088931109254,1.2909907919156867,0.2652715893447178,0.19802430835363524,-0.06724728099108254,0.7464964825023332,TRUE,TRUE,FALSE
1366,prediction,GROSSCON,44,1.1024,0.8824423582937514,0.6349342827771458,12.58432966927024,1.0180210714528937,-0.028026220747367256,1.0588037631713656,0.2533073463237065,0.22725287970501593,-0.02605446661869057,0.8971428701266522,FALSE,TRUE,TRUE
1367,prediction,GROSSCON,87,1.0124,0.7264183925279654,0.7372403370354329,14.076021524629398,1.0301650369950504,-0.05445574175254323,1.0716090714822395,0.23659767275950133,0.2013712363146727,-0.03522643644482862,0.8511124981324907,TRUE,TRUE,FALSE
1368,prediction,GROSSCON,41,0.9695,0.5352596062703572,0.6237683300214377,23.11706881934328,1.082773799328395,-0.19442507205022266,1.1841858536578926,0.24660778124262211,0.17362971488786488,-0.07297806635475723,0.7040723289953343,TRUE,FALSE,FALSE
1369,prediction,GROSSCON,40,1.0315,0.8586444042765043,0.8524041181055402,19.87191216914149,1.0765271230418778,-0.16551307451348343,1.3315138709162804,0.351437967210215,0.29052642689404706,-0.06091154031616791,0.8266791126761405,TRUE,FALSE,FALSE
1370,prediction,GROSSCON,40,1.0055,0.7993806288931109,0.8359037055208379,13.781026535881386,1.0159834590517451,0.006370042443865367,0.9835853727112173,0.21536057561687993,0.198487441125984,-0.016873134490895947,0.9216517023017585,TRUE,TRUE,TRUE
1371,prediction,GROSSCON,28,0.9677,0.7120659888101285,0.6492469979812411,15.200102615889701,1.0297528451871563,-0.06712279238548205,1.0901550508961113,0.19246914761576608,0.14879332384684751,-0.04367582376891857,0.7730762342434727,TRUE,FALSE,TRUE
1372,prediction,GROSSCON,12,0.8878,0.3216915330030996,0.29752066115702486,19.580308396115324,1.0390333410398427,0.018395823258261185,0.7728147797305035,0.167329093799682,0.10240063048680141,-0.06492846331288059,0.6119714639068703,FALSE,FALSE,TRUE
1374,prediction,GROSSCON,8,1.0635,0.9641973078775455,0.7028112449799199,61.47491440741959,1.8195881442025017,-0.2791666305945849,1.3970593247505798,0.5799064597028676,0.3983699294565255,-0.1815365302463421,0.6869554956512163,TRUE,FALSE,FALSE
1376,prediction,GROSSCON,8,0.7583,0.8957553607145827,0.6173469387755104,9.070054715020184,1.017498906005055,-0.006198455197820012,1.0298881858424163,0.228809556136361,0.19121217838026316,-0.03759737775609784,0.8356826594528624,FALSE,TRUE,TRUE
1377,prediction,GROSSCON,5,,,,,,,,,,,,,,
1378,prediction,GROSSCON,13,0.7782,0.5800683094791587,0.5502052892162783,30.31117064538752,1.0466365758357652,0.019615141993434667,0.9262558933350666,0.2916486715613353,0.2484889302052182,-0.04315974135611708,0.8520146135929155,FALSE,FALSE,TRUE
1379,prediction,GROSSCON,14,1.2899,0.49635898313962984,0.46521760178147836,19.0470069409559,1.0851954284660803,-0.3461165841369008,1.774949542148231,0.2150642168108336,0.0980957739792565,-0.11696844283157709,0.45612317769040905,FALSE,FALSE,FALSE
1380,prediction,GROSSCON,7,1.4128,0.4984895836839325,0.510204081632653,52.115198150896404,1.464550416072666,-0.27456579347396304,1.4816618022990282,0.4303429077565481,0.19675736472564864,-0.23358554303089946,0.45721065963740115,FALSE,FALSE,FALSE
1381,prediction,GROSSCON,17,0.9922,0.9254438978139384,0.6462898885044216,29.38071285071231,1.2704578752468536,-0.10910005407987323,1.0212712953193306,0.5767508608641241,0.47729687466316617,-0.09945398620095791,0.8275616163763505,TRUE,FALSE,FALSE
1382,prediction,GROSSCON,13,1.238,0.9813064777698157,0.9137954586849615,19.433291763567027,1.2246285438216593,-0.2381964842293094,1.587893026208691,0.4197669487871357,0.266022748259025,-0.15374420052811072,0.6337391474666231,FALSE,FALSE,FALSE
1383,prediction,GROSSCON,11,1.0895,0.5624119113281217,0.46079286010792864,16.23909461250392,1.0244391182812702,0.002167030714723835,1.1514386868003479,0.1919939219569306,0.15411225083031174,-0.03788167112661886,0.8026933835170222,TRUE,FALSE,TRUE
1384,prediction,GROSSCON,27,1.1561,0.42947620041025564,0.4787372744000722,26.619494223567248,1.0515275220561133,0.025054283764275268,1.0162235054675615,0.24389691408497624,0.18124822653889108,-0.06264868754608516,0.7431345624805334,FALSE,FALSE,TRUE
1385,prediction,GROSSCON,4,,,,,,,,,,,,,,
1386,prediction,GROSSCON,31,1.0922,0.8139684759427461,0.7861849617431589,27.21643075723402,1.1882624311877066,-0.05478186593397838,1.0903712381162978,0.5065906122334914,0.40740652378877323,-0.09918408844471821,0.8042125415482364,TRUE,FALSE,FALSE
1387,prediction,GROSSCON,29,1.0645,0.3577679942886374,0.7634441859420831,39.37426411673609,1.146953703401469,-0.07985102602842813,1.2186845090428042,0.4165852085192174,0.3756237870620021,-0.040961421457215264,0.9016733656895414,TRUE,FALSE,FALSE
1388,prediction,GROSSCON,19,0.9106,0.9286426047534828,0.8678393351800556,23.97140310566342,1.2084912496949296,-0.14718358957560215,1.2279126747114475,0.5058619364923762,0.4091310844955431,-0.09673085199683312,0.8087801334341135,TRUE,FALSE,FALSE
1389,prediction,GROSSCON,18,1.0422,0.8619247271243887,0.8877567864905995,23.941891623094826,1.1096979835910277,-0.061401586794303416,1.152007289818083,0.4406783794830529,0.37913492187633896,-0.061543457606713925,0.8603438233595467,TRUE,FALSE,FALSE
1390,prediction,GROSSCON,9,0.9013,0.9755177284507732,0.9344444444444444,21.130826409462824,1.1569984347156232,-0.11583329079666226,1.1858173288776435,0.4986843516724824,0.43967739145624307,-0.0590069602162393,0.8816747306821592,TRUE,FALSE,FALSE
1391,prediction,GROSSCON,18,1.2754,0.46115456508270036,0.5948973978456107,23.355339662923118,1.1137818949004568,-0.11693127420891979,1.2396237105812302,0.2972204956958713,0.16785358402318115,-0.12936691167269013,0.5647443108867436,FALSE,FALSE,FALSE
1392,prediction,GROSSCON,22,1.0805,0.650686308281021,0.8341193809874724,26.366532826260208,1.1800541827523463,-0.0949730072908097,1.2448047347315803,0.4806901422013933,0.37778014270500454,-0.10290999949638874,0.7859119826649724,TRUE,FALSE,FALSE
1393,prediction,GROSSCON,7,1.0008,0.8750279675218061,0.9999999999999996,19.155835947391274,1.164643944409676,-0.11326540430595493,1.3020758256245262,0.41469725860018186,0.30502472564669986,-0.109672532953482,0.7355359104044149,TRUE,FALSE,FALSE
1394,prediction,GROSSCON,19,0.9846,0.5557267027332399,0.7169498063540559,14.727242507876165,1.0735420379965763,-0.12690270396460612,1.162069388078668,0.2686909032921229,0.17230109987680353,-0.09638980341531939,0.6412613816310573,TRUE,TRUE,FALSE
1395,prediction,GROSSCON,12,0.9591,0.3325639446956662,0.7519194092620669,21.927709176289355,1.1622451710759365,-0.30502778436487415,1.3184705886633008,0.2957062933130912,0.1731037068463411,-0.12260258646675007,0.5853906756832545,TRUE,FALSE,FALSE
1396,prediction,GROSSCON,18,0.9579,0.6010534344229592,0.20080768279473607,16.48552049877083,1.0341296343794872,-0.038671395616255086,1.149044555619707,0.1988976854142614,0.12844757015008726,-0.07045011526417413,0.6457972091659006,TRUE,FALSE,TRUE
1397,prediction,GROSSCON,19,1.2215,0.341396813866769,0.5003126780955902,35.65717765122854,1.2745256453423628,-0.23460860684866247,1.467939779432108,0.38237894625543534,0.196050023213767,-0.18632892304166834,0.5127113433771597,FALSE,FALSE,FALSE
1398,prediction,GROSSCON,6,0.8298,0.8680460918331832,0.5951020408163266,19.478085039926754,1.0735103119692966,-0.2683159724140234,1.7706242771857759,0.23141486810551548,0.13909361158321243,-0.09232125652230305,0.601057368188597,FALSE,FALSE,FALSE
1399,prediction,GROSSCON,21,1.0883,0.21532906196978358,0.6554790943377744,15.610892967825016,1.108427891615214,-0.12824130884992105,0.9399730224430503,0.2771771078479698,0.16052323038658636,-0.11665387746138342,0.5791359597944594,TRUE,FALSE,FALSE
1400,prediction,GROSSCON,6,1.0974,0.9557309719258307,0.06612244897959185,23.378301987007475,1.0804953155315569,-0.060047709166167626,1.1586043780170263,0.41822781348283894,0.3365122715052677,-0.08171554197757125,0.8046147593650553,TRUE,FALSE,FALSE
1401,prediction,GROSSCON,10,1.0012,0.8686629260124394,0.8598347107438014,16.691681067474523,1.037541085733587,-0.02418265528803172,1.068688031570426,0.3432098765432098,0.31154166623084245,-0.03166821031236733,0.9077293152769154,TRUE,FALSE,TRUE
1402,prediction,GROSSCON,25,0.9862,0.7801372631812405,0.8763840236686392,21.624544545893873,1.0959871430540478,0.01589408370775815,0.9941777609705509,0.5004929268926597,0.42790704313130445,-0.07258588376135522,0.8549712096592273,TRUE,FALSE,TRUE
1403,prediction,GROSSCON,24,0.9622,0.3378960504247791,0.6610396975425329,17.14196787887735,1.0685666472633826,-0.20404496600283464,1.4227260985875783,0.21594084940902425,0.12079739400615279,-0.09514345540287146,0.5594003836548057,TRUE,FALSE,FALSE
1404,prediction,GROSSCON,9,1.0002,0.9109849686470823,0.9261204481792716,10.542344954630622,1.0315004996277248,-0.10710309942948007,1.1783952935490565,0.22005525759791963,0.17257096090368723,-0.0474842966942324,0.7842164862927533,TRUE,TRUE,FALSE
1405,prediction,GROSSCON,12,0.9352,0.5791348480555499,0.7041909139811238,18.624225251936018,1.0934096670602398,-0.22580861177373876,1.4324333590047487,0.2555230795039553,0.16029308340347828,-0.09522999610047703,0.627313523751568,TRUE,FALSE,FALSE
1406,prediction,GROSSCON,24,1.2381,0.4838232451821965,0.42949656750572074,28.441089497303146,1.1116538102037428,-0.24705884467151942,1.4070135197286693,0.25461880898854145,0.13781498172479342,-0.11680382726374802,0.5412600203113647,FALSE,FALSE,FALSE
1407,prediction,GROSSCON,26,0.8537,0.9526730519246005,0.7507753107205911,18.740720840157984,1.0195040194065108,0.017344275786637758,0.9506296803833021,0.37995832828378384,0.3727092461071605,-0.007249082176623345,0.9809213757483185,FALSE,FALSE,TRUE
1408,prediction,GROSSCON,42,1.0329,0.8770072910599316,0.7725810940866499,23.19509232367994,1.1003489759121887,-0.06979437004313473,1.0839120510046967,0.38835142477243967,0.3133521668092065,-0.07499925796323315,0.8068778606717354,TRUE,FALSE,FALSE
1409,prediction,GROSSCON,32,0.9707,0.6935963718002852,0.7962180570973925,21.455263160607394,1.047665785076197,-0.07301591883428721,1.052743949191306,0.2825950650891964,0.2532696845000537,-0.02932538058914269,0.8962282636468311,TRUE,FALSE,FALSE
1410,prediction,GROSSCON,17,1.1075,0.8428296522027618,0.8492887351018842,15.957665610528604,1.111425737627572,-0.2210924787275415,1.3793249055504835,0.29944335066075545,0.18948412753688657,-0.10995922312386888,0.6327878950017375,FALSE,FALSE,FALSE
1411,prediction,GROSSCON,38,1.0005,0.6437747328643492,0.816167649409048,18.921561426615938,1.0487657039639744,-0.015527898625474445,1.0556857063136122,0.3275580031233841,0.27828780380186374,-0.04927019932152038,0.849583283413285,TRUE,FALSE,TRUE
1412,prediction,GROSSCON,5,,,,,,,,,,,,,,
1413,prediction,GROSSCON,26,1.0393,0.8858614327392065,0.7825094999240005,23.129299756533552,1.08026447251138,-0.08086676562401895,1.0568018989718622,0.3881688768879782,0.3551332662681483,-0.0330356106198299,0.9148937161457082,TRUE,FALSE,FALSE
1414,prediction,GROSSCON,4,,,,,,,,,,,,,,
1417,prediction,GROSSCON,13,0.9133,0.9180723777467982,0.591715976331361,10.992008174765408,1.0202645250869085,-0.017897596590120406,1.0414270714643956,0.28667047007658353,0.2567684462182196,-0.029902023858363935,0.8956919983757808,TRUE,TRUE,TRUE
1418,prediction,GROSSCON,7,1.5278,0.8840133044869083,0.7971938775510201,11.725513834800662,1.0033114573637807,0.013406585463370787,1.0005783049287105,0.23371901780304125,0.2323345617203724,-0.0013844560826688501,0.9940764080917217,FALSE,TRUE,TRUE
1421,prediction,GROSSCON,23,1.1124,0.7635514734291483,0.6971919964380008,14.031730633789058,1.0216189819615515,-7.301146088429687e-4,1.038918572600239,0.2687723830211941,0.2354277327714976,-0.03334465024969652,0.875937215442752,FALSE,TRUE,TRUE
1424,prediction,GROSSCON,7,1.153,0.9612838006362271,0.9298469387755098,11.251525602136399,1.0425515315032479,-0.05224859382266728,1.0859996081902221,0.345233789718419,0.30955138618582595,-0.035682403532593054,0.896642783541853,FALSE,TRUE,FALSE
1425,prediction,GROSSCON,7,1.0522,0.742552803087526,0.7795454545454543,10.434970549782703,1.0078002174109908,-0.008484918163226857,0.958111635035683,0.15917310537563698,0.15348474914550106,-0.005688356230135916,0.9642630819024872,TRUE,TRUE,TRUE
1426,prediction,GROSSCON,1,,,,,,,,,,,,,,
1427,prediction,GROSSCON,53,1.0153,0.7833311751814154,0.6848897342677023,18.480228416088924,1.0896308444754335,-0.1478938619311356,1.1695112166759618,0.31177164094575865,0.22760076162372883,-0.08417087932202982,0.7300239397441742,TRUE,FALSE,FALSE
1428,prediction,GROSSCON,34,0.9854,0.7207128949798088,0.7431401878119458,16.447464284339404,1.0881183044675837,-0.1221331537856591,1.1938043244783352,0.3240759325691198,0.24053769056275845,-0.08353824200636137,0.7422263315140069,TRUE,FALSE,FALSE
1429,prediction,GROSSCON,18,0.9777,0.7425585913354702,0.8607396899338737,12.898568983171527,1.0460444614498428,-0.2022045372476729,1.4418762155470808,0.20686557055282564,0.13981642754168672,-0.06704914301113893,0.6758806077204755,TRUE,TRUE,FALSE
1431,prediction,GROSSCON,21,1.1042,0.645684087232857,0.6603212576896786,12.062708690584723,1.017120455754475,-0.0387847382234404,1.1075535322929382,0.15032808398950134,0.11954908659557685,-0.030778997393924493,0.7952545088243522,FALSE,TRUE,TRUE
1432,prediction,GROSSCON,26,1.0346,0.9029694463984401,0.886457025306862,13.320452790465193,1.03872343705428,-0.0784979075596191,1.1056333101829512,0.28966287033183247,0.2508340281344933,-0.038828842197339175,0.8659516072845044,TRUE,TRUE,FALSE
1433,prediction,GROSSCON,15,0.9717,0.49058487684613344,0.5944732462877625,23.670991943580436,1.066384366623965,-0.2049208041002866,1.439560148702929,0.21176326054239994,0.11104125989428226,-0.10072200064811768,0.524365083961527,TRUE,FALSE,FALSE
1436,prediction,GROSSCON,1,,,,,,,,,,,,,,
1437,prediction,GROSSCON,6,0.7835,0.9230917626699761,0.5951020408163266,7.206561693583713,1.0118676660613366,-0.10286060060882449,1.2558292588051594,0.13556990947713166,0.11163368492316976,-0.023936224553961896,0.8234399901402935,FALSE,TRUE,TRUE
1438,prediction,GROSSCON,20,1.2515,0.42927047586815426,0.36262431214700797,16.12187948812633,0.9975998646724502,0.3849487885674946,0.5189191590536717,0.0982864371693628,0.10370009611812456,0.0054136589487617515,1.0550804272153356,FALSE,FALSE,TRUE
1439,prediction,GROSSCON,10,0.9975,0.9481803175467841,0.9342572062084258,7.935754588018651,0.9845912486837555,0.10133000010618978,0.9567600675269501,0.18624802485022798,0.2103488362234316,0.024100811373203607,1.129401701803734,TRUE,TRUE,TRUE
1440,prediction,GROSSCON,13,0.8101,0.31648542449177114,0.5420842893370365,14.200634806901153,1.0551379591079928,-0.029873946264559574,0.8816885247762671,0.23403222837636597,0.16917381081062424,-0.06485841756574173,0.7228654445769849,FALSE,TRUE,TRUE
1441,prediction,GROSSCON,17,1.1276,0.23238230642564647,0.3869914366237895,15.72287589355634,1.0296253528237396,-0.1675825119715322,1.2742715330210224,0.13002446080391378,0.06332697395478913,-0.06669748684912465,0.4870389276237089,FALSE,FALSE,TRUE
1443,prediction,GROSSCON,25,1.0353,0.6685516848768647,0.6445628496167164,16.771930662858534,1.0827263733843213,-0.18562242020934513,1.3181179601802255,0.2634228050119245,0.1791110597662927,-0.08431174524563179,0.679937561815063,TRUE,FALSE,FALSE
1444,prediction,GROSSCON,45,0.9878,0.7297533460477483,0.7349845480121041,15.819766152560113,1.068960426758663,-0.1385423027407558,1.1778022627830957,0.28482970296680715,0.21654884102155292,-0.06828086194525423,0.7602747844272008,TRUE,FALSE,FALSE
1445,prediction,GROSSCON,12,0.9977,0.9095247133539821,0.8615507299717826,13.399856214329208,1.0500458828644759,-0.17936950970987064,1.302748447806825,0.22288971041281572,0.1669974622881744,-0.05589224812464133,0.7492380961816367,TRUE,TRUE,FALSE
1446,prediction,GROSSCON,60,1.0592,0.7075236383952559,0.7419498218255899,15.484181701929941,1.0505012704245853,-0.05205519186859007,1.1089443321841845,0.3243745772855083,0.28028736356693407,-0.044087213718574214,0.864085483864016,TRUE,FALSE,FALSE
1447,prediction,GROSSCON,48,1.0282,0.5077994933978845,0.6884682395939237,13.96355879702014,1.101817445033655,-0.1888475013318979,1.36941252640958,0.2608184641425823,0.14706901332952013,-0.11374945081306218,0.563875007135697,TRUE,TRUE,FALSE
1448,prediction,GROSSCON,35,1.0285,0.6532445182502279,0.8039608784690347,14.80113755783632,1.0407129836800455,-0.002075581736016237,1.0248952048701454,0.26217466432242864,0.21207590403138019,-0.050098760291048455,0.8089107487921265,TRUE,TRUE,TRUE
1450,prediction,GROSSCON,21,0.9606,0.6149093421198502,0.8870726710888354,18.577301265398592,1.1688249693987183,-0.149852160887633,1.2912110730316348,0.4030115692345186,0.2835154574079842,-0.11949611182653441,0.7034921055653423,TRUE,FALSE,FALSE
1451,prediction,GROSSCON,35,1.1244,0.1296607087337604,0.4575511543928304,19.26070992995397,1.156204668889833,-0.1747573236645915,1.2766265920647577,0.28662829739575124,0.13520783837439723,-0.151420459021354,0.471718387901227,FALSE,FALSE,FALSE
1452,prediction,GROSSCON,17,1.036,0.8759078451578605,0.5917162004132355,11.739959087252107,1.035450671304299,-0.1253098053428773,1.3582633645340862,0.22498530542116915,0.16548971839039528,-0.05949558703077387,0.7355578982396249,TRUE,TRUE,FALSE
1453,prediction,GROSSCON,35,1.0417,0.06502013834854242,0.2619398004334105,19.786696383535492,1.1237069124544306,-0.3023211386858449,1.0889733092937834,0.24291946515015406,0.0872361135809397,-0.15568335156921437,0.3591153698902518,TRUE,FALSE,FALSE
1456,prediction,GROSSCON,12,1.1617,0.5611491122458069,0.49885079955010037,16.486256466646978,1.0059750549642137,0.13072333051902527,0.9712310137388246,0.15390894353494536,0.10911107532985535,-0.044797868205090005,0.7089326508506729,FALSE,FALSE,TRUE
1458,prediction,GROSSCON,20,1.0717,0.3899649568075805,0.32702237521514627,12.008088777371128,1.035344633217235,-0.3113676552098567,1.401091987637578,0.14666164928502318,0.06636995085561245,-0.08029169842941072,0.4525378732556639,TRUE,TRUE,FALSE
1460,prediction,GROSSCON,20,1.0896,0.8350975498055997,0.4417751144779242,10.232975716557178,1.0107788786433798,0.02579333304668814,0.9535745961467618,0.17892819127159587,0.1525042135481618,-0.026423977723434078,0.852320768819906,TRUE,TRUE,TRUE
1466,prediction,GROSSCON,16,1.0573,0.949982961174712,0.7437321320280692,12.530237602061922,1.0426037022017498,-0.0906321745595525,1.1101487441412026,0.30339478417266186,0.2648722454820982,-0.03852253869056366,0.873028342278157,TRUE,TRUE,FALSE
1467,prediction,GROSSCON,6,1.0384,0.9100080921350394,0.43183673469387757,15.68277828313747,0.9579448735880594,0.39034199461932073,0.7664343439981355,0.1404697380307137,0.21315518082051188,0.07268544278979819,1.517445563783322,TRUE,FALSE,FALSE
1468,prediction,GROSSCON,2,,,,,,,,,,,,,,
1469,prediction,GROSSCON,12,1.1106,0.24266015922282225,0.7047903446559663,12.891999075320998,1.0452948183796367,-0.15602824669186524,1.2183976042288387,0.14412876035459968,0.09862577365184426,-0.04550298670275542,0.68428933551635,FALSE,TRUE,FALSE
1471,prediction,GROSSCON,26,1.0376,0.38683323484244364,0.872686286202018,9.926940686143228,1.078614566730904,-0.09749368396576416,1.238203162332183,0.28101725544347045,0.20199303568001034,-0.07902421976346011,0.7187922868339427,TRUE,TRUE,FALSE
1472,prediction,GROSSCON,6,0.9239,0.5882258273586186,0.4840336134453782,5.735401911313014,1.0016519351416306,0.08784224066538394,0.7099735315798101,0.052794690362569195,0.04463112198570037,-0.008163568376868824,0.8453714129052512,TRUE,TRUE,TRUE
1473,prediction,GROSSCON,24,0.9733,0.5674043918073001,0.6253309115677149,19.45490193549704,1.1849013791715486,-0.30976559474943327,1.6300367056125857,0.3332123424020006,0.16580762197685983,-0.16740472042514076,0.4976034824569101,TRUE,FALSE,FALSE
1483,prediction,GROSSCON,36,1.0925,0.7132246438162103,0.8482349548504974,11.273123390159238,1.0493389461560196,-0.06235624241838909,1.1217058321124262,0.30291656461751987,0.2457462669713484,-0.05717029764617146,0.8112671794018329,TRUE,TRUE,FALSE
1484,prediction,GROSSCON,5,,,,,,,,,,,,,,
1487,prediction,GROSSCON,7,1.1984,0.6928354575803599,0.8779220779220774,9.558030093287408,1.0447765685948953,-0.2248707587326796,1.4258147198360351,0.1752561784207354,0.10923151207510477,-0.06602466634563063,0.6232676819693854,FALSE,TRUE,FALSE
1489,prediction,GROSSCON,27,0.9886,0.21207269196041112,0.3898855895033502,13.144699196156514,1.0298854622208464,-0.09574000073145346,0.8513152939461276,0.13369991549778393,0.0820054454539824,-0.051694470043801524,0.6133545047404435,TRUE,TRUE,TRUE
1491,prediction,GROSSCON,5,,,,,,,,,,,,,,
1492,prediction,GROSSCON,2,,,,,,,,,,,,,,
1493,prediction,GROSSCON,7,0.8784,0.9033729623939486,0.7346938775510199,21.9838429671064,1.1385680479400557,-0.1455561162345922,1.1224175007979735,0.4078962737997899,0.361832021427183,-0.04606425237260686,0.8870687100338238,FALSE,FALSE,FALSE
1494,prediction,GROSSCON,17,0.9528,0.8127252436792217,0.7872212610534413,19.411266811049984,1.0929808451926435,-0.21111727668300745,1.3506981598368537,0.2784943404737055,0.19225232406045165,-0.08624201641325388,0.6903275798475461,TRUE,FALSE,FALSE
1495,prediction,GROSSCON,14,1.1682,0.7933740014247417,0.6792657891558992,13.942490872138974,1.0082576176944817,0.08573529688428014,0.8652594988315468,0.17419615558211327,0.1607132098953866,-0.013482945686726672,0.9225990628686921,FALSE,TRUE,TRUE
1496,prediction,GROSSCON,14,1.0965,0.4437960033518474,0.5930193154862758,31.586207736935968,1.2266055465759007,-0.1372414922388116,1.3435831929558635,0.3707226111396538,0.18507094357541728,-0.18565166756423654,0.4992167675084155,TRUE,FALSE,FALSE
1497,prediction,GROSSCON,30,1.1003,0.7952345385081557,0.7078003327777128,22.48877924439595,1.1737301302902763,-0.17713085438299112,1.2855717119209313,0.3753822274583977,0.24910575072812005,-0.12627647673027767,0.6636056065167005,FALSE,FALSE,FALSE
1498,prediction,GROSSCON,41,1.046,0.4536429809231245,0.5508938941000076,22.93564194720044,1.0242432545873281,0.057314786877078444,0.8997989146989885,0.2336187941446047,0.19740747187451205,-0.03621132227009266,0.8449982485241376,TRUE,FALSE,TRUE
1499,prediction,GROSSCON,55,1.0852,0.9344364660189657,0.8636093929985518,18.679641819376798,1.1466644650937705,-0.0815229943002327,1.118984901339298,0.48421289416835384,0.39844855847624544,-0.0857643356921084,0.8228788685204046,TRUE,FALSE,FALSE
1500,prediction,GROSSCON,27,1.088,0.6219765295971166,0.7718860001119843,23.25625311986188,1.1006100204736078,-0.10860961658561663,1.2602406049516466,0.31652991174326306,0.22925273877444616,-0.0872771729688169,0.7242687982056897,TRUE,FALSE,FALSE
1501,prediction,GROSSCON,22,0.9243,0.6967483673578767,0.5374741200828158,27.48679787621937,1.0927510803712432,-0.0685008869694907,1.2227086334500206,0.2840862726496354,0.18993521199054184,-0.09415106065909354,0.6685828576616569,TRUE,FALSE,FALSE
1502,prediction,GROSSCON,11,1.0941,0.9070090975036871,0.8938842975206611,18.129396557767762,1.0864645777195456,-0.18899177477081328,1.351176752734317,0.3113541906083821,0.25667960548911933,-0.054674585119262764,0.8243974651106211,TRUE,FALSE,FALSE
1503,prediction,GROSSCON,10,0.8809,0.2932987636833041,0.745158906134516,25.836967385821545,1.0058184214709098,0.3351014242909558,0.8892363489772835,0.1864699847239258,0.1988989670694016,0.012428982345475792,1.0666540642660387,FALSE,FALSE,TRUE
1504,prediction,GROSSCON,15,1.1218,0.61196093439213,0.6526450293892154,25.46872249211654,1.0487448831293973,0.010644605559564034,1.07038010745523,0.4171284721032983,0.35086864320281513,-0.06625982890048315,0.8411524666096768,FALSE,FALSE,TRUE
1505,prediction,GROSSCON,13,1.1306,0.9536668043284904,0.6975003018959064,17.31359000980271,1.1877396888036789,-0.10035348698378013,1.1981137142620304,0.5055984822798417,0.4085828607535156,-0.09701562152632615,0.8081172611736018,FALSE,FALSE,FALSE
1506,prediction,GROSSCON,10,1.3078,0.7264799916902862,0.882460973370064,23.53122757984219,1.135874257885697,-0.08457118635413993,1.2485296823598155,0.41248460418766103,0.338411555313615,-0.07407304887404603,0.8204222700143584,FALSE,FALSE,FALSE
1507,prediction,GROSSCON,34,1.0447,0.8652829491704177,0.8670656037476114,20.35357384019973,1.1308323115342864,-0.11427623022925741,1.183015386570112,0.3968960104326102,0.3054794500236383,-0.09141656040897189,0.7696712539152779,TRUE,FALSE,FALSE
1508,prediction,GROSSCON,33,1.0767,0.8762240053546172,0.6927737881194509,23.26146510056199,1.1049366578947255,-0.09488500923534827,1.1765987652083616,0.47294234162923554,0.4193236534966665,-0.05361868813256904,0.8866274312681364,TRUE,FALSE,FALSE
1509,prediction,GROSSCON,21,0.8836,0.8323498461530315,0.6948060046257719,19.721673722663564,1.030743693964919,-0.05441107078178049,0.9525019275033931,0.22759501094386486,0.21326061209264138,-0.014334398851223479,0.9370179566248973,FALSE,FALSE,FALSE
1510,prediction,GROSSCON,14,1.1291,0.9024932951047743,0.6435213138509842,29.954350010312286,1.1663638798199685,-0.05230363447298882,1.0614264148584271,0.4427605804309884,0.34035058091926046,-0.10240999951172797,0.7687011806425025,FALSE,FALSE,FALSE
1511,prediction,GROSSCON,21,1.1122,0.5156963521209651,0.8482433953202865,17.74521188488692,1.0489691573482454,0.030530303745288593,1.0058700299150976,0.3131343126448845,0.24829388233723565,-0.06484043030764886,0.7929309319059445,FALSE,FALSE,TRUE
1512,prediction,GROSSCON,22,0.9513,0.9606198724103244,0.9160143615008217,16.85010778604242,1.0816221213812887,-0.07878360613258589,1.1353421731824156,0.4485448836010936,0.4039201019988582,-0.04462478160223543,0.9005121154343123,TRUE,FALSE,FALSE
1513,prediction,GROSSCON,18,0.9725,0.8480306544088038,0.47097270280661285,26.418064208717663,1.19187461626672,-0.0731791643595089,1.07831935377277,0.4203558323781511,0.27550480847661046,-0.14485102390154064,0.655408554504763,TRUE,FALSE,FALSE
1514,prediction,GROSSCON,22,1.0891,0.9488535230454388,0.8377779145215865,15.074722068208112,1.0714629470272736,-0.10305528855971818,1.1375377821050676,0.34221058650055675,0.2866539796822408,-0.05555660681831592,0.8376537459391966,TRUE,FALSE,FALSE
1515,prediction,GROSSCON,10,1.0009,0.8252007667286663,0.882460973370064,14.506276748438168,1.0721631027350527,-0.07795527391545015,1.0493203650001415,0.3286466561348078,0.27240957641742175,-0.05623707971738606,0.8288828482882292,TRUE,TRUE,FALSE
1516,prediction,GROSSCON,12,0.9254,0.5127819496689804,0.46965621790796613,36.01198819096624,1.187178536615463,-0.14786556681611987,1.4055851976143217,0.3672956286136439,0.2267285334825083,-0.1405670951311356,0.6172916741162817,TRUE,FALSE,FALSE
1517,prediction,GROSSCON,4,,,,,,,,,,,,,,
1518,prediction,GROSSCON,14,0.9143,0.8784880211295175,0.6505929235599566,19.5444419893355,1.0354530850785781,-0.03131406519708838,1.010419411332163,0.3204954435182556,0.2895761132833791,-0.030919330234876474,0.9035264592361817,TRUE,FALSE,TRUE
1519,prediction,GROSSCON,39,1.1329,0.8457189210810541,0.7596688097676559,20.27342816018511,1.0887549031969386,-0.06761491415943137,1.0866566792969612,0.41614342449492314,0.3633841760289293,-0.052759248465993835,0.8732185939738728,FALSE,FALSE,FALSE
1520,prediction,GROSSCON,19,0.9734,0.7573556598096983,0.6196640635830137,14.205929564836786,1.029599173960897,-0.06276684430599792,0.9771441954638626,0.20216044668061078,0.16153630851854797,-0.04062413816206281,0.7990500177997526,TRUE,TRUE,TRUE
1521,prediction,GROSSCON,18,0.9955,0.8896903337362142,0.8645737149892274,23.887443208550472,1.0523660454807915,-0.045300658516267835,1.0509212509976502,0.3580019123844601,0.33558061937504075,-0.022421293009419363,0.9373710244727939,TRUE,FALSE,TRUE
1522,prediction,GROSSCON,34,1.0746,0.6923702535374031,0.6823538428179416,20.463889892869144,1.1124582011210804,-0.09372268674965807,1.192545670646662,0.4113440562991646,0.33438132678466725,-0.07696272951449734,0.8128993762376782,TRUE,FALSE,FALSE
1523,prediction,GROSSCON,12,0.9453,0.8829441393501991,0.8137806249694364,18.96920696475562,1.0365299712240401,-0.01621037095497409,0.9940282998474101,0.2840336377246378,0.24539206002273403,-0.03864157770190377,0.8639542203118715,TRUE,FALSE,TRUE
1524,prediction,GROSSCON,3,,,,,,,,,,,,,,
1525,prediction,GROSSCON,31,1.1236,0.39661331036577485,0.609023051698786,22.035561174861883,1.1779497456547956,-0.14884712948285755,1.1497346802538324,0.3585941057056687,0.2089813809489833,-0.14961272475668538,0.582779743514562,FALSE,FALSE,FALSE
1527,prediction,GROSSCON,9,1.1383,0.39370292649197774,0.5377777777777777,26.596313372523223,1.299772700289713,-0.4236933600560922,1.9217174537444615,0.3569399630456965,0.127213494093883,-0.22972646895181348,0.3564002556855668,FALSE,FALSE,FALSE
1529,prediction,GROSSCON,29,0.9847,0.8539796930842644,0.7725965559173583,17.86032262239481,1.1052623327125863,-0.14075690877666272,1.2412488684713117,0.3561553430602699,0.2740337469312955,-0.0821215961289744,0.7694219735036307,TRUE,FALSE,FALSE
1532,prediction,GROSSCON,18,0.9894,0.8517356057139286,0.8569141849341986,21.440009011419896,1.113157443791129,-0.16255136072635187,1.2160250165893074,0.3283821922054193,0.2221462804164178,-0.10623591178900152,0.6764869889091133,TRUE,FALSE,FALSE
1533,prediction,GROSSCON,27,1.098,0.6490552967119942,0.7692701693192256,20.675367692376195,1.076498111095703,-0.06874209558379844,1.081109938492705,0.2946587518323182,0.21095481293528529,-0.08370393889703293,0.7159292287212754,TRUE,FALSE,FALSE
1534,prediction,GROSSCON,13,1.0959,0.5910955980165782,0.31360536969955244,10.506523634006916,1.0016416286645857,0.17612899708547577,0.7802382949691881,0.09229711989991457,0.07882108781887832,-0.013476032081036246,0.8539929296206704,TRUE,TRUE,TRUE
1535,prediction,GROSSCON,16,1.0404,0.6280848201546448,0.8206228373702422,18.11963390082599,1.0232569906662705,0.03700400037430032,0.9177499886387863,0.3677830859292224,0.332470343352699,-0.03531274257652339,0.9039848651894798,TRUE,FALSE,TRUE
1540,prediction,GROSSCON,5,,,,,,,,,,,,,,
1542,prediction,GROSSCON,47,1.054,0.8271768515860678,0.8923728944364333,14.818151574382094,1.0593619111594446,-0.10346831728050998,1.2081181237715652,0.30838450929398764,0.2528011465201466,-0.055583362773841016,0.8197595498519268,TRUE,TRUE,FALSE
1543,prediction,GROSSCON,10,1.0865,0.10953224200885635,0.03529843893480257,24.628352132329972,1.1575387740497032,-0.7860326518339601,5.841082288935036,0.21025530817501928,-0.021290658438973507,-0.2315459666139928,-0.10126097944338644,TRUE,FALSE,FALSE
1544,prediction,GROSSCON,19,1.1012,0.7587162687818233,0.8588142876946536,11.55624023549451,1.053415080905611,-0.24458397493877826,1.4572184038033713,0.21057825500006674,0.13110567327753486,-0.07947258172253188,0.6225983460518908,FALSE,TRUE,FALSE
1545,prediction,GROSSCON,8,1.0149,0.5166923640172449,0.0012908777969018932,18.367011281785,1.0209528523421076,-0.0310472338188202,0.8184190880375561,0.124484654145671,0.05993794434178845,-0.06454670980388255,0.48148862004829546,TRUE,FALSE,TRUE
1546,prediction,GROSSCON,5,,,,,,,,,,,,,,
1547,prediction,GROSSCON,11,1.049,0.7898288671427999,0.6843801652892562,14.396739353276066,1.0480291151317818,-0.09308154406684858,1.232696230125255,0.25606310219160294,0.19225365507011105,-0.06380944712149189,0.7508057717986032,TRUE,TRUE,FALSE
1548,prediction,GROSSCON,3,,,,,,,,,,,,,,
1549,prediction,GROSSCON,9,1.0725,0.45227756218546,0.3731792717086834,23.61100707846584,1.1555012486518337,-0.4192151022825406,2.11901815368949,0.2531516013879528,0.06967494640403969,-0.18347665498391308,0.2752301230647299,TRUE,FALSE,FALSE
1550,prediction,GROSSCON,28,1.0045,0.3130276723567734,0.5902916093737055,13.275687321230519,1.0437755394947068,-0.12398033724115601,1.2658065579576339,0.16995052287511495,0.10379882712056787,-0.06615169575454707,0.6107590924968355,TRUE,TRUE,FALSE
1551,prediction,GROSSCON,15,0.8888,0.31120824839990896,0.7056606184513159,22.290918526468683,1.2075082789381544,-0.3487764906269156,1.5875606653714702,0.3213661043003865,0.13735467749805774,-0.18401142680232874,0.4274087268695579,FALSE,FALSE,FALSE
1552,prediction,GROSSCON,10,0.992,0.1837502222413235,0.05368828078524691,15.250019779831542,1.0024044186447816,0.6004898472806056,0.566008303577244,0.052403677451049194,0.021095429781610876,-0.03130824766943832,0.402556286270488,TRUE,FALSE,TRUE
1553,prediction,GROSSCON,1,,,,,,,,,,,,,,
1555,prediction,GROSSCON,31,1.0289,0.5345139871261942,0.14243677555171327,17.43047792763791,1.0166823906317437,0.08613307032380092,0.963757993594034,0.14039071869664835,0.08233525510635695,-0.0580554635902914,0.5864722103479237,TRUE,FALSE,TRUE
1556,prediction,GROSSCON,25,1.0944,0.28709700941474436,0.3295242065486251,14.755376707115134,1.0434211288951971,-0.32729914058701404,1.7763956191183354,0.13768851536908983,0.05371740716631493,-0.0839711082027749,0.3901371659235287,TRUE,TRUE,FALSE
1559,prediction,GROSSCON,14,1.1144,0.9177545956443274,0.7159763313609467,10.14778133111977,1.021049594473914,-0.08372083986301519,1.1943605389851404,0.20098016390389262,0.16465400773170252,-0.036326156172190094,0.8192550176764657,FALSE,TRUE,TRUE
1560,prediction,GROSSCON,5,,,,,,,,,,,,,,
1562,prediction,GROSSCON,10,1.1405,0.4487242306678897,0.6112396694214874,15.540537031511438,1.0543146327268782,-0.4779492239423955,2.5474046106376353,0.16183310533515732,0.059123151936881335,-0.10270995339827599,0.3653341003031298,FALSE,FALSE,FALSE
1563,prediction,GROSSCON,9,0.9772,0.26695971925224365,0.34027777777777785,20.069696123581917,1.0447284651511475,-0.11588560881993992,1.222567099859551,0.17552358824789493,0.08642811335056165,-0.08909547489733328,0.49240170061073363,TRUE,FALSE,FALSE
1564,prediction,GROSSCON,24,1.0897,0.4562332307160255,0.33966448082089895,17.97460122604112,1.1342576914745548,-0.21783978055005743,1.4047911698948552,0.2765213766101941,0.11619293667966228,-0.1603284399305318,0.4201951332082974,TRUE,FALSE,FALSE
1565,prediction,GROSSCON,36,1.1032,0.6672361047958106,0.8641076492699369,12.769517708126585,1.040930629979888,-0.004799606993471258,1.0319721817805994,0.2684950491852967,0.21879639125556988,-0.04969865792972683,0.8148991645077662,FALSE,TRUE,TRUE
1566,prediction,GROSSCON,44,1.0461,0.5848735920575975,0.8294200488261836,15.986193021345056,1.072046550613571,-0.10563160791310028,1.1524448133339122,0.3130492842246349,0.24906841108750122,-0.06398087313713369,0.7956204458489581,TRUE,FALSE,FALSE
1567,prediction,GROSSCON,9,1.0363,0.08542959859460464,0.433271613730238,3.4668713416484676,1.00043270154618,0.6990643242884846,0.8266424881294527,0.017504860876480857,0.011681896583493846,-0.005822964292987011,0.6673515811364935,TRUE,FALSE,TRUE
1568,prediction,GROSSCON,2,,,,,,,,,,,,,,
1569,prediction,GROSSCON,14,1.1138,0.6949296965862484,0.7613041903151794,22.60022079208742,1.11452203523557,-0.16753946833074537,1.2900703211649567,0.33879139144945775,0.28492002989313747,-0.053871361556320274,0.8409895796766222,FALSE,FALSE,FALSE
1570,prediction,GROSSCON,6,1.2493,0.42455940693831645,0.6306228373702422,7.789868934754855,0.998606844105792,0.6162309375590888,0.6385305220844908,0.031102531102531177,0.048584865885610874,0.017482334783079697,1.5620872052325334,FALSE,TRUE,TRUE
1576,prediction,GROSSCON,37,1.0647,0.7074794915238697,0.6753780476931132,16.249608191057856,1.0439446027944632,-0.05925061198617651,1.1350238884786046,0.28210297663830863,0.23719045598448218,-0.04491252065382645,0.8407938789266661,TRUE,FALSE,FALSE
1578,prediction,GROSSCON,8,1.2569,0.39630717164699614,0.655328798185941,14.150353567055884,1.1602756918787642,-0.41552151782421165,2.1028931564984497,0.24337482525382326,0.07174685247019474,-0.1716279727836285,0.2947998109310102,FALSE,TRUE,FALSE
1579,prediction,GROSSCON,44,1.0324,0.789003481193235,0.868385145897841,17.516659384941484,1.0442908565395002,-0.031510241664629964,1.0731446219695848,0.3959676478850243,0.36444468584880174,-0.03152296203622257,0.9203900566003418,TRUE,FALSE,TRUE
1580,prediction,GROSSCON,20,1.0219,0.4081925788757801,0.5502882013380839,16.346910269424463,1.0784360094607954,-0.19735363221888857,1.3597301434736888,0.22806033519553068,0.13109213769341715,-0.09696819750211352,0.5748134044485356,TRUE,FALSE,FALSE
1581,prediction,GROSSCON,3,,,,,,,,,,,,,,
1582,prediction,GROSSCON,15,0.8948,0.9282753117783862,0.9574640287769784,18.36145773789314,1.1251308702587235,-0.23707258436245995,1.3738473618515925,0.3449921309411394,0.2706518124956041,-0.07434031844553529,0.7845159011519054,FALSE,FALSE,FALSE
1583,prediction,GROSSCON,15,0.9636,0.7351917082157693,0.42093342703807807,18.16576367808404,1.0151249575329129,0.0644122374800984,0.917567832703695,0.2241219645043408,0.18418675244252944,-0.03993521206181136,0.8218148223440283,TRUE,FALSE,TRUE
1584,prediction,GROSSCON,13,1.0315,0.9217638904485472,0.6994217903308811,7.534212276666345,0.9999689365086027,0.06734182269110432,0.8914432152716107,0.14547970253373285,0.14842496313842965,0.0029452606046967977,1.0202451651563824,TRUE,TRUE,TRUE
1585,prediction,GROSSCON,15,1.2135,0.5028296215088076,0.7844897959183671,22.57430906225679,1.0859435682530347,0.0020694450923973828,1.0494031616757913,0.42012578616352203,0.3531321796944508,-0.06699360646907121,0.8405391702308036,FALSE,FALSE,TRUE
1586,prediction,GROSSCON,28,0.8354,0.5021625821756974,0.4785465127180138,33.840229949033485,1.1477576983374487,-0.17512933863473173,1.2183570336380765,0.3279894197943903,0.1941505214980432,-0.13383889829634707,0.5919414157314956,FALSE,FALSE,FALSE
1589,prediction,GROSSCON,32,0.9963,0.8592415841524887,0.6003373710792916,20.950334112591218,1.1171869080390164,-0.2020398673132706,1.3698029934851188,0.34034669965041187,0.2307403426564698,-0.10960635699394206,0.6779567508469319,TRUE,FALSE,FALSE
1590,prediction,GROSSCON,23,1.0136,0.9305540388162586,0.7983447273352494,16.958462200365513,1.03066358998156,-0.022679248348357915,0.9900527315537819,0.36835456216411694,0.34996378657788424,-0.0183907755862327,0.9500731700506566,TRUE,FALSE,TRUE
1602,prediction,GROSSCON,33,1.0795,0.7796256894906276,0.8553969982687132,24.080146154776365,1.2145051328878456,-0.10123911997469677,1.1966719329617066,0.46903414463091786,0.34317244423567694,-0.12586170039524092,0.7316577016066043,TRUE,FALSE,FALSE
1603,prediction,GROSSCON,7,1.1655,0.7747730406202198,0.6870129870129869,27.93464819054335,1.1642018542714143,-0.1865036837309231,1.137434089999691,0.35673691270429586,0.29746828256985275,-0.05926863013444311,0.8338589923729824,FALSE,FALSE,FALSE
1604,prediction,GROSSCON,2,,,,,,,,,,,,,,
1608,prediction,GROSSCON,4,,,,,,,,,,,,,,
1614,prediction,GROSSCON,15,1.3044,0.6785234889850399,0.4492237413749041,13.773131942948455,1.0186528586845847,-0.09594264578152213,1.1923338242594135,0.14607393542349076,0.10782277625545499,-0.03825115916803577,0.7381383676893499,FALSE,TRUE,TRUE
1625,prediction,GROSSCON,1,,,,,,,,,,,,,,
1722,prediction,GROSSCON,4,,,,,,,,,,,,,,
1735,prediction,GROSSCON,1,,,,,,,,,,,,,,
1746,prediction,GROSSCON,1,,,,,,,,,,,,,,
1832,prediction,GROSSCON,10,1.1751,0.770489353312036,0.5924334251606976,20.491383138503934,1.0379489180933748,-0.06812021654069814,0.9689757794335923,0.24785849418315475,0.23182491647102274,-0.016033577712132013,0.9353115665251963,FALSE,FALSE,FALSE
1836,prediction,GROSSCON,9,1.2524,0.7997331497488979,0.9586134453781513,18.408446116930214,1.190750552306857,-0.34698493676548664,1.9060908118904254,0.3205521368537549,0.15585447070322309,-0.1646976661505318,0.4862063071328967,FALSE,FALSE,FALSE
1837,prediction,GROSSCON,1,,,,,,,,,,,,,,
1840,prediction,GROSSCON,12,0.9949,0.9053277445001207,0.9448383784048123,14.504080933501426,1.034598635544427,-0.0017747928031783794,1.0850570507122266,0.35827251612760147,0.32274951504867627,-0.0355230010789252,0.900849215388117,TRUE,TRUE,TRUE
1841,prediction,GROSSCON,4,,,,,,,,,,,,,,
1842,prediction,GROSSCON,2,,,,,,,,,,,,,,
1844,prediction,GROSSCON,1,,,,,,,,,,,,,,
1851,prediction,GROSSCON,15,1.0345,0.4971038117249118,0.7593877551020405,16.884829230966776,1.081116873851861,-0.28864520285401823,1.5022852960895317,0.23395287629694295,0.14735264292494676,-0.08660023337199618,0.6298389883350719,TRUE,FALSE,FALSE
1863,prediction,GROSSCON,6,1.0548,0.28888139244761235,0.2946938775510204,23.962911106594166,1.0940780349201757,-0.1727339697991027,1.1442391052003142,0.22853295310519636,0.10140721974071454,-0.12712573336448182,0.443731279725054,TRUE,FALSE,FALSE
1867,prediction,GROSSCON,2,,,,,,,,,,,,,,
1869,prediction,GROSSCON,8,1.1043,0.9510913494837873,0.7346938775510207,11.95420897980052,1.0522528621112857,-0.32589947539233133,1.6320095416506184,0.1945208805438654,0.10842948707191846,-0.08609139347194694,0.5574182410071246,FALSE,TRUE,FALSE
1870,prediction,GROSSCON,11,1.0208,0.8697269635789375,0.8938842975206611,23.712130544633688,1.078702485293454,-0.16132916828980298,1.1858263657589216,0.3088412430739581,0.2927002057723281,-0.016141037301630023,0.947736781716797,TRUE,FALSE,FALSE
1871,prediction,GROSSCON,6,1.1052,0.22056634094163702,0.09877551020408167,21.45296946161759,1.0224068513297506,0.009107712528369404,1.8692718052110597,0.1105593038273116,0.020272002384558913,-0.0902873014427527,0.18335862910481798,FALSE,FALSE,TRUE
1873,prediction,GROSSCON,1,,,,,,,,,,,,,,
1874,prediction,GROSSCON,15,1.1968,0.20033533389568958,0.3773469387755101,17.36254384759336,1.0517469505799462,-0.09005275598606056,1.0010573272978947,0.18699976171664356,0.1088139664728819,-0.07818579524376167,0.5818936103125372,FALSE,FALSE,FALSE
1875,prediction,GROSSCON,6,1.1804,0.2640592855951271,0.18367346938775508,15.880132019852484,1.0371927228543805,-0.6214126902770942,3.1876535589182184,0.11749271137026233,0.02230423787709812,-0.09518847349316421,0.18983507672071115,FALSE,FALSE,FALSE
1876,prediction,GROSSCON,7,0.8346,0.4113274392375152,0.6173469387755098,27.753708575976212,1.056961016246952,-0.011046569071115004,1.0867514456550595,0.20958598891134247,0.1311675817633888,-0.07841840714795367,0.6258413668046977,FALSE,FALSE,TRUE
1877,prediction,GROSSCON,6,1.0916,0.3760156817650669,0.5102040816326531,30.23537478066023,1.0643835661916559,-0.03212032137942154,0.9578981254309993,0.22052999207892268,0.16786542486535913,-0.05266456721356355,0.7611909077894671,TRUE,FALSE,TRUE
1879,prediction,GROSSCON,22,1.1062,0.7609505189153503,0.7857202511553337,27.25133100060872,1.1950143466274312,-0.16082434112425517,1.3426478114508573,0.3894611053757846,0.25984418484587624,-0.12961692052990836,0.6671890498414645,FALSE,FALSE,FALSE
1880,prediction,GROSSCON,11,1.072,0.33559211136159894,0.1748760330578512,17.85277130502655,1.0737727819623808,-0.262038171409482,1.337451026577065,0.20192074592074585,0.09021110180522869,-0.11170964411551716,0.44676489973267364,TRUE,FALSE,FALSE
1882,prediction,GROSSCON,20,1.1456,0.31782305547729234,0.602082650234609,19.694320065914773,1.1175965355332762,-0.2352251303159927,1.328053640921254,0.2778381847038709,0.14341767230484076,-0.13442051239903013,0.5161913667759529,FALSE,FALSE,FALSE
1883,prediction,GROSSCON,2,,,,,,,,,,,,,,
1887,prediction,GROSSCON,21,0.9755,0.813683375206716,0.7212305574789318,21.87779087076046,1.1444560046871495,-0.18756374029571288,1.2916288069933177,0.353725132102396,0.2441582400412367,-0.10956689206115927,0.6902484948978916,TRUE,FALSE,FALSE
1888,prediction,GROSSCON,22,0.9438,0.797029239284077,0.7833325358012168,13.536977342062412,1.0190431051349949,0.011450314105337932,0.969126238243482,0.20660673397434498,0.1788200938874673,-0.027786640086877673,0.865509513884828,TRUE,TRUE,TRUE
1889,prediction,GROSSCON,13,1.0482,0.7790638944325806,0.8364941678239952,13.864192490661889,1.0524264621863504,-0.1282863142705333,1.169347194130359,0.2550767136199404,0.1958835778634991,-0.05919313575644128,0.7679398682992365,TRUE,TRUE,FALSE
1890,prediction,GROSSCON,32,0.9973,0.7379865613473634,0.8131377989949535,12.292424758355116,1.0378334196679944,-0.01866107664984224,1.0191596577026183,0.3188165821179454,0.2745295286992382,-0.0442870534187072,0.8610892409532095,TRUE,TRUE,TRUE
1891,prediction,GROSSCON,20,1.1334,0.6108322560154967,0.6095058968907303,20.442575459366196,1.0832186689122745,-0.10973342765433862,1.2202621801020996,0.24926894647063608,0.1408979354512397,-0.10837101101939639,0.5652446381556697,FALSE,FALSE,FALSE
1892,prediction,GROSSCON,18,1.0997,0.7776962935647245,0.859713089237435,17.324563633418965,1.115068263648638,-0.17441845592258673,1.368276864078414,0.3233382216943329,0.22302513999612708,-0.10031308169820582,0.6897580460096778,TRUE,FALSE,FALSE
1893,prediction,GROSSCON,14,0.9853,0.46477274163623766,0.7862177470106986,16.44405225464426,1.0357059983179886,-0.047778675951724074,1.2496871857667178,0.21429558532482598,0.15940336838475844,-0.054892216940067545,0.7438481205440478,TRUE,FALSE,TRUE
1894,prediction,GROSSCON,14,1.0206,0.45915077098161605,0.63789030352907,22.79610247123341,1.1147023848097002,-0.3084435650297488,1.7457315016848403,0.26551965857782,0.13423009925827298,-0.13128955931954703,0.5055373299937114,TRUE,FALSE,FALSE
1895,prediction,GROSSCON,28,0.9532,0.7965857831808998,0.7721661388051083,18.684827339429578,1.0951618781151353,-0.06740441863767177,1.1586724335068388,0.37227659557608106,0.2919850527133792,-0.08029154286270185,0.7843228829938816,TRUE,FALSE,FALSE
1896,prediction,GROSSCON,6,1.1851,0.8082385931072843,0.5951020408163266,20.903177751402588,1.048512191898626,-0.11944239470296449,1.2619203413186333,0.26319463007514327,0.20795061063306117,-0.0552440194420821,0.7901020266777111,FALSE,FALSE,FALSE
1901,prediction,GROSSCON,1,,,,,,,,,,,,,,
1902,prediction,GROSSCON,2,,,,,,,,,,,,,,
1915,prediction,GROSSCON,2,,,,,,,,,,,,,,
1922,prediction,GROSSCON,4,,,,,,,,,,,,,,
1949,prediction,GROSSCON,3,,,,,,,,,,,,,,
1963,prediction,GROSSCON,2,,,,,,,,,,,,,,
1976,prediction,GROSSCON,1,,,,,,,,,,,,,,
1977,prediction,GROSSCON,9,0.7932,0.1992424430206345,0.015756302521008403,21.80454869921287,1.0112055029735554,0.4063574224979023,0.945143647474649,0.09042357274401465,0.013726406630569146,-0.0766971661134455,0.1518011975641355,FALSE,FALSE,TRUE
1978,prediction,GROSSCON,46,1.027,0.777682971206762,0.4533481397175531,16.19145500270599,1.0555102296724994,-0.3077189277081086,1.6011963881960107,0.19246397531886078,0.10026633646636247,-0.0921976388524983,0.5209615789149541,TRUE,FALSE,FALSE
1990,prediction,GROSSCON,3,,,,,,,,,,,,,,
1993,prediction,GROSSCON,7,0.9573,0.3857541821636763,0.717207792207792,30.961119515217426,0.9810120508202104,0.6016601434863184,0.5350367523624368,0.14209582607031582,0.2038409660216196,0.06174513995130379,1.4345316935681793,TRUE,FALSE,TRUE
1995,prediction,GROSSCON,4,,,,,,,,,,,,,,
2001,prediction,GROSSCON,1,,,,,,,,,,,,,,
2002,prediction,GROSSCON,1,,,,,,,,,,,,,,
2061,prediction,GROSSCON,4,,,,,,,,,,,,,,
2062,prediction,GROSSCON,3,,,,,,,,,,,,,,
2063,prediction,GROSSCON,1,,,,,,,,,,,,,,
2072,prediction,GROSSCON,1,,,,,,,,,,,,,,
2086,prediction,GROSSCON,1,,,,,,,,,,,,,,
2107,prediction,GROSSCON,4,,,,,,,,,,,,,,
2108,prediction,GROSSCON,8,0.8734,0.0443996145466661,0.0035857716580608157,20.375564300352355,1.055133036807008,-0.21415885175111993,1.4997780760209745,0.14120538965768392,0.013247462561978063,-0.12795792709570586,0.0938169753583282,FALSE,FALSE,FALSE
2126,prediction,GROSSCON,2,,,,,,,,,,,,,,
2134,prediction,GROSSCON,4,,,,,,,,,,,,,,
2135,prediction,GROSSCON,11,0.9119,0.5956608941797185,0.4404132231404958,11.428898853665642,1.0402644068186953,-0.11703742628714385,1.0416906600547275,0.21359973796540885,0.1457410177102619,-0.06785872025514694,0.6823089723727271,TRUE,TRUE,FALSE
2139,prediction,GROSSCON,7,1.0979,0.6973325664885694,0.510204081632653,15.570529518929261,1.0438100746602474,-0.3054063438530405,1.7113821343162385,0.17339515548804865,0.10825175574896662,-0.06514339973908204,0.6243066909468986,TRUE,FALSE,FALSE
2142,prediction,GROSSCON,1,,,,,,,,,,,,,,
2171,prediction,GROSSCON,2,,,,,,,,,,,,,,
2175,prediction,GROSSCON,3,,,,,,,,,,,,,,
2176,prediction,GROSSCON,1,,,,,,,,,,,,,,
2177,prediction,GROSSCON,43,1.0429,0.7316945515895589,0.7585614741504773,13.063969668809044,1.0132641109124674,0.01891759212280872,0.9832815413089743,0.19813208146412314,0.17582426359241649,-0.02230781787170666,0.8874093599236423,TRUE,TRUE,TRUE
2179,prediction,GROSSCON,99,0.9426,0.6297845666029871,0.6913716372632049,19.446123996140717,1.061580923383809,-0.1689496099192625,1.344116264249113,0.23353082756446555,0.15104077801224378,-0.08249004955222178,0.6467701912739952,TRUE,FALSE,FALSE
2180,prediction,GROSSCON,80,1.0589,0.8220204939661565,0.6416765532220672,12.82303344618315,1.0083096750063518,0.015062827104657702,0.9701210981859298,0.17047731205486336,0.15168697701367578,-0.018790335041187572,0.8897780894437118,TRUE,TRUE,TRUE
2238,prediction,GROSSCON,12,0.98740000000000006,0.9039816394333977,0.5566065513433935,6.952289487526217,0.999663767825958,0.01668583129089486,1.0442071767137928,0.12591476608470428,0.12283544413911877,-0.0030793219455855086,0.9755443937090427,TRUE,TRUE,TRUE
2240,prediction,GROSSCON,15,1.131,0.8396834539377632,0.5204591836734692,6.11630592543753,0.9994006813269349,0.08499110958281648,0.92781635503708,0.0896186979208693,0.08225939314410055,-0.007359304776768744,0.9178820385979408,FALSE,TRUE,TRUE
2241,prediction,GROSSCON,2,,,,,,,,,,,,,,
2243,prediction,GROSSCON,69,1.0773,0.3253514150449388,0.40836937745437013,20.101321015560032,1.0693090038126323,-0.13751227455357332,1.0173252761769846,0.22339460741014064,0.1278057632859552,-0.09558884412418545,0.5721076473941494,TRUE,FALSE,FALSE
2246,prediction,GROSSCON,6,1.1175,0.9045602871168177,0.7844897959183674,4.663253897241786,0.9950543307634976,0.14480745710080548,0.8412202682297558,0.1002616944717043,0.11328406305643357,0.013022368584729271,1.1298837871566636,FALSE,FALSE,TRUE
2248,prediction,GROSSCON,9,0.9873,0.3360446593611309,0.5377777777777777,19.57587720782561,1.232124116283871,-0.30987758930765524,1.781392988456008,0.33825296424765916,0.12681860040178763,-0.21143436384587153,0.37492236227362274,TRUE,FALSE,FALSE
2250,prediction,GROSSCON,18,0.8641,0.8915323854874605,0.6476265790700975,11.769721169840635,1.020863612080963,-0.08045870352256375,1.1292633679082673,0.20000053539782728,0.16759241794222174,-0.03240811745560554,0.8379598465017029,FALSE,TRUE,TRUE
